id,lat,lon,status,install_year,geometry
SL_0000,37.280326,127.043026,정상,2014,POINT (127.043026 37.280326)
SL_0001,37.274215,127.037039,정상,2019,POINT (127.037039 37.274215)
SL_0002,37.274221,127.037416,정상,2019,POINT (127.037416 37.274221)
SL_0003,37.274264,127.037758,정상,2019,POINT (127.037758 37.274264)
SL_0004,37.274327,127.03818,정상,2019,POINT (127.03818 37.274327)
SL_0005,37.274336,127.038521,정상,2019,POINT (127.038521 37.274336)
SL_0006,37.274304,127.038868,정상,2019,POINT (127.038868 37.274304)
SL_0007,37.274227,127.039189,정상,2019,POINT (127.039189 37.274227)
SL_0008,37.274144,127.039525,정상,2019,POINT (127.039525 37.274144)
SL_0009,37.268524,127.039263,정상,1997,POINT (127.039263 37.268524)
SL_0010,37.269992,127.041287,정상,1997,POINT (127.041287 37.269992)
SL_0011,37.269906,127.041851,정상,1997,POINT (127.041851 37.269906)
SL_0012,37.269775,127.042149,정상,1997,POINT (127.042149 37.269775)
SL_0013,37.269856,127.042172,정상,1997,POINT (127.042172 37.269856)
SL_0014,37.268699,127.039691,정상,1997,POINT (127.039691 37.268699)
SL_0015,37.268848,127.039843,정상,1997,POINT (127.039843 37.268848)
SL_0016,37.268848,127.039996,정상,1997,POINT (127.039996 37.268848)
SL_0017,37.269172,127.040537,정상,1997,POINT (127.040537 37.269172)
SL_0018,37.269159,127.040683,정상,1997,POINT (127.040683 37.269159)
SL_0019,37.269555,127.040875,고장,1997,POINT (127.040875 37.269555)
SL_0020,37.269969,127.040949,정상,1997,POINT (127.040949 37.269969)
SL_0021,37.2701,127.041073,정상,1997,POINT (127.041073 37.2701)
SL_0022,37.270692,127.049287,정상,2000,POINT (127.049287 37.270692)
SL_0023,37.273101,127.05242,정상,2000,POINT (127.05242 37.273101)
SL_0024,37.273164,127.052065,정상,2000,POINT (127.052065 37.273164)
SL_0025,37.273195,127.051721,정상,2000,POINT (127.051721 37.273195)
SL_0026,37.273234,127.051293,정상,2000,POINT (127.051293 37.273234)
SL_0027,37.273239,127.050706,정상,2000,POINT (127.050706 37.273239)
SL_0028,37.273225,127.050224,정상,2000,POINT (127.050224 37.273225)
SL_0029,37.273223,127.049855,정상,2000,POINT (127.049855 37.273223)
SL_0030,37.273242,127.049359,정상,2000,POINT (127.049359 37.273242)
SL_0031,37.273264,127.048897,정상,2000,POINT (127.048897 37.273264)
SL_0032,37.273274,127.048178,정상,2000,POINT (127.048178 37.273274)
SL_0033,37.27114,127.049496,정상,2000,POINT (127.049496 37.27114)
SL_0034,37.273231,127.047919,정상,2000,POINT (127.047919 37.273231)
SL_0035,37.273184,127.047608,정상,2000,POINT (127.047608 37.273184)
SL_0036,37.273078,127.047236,정상,2000,POINT (127.047236 37.273078)
SL_0037,37.271656,127.049707,정상,2000,POINT (127.049707 37.271656)
SL_0038,37.272126,127.049933,정상,2000,POINT (127.049933 37.272126)
SL_0039,37.272507,127.050117,정상,2000,POINT (127.050117 37.272507)
SL_0040,37.272829,127.050269,정상,2000,POINT (127.050269 37.272829)
SL_0041,37.273061,127.050376,정상,2000,POINT (127.050376 37.273061)
SL_0042,37.2729,127.053339,정상,2000,POINT (127.053339 37.2729)
SL_0043,37.273003,127.052944,정상,2000,POINT (127.052944 37.273003)
SL_0044,37.272771,127.053742,정상,2000,POINT (127.053742 37.272771)
SL_0045,37.271095,127.058194,정상,2000,POINT (127.058194 37.271095)
SL_0046,37.270755,127.059042,정상,2019,POINT (127.059042 37.270755)
SL_0047,37.270601,127.059465,정상,2019,POINT (127.059465 37.270601)
SL_0048,37.270412,127.059969,정상,2019,POINT (127.059969 37.270412)
SL_0049,37.270204,127.060524,정상,2019,POINT (127.060524 37.270204)
SL_0050,37.272624,127.054162,정상,2000,POINT (127.054162 37.272624)
SL_0051,37.272527,127.054429,정상,2000,POINT (127.054429 37.272527)
SL_0052,37.272365,127.054841,정상,2000,POINT (127.054841 37.272365)
SL_0053,37.27227,127.055077,정상,2000,POINT (127.055077 37.27227)
SL_0054,37.272142,127.055444,정상,2000,POINT (127.055444 37.272142)
SL_0055,37.271862,127.056168,정상,2000,POINT (127.056168 37.271862)
SL_0056,37.271592,127.056884,정상,2000,POINT (127.056884 37.271592)
SL_0057,37.271346,127.057521,정상,2000,POINT (127.057521 37.271346)
SL_0058,37.267321,127.055108,정상,1993,POINT (127.055108 37.267321)
SL_0059,37.267908,127.052729,정상,1993,POINT (127.052729 37.267908)
SL_0060,37.268014,127.052332,정상,1993,POINT (127.052332 37.268014)
SL_0061,37.268141,127.051858,정상,1993,POINT (127.051858 37.268141)
SL_0062,37.267929,127.051858,정상,1993,POINT (127.051858 37.267929)
SL_0063,37.267805,127.05238,정상,1993,POINT (127.05238 37.267805)
SL_0064,37.267692,127.052876,정상,1993,POINT (127.052876 37.267692)
SL_0065,37.267577,127.053352,정상,1993,POINT (127.053352 37.267577)
SL_0066,37.267446,127.053896,정상,1993,POINT (127.053896 37.267446)
SL_0067,37.267326,127.054375,정상,1993,POINT (127.054375 37.267326)
SL_0068,37.267207,127.054916,정상,1993,POINT (127.054916 37.267207)
SL_0069,37.267421,127.054719,정상,1993,POINT (127.054719 37.267421)
SL_0070,37.267173,127.055093,정상,1993,POINT (127.055093 37.267173)
SL_0071,37.267094,127.054944,정상,1993,POINT (127.054944 37.267094)
SL_0072,37.26693,127.054625,정상,1993,POINT (127.054625 37.26693)
SL_0073,37.26681,127.054374,정상,1993,POINT (127.054374 37.26681)
SL_0074,37.266651,127.053977,정상,1993,POINT (127.053977 37.266651)
SL_0075,37.266554,127.053692,정상,1993,POINT (127.053692 37.266554)
SL_0076,37.266439,127.053357,정상,1993,POINT (127.053357 37.266439)
SL_0077,37.266297,127.052889,정상,1993,POINT (127.052889 37.266297)
SL_0078,37.266113,127.052269,정상,1993,POINT (127.052269 37.266113)
SL_0079,37.265978,127.051806,정상,1993,POINT (127.051806 37.265978)
SL_0080,37.267527,127.054234,정상,1993,POINT (127.054234 37.267527)
SL_0081,37.265848,127.051397,정상,1993,POINT (127.051397 37.265848)
SL_0082,37.26567,127.050972,정상,1993,POINT (127.050972 37.26567)
SL_0083,37.265467,127.050681,정상,1993,POINT (127.050681 37.265467)
SL_0084,37.265138,127.050433,정상,1993,POINT (127.050433 37.265138)
SL_0085,37.264816,127.050289,정상,1993,POINT (127.050289 37.264816)
SL_0086,37.264544,127.05023,정상,1993,POINT (127.05023 37.264544)
SL_0087,37.264217,127.050139,정상,1993,POINT (127.050139 37.264217)
SL_0088,37.263875,127.050029,정상,1993,POINT (127.050029 37.263875)
SL_0089,37.263593,127.04995,정상,1993,POINT (127.04995 37.263593)
SL_0090,37.263296,127.04984,정상,1993,POINT (127.04984 37.263296)
SL_0091,37.267676,127.053794,정상,1993,POINT (127.053794 37.267676)
SL_0092,37.267766,127.05342,정상,1993,POINT (127.05342 37.267766)
SL_0093,37.267847,127.053067,정상,1993,POINT (127.053067 37.267847)
SL_0094,37.268027,127.052924,정상,1993,POINT (127.052924 37.268027)
SL_0095,37.268237,127.053,정상,1993,POINT (127.053 37.268237)
SL_0096,37.268469,127.053082,정상,1993,POINT (127.053082 37.268469)
SL_0097,37.260141,127.048601,정상,2002,POINT (127.048601 37.260141)
SL_0098,37.257938,127.047373,정상,2002,POINT (127.047373 37.257938)
SL_0099,37.257771,127.047339,정상,2002,POINT (127.047339 37.257771)
SL_0100,37.257449,127.047074,정상,2002,POINT (127.047074 37.257449)
SL_0101,37.257263,127.046931,정상,2002,POINT (127.046931 37.257263)
SL_0102,37.25704,127.046722,정상,2002,POINT (127.046722 37.25704)
SL_0103,37.256841,127.046586,정상,2002,POINT (127.046586 37.256841)
SL_0104,37.256591,127.046366,정상,2002,POINT (127.046366 37.256591)
SL_0105,37.256495,127.04649,정상,2002,POINT (127.04649 37.256495)
SL_0106,37.256763,127.046716,정상,2002,POINT (127.046716 37.256763)
SL_0107,37.256952,127.046866,정상,2002,POINT (127.046866 37.256952)
SL_0108,37.259855,127.048468,정상,2002,POINT (127.048468 37.259855)
SL_0109,37.257197,127.047077,정상,2002,POINT (127.047077 37.257197)
SL_0110,37.257695,127.047478,정상,2002,POINT (127.047478 37.257695)
SL_0111,37.257373,127.047207,정상,2002,POINT (127.047207 37.257373)
SL_0112,37.257796,127.047681,정상,2002,POINT (127.047681 37.257796)
SL_0113,37.257958,127.0479,정상,2002,POINT (127.0479 37.257958)
SL_0114,37.258411,127.048256,정상,2002,POINT (127.048256 37.258411)
SL_0115,37.258575,127.048208,정상,2002,POINT (127.048208 37.258575)
SL_0116,37.258798,127.048188,정상,2002,POINT (127.048188 37.258798)
SL_0117,37.259012,127.048273,정상,2002,POINT (127.048273 37.259012)
SL_0118,37.259298,127.048406,정상,2002,POINT (127.048406 37.259298)
SL_0119,37.259609,127.048355,정상,2002,POINT (127.048355 37.259609)
SL_0120,37.259553,127.048519,정상,2002,POINT (127.048519 37.259553)
SL_0121,37.259816,127.048637,정상,2002,POINT (127.048637 37.259816)
SL_0122,37.260044,127.048747,정상,2002,POINT (127.048747 37.260044)
SL_0123,37.258035,127.048165,정상,2002,POINT (127.048165 37.258035)
SL_0124,37.259339,127.048234,고장,2002,POINT (127.048234 37.259339)
SL_0125,37.259051,127.048104,정상,2002,POINT (127.048104 37.259051)
SL_0126,37.258857,127.048017,정상,2002,POINT (127.048017 37.258857)
SL_0127,37.258663,127.047856,정상,2002,POINT (127.047856 37.258663)
SL_0128,37.25851,127.04754,정상,2002,POINT (127.04754 37.25851)
SL_0129,37.258033,127.04732,정상,2002,POINT (127.04732 37.258033)
SL_0130,37.261561,127.046378,정상,2002,POINT (127.046378 37.261561)
SL_0131,37.262402,127.049484,정상,2002,POINT (127.049484 37.262402)
SL_0132,37.262677,127.049597,정상,2002,POINT (127.049597 37.262677)
SL_0133,37.26287,127.049693,정상,2002,POINT (127.049693 37.26287)
SL_0134,37.26297,127.049674,정상,2002,POINT (127.049674 37.26297)
SL_0135,37.262807,127.050043,정상,2002,POINT (127.050043 37.262807)
SL_0136,37.262605,127.049947,정상,2002,POINT (127.049947 37.262605)
SL_0137,37.262348,127.049828,정상,2002,POINT (127.049828 37.262348)
SL_0138,37.262005,127.049693,정상,2002,POINT (127.049693 37.262005)
SL_0139,37.261713,127.049557,정상,2002,POINT (127.049557 37.261713)
SL_0140,37.261384,127.049416,정상,2002,POINT (127.049416 37.261384)
SL_0141,37.261439,127.046958,정상,2002,POINT (127.046958 37.261439)
SL_0142,37.261064,127.049275,정상,2002,POINT (127.049275 37.261064)
SL_0143,37.26069,127.049106,정상,2002,POINT (127.049106 37.26069)
SL_0144,37.260411,127.048981,정상,2002,POINT (127.048981 37.260411)
SL_0145,37.260456,127.048632,정상,2002,POINT (127.048632 37.260456)
SL_0146,37.260789,127.048773,정상,2002,POINT (127.048773 37.260789)
SL_0147,37.260929,127.048474,정상,2002,POINT (127.048474 37.260929)
SL_0148,37.261033,127.047995,정상,2002,POINT (127.047995 37.261033)
SL_0149,37.261146,127.047466,정상,2002,POINT (127.047466 37.261146)
SL_0150,37.261263,127.046868,정상,2002,POINT (127.046868 37.261263)
SL_0151,37.261367,127.04631,정상,2002,POINT (127.04631 37.261367)
SL_0152,37.26134,127.047522,정상,2002,POINT (127.047522 37.26134)
SL_0153,37.261222,127.048074,정상,2002,POINT (127.048074 37.261222)
SL_0154,37.261123,127.048576,정상,2002,POINT (127.048576 37.261123)
SL_0155,37.261105,127.048914,정상,2002,POINT (127.048914 37.261105)
SL_0156,37.261429,127.049055,정상,2002,POINT (127.049055 37.261429)
SL_0157,37.261776,127.049202,정상,2002,POINT (127.049202 37.261776)
SL_0158,37.262069,127.049338,정상,2002,POINT (127.049338 37.262069)
SL_0159,37.26495,127.062194,정상,2014,POINT (127.062194 37.26495)
SL_0160,37.263699,127.061159,정상,2014,POINT (127.061159 37.263699)
SL_0161,37.263536,127.061069,정상,2014,POINT (127.061069 37.263536)
SL_0162,37.263392,127.060961,정상,2014,POINT (127.060961 37.263392)
SL_0163,37.263194,127.06086,정상,2014,POINT (127.06086 37.263194)
SL_0164,37.263,127.06073,정상,2014,POINT (127.06073 37.263)
SL_0165,37.262807,127.060623,정상,2014,POINT (127.060623 37.262807)
SL_0166,37.262609,127.060504,정상,2014,POINT (127.060504 37.262609)
SL_0167,37.262298,127.060284,정상,2014,POINT (127.060284 37.262298)
SL_0168,37.262014,127.060075,정상,2014,POINT (127.060075 37.262014)
SL_0169,37.261807,127.059929,정상,2014,POINT (127.059929 37.261807)
SL_0170,37.26473,127.061955,정상,2014,POINT (127.061955 37.26473)
SL_0171,37.261604,127.059861,정상,2014,POINT (127.059861 37.261604)
SL_0172,37.261537,127.060019,정상,2014,POINT (127.060019 37.261537)
SL_0173,37.261503,127.059666,정상,2014,POINT (127.059666 37.261503)
SL_0174,37.261395,127.059601,정상,2014,POINT (127.059601 37.261395)
SL_0175,37.26128,127.059517,정상,2014,POINT (127.059517 37.26128)
SL_0176,37.26115,127.059418,정상,2014,POINT (127.059418 37.26115)
SL_0177,37.260949,127.059315,정상,2014,POINT (127.059315 37.260949)
SL_0178,37.260762,127.059168,정상,2014,POINT (127.059168 37.260762)
SL_0179,37.260517,127.058937,정상,2014,POINT (127.058937 37.260517)
SL_0180,37.260319,127.058816,정상,2014,POINT (127.058816 37.260319)
SL_0181,37.264565,127.061813,정상,2014,POINT (127.061813 37.264565)
SL_0182,37.263536,127.060885,정상,2014,POINT (127.060885 37.263536)
SL_0183,37.263248,127.060725,정상,2014,POINT (127.060725 37.263248)
SL_0184,37.26305,127.060603,정상,2014,POINT (127.060603 37.26305)
SL_0185,37.264433,127.061847,정상,2014,POINT (127.061847 37.264433)
SL_0186,37.264315,127.062061,정상,2014,POINT (127.062061 37.264315)
SL_0187,37.264284,127.061588,정상,2014,POINT (127.061588 37.264284)
SL_0188,37.264221,127.061481,정상,2014,POINT (127.061481 37.264221)
SL_0189,37.26405,127.061379,정상,2014,POINT (127.061379 37.26405)
SL_0190,37.263874,127.061261,정상,2014,POINT (127.061261 37.263874)
SL_0191,37.25803,127.057798,정상,2004,POINT (127.057798 37.25803)
SL_0192,37.25824,127.058007,정상,2004,POINT (127.058007 37.25824)
SL_0193,37.258424,127.058201,정상,2004,POINT (127.058201 37.258424)
SL_0194,37.258386,127.058413,정상,2004,POINT (127.058413 37.258386)
SL_0195,37.258176,127.058846,정상,2004,POINT (127.058846 37.258176)
SL_0196,37.258061,127.059075,정상,2004,POINT (127.059075 37.258061)
SL_0197,37.257969,127.059263,정상,2004,POINT (127.059263 37.257969)
SL_0198,37.257876,127.059458,정상,2004,POINT (127.059458 37.257876)
SL_0199,37.257752,127.059717,정상,2004,POINT (127.059717 37.257752)
SL_0200,37.253073,127.060119,정상,2006,POINT (127.060119 37.253073)
SL_0201,37.25588,127.060364,정상,2006,POINT (127.060364 37.25588)
SL_0202,37.256126,127.060214,정상,2006,POINT (127.060214 37.256126)
SL_0203,37.256243,127.059964,정상,2006,POINT (127.059964 37.256243)
SL_0204,37.256302,127.059789,정상,2006,POINT (127.059789 37.256302)
SL_0205,37.256275,127.059586,정상,2006,POINT (127.059586 37.256275)
SL_0206,37.256532,127.059468,정상,2006,POINT (127.059468 37.256532)
SL_0207,37.256978,127.05957,정상,2006,POINT (127.05957 37.256978)
SL_0208,37.257333,127.059677,정상,2006,POINT (127.059677 37.257333)
SL_0209,37.257635,127.059796,정상,2006,POINT (127.059796 37.257635)
SL_0210,37.257815,127.06001,정상,2006,POINT (127.06001 37.257815)
SL_0211,37.253267,127.060201,정상,2006,POINT (127.060201 37.253267)
SL_0212,37.25777,127.060151,정상,2006,POINT (127.060151 37.25777)
SL_0213,37.258049,127.060174,정상,2006,POINT (127.060174 37.258049)
SL_0214,37.2585,127.060354,정상,2006,POINT (127.060354 37.2585)
SL_0215,37.25891,127.060501,정상,2006,POINT (127.060501 37.25891)
SL_0216,37.259203,127.060625,정상,2006,POINT (127.060625 37.259203)
SL_0217,37.259567,127.060767,정상,2006,POINT (127.060767 37.259567)
SL_0218,37.260169,127.060705,정상,2006,POINT (127.060705 37.260169)
SL_0219,37.260095,127.060733,정상,2006,POINT (127.060733 37.260095)
SL_0220,37.253443,127.060246,정상,2006,POINT (127.060246 37.253443)
SL_0221,37.25383,127.060249,정상,2006,POINT (127.060249 37.25383)
SL_0222,37.254225,127.060247,정상,2006,POINT (127.060247 37.254225)
SL_0223,37.254457,127.060252,정상,2006,POINT (127.060252 37.254457)
SL_0224,37.254871,127.060177,정상,2006,POINT (127.060177 37.254871)
SL_0225,37.255236,127.0602,정상,2006,POINT (127.0602 37.255236)
SL_0226,37.255522,127.060279,정상,2006,POINT (127.060279 37.255522)
SL_0227,37.255473,127.054958,정상,2014,POINT (127.054958 37.255473)
SL_0228,37.257391,127.05647,정상,2014,POINT (127.05647 37.257391)
SL_0229,37.257601,127.056631,정상,2014,POINT (127.056631 37.257601)
SL_0230,37.257772,127.056755,정상,2014,POINT (127.056755 37.257772)
SL_0231,37.257956,127.05689,정상,2014,POINT (127.05689 37.257956)
SL_0232,37.258191,127.056905,정상,2014,POINT (127.056905 37.258191)
SL_0233,37.258123,127.057062,정상,2014,POINT (127.057062 37.258123)
SL_0234,37.258317,127.057158,정상,2014,POINT (127.057158 37.258317)
SL_0235,37.258515,127.057316,정상,2014,POINT (127.057316 37.258515)
SL_0236,37.258695,127.057446,정상,2014,POINT (127.057446 37.258695)
SL_0237,37.25883,127.057565,정상,2014,POINT (127.057565 37.25883)
SL_0238,37.255684,127.05513,정상,2014,POINT (127.05513 37.255684)
SL_0239,37.259046,127.057745,정상,2014,POINT (127.057745 37.259046)
SL_0240,37.259235,127.057897,정상,2014,POINT (127.057897 37.259235)
SL_0241,37.259434,127.058055,정상,2014,POINT (127.058055 37.259434)
SL_0242,37.259641,127.058213,정상,2014,POINT (127.058213 37.259641)
SL_0243,37.259861,127.058418,정상,2014,POINT (127.058418 37.259861)
SL_0244,37.260071,127.058578,정상,2014,POINT (127.058578 37.260071)
SL_0245,37.260155,127.058456,정상,2014,POINT (127.058456 37.260155)
SL_0246,37.260338,127.058594,정상,2014,POINT (127.058594 37.260338)
SL_0247,37.260525,127.058754,정상,2014,POINT (127.058754 37.260525)
SL_0248,37.260685,127.058899,정상,2014,POINT (127.058899 37.260685)
SL_0249,37.25591,127.055314,정상,2014,POINT (127.055314 37.25591)
SL_0250,37.256137,127.055491,정상,2014,POINT (127.055491 37.256137)
SL_0251,37.256362,127.055669,정상,2014,POINT (127.055669 37.256362)
SL_0252,37.256581,127.055835,정상,2014,POINT (127.055835 37.256581)
SL_0253,37.256788,127.055996,정상,2014,POINT (127.055996 37.256788)
SL_0254,37.256975,127.056148,정상,2014,POINT (127.056148 37.256975)
SL_0255,37.257191,127.056312,정상,2014,POINT (127.056312 37.257191)
SL_0256,37.260123,127.058259,정상,2014,POINT (127.058259 37.260123)
SL_0257,37.258466,127.056967,정상,2014,POINT (127.056967 37.258466)
SL_0258,37.258209,127.056775,정상,2014,POINT (127.056775 37.258209)
SL_0259,37.258033,127.056634,정상,2014,POINT (127.056634 37.258033)
SL_0260,37.257885,127.056527,정상,2014,POINT (127.056527 37.257885)
SL_0261,37.257655,127.056352,정상,2014,POINT (127.056352 37.257655)
SL_0262,37.257403,127.056149,정상,2014,POINT (127.056149 37.257403)
SL_0263,37.257191,127.05598,정상,2014,POINT (127.05598 37.257191)
SL_0264,37.25702,127.05585,정상,2014,POINT (127.05585 37.25702)
SL_0265,37.256849,127.055714,정상,2014,POINT (127.055714 37.256849)
SL_0266,37.256678,127.055568,정상,2014,POINT (127.055568 37.256678)
SL_0267,37.259965,127.05814,정상,2014,POINT (127.05814 37.259965)
SL_0268,37.256511,127.055455,정상,2014,POINT (127.055455 37.256511)
SL_0269,37.256335,127.055303,고장,2014,POINT (127.055303 37.256335)
SL_0270,37.256128,127.055145,정상,2014,POINT (127.055145 37.256128)
SL_0271,37.255876,127.054953,정상,2014,POINT (127.054953 37.255876)
SL_0272,37.255705,127.054823,정상,2014,POINT (127.054823 37.255705)
SL_0273,37.257259,127.056171,정상,2014,POINT (127.056171 37.257259)
SL_0274,37.257441,127.056324,정상,2014,POINT (127.056324 37.257441)
SL_0275,37.257619,127.056462,정상,2014,POINT (127.056462 37.257619)
SL_0276,37.259839,127.05805,정상,2014,POINT (127.05805 37.259839)
SL_0277,37.259736,127.057949,정상,2014,POINT (127.057949 37.259736)
SL_0278,37.259605,127.057864,정상,2014,POINT (127.057864 37.259605)
SL_0279,37.259407,127.0577,정상,2014,POINT (127.0577 37.259407)
SL_0280,37.259191,127.057537,정상,2014,POINT (127.057537 37.259191)
SL_0281,37.259001,127.057384,정상,2014,POINT (127.057384 37.259001)
SL_0282,37.258767,127.057198,정상,2014,POINT (127.057198 37.258767)
SL_0283,37.251165,127.051557,정상,2014,POINT (127.051557 37.251165)
SL_0284,37.252728,127.052775,정상,2014,POINT (127.052775 37.252728)
SL_0285,37.252831,127.05286,정상,2014,POINT (127.05286 37.252831)
SL_0286,37.252949,127.052944,정상,2014,POINT (127.052944 37.252949)
SL_0287,37.253043,127.053023,정상,2014,POINT (127.053023 37.253043)
SL_0288,37.253214,127.053159,정상,2014,POINT (127.053159 37.253214)
SL_0289,37.253484,127.053356,정상,2014,POINT (127.053356 37.253484)
SL_0290,37.253719,127.053548,고장,2014,POINT (127.053548 37.253719)
SL_0291,37.253989,127.053762,정상,2014,POINT (127.053762 37.253989)
SL_0292,37.25421,127.053948,정상,2014,POINT (127.053948 37.25421)
SL_0293,37.254412,127.054112,정상,2014,POINT (127.054112 37.254412)
SL_0294,37.251368,127.051715,정상,2014,POINT (127.051715 37.251368)
SL_0295,37.254624,127.054264,정상,2014,POINT (127.054264 37.254624)
SL_0296,37.254804,127.054405,정상,2014,POINT (127.054405 37.254804)
SL_0297,37.254971,127.054558,고장,2014,POINT (127.054558 37.254971)
SL_0298,37.255146,127.054693,정상,2014,POINT (127.054693 37.255146)
SL_0299,37.255367,127.054874,정상,2014,POINT (127.054874 37.255367)
SL_0300,37.254381,127.05392,정상,2014,POINT (127.05392 37.254381)
SL_0301,37.254561,127.054061,정상,2014,POINT (127.054061 37.254561)
SL_0302,37.254723,127.054174,정상,2014,POINT (127.054174 37.254723)
SL_0303,37.251516,127.05181,정상,2014,POINT (127.05181 37.251516)
SL_0304,37.251674,127.051946,정상,2014,POINT (127.051946 37.251674)
SL_0305,37.251917,127.052138,정상,2014,POINT (127.052138 37.251917)
SL_0306,37.252111,127.05229,정상,2014,POINT (127.05229 37.252111)
SL_0307,37.252259,127.052397,정상,2014,POINT (127.052397 37.252259)
SL_0308,37.252395,127.052516,정상,2014,POINT (127.052516 37.252395)
SL_0309,37.252588,127.052668,정상,2014,POINT (127.052668 37.252588)
SL_0310,37.255543,127.054693,정상,2014,POINT (127.054693 37.255543)
SL_0311,37.254385,127.053751,정상,2014,POINT (127.053751 37.254385)
SL_0312,37.254246,127.053644,정상,2014,POINT (127.053644 37.254246)
SL_0313,37.25412,127.053548,정상,2014,POINT (127.053548 37.25412)
SL_0314,37.253939,127.053418,정상,2014,POINT (127.053418 37.253939)
SL_0315,37.253782,127.053289,정상,2014,POINT (127.053289 37.253782)
SL_0316,37.253624,127.053153,정상,2014,POINT (127.053153 37.253624)
SL_0317,37.25339,127.052973,정상,2014,POINT (127.052973 37.25339)
SL_0318,37.253129,127.052787,정상,2014,POINT (127.052787 37.253129)
SL_0319,37.252985,127.052662,정상,2014,POINT (127.052662 37.252985)
SL_0320,37.252773,127.052493,정상,2014,POINT (127.052493 37.252773)
SL_0321,37.255394,127.054293,정상,2014,POINT (127.054293 37.255394)
SL_0322,37.252566,127.052341,정상,2014,POINT (127.052341 37.252566)
SL_0323,37.252368,127.052189,정상,2014,POINT (127.052189 37.252368)
SL_0324,37.252138,127.052002,정상,2014,POINT (127.052002 37.252138)
SL_0325,37.251944,127.051845,정상,2014,POINT (127.051845 37.251944)
SL_0326,37.251737,127.051698,정상,2014,POINT (127.051698 37.251737)
SL_0327,37.251471,127.051478,정상,2014,POINT (127.051478 37.251471)
SL_0328,37.252539,127.052476,정상,2014,POINT (127.052476 37.252539)
SL_0329,37.252719,127.052628,정상,2014,POINT (127.052628 37.252719)
SL_0330,37.252881,127.052758,정상,2014,POINT (127.052758 37.252881)
SL_0331,37.253061,127.052916,정상,2014,POINT (127.052916 37.253061)
SL_0332,37.255318,127.054468,정상,2014,POINT (127.054468 37.255318)
SL_0333,37.2552,127.054383,정상,2014,POINT (127.054383 37.2552)
SL_0334,37.255083,127.054304,정상,2014,POINT (127.054304 37.255083)
SL_0335,37.254948,127.054197,정상,2014,POINT (127.054197 37.254948)
SL_0336,37.254827,127.054095,정상,2014,POINT (127.054095 37.254827)
SL_0337,37.254714,127.054005,정상,2014,POINT (127.054005 37.254714)
SL_0338,37.254538,127.053864,정상,2014,POINT (127.053864 37.254538)
SL_0339,37.247197,127.048607,정상,2014,POINT (127.048607 37.247197)
SL_0340,37.249107,127.049949,정상,2014,POINT (127.049949 37.249107)
SL_0341,37.249292,127.050096,정상,2014,POINT (127.050096 37.249292)
SL_0342,37.249593,127.050338,정상,2014,POINT (127.050338 37.249593)
SL_0343,37.249868,127.050541,정상,2014,POINT (127.050541 37.249868)
SL_0344,37.250237,127.050823,정상,2014,POINT (127.050823 37.250237)
SL_0345,37.250629,127.051128,정상,2014,POINT (127.051128 37.250629)
SL_0346,37.250931,127.051365,정상,2014,POINT (127.051365 37.250931)
SL_0347,37.251093,127.051506,정상,2014,POINT (127.051506 37.251093)
SL_0348,37.248967,127.049645,정상,2014,POINT (127.049645 37.248967)
SL_0349,37.249184,127.049831,정상,2014,POINT (127.049831 37.249184)
SL_0350,37.2474,127.04855,정상,2014,POINT (127.04855 37.2474)
SL_0351,37.249368,127.049977,정상,2014,POINT (127.049977 37.249368)
SL_0352,37.24958,127.050169,정상,2014,POINT (127.050169 37.24958)
SL_0353,37.249828,127.050367,정상,2014,POINT (127.050367 37.249828)
SL_0354,37.250156,127.050603,정상,2014,POINT (127.050603 37.250156)
SL_0355,37.250526,127.05088,정상,2014,POINT (127.05088 37.250526)
SL_0356,37.250895,127.051196,정상,2014,POINT (127.051196 37.250895)
SL_0357,37.247643,127.048742,정상,2014,POINT (127.048742 37.247643)
SL_0358,37.247823,127.048906,정상,2014,POINT (127.048906 37.247823)
SL_0359,37.24803,127.049086,정상,2014,POINT (127.049086 37.24803)
SL_0360,37.248269,127.049278,정상,2014,POINT (127.049278 37.248269)
SL_0361,37.248467,127.04943,정상,2014,POINT (127.04943 37.248467)
SL_0362,37.248711,127.049628,정상,2014,POINT (127.049628 37.248711)
SL_0363,37.248936,127.049819,정상,2014,POINT (127.049819 37.248936)
SL_0364,37.264798,127.061301,정상,1995,POINT (127.061301 37.264798)
SL_0365,37.266692,127.05796,정상,1995,POINT (127.05796 37.266692)
SL_0366,37.266802,127.057447,정상,1995,POINT (127.057447 37.266802)
SL_0367,37.266922,127.056928,정상,1995,POINT (127.056928 37.266922)
SL_0368,37.267032,127.056458,고장,1995,POINT (127.056458 37.267032)
SL_0369,37.26712,127.056074,정상,1995,POINT (127.056074 37.26712)
SL_0370,37.266979,127.055837,정상,1995,POINT (127.055837 37.266979)
SL_0371,37.266891,127.056254,정상,1995,POINT (127.056254 37.266891)
SL_0372,37.266771,127.056787,정상,1995,POINT (127.056787 37.266771)
SL_0373,37.266611,127.057373,정상,1995,POINT (127.057373 37.266611)
SL_0374,37.266496,127.057886,정상,1995,POINT (127.057886 37.266496)
SL_0375,37.264949,127.061067,정상,1995,POINT (127.061067 37.264949)
SL_0376,37.266381,127.058362,정상,1995,POINT (127.058362 37.266381)
SL_0377,37.266216,127.058709,정상,1995,POINT (127.058709 37.266216)
SL_0378,37.266008,127.059067,정상,1995,POINT (127.059067 37.266008)
SL_0379,37.265747,127.059455,정상,1995,POINT (127.059455 37.265747)
SL_0380,37.265544,127.059777,정상,1995,POINT (127.059777 37.265544)
SL_0381,37.265332,127.060095,정상,1995,POINT (127.060095 37.265332)
SL_0382,37.2651,127.06045,정상,1995,POINT (127.06045 37.2651)
SL_0383,37.264902,127.060774,정상,1995,POINT (127.060774 37.264902)
SL_0384,37.264746,127.060996,정상,1995,POINT (127.060996 37.264746)
SL_0385,37.264313,127.061221,정상,1995,POINT (127.061221 37.264313)
SL_0386,37.265102,127.060833,정상,1995,POINT (127.060833 37.265102)
SL_0387,37.265391,127.060388,정상,1995,POINT (127.060388 37.265391)
SL_0388,37.265681,127.059951,정상,1995,POINT (127.059951 37.265681)
SL_0389,37.265855,127.059681,정상,1995,POINT (127.059681 37.265855)
SL_0390,37.266137,127.059253,정상,1995,POINT (127.059253 37.266137)
SL_0391,37.266374,127.058864,정상,1995,POINT (127.058864 37.266374)
SL_0392,37.266563,127.058436,정상,1995,POINT (127.058436 37.266563)
SL_0393,37.263244,127.050223,정상,2010,POINT (127.050223 37.263244)
SL_0394,37.265561,127.05153,고장,2010,POINT (127.05153 37.265561)
SL_0395,37.265696,127.05197,정상,2010,POINT (127.05197 37.265696)
SL_0396,37.265764,127.052195,정상,2010,POINT (127.052195 37.265764)
SL_0397,37.265899,127.05266,정상,2010,POINT (127.05266 37.265899)
SL_0398,37.266016,127.053015,정상,2010,POINT (127.053015 37.266016)
SL_0399,37.266153,127.053481,정상,2010,POINT (127.053481 37.266153)
SL_0400,37.266272,127.053861,정상,2010,POINT (127.053861 37.266272)
SL_0401,37.266392,127.054211,정상,2010,POINT (127.054211 37.266392)
SL_0402,37.26654,127.054557,정상,2010,POINT (127.054557 37.26654)
SL_0403,37.26672,127.054924,정상,2010,POINT (127.054924 37.26672)
SL_0404,37.263503,127.050314,정상,2010,POINT (127.050314 37.263503)
SL_0405,37.266891,127.055254,정상,2010,POINT (127.055254 37.266891)
SL_0406,37.265746,127.052514,정상,2010,POINT (127.052514 37.265746)
SL_0407,37.265433,127.052773,정상,2010,POINT (127.052773 37.265433)
SL_0408,37.263805,127.050401,정상,2010,POINT (127.050401 37.263805)
SL_0409,37.264123,127.050506,정상,2010,POINT (127.050506 37.264123)
SL_0410,37.264413,127.050588,정상,2010,POINT (127.050588 37.264413)
SL_0411,37.264742,127.050689,정상,2010,POINT (127.050689 37.264742)
SL_0412,37.264974,127.050771,정상,2010,POINT (127.050771 37.264974)
SL_0413,37.26524,127.050955,정상,2010,POINT (127.050955 37.26524)
SL_0414,37.265451,127.051248,정상,2010,POINT (127.051248 37.265451)
SL_0415,37.27747,127.048166,정상,1995,POINT (127.048166 37.27747)
SL_0416,37.277587,127.047921,정상,1995,POINT (127.047921 37.277587)
SL_0417,37.277698,127.047699,정상,1995,POINT (127.047699 37.277698)
SL_0418,37.277917,127.047242,정상,1995,POINT (127.047242 37.277917)
SL_0419,37.278174,127.046732,정상,1995,POINT (127.046732 37.278174)
SL_0420,37.278381,127.046323,정상,1995,POINT (127.046323 37.278381)
SL_0421,37.278595,127.045887,정상,1995,POINT (127.045887 37.278595)
SL_0422,37.278699,127.045664,정상,1995,POINT (127.045664 37.278699)
SL_0423,37.278825,127.045419,정상,1995,POINT (127.045419 37.278825)
SL_0424,37.27908,127.044903,정상,1995,POINT (127.044903 37.27908)
SL_0425,37.279208,127.044635,정상,1995,POINT (127.044635 37.279208)
SL_0426,37.279326,127.044396,정상,1995,POINT (127.044396 37.279326)
SL_0427,37.279524,127.043993,고장,1995,POINT (127.043993 37.279524)
SL_0428,37.279576,127.04388,정상,1995,POINT (127.04388 37.279576)
SL_0429,37.279452,127.043866,정상,1995,POINT (127.043866 37.279452)
SL_0430,37.279076,127.043843,정상,1995,POINT (127.043843 37.279076)
SL_0431,37.27717,127.044096,정상,2016,POINT (127.044096 37.27717)
SL_0432,37.277168,127.044313,정상,2016,POINT (127.044313 37.277168)
SL_0433,37.27717,127.044519,정상,2016,POINT (127.044519 37.27717)
SL_0434,37.277553,127.048502,정상,2012,POINT (127.048502 37.277553)
SL_0435,37.2758,127.050824,정상,2012,POINT (127.050824 37.2758)
SL_0436,37.27548,127.050761,정상,2012,POINT (127.050761 37.27548)
SL_0437,37.275633,127.050632,정상,2012,POINT (127.050632 37.275633)
SL_0438,37.275926,127.050373,정상,2012,POINT (127.050373 37.275926)
SL_0439,37.276237,127.050085,정상,2012,POINT (127.050085 37.276237)
SL_0440,37.276454,127.049905,정상,2012,POINT (127.049905 37.276454)
SL_0441,37.276724,127.049595,정상,2012,POINT (127.049595 37.276724)
SL_0442,37.276911,127.049311,정상,2012,POINT (127.049311 37.276911)
SL_0443,37.277017,127.049102,정상,2012,POINT (127.049102 37.277017)
SL_0444,37.277391,127.048829,정상,2012,POINT (127.048829 37.277391)
SL_0445,37.27726,127.049094,정상,2012,POINT (127.049094 37.27726)
SL_0446,37.277107,127.049409,정상,2012,POINT (127.049409 37.277107)
SL_0447,37.27694,127.049697,정상,2012,POINT (127.049697 37.27694)
SL_0448,37.2768,127.049888,정상,2012,POINT (127.049888 37.2768)
SL_0449,37.276575,127.050119,정상,2012,POINT (127.050119 37.276575)
SL_0450,37.2763,127.050384,정상,2012,POINT (127.050384 37.2763)
SL_0451,37.276084,127.050564,정상,2012,POINT (127.050564 37.276084)
SL_0452,37.273238,127.046864,정상,2012,POINT (127.046864 37.273238)
SL_0453,37.274728,127.050344,정상,2012,POINT (127.050344 37.274728)
SL_0454,37.274894,127.050609,정상,2012,POINT (127.050609 37.274894)
SL_0455,37.275052,127.050868,정상,2012,POINT (127.050868 37.275052)
SL_0456,37.275034,127.051274,정상,2012,POINT (127.051274 37.275034)
SL_0457,37.274867,127.051528,정상,2012,POINT (127.051528 37.274867)
SL_0458,37.274763,127.051776,정상,2012,POINT (127.051776 37.274763)
SL_0459,37.274691,127.052035,정상,2012,POINT (127.052035 37.274691)
SL_0460,37.274623,127.052379,정상,2012,POINT (127.052379 37.274623)
SL_0461,37.274601,127.052723,정상,2012,POINT (127.052723 37.274601)
SL_0462,37.27456,127.053095,정상,2012,POINT (127.053095 37.27456)
SL_0463,37.273369,127.047174,정상,2012,POINT (127.047174 37.273369)
SL_0464,37.274443,127.053647,정상,2012,POINT (127.053647 37.274443)
SL_0465,37.273499,127.047451,정상,2012,POINT (127.047451 37.273499)
SL_0466,37.273269,127.048573,정상,2012,POINT (127.048573 37.273269)
SL_0467,37.273656,127.048697,정상,2012,POINT (127.048697 37.273656)
SL_0468,37.273809,127.048917,정상,2012,POINT (127.048917 37.273809)
SL_0469,37.274016,127.04925,정상,2012,POINT (127.04925 37.274016)
SL_0470,37.274282,127.049639,정상,2012,POINT (127.049639 37.274282)
SL_0471,37.274548,127.050067,정상,2012,POINT (127.050067 37.274548)
SL_0472,37.273616,127.048894,정상,2000,POINT (127.048894 37.273616)
SL_0473,37.273593,127.049266,정상,2000,POINT (127.049266 37.273593)
SL_0474,37.273584,127.049661,정상,2000,POINT (127.049661 37.273584)
SL_0475,37.27357,127.050016,정상,2000,POINT (127.050016 37.27357)
SL_0476,37.27357,127.050557,정상,2000,POINT (127.050557 37.27357)
SL_0477,37.273592,127.051138,정상,2000,POINT (127.051138 37.273592)
SL_0478,37.27356,127.051566,정상,2000,POINT (127.051566 37.27356)
SL_0479,37.273533,127.051983,정상,2000,POINT (127.051983 37.273533)
SL_0480,37.270648,127.060516,정상,2000,POINT (127.060516 37.270648)
SL_0481,37.271699,127.057741,고장,2000,POINT (127.057741 37.271699)
SL_0482,37.271814,127.057428,정상,2000,POINT (127.057428 37.271814)
SL_0483,37.271954,127.057059,정상,2000,POINT (127.057059 37.271954)
SL_0484,37.272051,127.056785,정상,2000,POINT (127.056785 37.272051)
SL_0485,37.272164,127.056484,정상,2000,POINT (127.056484 37.272164)
SL_0486,37.272247,127.056242,정상,2000,POINT (127.056242 37.272247)
SL_0487,37.272365,127.05596,정상,2000,POINT (127.05596 37.272365)
SL_0488,37.272446,127.055732,정상,2000,POINT (127.055732 37.272446)
SL_0489,37.272532,127.0555,정상,2000,POINT (127.0555 37.272532)
SL_0490,37.272635,127.055244,정상,2000,POINT (127.055244 37.272635)
SL_0491,37.270756,127.060232,정상,2000,POINT (127.060232 37.270756)
SL_0492,37.272737,127.054985,정상,2000,POINT (127.054985 37.272737)
SL_0493,37.272852,127.054666,정상,2000,POINT (127.054666 37.272852)
SL_0494,37.272974,127.054348,정상,2000,POINT (127.054348 37.272974)
SL_0495,37.270869,127.059933,정상,2000,POINT (127.059933 37.270869)
SL_0496,37.270975,127.059654,정상,2000,POINT (127.059654 37.270975)
SL_0497,37.271083,127.059381,정상,2000,POINT (127.059381 37.271083)
SL_0498,37.271183,127.059105,정상,2000,POINT (127.059105 37.271183)
SL_0499,37.271293,127.058817,정상,2000,POINT (127.058817 37.271293)
SL_0500,37.271399,127.058521,정상,2000,POINT (127.058521 37.271399)
SL_0501,37.271568,127.058079,정상,2000,POINT (127.058079 37.271568)
SL_0502,37.273129,127.059289,정상,2013,POINT (127.059289 37.273129)
SL_0503,37.273557,127.05969,정상,2013,POINT (127.05969 37.273557)
SL_0504,37.274106,127.059938,정상,2013,POINT (127.059938 37.274106)
SL_0505,37.274786,127.060288,정상,2013,POINT (127.060288 37.274786)
SL_0506,37.275277,127.060548,정상,2013,POINT (127.060548 37.275277)
SL_0507,37.275349,127.060373,정상,2013,POINT (127.060373 37.275349)
SL_0508,37.274831,127.060108,정상,2013,POINT (127.060108 37.274831)
SL_0509,37.273991,127.059611,정상,2013,POINT (127.059611 37.273991)
SL_0510,37.274091,127.059287,정상,2013,POINT (127.059287 37.274091)
SL_0511,37.274185,127.058977,정상,2013,POINT (127.058977 37.274185)
SL_0512,37.27428,127.058726,정상,2013,POINT (127.058726 37.27428)
SL_0513,37.272832,127.059114,정상,2013,POINT (127.059114 37.272832)
SL_0514,37.274438,127.058634,정상,2013,POINT (127.058634 37.274438)
SL_0515,37.272449,127.058922,정상,2013,POINT (127.058922 37.272449)
SL_0516,37.27212,127.058725,정상,2013,POINT (127.058725 37.27212)
SL_0517,37.271679,127.058465,정상,2013,POINT (127.058465 37.271679)
SL_0518,37.271624,127.05864,정상,2013,POINT (127.05864 37.271624)
SL_0519,37.272138,127.058916,정상,2013,POINT (127.058916 37.272138)
SL_0520,37.272597,127.059182,정상,2013,POINT (127.059182 37.272597)
SL_0521,37.27307,127.059441,정상,2013,POINT (127.059441 37.27307)
SL_0522,37.273289,127.059599,정상,2012,POINT (127.059599 37.273289)
SL_0523,37.272285,127.062781,정상,2012,POINT (127.062781 37.272285)
SL_0524,37.272165,127.063147,정상,2012,POINT (127.063147 37.272165)
SL_0525,37.272063,127.063457,정상,2012,POINT (127.063457 37.272063)
SL_0526,37.271957,127.063787,정상,2012,POINT (127.063787 37.271957)
SL_0527,37.271867,127.063516,정상,2012,POINT (127.063516 37.271867)
SL_0528,37.271983,127.063158,정상,2012,POINT (127.063158 37.271983)
SL_0529,37.272111,127.062755,정상,2012,POINT (127.062755 37.272111)
SL_0530,37.272235,127.06235,정상,2012,POINT (127.06235 37.272235)
SL_0531,37.272357,127.061978,정상,2012,POINT (127.061978 37.272357)
SL_0532,37.272465,127.061631,정상,2012,POINT (127.061631 37.272465)
SL_0533,37.273185,127.059938,정상,2012,POINT (127.059938 37.273185)
SL_0534,37.272558,127.061332,정상,2012,POINT (127.061332 37.272558)
SL_0535,37.272671,127.06098,정상,2012,POINT (127.06098 37.272671)
SL_0536,37.272772,127.060659,정상,2012,POINT (127.060659 37.272772)
SL_0537,37.272892,127.060245,정상,2012,POINT (127.060245 37.272892)
SL_0538,37.273014,127.059861,정상,2012,POINT (127.059861 37.273014)
SL_0539,37.273124,127.059529,정상,2012,POINT (127.059529 37.273124)
SL_0540,37.273068,127.060312,정상,2012,POINT (127.060312 37.273068)
SL_0541,37.272928,127.060749,정상,2012,POINT (127.060749 37.272928)
SL_0542,37.272831,127.061034,정상,2012,POINT (127.061034 37.272831)
SL_0543,37.272727,127.06138,정상,2012,POINT (127.06138 37.272727)
SL_0544,37.272632,127.061679,정상,2012,POINT (127.061679 37.272632)
SL_0545,37.272531,127.061998,정상,2012,POINT (127.061998 37.272531)
SL_0546,37.272411,127.062378,정상,2012,POINT (127.062378 37.272411)
SL_0547,37.269061,127.063751,정상,2013,POINT (127.063751 37.269061)
SL_0548,37.26962,127.066167,정상,2013,POINT (127.066167 37.26962)
SL_0549,37.269449,127.066508,정상,2013,POINT (127.066508 37.269449)
SL_0550,37.26937,127.066863,정상,2013,POINT (127.066863 37.26937)
SL_0551,37.269315,127.067221,정상,2013,POINT (127.067221 37.269315)
SL_0552,37.269254,127.067576,정상,2013,POINT (127.067576 37.269254)
SL_0553,37.269205,127.06792,정상,2013,POINT (127.06792 37.269205)
SL_0554,37.269342,127.064191,정상,2013,POINT (127.064191 37.269342)
SL_0555,37.269587,127.064225,정상,2013,POINT (127.064225 37.269587)
SL_0556,37.269797,127.064309,정상,2013,POINT (127.064309 37.269797)
SL_0557,37.269876,127.064591,정상,2013,POINT (127.064591 37.269876)
SL_0558,37.269812,127.06489,정상,2013,POINT (127.06489 37.269812)
SL_0559,37.269814,127.065223,정상,2013,POINT (127.065223 37.269814)
SL_0560,37.269821,127.065538,정상,2013,POINT (127.065538 37.269821)
SL_0561,37.269758,127.065871,정상,2013,POINT (127.065871 37.269758)
SL_0562,37.267009,127.058087,정상,1999,POINT (127.058087 37.267009)
SL_0563,37.268271,127.062462,정상,1999,POINT (127.062462 37.268271)
SL_0564,37.268556,127.063079,정상,1999,POINT (127.063079 37.268556)
SL_0565,37.268824,127.063646,정상,1999,POINT (127.063646 37.268824)
SL_0566,37.268725,127.063903,정상,1999,POINT (127.063903 37.268725)
SL_0567,37.268507,127.063446,정상,1999,POINT (127.063446 37.268507)
SL_0568,37.268264,127.062893,정상,1999,POINT (127.062893 37.268264)
SL_0569,37.267987,127.062315,정상,1999,POINT (127.062315 37.267987)
SL_0570,37.267742,127.061748,정상,1999,POINT (127.061748 37.267742)
SL_0571,37.267523,127.061286,정상,1999,POINT (127.061286 37.267523)
SL_0572,37.267249,127.060621,정상,1999,POINT (127.060621 37.267249)
SL_0573,37.266977,127.058315,정상,1999,POINT (127.058315 37.266977)
SL_0574,37.267033,127.060153,정상,1999,POINT (127.060153 37.267033)
SL_0575,37.266783,127.059577,정상,1999,POINT (127.059577 37.266783)
SL_0576,37.266533,127.059016,정상,1999,POINT (127.059016 37.266533)
SL_0577,37.269099,127.063582,정상,1999,POINT (127.063582 37.269099)
SL_0578,37.269192,127.063184,정상,1999,POINT (127.063184 37.269192)
SL_0579,37.269311,127.062807,정상,1999,POINT (127.062807 37.269311)
SL_0580,37.269446,127.062429,정상,1999,POINT (127.062429 37.269446)
SL_0581,37.269589,127.062035,정상,1999,POINT (127.062035 37.269589)
SL_0582,37.269715,127.061716,정상,1999,POINT (127.061716 37.269715)
SL_0583,37.267254,127.059028,정상,1999,POINT (127.059028 37.267254)
SL_0584,37.266743,127.058954,정상,1999,POINT (127.058954 37.266743)
SL_0585,37.267026,127.059645,정상,1999,POINT (127.059645 37.267026)
SL_0586,37.267312,127.06028,정상,1999,POINT (127.06028 37.267312)
SL_0587,37.26756,127.060858,정상,1999,POINT (127.060858 37.26756)
SL_0588,37.267764,127.061365,정상,1999,POINT (127.061365 37.267764)
SL_0589,37.268023,127.061912,정상,1999,POINT (127.061912 37.268023)
SL_0590,37.26673,127.062125,정상,2005,POINT (127.062125 37.26673)
SL_0591,37.266577,127.061787,정상,2005,POINT (127.061787 37.266577)
SL_0592,37.266384,127.061341,정상,2005,POINT (127.061341 37.266384)
SL_0593,37.266204,127.060907,정상,2005,POINT (127.060907 37.266204)
SL_0594,37.266015,127.060484,정상,2005,POINT (127.060484 37.266015)
SL_0595,37.265857,127.060112,정상,2005,POINT (127.060112 37.265857)
SL_0596,37.264237,127.061731,정상,1999,POINT (127.061731 37.264237)
SL_0597,37.264104,127.061985,정상,1999,POINT (127.061985 37.264104)
SL_0598,37.263968,127.06223,정상,1999,POINT (127.06223 37.263968)
SL_0599,37.26381,127.062444,정상,1999,POINT (127.062444 37.26381)
SL_0600,37.263635,127.062644,정상,1999,POINT (127.062644 37.263635)
SL_0601,37.263403,127.06285,정상,1999,POINT (127.06285 37.263403)
SL_0602,37.263114,127.062996,정상,1999,POINT (127.062996 37.263114)
SL_0603,37.267389,127.068417,정상,1998,POINT (127.068417 37.267389)
SL_0604,37.266527,127.070922,정상,1998,POINT (127.070922 37.266527)
SL_0605,37.266484,127.071232,정상,1998,POINT (127.071232 37.266484)
SL_0606,37.266448,127.071547,정상,1998,POINT (127.071547 37.266448)
SL_0607,37.266297,127.071801,정상,1998,POINT (127.071801 37.266297)
SL_0608,37.266123,127.072051,정상,1998,POINT (127.072051 37.266123)
SL_0611,37.266043,127.073167,정상,1998,POINT (127.073167 37.266043)
SL_0612,37.266009,127.073503,정상,1998,POINT (127.073503 37.266009)
SL_0613,37.265964,127.073852,정상,1998,POINT (127.073852 37.265964)
SL_0614,37.267179,127.068572,정상,1998,POINT (127.068572 37.267179)
SL_0615,37.26593,127.074193,정상,1998,POINT (127.074193 37.26593)
SL_0616,37.265901,127.074523,정상,1998,POINT (127.074523 37.265901)
SL_0617,37.265873,127.074819,정상,1998,POINT (127.074819 37.265873)
SL_0619,37.266974,127.068712,정상,1998,POINT (127.068712 37.266974)
SL_0620,37.266771,127.06889,정상,1998,POINT (127.06889 37.266771)
SL_0621,37.266659,127.069112,정상,1998,POINT (127.069112 37.266659)
SL_0622,37.266652,127.069481,정상,1998,POINT (127.069481 37.266652)
SL_0623,37.26664,127.069865,정상,1998,POINT (127.069865 37.26664)
SL_0624,37.266608,127.070228,정상,1998,POINT (127.070228 37.266608)
SL_0625,37.266568,127.070583,정상,1998,POINT (127.070583 37.266568)
SL_0626,37.262179,127.063362,정상,1998,POINT (127.063362 37.262179)
SL_0627,37.258808,127.064931,정상,1998,POINT (127.064931 37.258808)
SL_0628,37.258484,127.065089,정상,1998,POINT (127.065089 37.258484)
SL_0629,37.25815,127.065235,정상,1998,POINT (127.065235 37.25815)
SL_0630,37.257844,127.065381,정상,1998,POINT (127.065381 37.257844)
SL_0631,37.257592,127.065494,정상,1998,POINT (127.065494 37.257592)
SL_0632,37.257785,127.065624,정상,1998,POINT (127.065624 37.257785)
SL_0633,37.258092,127.065483,정상,1998,POINT (127.065483 37.258092)
SL_0634,37.258317,127.065376,정상,1998,POINT (127.065376 37.258317)
SL_0635,37.258623,127.06523,정상,1998,POINT (127.06523 37.258623)
SL_0636,37.25893,127.065095,정상,1998,POINT (127.065095 37.25893)
SL_0637,37.261828,127.063519,정상,1998,POINT (127.063519 37.261828)
SL_0638,37.259146,127.064994,정상,1998,POINT (127.064994 37.259146)
SL_0639,37.259444,127.064847,정상,1998,POINT (127.064847 37.259444)
SL_0640,37.259827,127.064673,정상,1998,POINT (127.064673 37.259827)
SL_0641,37.260214,127.064493,정상,1998,POINT (127.064493 37.260214)
SL_0642,37.26062,127.064307,정상,1998,POINT (127.064307 37.26062)
SL_0643,37.260935,127.064167,정상,1998,POINT (127.064167 37.260935)
SL_0644,37.261318,127.063981,정상,1998,POINT (127.063981 37.261318)
SL_0645,37.261697,127.063801,정상,1998,POINT (127.063801 37.261697)
SL_0646,37.262057,127.063632,정상,1998,POINT (127.063632 37.262057)
SL_0647,37.261427,127.06371,정상,1998,POINT (127.06371 37.261427)
SL_0648,37.26108,127.063874,정상,1998,POINT (127.063874 37.26108)
SL_0649,37.260742,127.064026,정상,1998,POINT (127.064026 37.260742)
SL_0650,37.26035,127.064211,정상,1998,POINT (127.064211 37.26035)
SL_0651,37.259903,127.064414,정상,1998,POINT (127.064414 37.259903)
SL_0652,37.259579,127.064566,정상,1998,POINT (127.064566 37.259579)
SL_0653,37.259047,127.064813,정상,1998,POINT (127.064813 37.259047)
SL_0654,37.261405,127.061084,정상,2006,POINT (127.061084 37.261405)
SL_0655,37.26113,127.061644,정상,2006,POINT (127.061644 37.26113)
SL_0656,37.260812,127.062239,정상,2006,POINT (127.062239 37.260812)
SL_0657,37.260614,127.062661,정상,2006,POINT (127.062661 37.260614)
SL_0658,37.260375,127.062963,정상,2006,POINT (127.062963 37.260375)
SL_0659,37.260075,127.063526,정상,2006,POINT (127.063526 37.260075)
SL_0660,37.259904,127.063873,정상,2006,POINT (127.063873 37.259904)
SL_0661,37.268861,127.058204,정상,1993,POINT (127.058204 37.268861)
SL_0662,37.270543,127.054549,정상,1993,POINT (127.054549 37.270543)
SL_0663,37.270701,127.053943,정상,1993,POINT (127.053943 37.270701)
SL_0664,37.270746,127.053777,정상,1993,POINT (127.053777 37.270746)
SL_0665,37.270771,127.05367,정상,1993,POINT (127.05367 37.270771)
SL_0666,37.270863,127.053289,정상,1993,POINT (127.053289 37.270863)
SL_0667,37.27094,127.052985,정상,1993,POINT (127.052985 37.27094)
SL_0668,37.270755,127.052931,정상,1993,POINT (127.052931 37.270755)
SL_0669,37.270636,127.05341,정상,1993,POINT (127.05341 37.270636)
SL_0670,37.270532,127.053859,정상,1993,POINT (127.053859 37.270532)
SL_0671,37.270349,127.054572,정상,1993,POINT (127.054572 37.270349)
SL_0672,37.269055,127.058015,정상,1993,POINT (127.058015 37.269055)
SL_0673,37.270248,127.054994,정상,1993,POINT (127.054994 37.270248)
SL_0674,37.270189,127.055237,정상,1993,POINT (127.055237 37.270189)
SL_0675,37.270087,127.055659,정상,1993,POINT (127.055659 37.270087)
SL_0676,37.269941,127.056245,정상,1993,POINT (127.056245 37.269941)
SL_0677,37.269819,127.056747,정상,1993,POINT (127.056747 37.269819)
SL_0678,37.269614,127.05717,정상,1993,POINT (127.05717 37.269614)
SL_0679,37.269345,127.057457,정상,1993,POINT (127.057457 37.269345)
SL_0680,37.269111,127.057685,정상,1993,POINT (127.057685 37.269111)
SL_0681,37.268852,127.057944,정상,1993,POINT (127.057944 37.268852)
SL_0682,37.26871,127.058012,정상,1993,POINT (127.058012 37.26871)
SL_0683,37.269413,127.05768,정상,1993,POINT (127.05768 37.269413)
SL_0684,37.26853,127.057735,고장,1993,POINT (127.057735 37.26853)
SL_0685,37.26835,127.057408,정상,1993,POINT (127.057408 37.26835)
SL_0686,37.268201,127.057118,정상,1993,POINT (127.057118 37.268201)
SL_0687,37.268057,127.056839,정상,1993,POINT (127.056839 37.268057)
SL_0688,37.267837,127.056385,정상,1993,POINT (127.056385 37.267837)
SL_0689,37.267713,127.056162,정상,1993,POINT (127.056162 37.267713)
SL_0690,37.267499,127.05575,정상,1993,POINT (127.05575 37.267499)
SL_0691,37.267308,127.055392,정상,1993,POINT (127.055392 37.267308)
SL_0692,37.267251,127.055931,정상,1993,POINT (127.055931 37.267251)
SL_0693,37.267409,127.056249,정상,1993,POINT (127.056249 37.267409)
SL_0694,37.269796,127.057277,정상,1993,POINT (127.057277 37.269796)
SL_0695,37.267589,127.056596,정상,1993,POINT (127.056596 37.267589)
SL_0696,37.267807,127.057011,정상,1993,POINT (127.057011 37.267807)
SL_0697,37.267967,127.057318,정상,1993,POINT (127.057318 37.267967)
SL_0698,37.268136,127.057639,정상,1993,POINT (127.057639 37.268136)
SL_0699,37.268322,127.057997,정상,1993,POINT (127.057997 37.268322)
SL_0700,37.268469,127.058293,정상,1993,POINT (127.058293 37.268469)
SL_0701,37.269972,127.056883,정상,1993,POINT (127.056883 37.269972)
SL_0702,37.270087,127.05644,정상,1993,POINT (127.05644 37.270087)
SL_0703,37.270207,127.055955,정상,1993,POINT (127.055955 37.270207)
SL_0704,37.27031,127.055521,정상,1993,POINT (127.055521 37.27031)
SL_0705,37.270403,127.055141,정상,1993,POINT (127.055141 37.270403)
SL_0706,37.259641,127.042936,정상,2002,POINT (127.042936 37.259641)
SL_0707,37.264042,127.044373,정상,2002,POINT (127.044373 37.264042)
SL_0708,37.264204,127.044579,정상,2002,POINT (127.044579 37.264204)
SL_0709,37.264091,127.044869,정상,2002,POINT (127.044869 37.264091)
SL_0710,37.263792,127.044477,정상,2002,POINT (127.044477 37.263792)
SL_0711,37.263461,127.044099,정상,2002,POINT (127.044099 37.263461)
SL_0712,37.263062,127.044206,정상,2002,POINT (127.044206 37.263062)
SL_0713,37.263001,127.044491,정상,2002,POINT (127.044491 37.263001)
SL_0714,37.26294,127.044784,정상,2002,POINT (127.044784 37.26294)
SL_0715,37.262877,127.045105,정상,2002,POINT (127.045105 37.262877)
SL_0716,37.262802,127.045522,정상,2002,POINT (127.045522 37.262802)
SL_0717,37.259996,127.043057,정상,2002,POINT (127.043057 37.259996)
SL_0718,37.262732,127.045835,정상,2002,POINT (127.045835 37.262732)
SL_0719,37.262667,127.046176,정상,2002,POINT (127.046176 37.262667)
SL_0720,37.262619,127.046449,정상,2002,POINT (127.046449 37.262619)
SL_0721,37.263012,127.043918,정상,2002,POINT (127.043918 37.263012)
SL_0722,37.262582,127.043842,정상,2002,POINT (127.043842 37.262582)
SL_0723,37.262204,127.043783,정상,2002,POINT (127.043783 37.262204)
SL_0724,37.262111,127.043853,정상,2002,POINT (127.043853 37.262111)
SL_0725,37.262017,127.044374,정상,2002,POINT (127.044374 37.262017)
SL_0726,37.261892,127.044938,정상,2002,POINT (127.044938 37.261892)
SL_0727,37.261777,127.04551,정상,2002,POINT (127.04551 37.261777)
SL_0728,37.260379,127.043136,정상,2002,POINT (127.043136 37.260379)
SL_0729,37.261658,127.046082,정상,2002,POINT (127.046082 37.261658)
SL_0730,37.26148,127.045764,정상,2002,POINT (127.045764 37.26148)
SL_0731,37.261593,127.045231,정상,2002,POINT (127.045231 37.261593)
SL_0732,37.261726,127.044591,정상,2002,POINT (127.044591 37.261726)
SL_0733,37.261857,127.043923,정상,2002,POINT (127.043923 37.261857)
SL_0734,37.261823,127.043709,정상,2002,POINT (127.043709 37.261823)
SL_0735,37.261555,127.043661,정상,2002,POINT (127.043661 37.261555)
SL_0736,37.261222,127.043576,정상,2002,POINT (127.043576 37.261222)
SL_0737,37.260868,127.043509,정상,2002,POINT (127.043509 37.260868)
SL_0738,37.260544,127.043449,정상,2002,POINT (127.043449 37.260544)
SL_0739,37.260742,127.043196,정상,2002,POINT (127.043196 37.260742)
SL_0740,37.260258,127.043429,정상,2002,POINT (127.043429 37.260258)
SL_0741,37.261125,127.043252,정상,2002,POINT (127.043252 37.261125)
SL_0742,37.261517,127.043343,정상,2002,POINT (127.043343 37.261517)
SL_0743,37.263224,127.043589,정상,2002,POINT (127.043589 37.263224)
SL_0744,37.26351,127.043778,정상,2002,POINT (127.043778 37.26351)
SL_0745,37.263751,127.044006,정상,2002,POINT (127.044006 37.263751)
SL_0746,37.262532,127.046596,정상,2002,POINT (127.046596 37.262532)
SL_0747,37.259982,127.04614,정상,2002,POINT (127.04614 37.259982)
SL_0748,37.259916,127.046476,정상,2002,POINT (127.046476 37.259916)
SL_0749,37.259828,127.046895,정상,2002,POINT (127.046895 37.259828)
SL_0750,37.25974,127.047344,정상,2002,POINT (127.047344 37.25974)
SL_0751,37.259659,127.047738,정상,2002,POINT (127.047738 37.259659)
SL_0752,37.262302,127.046525,정상,2002,POINT (127.046525 37.262302)
SL_0753,37.262043,127.046437,정상,2002,POINT (127.046437 37.262043)
SL_0754,37.261761,127.046341,정상,2002,POINT (127.046341 37.261761)
SL_0755,37.261245,127.04613,정상,2002,POINT (127.04613 37.261245)
SL_0756,37.260939,127.046028,정상,2002,POINT (127.046028 37.260939)
SL_0757,37.260651,127.045929,정상,2002,POINT (127.045929 37.260651)
SL_0758,37.260369,127.045853,정상,2002,POINT (127.045853 37.260369)
SL_0759,37.260068,127.04576,정상,2002,POINT (127.04576 37.260068)
SL_0760,37.257075,127.043396,정상,2002,POINT (127.043396 37.257075)
SL_0761,37.257266,127.04363,정상,2002,POINT (127.04363 37.257266)
SL_0762,37.257433,127.043876,정상,2002,POINT (127.043876 37.257433)
SL_0763,37.257588,127.044183,정상,2002,POINT (127.044183 37.257588)
SL_0764,37.257714,127.044547,정상,2002,POINT (127.044547 37.257714)
SL_0765,37.257806,127.044896,정상,2002,POINT (127.044896 37.257806)
SL_0766,37.258104,127.045018,정상,2002,POINT (127.045018 37.258104)
SL_0767,37.258378,127.045114,정상,2002,POINT (127.045114 37.258378)
SL_0768,37.265151,127.061899,정상,2014,POINT (127.061899 37.265151)
SL_0769,37.263442,127.06068,정상,2014,POINT (127.06068 37.263442)
SL_0770,37.263253,127.060561,정상,2014,POINT (127.060561 37.263253)
SL_0771,37.26307,127.060451,정상,2014,POINT (127.060451 37.26307)
SL_0772,37.26289,127.060349,정상,2014,POINT (127.060349 37.26289)
SL_0773,37.262717,127.060239,정상,2014,POINT (127.060239 37.262717)
SL_0774,37.262541,127.060112,정상,2014,POINT (127.060112 37.262541)
SL_0775,37.262357,127.059974,정상,2014,POINT (127.059974 37.262357)
SL_0776,37.262149,127.059827,정상,2014,POINT (127.059827 37.262149)
SL_0777,37.261879,127.059624,정상,2014,POINT (127.059624 37.261879)
SL_0778,37.261697,127.059463,정상,2014,POINT (127.059463 37.261697)
SL_0779,37.264942,127.061681,정상,2014,POINT (127.061681 37.264942)
SL_0780,37.261355,127.05919,정상,2014,POINT (127.05919 37.261355)
SL_0781,37.261136,127.059029,정상,2014,POINT (127.059029 37.261136)
SL_0782,37.260927,127.058863,정상,2014,POINT (127.058863 37.260927)
SL_0783,37.26072,127.058693,정상,2014,POINT (127.058693 37.26072)
SL_0784,37.260497,127.058524,정상,2014,POINT (127.058524 37.260497)
SL_0785,37.260319,127.058389,정상,2014,POINT (127.058389 37.260319)
SL_0786,37.259392,127.057869,정상,2014,POINT (127.057869 37.259392)
SL_0787,37.259552,127.058006,정상,2014,POINT (127.058006 37.259552)
SL_0788,37.259727,127.058128,정상,2014,POINT (127.058128 37.259727)
SL_0789,37.259892,127.058281,정상,2014,POINT (127.058281 37.259892)
SL_0790,37.264735,127.061481,정상,2014,POINT (127.061481 37.264735)
SL_0791,37.264602,127.061213,정상,2014,POINT (127.061213 37.264602)
SL_0792,37.264453,127.061303,정상,2014,POINT (127.061303 37.264453)
SL_0793,37.264223,127.061148,정상,2014,POINT (127.061148 37.264223)
SL_0794,37.264054,127.061049,정상,2014,POINT (127.061049 37.264054)
SL_0795,37.263863,127.060936,정상,2014,POINT (127.060936 37.263863)
SL_0796,37.263667,127.060815,정상,2014,POINT (127.060815 37.263667)
SL_0797,37.251736,127.042193,정상,2002,POINT (127.042193 37.251736)
SL_0798,37.25391,127.044113,정상,2002,POINT (127.044113 37.25391)
SL_0799,37.254198,127.044395,정상,2002,POINT (127.044395 37.254198)
SL_0800,37.254441,127.044652,정상,2002,POINT (127.044652 37.254441)
SL_0801,37.254713,127.044973,정상,2002,POINT (127.044973 37.254713)
SL_0802,37.25497,127.045233,정상,2002,POINT (127.045233 37.25497)
SL_0803,37.255159,127.045438,정상,2002,POINT (127.045438 37.255159)
SL_0804,37.255349,127.045143,정상,2002,POINT (127.045143 37.255349)
SL_0805,37.254909,127.044677,정상,2002,POINT (127.044677 37.254909)
SL_0806,37.254599,127.044364,정상,2002,POINT (127.044364 37.254599)
SL_0807,37.254358,127.044097,정상,2002,POINT (127.044097 37.254358)
SL_0808,37.251874,127.04228,정상,2002,POINT (127.04228 37.251874)
SL_0809,37.254119,127.04386,정상,2002,POINT (127.04386 37.254119)
SL_0810,37.253802,127.04353,정상,2002,POINT (127.04353 37.253802)
SL_0811,37.253612,127.043293,정상,2002,POINT (127.043293 37.253612)
SL_0812,37.253297,127.042966,정상,2002,POINT (127.042966 37.253297)
SL_0813,37.253142,127.042833,정상,2002,POINT (127.042833 37.253142)
SL_0814,37.252914,127.042647,정상,2002,POINT (127.042647 37.252914)
SL_0815,37.252597,127.042405,정상,2002,POINT (127.042405 37.252597)
SL_0816,37.252291,127.042188,정상,2002,POINT (127.042188 37.252291)
SL_0817,37.252027,127.041993,정상,2002,POINT (127.041993 37.252027)
SL_0818,37.25348,127.042898,정상,2002,POINT (127.042898 37.25348)
SL_0819,37.252158,127.042489,정상,2002,POINT (127.042489 37.252158)
SL_0820,37.25377,127.042896,정상,2002,POINT (127.042896 37.25377)
SL_0821,37.253858,127.042507,정상,2002,POINT (127.042507 37.253858)
SL_0822,37.254149,127.042513,정상,2002,POINT (127.042513 37.254149)
SL_0823,37.254313,127.042341,정상,2002,POINT (127.042341 37.254313)
SL_0824,37.254503,127.042195,정상,2002,POINT (127.042195 37.254503)
SL_0825,37.254696,127.042107,정상,2002,POINT (127.042107 37.254696)
SL_0826,37.254883,127.042079,정상,2002,POINT (127.042079 37.254883)
SL_0827,37.255055,127.042088,정상,2002,POINT (127.042088 37.255055)
SL_0828,37.255219,127.042136,정상,2002,POINT (127.042136 37.255219)
SL_0829,37.255381,127.042192,정상,2002,POINT (127.042192 37.255381)
SL_0830,37.252455,127.042718,정상,2002,POINT (127.042718 37.252455)
SL_0831,37.25581,127.042259,정상,2002,POINT (127.042259 37.25581)
SL_0832,37.25277,127.042963,정상,2002,POINT (127.042963 37.25277)
SL_0833,37.253018,127.04316,정상,2002,POINT (127.04316 37.253018)
SL_0834,37.253326,127.043459,정상,2002,POINT (127.043459 37.253326)
SL_0835,37.253455,127.043617,정상,2002,POINT (127.043617 37.253455)
SL_0836,37.253653,127.043845,정상,2002,POINT (127.043845 37.253653)
SL_0837,37.274717,127.063121,정상,2013,POINT (127.063121 37.274717)
SL_0838,37.277643,127.060082,정상,2013,POINT (127.060082 37.277643)
SL_0839,37.277203,127.060116,정상,2013,POINT (127.060116 37.277203)
SL_0840,37.276762,127.060222,정상,2013,POINT (127.060222 37.276762)
SL_0841,37.276244,127.060416,정상,2013,POINT (127.060416 37.276244)
SL_0842,37.275949,127.060467,정상,2013,POINT (127.060467 37.275949)
SL_0843,37.275638,127.060441,정상,2013,POINT (127.060441 37.275638)
SL_0844,37.27564,127.060672,정상,2013,POINT (127.060672 37.27564)
SL_0845,37.276086,127.060664,정상,2013,POINT (127.060664 37.276086)
SL_0846,37.276586,127.060496,정상,2013,POINT (127.060496 37.276586)
SL_0847,37.277095,127.060344,정상,2013,POINT (127.060344 37.277095)
SL_0848,37.274742,127.062811,정상,2013,POINT (127.062811 37.274742)
SL_0849,37.277469,127.060302,정상,2013,POINT (127.060302 37.277469)
SL_0850,37.277823,127.060288,정상,2013,POINT (127.060288 37.277823)
SL_0851,37.274783,127.062504,정상,2013,POINT (127.062504 37.274783)
SL_0852,37.274848,127.062197,정상,2013,POINT (127.062197 37.274848)
SL_0853,37.274936,127.061892,정상,2013,POINT (127.061892 37.274936)
SL_0854,37.275051,127.061602,정상,2013,POINT (127.061602 37.275051)
SL_0855,37.275175,127.061298,정상,2013,POINT (127.061298 37.275175)
SL_0856,37.275304,127.060971,정상,2013,POINT (127.060971 37.275304)
SL_0857,37.275399,127.060723,정상,2013,POINT (127.060723 37.275399)
SL_0858,37.284812,127.056333,정상,2013,POINT (127.056333 37.284812)
SL_0859,37.282486,127.059054,정상,2013,POINT (127.059054 37.282486)
SL_0860,37.282067,127.059119,정상,2013,POINT (127.059119 37.282067)
SL_0861,37.281572,127.059121,정상,2013,POINT (127.059121 37.281572)
SL_0862,37.281114,127.059132,정상,2013,POINT (127.059132 37.281114)
SL_0863,37.280668,127.059137,정상,2013,POINT (127.059137 37.280668)
SL_0864,37.280213,127.059253,정상,2013,POINT (127.059253 37.280213)
SL_0865,37.279754,127.059441,정상,2013,POINT (127.059441 37.279754)
SL_0866,37.279346,127.05968,정상,2013,POINT (127.05968 37.279346)
SL_0867,37.279265,127.059962,정상,2013,POINT (127.059962 37.279265)
SL_0868,37.279594,127.059774,정상,2013,POINT (127.059774 37.279594)
SL_0869,37.284612,127.056609,정상,2013,POINT (127.056609 37.284612)
SL_0870,37.280046,127.05954,정상,2013,POINT (127.05954 37.280046)
SL_0871,37.28047,127.059391,정상,2013,POINT (127.059391 37.28047)
SL_0872,37.280896,127.059343,정상,2013,POINT (127.059343 37.280896)
SL_0873,37.281344,127.059349,정상,2013,POINT (127.059349 37.281344)
SL_0874,37.281822,127.059336,정상,2013,POINT (127.059336 37.281822)
SL_0875,37.282304,127.059299,정상,2013,POINT (127.059299 37.282304)
SL_0876,37.282768,127.059156,정상,2013,POINT (127.059156 37.282768)
SL_0877,37.283167,127.058829,정상,2013,POINT (127.058829 37.283167)
SL_0878,37.283523,127.058409,정상,2013,POINT (127.058409 37.283523)
SL_0879,37.283896,127.05799,정상,2013,POINT (127.05799 37.283896)
SL_0880,37.28442,127.056893,정상,2013,POINT (127.056893 37.28442)
SL_0881,37.283983,127.057815,정상,2013,POINT (127.057815 37.283983)
SL_0882,37.284174,127.057547,고장,2013,POINT (127.057547 37.284174)
SL_0883,37.28437,127.057274,정상,2013,POINT (127.057274 37.28437)
SL_0884,37.284546,127.057034,정상,2013,POINT (127.057034 37.284546)
SL_0885,37.284749,127.056753,정상,2013,POINT (127.056753 37.284749)
SL_0886,37.285013,127.0564,정상,2013,POINT (127.0564 37.285013)
SL_0887,37.284233,127.057141,정상,2013,POINT (127.057141 37.284233)
SL_0888,37.284041,127.057415,정상,2013,POINT (127.057415 37.284041)
SL_0889,37.283839,127.057688,정상,2013,POINT (127.057688 37.283839)
SL_0890,37.283552,127.058065,정상,2013,POINT (127.058065 37.283552)
SL_0891,37.283243,127.05846,정상,2013,POINT (127.05846 37.283243)
SL_0892,37.282872,127.058835,정상,2013,POINT (127.058835 37.282872)
SL_0894,37.267392,127.067174,정상,2014,POINT (127.067174 37.267392)
SL_0895,37.267313,127.06694,정상,2014,POINT (127.06694 37.267313)
SL_0896,37.267241,127.066717,정상,2014,POINT (127.066717 37.267241)
SL_0897,37.267153,127.066458,정상,2014,POINT (127.066458 37.267153)
SL_0898,37.267072,127.066235,정상,2014,POINT (127.066235 37.267072)
SL_0899,37.266971,127.06595,정상,2014,POINT (127.06595 37.266971)
SL_0900,37.266863,127.065637,정상,2014,POINT (127.065637 37.266863)
SL_0901,37.266771,127.0654,정상,2014,POINT (127.0654 37.266771)
SL_0902,37.266679,127.065169,정상,2014,POINT (127.065169 37.266679)
SL_0903,37.266596,127.06493,정상,2014,POINT (127.06493 37.266596)
SL_0905,37.266501,127.064681,정상,2014,POINT (127.064681 37.266501)
SL_0906,37.266398,127.064419,정상,2014,POINT (127.064419 37.266398)
SL_0907,37.266314,127.064191,정상,2014,POINT (127.064191 37.266314)
SL_0908,37.266211,127.063948,정상,2014,POINT (127.063948 37.266211)
SL_0909,37.266128,127.063723,정상,2014,POINT (127.063723 37.266128)
SL_0910,37.266031,127.063492,정상,2014,POINT (127.063492 37.266031)
SL_0911,37.265912,127.063232,정상,2014,POINT (127.063232 37.265912)
SL_0912,37.265837,127.063041,정상,2014,POINT (127.063041 37.265837)
SL_0913,37.265725,127.062826,정상,2014,POINT (127.062826 37.265725)
SL_0914,37.265628,127.062646,정상,2014,POINT (127.062646 37.265628)
SL_0916,37.265507,127.062429,정상,2014,POINT (127.062429 37.265507)
SL_0917,37.265347,127.062164,정상,2014,POINT (127.062164 37.265347)
SL_0918,37.26608,127.064027,정상,2014,POINT (127.064027 37.26608)
SL_0919,37.266181,127.064258,정상,2014,POINT (127.064258 37.266181)
SL_0920,37.266283,127.064492,정상,2014,POINT (127.064492 37.266283)
SL_0921,37.266364,127.064695,정상,2014,POINT (127.064695 37.266364)
SL_0922,37.267886,127.068815,정상,2014,POINT (127.068815 37.267886)
SL_0923,37.267812,127.068561,정상,2014,POINT (127.068561 37.267812)
SL_0924,37.267738,127.068299,정상,2014,POINT (127.068299 37.267738)
SL_0925,37.267659,127.068031,정상,2014,POINT (127.068031 37.267659)
SL_0926,37.267585,127.067825,정상,2014,POINT (127.067825 37.267585)
SL_0927,37.267495,127.067518,정상,2014,POINT (127.067518 37.267495)
SL_0928,37.280211,127.04942,정상,2013,POINT (127.04942 37.280211)
SL_0929,37.278438,127.04943,정상,2013,POINT (127.04943 37.278438)
SL_0930,37.278294,127.049689,정상,2013,POINT (127.049689 37.278294)
SL_0931,37.278202,127.049602,정상,2013,POINT (127.049602 37.278202)
SL_0932,37.277859,127.049291,정상,2013,POINT (127.049291 37.277859)
SL_0933,37.277515,127.049277,정상,2013,POINT (127.049277 37.277515)
SL_0934,37.2779,127.049576,정상,2013,POINT (127.049576 37.2779)
SL_0935,37.278123,127.049791,정상,2013,POINT (127.049791 37.278123)
SL_0936,37.278199,127.049853,정상,2013,POINT (127.049853 37.278199)
SL_0937,37.278431,127.049977,정상,2013,POINT (127.049977 37.278431)
SL_0938,37.278798,127.050118,정상,2013,POINT (127.050118 37.278798)
SL_0939,37.280164,127.04982,정상,2013,POINT (127.04982 37.280164)
SL_0940,37.279048,127.050285,정상,2013,POINT (127.050285 37.279048)
SL_0941,37.278999,127.050606,정상,2013,POINT (127.050606 37.278999)
SL_0942,37.278951,127.050947,정상,2013,POINT (127.050947 37.278951)
SL_0943,37.278908,127.051282,정상,2013,POINT (127.051282 37.278908)
SL_0944,37.278861,127.051598,정상,2013,POINT (127.051598 37.278861)
SL_0945,37.27937,127.050279,정상,2013,POINT (127.050279 37.27937)
SL_0946,37.279787,127.050358,정상,2013,POINT (127.050358 37.279787)
SL_0947,37.279929,127.050398,정상,2013,POINT (127.050398 37.279929)
SL_0948,37.279904,127.050674,정상,2013,POINT (127.050674 37.279904)
SL_0949,37.279827,127.05126,정상,2013,POINT (127.05126 37.279827)
SL_0950,37.279983,127.050051,정상,2013,POINT (127.050051 37.279983)
SL_0951,37.279764,127.051785,정상,2013,POINT (127.051785 37.279764)
SL_0952,37.279949,127.051576,정상,2013,POINT (127.051576 37.279949)
SL_0953,37.280019,127.05101,정상,2013,POINT (127.05101 37.280019)
SL_0954,37.280089,127.050429,정상,2013,POINT (127.050429 37.280089)
SL_0955,37.280362,127.050474,정상,2013,POINT (127.050474 37.280362)
SL_0956,37.280821,127.050562,정상,2013,POINT (127.050562 37.280821)
SL_0957,37.281285,127.050652,정상,2013,POINT (127.050652 37.281285)
SL_0958,37.281452,127.050475,정상,2013,POINT (127.050475 37.281452)
SL_0959,37.281055,127.050404,정상,2013,POINT (127.050404 37.281055)
SL_0960,37.28063,127.050319,정상,2013,POINT (127.050319 37.28063)
SL_0961,37.279918,127.049721,정상,2013,POINT (127.049721 37.279918)
SL_0962,37.280202,127.050229,정상,2013,POINT (127.050229 37.280202)
SL_0963,37.279927,127.050184,정상,2013,POINT (127.050184 37.279927)
SL_0964,37.27954,127.050099,정상,2013,POINT (127.050099 37.27954)
SL_0965,37.279127,127.050022,정상,2013,POINT (127.050022 37.279127)
SL_0966,37.278729,127.049876,정상,2013,POINT (127.049876 37.278729)
SL_0967,37.279625,127.04967,정상,2013,POINT (127.04967 37.279625)
SL_0968,37.27935,127.049594,정상,2013,POINT (127.049594 37.27935)
SL_0969,37.279076,127.049504,정상,2013,POINT (127.049504 37.279076)
SL_0970,37.278794,127.049399,정상,2013,POINT (127.049399 37.278794)
SL_0971,37.278569,127.04932,정상,2013,POINT (127.04932 37.278569)
SL_0972,37.27715,127.050046,정상,2013,POINT (127.050046 37.27715)
SL_0973,37.277386,127.051143,정상,2013,POINT (127.051143 37.277386)
SL_0974,37.277766,127.051451,정상,2013,POINT (127.051451 37.277766)
SL_0975,37.27794,127.051239,정상,2013,POINT (127.051239 37.27794)
SL_0976,37.278205,127.051279,정상,2013,POINT (127.051279 37.278205)
SL_0977,37.278546,127.051336,정상,2013,POINT (127.051336 37.278546)
SL_0978,37.278674,127.051059,정상,2013,POINT (127.051059 37.278674)
SL_0979,37.278737,127.050611,정상,2013,POINT (127.050611 37.278737)
SL_0980,37.278237,127.050518,정상,2013,POINT (127.050518 37.278237)
SL_0981,37.276983,127.050266,정상,2013,POINT (127.050266 37.276983)
SL_0982,37.276791,127.050444,정상,2013,POINT (127.050444 37.276791)
SL_0983,37.276638,127.050596,정상,2013,POINT (127.050596 37.276638)
SL_0984,37.276469,127.050751,정상,2013,POINT (127.050751 37.276469)
SL_0985,37.276417,127.050906,정상,2013,POINT (127.050906 37.276417)
SL_0986,37.276512,127.051002,정상,2013,POINT (127.051002 37.276512)
SL_0987,37.276775,127.051038,정상,2013,POINT (127.051038 37.276775)
SL_0988,37.277081,127.051092,정상,2013,POINT (127.051092 37.277081)
SL_0989,37.2789,127.050501,정상,2013,POINT (127.050501 37.2789)
SL_0990,37.277154,127.050684,정상,2013,POINT (127.050684 37.277154)
SL_0991,37.276865,127.050647,정상,2013,POINT (127.050647 37.276865)
SL_0992,37.277356,127.050858,정상,2013,POINT (127.050858 37.277356)
SL_0993,37.277746,127.0508,정상,2013,POINT (127.0508 37.277746)
SL_0994,37.277825,127.05045,정상,2013,POINT (127.05045 37.277825)
SL_0995,37.278566,127.05042,정상,2013,POINT (127.05042 37.278566)
SL_0996,37.278318,127.050326,정상,2013,POINT (127.050326 37.278318)
SL_0997,37.277864,127.049971,정상,2013,POINT (127.049971 37.277864)
SL_0998,37.277647,127.049762,정상,2013,POINT (127.049762 37.277647)
SL_0999,37.277454,127.049644,정상,2013,POINT (127.049644 37.277454)
SL_1000,37.277557,127.049934,정상,2013,POINT (127.049934 37.277557)
SL_1001,37.277449,127.050252,정상,2013,POINT (127.050252 37.277449)
SL_1002,37.277402,127.050517,정상,2013,POINT (127.050517 37.277402)
SL_1003,37.265146,127.062471,정상,2014,POINT (127.062471 37.265146)
SL_1004,37.266156,127.064676,정상,2014,POINT (127.064676 37.266156)
SL_1005,37.266242,127.064901,정상,2014,POINT (127.064901 37.266242)
SL_1006,37.266325,127.065129,정상,2014,POINT (127.065129 37.266325)
SL_1007,37.266408,127.065361,정상,2014,POINT (127.065361 37.266408)
SL_1008,37.266485,127.065564,정상,2014,POINT (127.065564 37.266485)
SL_1009,37.266548,127.065736,정상,2014,POINT (127.065736 37.266548)
SL_1010,37.266638,127.065981,정상,2014,POINT (127.065981 37.266638)
SL_1011,37.266744,127.06628,정상,2014,POINT (127.06628 37.266744)
SL_1012,37.266831,127.066531,정상,2014,POINT (127.066531 37.266831)
SL_1013,37.266941,127.066841,정상,2014,POINT (127.066841 37.266941)
SL_1014,37.265295,127.062713,정상,2014,POINT (127.062713 37.265295)
SL_1015,37.267022,127.067072,정상,2014,POINT (127.067072 37.267022)
SL_1016,37.267101,127.067298,정상,2014,POINT (127.067298 37.267101)
SL_1017,37.267202,127.067577,정상,2014,POINT (127.067577 37.267202)
SL_1018,37.267315,127.067878,정상,2014,POINT (127.067878 37.267315)
SL_1019,37.267452,127.068236,정상,2014,POINT (127.068236 37.267452)
SL_1020,37.267558,127.068516,정상,2014,POINT (127.068516 37.267558)
SL_1021,37.267661,127.068781,정상,2014,POINT (127.068781 37.267661)
SL_1022,37.267765,127.069048,정상,2014,POINT (127.069048 37.267765)
SL_1023,37.267843,127.069291,정상,2014,POINT (127.069291 37.267843)
SL_1025,37.265425,127.062942,정상,2014,POINT (127.062942 37.265425)
SL_1027,37.267164,127.066988,정상,2014,POINT (127.066988 37.267164)
SL_1028,37.267072,127.066725,정상,2014,POINT (127.066725 37.267072)
SL_1029,37.26698,127.066452,정상,2014,POINT (127.066452 37.26698)
SL_1030,37.266714,127.066894,정상,2014,POINT (127.066894 37.266714)
SL_1031,37.266419,127.067057,정상,2014,POINT (127.067057 37.266419)
SL_1032,37.26613,127.067218,정상,2014,POINT (127.067218 37.26613)
SL_1033,37.265828,127.067381,정상,2014,POINT (127.067381 37.265828)
SL_1034,37.265662,127.067141,정상,2014,POINT (127.067141 37.265662)
SL_1035,37.26552,127.066904,정상,2014,POINT (127.066904 37.26552)
SL_1036,37.265545,127.063164,정상,2014,POINT (127.063164 37.265545)
SL_1037,37.265644,127.063404,정상,2014,POINT (127.063404 37.265644)
SL_1038,37.265722,127.06361,정상,2014,POINT (127.06361 37.265722)
SL_1039,37.265828,127.063864,정상,2014,POINT (127.063864 37.265828)
SL_1040,37.265923,127.064083,정상,2014,POINT (127.064083 37.265923)
SL_1041,37.266037,127.064385,정상,2014,POINT (127.064385 37.266037)
SL_1042,37.268638,127.058626,정상,2012,POINT (127.058626 37.268638)
SL_1043,37.269914,127.060366,정상,2012,POINT (127.060366 37.269914)
SL_1044,37.269682,127.059938,정상,2012,POINT (127.059938 37.269682)
SL_1045,37.269495,127.059785,정상,2012,POINT (127.059785 37.269495)
SL_1046,37.269347,127.059498,정상,2012,POINT (127.059498 37.269347)
SL_1047,37.269196,127.059216,정상,2012,POINT (127.059216 37.269196)
SL_1048,37.269034,127.0589,정상,2012,POINT (127.0589 37.269034)
SL_1049,37.268973,127.058607,정상,2012,POINT (127.058607 37.268973)
SL_1050,37.268845,127.058364,정상,2012,POINT (127.058364 37.268845)
SL_1051,37.268935,127.058984,정상,2012,POINT (127.058984 37.268935)
SL_1052,37.269097,127.059292,정상,2012,POINT (127.059292 37.269097)
SL_1053,37.269243,127.059579,정상,2012,POINT (127.059579 37.269243)
SL_1054,37.269394,127.059873,정상,2012,POINT (127.059873 37.269394)
SL_1055,37.269574,127.060436,정상,2012,POINT (127.060436 37.269574)
SL_1056,37.269754,127.060786,정상,2012,POINT (127.060786 37.269754)
SL_1057,37.269931,127.061153,정상,2012,POINT (127.061153 37.269931)
SL_1058,37.270141,127.06064,정상,2012,POINT (127.06064 37.270141)
SL_1059,37.272762,127.05337,정상,1993,POINT (127.05337 37.272762)
SL_1060,37.269296,127.052017,정상,1993,POINT (127.052017 37.269296)
SL_1061,37.268927,127.051876,정상,1993,POINT (127.051876 37.268927)
SL_1062,37.268645,127.051769,정상,1993,POINT (127.051769 37.268645)
SL_1063,37.268352,127.051653,정상,1993,POINT (127.051653 37.268352)
SL_1064,37.268325,127.05189,정상,1993,POINT (127.05189 37.268325)
SL_1065,37.268697,127.052036,정상,1993,POINT (127.052036 37.268697)
SL_1066,37.269066,127.052178,정상,1993,POINT (127.052178 37.269066)
SL_1067,37.269373,127.052299,정상,1993,POINT (127.052299 37.269373)
SL_1068,37.269706,127.052437,정상,1993,POINT (127.052437 37.269706)
SL_1069,37.270062,127.052567,정상,1993,POINT (127.052567 37.270062)
SL_1070,37.272328,127.053197,정상,1993,POINT (127.053197 37.272328)
SL_1071,37.270391,127.052697,정상,1993,POINT (127.052697 37.270391)
SL_1072,37.270688,127.052813,정상,1993,POINT (127.052813 37.270688)
SL_1073,37.271172,127.052994,정상,1993,POINT (127.052994 37.271172)
SL_1074,37.271535,127.05314,정상,1993,POINT (127.05314 37.271535)
SL_1075,37.271967,127.053307,정상,1993,POINT (127.053307 37.271967)
SL_1076,37.271843,127.053011,정상,1993,POINT (127.053011 37.271843)
SL_1077,37.271364,127.052825,정상,1993,POINT (127.052825 37.271364)
SL_1078,37.271039,127.052706,정상,1993,POINT (127.052706 37.271039)
SL_1079,37.270607,127.052531,정상,1993,POINT (127.052531 37.270607)
SL_1080,37.270262,127.052401,정상,1993,POINT (127.052401 37.270262)
SL_1081,37.269936,127.052266,정상,1993,POINT (127.052266 37.269936)
SL_1082,37.269609,127.052136,정상,1993,POINT (127.052136 37.269609)
SL_1083,37.25483,127.03978,정상,2002,POINT (127.03978 37.25483)
SL_1084,37.257524,127.041748,정상,2002,POINT (127.041748 37.257524)
SL_1085,37.257888,127.041963,정상,2002,POINT (127.041963 37.257888)
SL_1086,37.258325,127.042208,정상,2002,POINT (127.042208 37.258325)
SL_1087,37.258749,127.042479,정상,2002,POINT (127.042479 37.258749)
SL_1088,37.258501,127.042611,정상,2002,POINT (127.042611 37.258501)
SL_1089,37.258062,127.042352,정상,2002,POINT (127.042352 37.258062)
SL_1090,37.257697,127.042123,정상,2002,POINT (127.042123 37.257697)
SL_1091,37.257388,127.041957,정상,2002,POINT (127.041957 37.257388)
SL_1092,37.257287,127.041993,정상,2002,POINT (127.041993 37.257287)
SL_1093,37.257107,127.04241,정상,2002,POINT (127.04241 37.257107)
SL_1094,37.25506,127.040045,정상,2002,POINT (127.040045 37.25506)
SL_1095,37.25694,127.042796,정상,2002,POINT (127.042796 37.25694)
SL_1096,37.256811,127.0431,정상,2002,POINT (127.0431 37.256811)
SL_1097,37.25671,127.043329,정상,2002,POINT (127.043329 37.25671)
SL_1098,37.25657,127.043692,정상,2002,POINT (127.043692 37.25657)
SL_1099,37.25646,127.043937,정상,2002,POINT (127.043937 37.25646)
SL_1100,37.256326,127.044261,정상,2002,POINT (127.044261 37.256326)
SL_1101,37.256069,127.044856,정상,2002,POINT (127.044856 37.256069)
SL_1102,37.255925,127.045205,정상,2002,POINT (127.045205 37.255925)
SL_1103,37.255853,127.045647,정상,2002,POINT (127.045647 37.255853)
SL_1104,37.256062,127.045836,정상,2002,POINT (127.045836 37.256062)
SL_1105,37.255296,127.040304,정상,2002,POINT (127.040304 37.255296)
SL_1106,37.256389,127.046099,정상,2002,POINT (127.046099 37.256389)
SL_1107,37.256251,127.046431,정상,2002,POINT (127.046431 37.256251)
SL_1108,37.2559,127.046135,정상,2002,POINT (127.046135 37.2559)
SL_1109,37.25567,127.045938,정상,2002,POINT (127.045938 37.25567)
SL_1110,37.255777,127.044974,정상,2002,POINT (127.044974 37.255777)
SL_1111,37.255905,127.044664,정상,2002,POINT (127.044664 37.255905)
SL_1112,37.256063,127.044315,정상,2002,POINT (127.044315 37.256063)
SL_1113,37.256241,127.043898,정상,2002,POINT (127.043898 37.256241)
SL_1114,37.256419,127.043467,정상,2002,POINT (127.043467 37.256419)
SL_1115,37.256575,127.043075,정상,2002,POINT (127.043075 37.256575)
SL_1116,37.255931,127.040527,정상,2002,POINT (127.040527 37.255931)
SL_1117,37.256554,127.042971,정상,2002,POINT (127.042971 37.256554)
SL_1118,37.256318,127.042801,정상,2002,POINT (127.042801 37.256318)
SL_1119,37.255901,127.042522,정상,2002,POINT (127.042522 37.255901)
SL_1120,37.256419,127.042635,정상,2002,POINT (127.042635 37.256419)
SL_1121,37.256613,127.042768,정상,2002,POINT (127.042768 37.256613)
SL_1122,37.25673,127.042703,정상,2002,POINT (127.042703 37.25673)
SL_1123,37.256877,127.042387,정상,2002,POINT (127.042387 37.256877)
SL_1124,37.257073,127.041923,정상,2002,POINT (127.041923 37.257073)
SL_1125,37.257001,127.041765,정상,2002,POINT (127.041765 37.257001)
SL_1126,37.256798,127.04161,정상,2002,POINT (127.04161 37.256798)
SL_1127,37.256357,127.040899,정상,2002,POINT (127.040899 37.256357)
SL_1128,37.256465,127.041325,정상,2002,POINT (127.041325 37.256465)
SL_1129,37.256222,127.041119,정상,2002,POINT (127.041119 37.256222)
SL_1130,37.25606,127.040978,정상,2002,POINT (127.040978 37.25606)
SL_1131,37.255738,127.040735,정상,2002,POINT (127.040735 37.255738)
SL_1132,37.25526,127.040555,정상,2002,POINT (127.040555 37.25526)
SL_1133,37.254925,127.040276,고장,2002,POINT (127.040276 37.254925)
SL_1134,37.256641,127.041147,정상,2002,POINT (127.041147 37.256641)
SL_1135,37.256972,127.041424,정상,2002,POINT (127.041424 37.256972)
SL_1136,37.257186,127.041506,정상,2002,POINT (127.041506 37.257186)
SL_1137,37.257321,127.041632,정상,2002,POINT (127.041632 37.257321)
SL_1138,37.258909,127.042394,정상,2002,POINT (127.042394 37.258909)
SL_1139,37.259737,127.038787,정상,2002,POINT (127.038787 37.259737)
SL_1140,37.259818,127.038424,정상,2002,POINT (127.038424 37.259818)
SL_1141,37.258997,127.042011,정상,2002,POINT (127.042011 37.258997)
SL_1142,37.259082,127.041648,정상,2002,POINT (127.041648 37.259082)
SL_1143,37.259179,127.041225,정상,2002,POINT (127.041225 37.259179)
SL_1144,37.259274,127.040813,정상,2002,POINT (127.040813 37.259274)
SL_1145,37.259382,127.040323,정상,2002,POINT (127.040323 37.259382)
SL_1146,37.259464,127.039974,정상,2002,POINT (127.039974 37.259464)
SL_1147,37.259547,127.039616,정상,2002,POINT (127.039616 37.259547)
SL_1148,37.259637,127.03921,정상,2002,POINT (127.03921 37.259637)
SL_1149,37.258796,127.042879,정상,2002,POINT (127.042879 37.258796)
SL_1150,37.258351,127.045888,정상,2002,POINT (127.045888 37.258351)
SL_1151,37.258283,127.046317,정상,2002,POINT (127.046317 37.258283)
SL_1152,37.258229,127.046723,정상,2002,POINT (127.046723 37.258229)
SL_1153,37.258179,127.047016,정상,2002,POINT (127.047016 37.258179)
SL_1154,37.258136,127.047224,정상,2002,POINT (127.047224 37.258136)
SL_1155,37.25854,127.047301,정상,2002,POINT (127.047301 37.25854)
SL_1156,37.258594,127.04692,정상,2002,POINT (127.04692 37.258594)
SL_1157,37.258668,127.046418,정상,2002,POINT (127.046418 37.258668)
SL_1158,37.258729,127.046035,정상,2002,POINT (127.046035 37.258729)
SL_1159,37.258793,127.045525,정상,2002,POINT (127.045525 37.258793)
SL_1160,37.258751,127.043192,정상,2002,POINT (127.043192 37.258751)
SL_1161,37.259029,127.045568,정상,2002,POINT (127.045568 37.259029)
SL_1162,37.259534,127.04572,정상,2002,POINT (127.04572 37.259534)
SL_1163,37.259917,127.045771,정상,2002,POINT (127.045771 37.259917)
SL_1164,37.26009,127.045337,정상,2002,POINT (127.045337 37.26009)
SL_1165,37.260217,127.044762,정상,2002,POINT (127.044762 37.260217)
SL_1166,37.260314,127.044289,정상,2002,POINT (127.044289 37.260314)
SL_1167,37.260433,127.043728,정상,2002,POINT (127.043728 37.260433)
SL_1168,37.260228,127.043689,고장,2002,POINT (127.043689 37.260228)
SL_1169,37.2601,127.044269,정상,2002,POINT (127.044269 37.2601)
SL_1170,37.259996,127.044771,정상,2002,POINT (127.044771 37.259996)
SL_1171,37.258701,127.043513,정상,2002,POINT (127.043513 37.258701)
SL_1172,37.259881,127.045309,정상,2002,POINT (127.045309 37.259881)
SL_1173,37.25968,127.045481,정상,2002,POINT (127.045481 37.25968)
SL_1174,37.259182,127.045311,고장,2002,POINT (127.045311 37.259182)
SL_1175,37.258899,127.044922,정상,2002,POINT (127.044922 37.258899)
SL_1176,37.258953,127.044528,정상,2002,POINT (127.044528 37.258953)
SL_1177,37.259014,127.04413,정상,2002,POINT (127.04413 37.259014)
SL_1178,37.259068,127.043739,정상,2002,POINT (127.043739 37.259068)
SL_1179,37.25912,127.043392,정상,2002,POINT (127.043392 37.25912)
SL_1180,37.259165,127.043059,정상,2002,POINT (127.043059 37.259165)
SL_1181,37.258663,127.043817,정상,2002,POINT (127.043817 37.258663)
SL_1182,37.258606,127.044167,정상,2002,POINT (127.044167 37.258606)
SL_1183,37.258561,127.044513,정상,2002,POINT (127.044513 37.258561)
SL_1184,37.258511,127.044843,정상,2002,POINT (127.044843 37.258511)
SL_1185,37.25845,127.045223,정상,2002,POINT (127.045223 37.25845)
SL_1186,37.258416,127.045488,정상,2002,POINT (127.045488 37.258416)
SL_1188,37.254184,127.039895,정상,1999,POINT (127.039895 37.254184)
SL_1189,37.25392,127.040072,정상,1999,POINT (127.040072 37.25392)
SL_1190,37.253559,127.040295,정상,1999,POINT (127.040295 37.253559)
SL_1191,37.253273,127.040469,정상,1999,POINT (127.040469 37.253273)
SL_1192,37.252922,127.040694,정상,1999,POINT (127.040694 37.252922)
SL_1193,37.252629,127.040894,정상,1999,POINT (127.040894 37.252629)
SL_1194,37.252338,127.041131,정상,1999,POINT (127.041131 37.252338)
SL_1195,37.252086,127.041401,정상,1999,POINT (127.041401 37.252086)
SL_1196,37.251876,127.041624,정상,1999,POINT (127.041624 37.251876)
SL_1204,37.254051,127.039531,정상,1999,POINT (127.039531 37.254051)
SL_1205,37.2647,127.061983,정상,2003,POINT (127.061983 37.2647)
SL_1206,37.264806,127.062118,정상,2003,POINT (127.062118 37.264806)
SL_1207,37.264939,127.062256,정상,2003,POINT (127.062256 37.264939)
SL_1208,37.265063,127.062431,정상,2003,POINT (127.062431 37.265063)
SL_1209,37.265182,127.062629,정상,2003,POINT (127.062629 37.265182)
SL_1210,37.265292,127.06282,정상,2003,POINT (127.06282 37.265292)
SL_1211,37.265394,127.062981,정상,2003,POINT (127.062981 37.265394)
SL_1212,37.270217,127.061533,정상,2012,POINT (127.061533 37.270217)
SL_1213,37.272056,127.064396,정상,2012,POINT (127.064396 37.272056)
SL_1214,37.272268,127.064605,정상,2012,POINT (127.064605 37.272268)
SL_1215,37.272502,127.064816,정상,2012,POINT (127.064816 37.272502)
SL_1216,37.272738,127.065036,정상,2012,POINT (127.065036 37.272738)
SL_1217,37.272961,127.065239,정상,2012,POINT (127.065239 37.272961)
SL_1218,37.273182,127.065445,정상,2012,POINT (127.065445 37.273182)
SL_1219,37.273254,127.065299,정상,2012,POINT (127.065299 37.273254)
SL_1220,37.273038,127.065096,정상,2012,POINT (127.065096 37.273038)
SL_1221,37.27282,127.064879,정상,2012,POINT (127.064879 37.27282)
SL_1222,37.272585,127.064673,정상,2012,POINT (127.064673 37.272585)
SL_1223,37.270458,127.061889,정상,2012,POINT (127.061889 37.270458)
SL_1224,37.272356,127.064464,정상,2012,POINT (127.064464 37.272356)
SL_1225,37.272144,127.064258,정상,2012,POINT (127.064258 37.272144)
SL_1226,37.271822,127.063635,정상,2012,POINT (127.063635 37.271822)
SL_1227,37.271649,127.06331,정상,2012,POINT (127.06331 37.271649)
SL_1228,37.271458,127.062955,정상,2012,POINT (127.062955 37.271458)
SL_1229,37.271267,127.062603,정상,2012,POINT (127.062603 37.271267)
SL_1230,37.271062,127.06223,정상,2012,POINT (127.06223 37.271062)
SL_1231,37.27083,127.061844,정상,2012,POINT (127.061844 37.27083)
SL_1232,37.270612,127.061511,정상,2012,POINT (127.061511 37.270612)
SL_1233,37.270366,127.061176,정상,2012,POINT (127.061176 37.270366)
SL_1234,37.270672,127.062233,정상,2012,POINT (127.062233 37.270672)
SL_1235,37.270886,127.062628,정상,2012,POINT (127.062628 37.270886)
SL_1236,37.271091,127.062997,정상,2012,POINT (127.062997 37.271091)
SL_1237,37.271293,127.063364,정상,2012,POINT (127.063364 37.271293)
SL_1238,37.271482,127.063702,정상,2012,POINT (127.063702 37.271482)
SL_1239,37.271653,127.064007,정상,2012,POINT (127.064007 37.271653)
SL_1240,37.271831,127.06432,정상,2012,POINT (127.06432 37.271831)
SL_1241,37.281676,127.052911,정상,2012,POINT (127.052911 37.281676)
SL_1242,37.27957,127.052202,정상,2012,POINT (127.052202 37.27957)
SL_1243,37.279325,127.052162,정상,2012,POINT (127.052162 37.279325)
SL_1244,37.279063,127.052108,정상,2012,POINT (127.052108 37.279063)
SL_1245,37.281476,127.052778,정상,2012,POINT (127.052778 37.281476)
SL_1246,37.281268,127.052662,정상,2012,POINT (127.052662 37.281268)
SL_1247,37.281057,127.052578,정상,2012,POINT (127.052578 37.281057)
SL_1248,37.280845,127.052513,정상,2012,POINT (127.052513 37.280845)
SL_1249,37.280633,127.052456,정상,2012,POINT (127.052456 37.280633)
SL_1250,37.280422,127.052386,정상,2012,POINT (127.052386 37.280422)
SL_1251,37.280154,127.052304,정상,2012,POINT (127.052304 37.280154)
SL_1252,37.279888,127.052258,정상,2012,POINT (127.052258 37.279888)
SL_1253,37.278951,127.051719,정상,2012,POINT (127.051719 37.278951)
SL_1254,37.281111,127.052211,정상,2012,POINT (127.052211 37.281111)
SL_1255,37.281359,127.052304,정상,2012,POINT (127.052304 37.281359)
SL_1256,37.281577,127.052434,정상,2012,POINT (127.052434 37.281577)
SL_1257,37.281789,127.052559,정상,2012,POINT (127.052559 37.281789)
SL_1258,37.279185,127.051762,정상,2012,POINT (127.051762 37.279185)
SL_1259,37.279431,127.051799,정상,2012,POINT (127.051799 37.279431)
SL_1260,37.279663,127.051844,정상,2012,POINT (127.051844 37.279663)
SL_1261,37.279955,127.0519,정상,2012,POINT (127.0519 37.279955)
SL_1262,37.28021,127.051943,정상,2012,POINT (127.051943 37.28021)
SL_1263,37.280453,127.052016,정상,2012,POINT (127.052016 37.280453)
SL_1264,37.280676,127.052081,정상,2012,POINT (127.052081 37.280676)
SL_1265,37.280895,127.052146,정상,2012,POINT (127.052146 37.280895)
SL_1266,37.273156,127.053827,정상,2012,POINT (127.053827 37.273156)
SL_1267,37.273841,127.053903,정상,2012,POINT (127.053903 37.273841)
SL_1268,37.274395,127.053811,정상,2012,POINT (127.053811 37.274395)
SL_1269,37.274105,127.053686,정상,2012,POINT (127.053686 37.274105)
SL_1270,37.273825,127.053565,정상,2012,POINT (127.053565 37.273825)
SL_1271,37.273526,127.053418,정상,2012,POINT (127.053418 37.273526)
SL_1272,37.273321,127.053232,정상,2012,POINT (127.053232 37.273321)
SL_1273,37.274519,127.05334,정상,2012,POINT (127.05334 37.274519)
SL_1274,37.274274,127.053202,정상,2012,POINT (127.053202 37.274274)
SL_1275,37.274274,127.05281,정상,2012,POINT (127.05281 37.274274)
SL_1276,37.274272,127.052426,정상,2012,POINT (127.052426 37.274272)
SL_1277,37.273373,127.053751,정상,2012,POINT (127.053751 37.273373)
SL_1278,37.274274,127.052015,정상,2012,POINT (127.052015 37.274274)
SL_1279,37.274286,127.051733,정상,2012,POINT (127.051733 37.274286)
SL_1280,37.274293,127.051361,정상,2012,POINT (127.051361 37.274293)
SL_1281,37.274304,127.050924,정상,2012,POINT (127.050924 37.274304)
SL_1282,37.27432,127.050462,정상,2012,POINT (127.050462 37.27432)
SL_1283,37.274149,127.049985,정상,2012,POINT (127.049985 37.274149)
SL_1284,37.274455,127.050363,정상,2012,POINT (127.050363 37.274455)
SL_1285,37.274635,127.050648,정상,2012,POINT (127.050648 37.274635)
SL_1286,37.274766,127.050913,정상,2012,POINT (127.050913 37.274766)
SL_1287,37.274901,127.051204,정상,2012,POINT (127.051204 37.274901)
SL_1288,37.273647,127.053816,정상,2012,POINT (127.053816 37.273647)
SL_1289,37.274815,127.051488,정상,2012,POINT (127.051488 37.274815)
SL_1290,37.274702,127.051719,정상,2012,POINT (127.051719 37.274702)
SL_1291,37.274556,127.05177,정상,2012,POINT (127.05177 37.274556)
SL_1292,37.272861,127.053311,정상,2012,POINT (127.053311 37.272861)
SL_1293,37.272701,127.053581,정상,2012,POINT (127.053581 37.272701)
SL_1294,37.272764,127.053711,정상,2012,POINT (127.053711 37.272764)
SL_1295,37.273656,127.05416,정상,2012,POINT (127.05416 37.273656)
SL_1296,37.273616,127.054374,정상,2012,POINT (127.054374 37.273616)
SL_1297,37.273971,127.054304,정상,2012,POINT (127.054304 37.273971)
SL_1298,37.274147,127.054371,정상,2012,POINT (127.054371 37.274147)
SL_1299,37.273426,127.054103,정상,2012,POINT (127.054103 37.273426)
SL_1300,37.27371,127.053934,정상,2012,POINT (127.053934 37.27371)
SL_1301,37.248266,127.046331,정상,2014,POINT (127.046331 37.248266)
SL_1302,37.249419,127.044603,정상,2014,POINT (127.044603 37.249419)
SL_1303,37.24964,127.044286,정상,2014,POINT (127.044286 37.24964)
SL_1304,37.249792,127.044043,정상,2014,POINT (127.044043 37.249792)
SL_1305,37.249926,127.043816,정상,2014,POINT (127.043816 37.249926)
SL_1306,37.250108,127.043561,정상,2014,POINT (127.043561 37.250108)
SL_1307,37.250251,127.043381,정상,2014,POINT (127.043381 37.250251)
SL_1308,37.250385,127.043178,정상,2014,POINT (127.043178 37.250385)
SL_1309,37.250494,127.043017,정상,2014,POINT (127.043017 37.250494)
SL_1310,37.250798,127.042533,정상,2014,POINT (127.042533 37.250798)
SL_1311,37.25092,127.042343,정상,2014,POINT (127.042343 37.25092)
SL_1312,37.247906,127.046872,정상,2014,POINT (127.046872 37.247906)
SL_1313,37.251051,127.042145,정상,2014,POINT (127.042145 37.251051)
SL_1314,37.251193,127.04194,정상,2014,POINT (127.04194 37.251193)
SL_1315,37.247624,127.047289,정상,2014,POINT (127.047289 37.247624)
SL_1316,37.24746,127.04757,정상,2014,POINT (127.04757 37.24746)
SL_1317,37.247332,127.047789,정상,2014,POINT (127.047789 37.247332)
SL_1318,37.248708,127.045688,정상,2014,POINT (127.045688 37.248708)
SL_1319,37.248914,127.045379,정상,2014,POINT (127.045379 37.248914)
SL_1320,37.24913,127.045028,정상,2014,POINT (127.045028 37.24913)
SL_1321,37.249281,127.044816,정상,2014,POINT (127.044816 37.249281)
SL_1322,37.241236,127.049394,정상,2017,POINT (127.049394 37.241236)
SL_1323,37.241289,127.046639,정상,2017,POINT (127.046639 37.241289)
SL_1324,37.24128,127.046957,정상,2017,POINT (127.046957 37.24128)
SL_1325,37.241271,127.047349,정상,2017,POINT (127.047349 37.241271)
SL_1326,37.241253,127.047774,정상,2017,POINT (127.047774 37.241253)
SL_1327,37.241237,127.048107,정상,2017,POINT (127.048107 37.241237)
SL_1328,37.241212,127.048439,정상,2017,POINT (127.048439 37.241212)
SL_1329,37.241189,127.048755,정상,2017,POINT (127.048755 37.241189)
SL_1330,37.241162,127.049076,정상,2017,POINT (127.049076 37.241162)
SL_1331,37.241151,127.049394,정상,2017,POINT (127.049394 37.241151)
SL_1332,37.241045,127.04962,정상,2017,POINT (127.04962 37.241045)
SL_1333,37.24127,127.049087,정상,2017,POINT (127.049087 37.24127)
SL_1334,37.240769,127.049652,정상,2017,POINT (127.049652 37.240769)
SL_1335,37.2407,127.049346,정상,2017,POINT (127.049346 37.2407)
SL_1336,37.240489,127.048663,정상,2017,POINT (127.048663 37.240489)
SL_1337,37.240837,127.049097,정상,2017,POINT (127.049097 37.240837)
SL_1338,37.24084,127.048845,정상,2017,POINT (127.048845 37.24084)
SL_1339,37.240685,127.04866,정상,2017,POINT (127.04866 37.240685)
SL_1340,37.241284,127.048786,정상,2017,POINT (127.048786 37.241284)
SL_1341,37.241304,127.048507,정상,2017,POINT (127.048507 37.241304)
SL_1342,37.241325,127.048132,정상,2017,POINT (127.048132 37.241325)
SL_1343,37.241348,127.047786,정상,2017,POINT (127.047786 37.241348)
SL_1344,37.241363,127.047343,정상,2017,POINT (127.047343 37.241363)
SL_1345,37.241364,127.046949,정상,2017,POINT (127.046949 37.241364)
SL_1346,37.241375,127.046639,정상,2017,POINT (127.046639 37.241375)
SL_1347,37.243245,127.051416,정상,2017,POINT (127.051416 37.243245)
SL_1348,37.242696,127.049748,정상,2017,POINT (127.049748 37.242696)
SL_1349,37.242496,127.049581,정상,2017,POINT (127.049581 37.242496)
SL_1350,37.242182,127.049615,정상,2017,POINT (127.049615 37.242182)
SL_1351,37.241964,127.049654,정상,2017,POINT (127.049654 37.241964)
SL_1352,37.241685,127.049688,정상,2017,POINT (127.049688 37.241685)
SL_1353,37.241437,127.049755,정상,2017,POINT (127.049755 37.241437)
SL_1354,37.243184,127.051213,정상,2017,POINT (127.051213 37.243184)
SL_1355,37.243333,127.051723,정상,2017,POINT (127.051723 37.243333)
SL_1356,37.243432,127.052033,정상,2017,POINT (127.052033 37.243432)
SL_1357,37.243553,127.052245,정상,2017,POINT (127.052245 37.243553)
SL_1358,37.243702,127.052529,정상,2017,POINT (127.052529 37.243702)
SL_1359,37.243076,127.050807,정상,2017,POINT (127.050807 37.243076)
SL_1360,37.24298,127.050556,정상,2017,POINT (127.050556 37.24298)
SL_1361,37.24289,127.050244,정상,2017,POINT (127.050244 37.24289)
SL_1362,37.2428,127.049962,정상,2017,POINT (127.049962 37.2428)
SL_1363,37.239882,127.056866,정상,2013,POINT (127.056866 37.239882)
SL_1364,37.241356,127.058509,정상,2013,POINT (127.058509 37.241356)
SL_1365,37.240847,127.058703,정상,2013,POINT (127.058703 37.240847)
SL_1366,37.240554,127.058734,정상,2013,POINT (127.058734 37.240554)
SL_1367,37.240304,127.058508,정상,2013,POINT (127.058508 37.240304)
SL_1368,37.240248,127.058196,정상,2013,POINT (127.058196 37.240248)
SL_1369,37.24021,127.057897,정상,2013,POINT (127.057897 37.24021)
SL_1370,37.240174,127.057576,정상,2013,POINT (127.057576 37.240174)
SL_1371,37.240102,127.057009,정상,2013,POINT (127.057009 37.240102)
SL_1372,37.239906,127.056753,정상,2013,POINT (127.056753 37.239906)
SL_1373,37.239607,127.05675,정상,2013,POINT (127.05675 37.239607)
SL_1374,37.239996,127.057083,정상,2013,POINT (127.057083 37.239996)
SL_1375,37.24003,127.057347,정상,2013,POINT (127.057347 37.24003)
SL_1376,37.240068,127.057632,정상,2013,POINT (127.057632 37.240068)
SL_1377,37.240104,127.057934,정상,2013,POINT (127.057934 37.240104)
SL_1378,37.240144,127.058207,정상,2013,POINT (127.058207 37.240144)
SL_1379,37.240194,127.058534,정상,2013,POINT (127.058534 37.240194)
SL_1380,37.240484,127.058855,정상,2013,POINT (127.058855 37.240484)
SL_1381,37.241142,127.058734,정상,2013,POINT (127.058734 37.241142)
SL_1382,37.298626,127.048896,정상,2013,POINT (127.048896 37.298626)
SL_1383,37.300747,127.044989,정상,2013,POINT (127.044989 37.300747)
SL_1384,37.300599,127.044961,정상,2013,POINT (127.044961 37.300599)
SL_1385,37.300403,127.045274,정상,2013,POINT (127.045274 37.300403)
SL_1386,37.300198,127.045654,정상,2013,POINT (127.045654 37.300198)
SL_1387,37.30008,127.045863,정상,2013,POINT (127.045863 37.30008)
SL_1388,37.299941,127.046142,정상,2013,POINT (127.046142 37.299941)
SL_1389,37.299706,127.046556,정상,2013,POINT (127.046556 37.299706)
SL_1390,37.299469,127.046985,정상,2013,POINT (127.046985 37.299469)
SL_1391,37.299377,127.047132,고장,2013,POINT (127.047132 37.299377)
SL_1392,37.299237,127.047433,정상,2013,POINT (127.047433 37.299237)
SL_1393,37.298874,127.048643,정상,2013,POINT (127.048643 37.298874)
SL_1394,37.299125,127.04769,정상,2013,POINT (127.04769 37.299125)
SL_1395,37.298958,127.048059,정상,2013,POINT (127.048059 37.298958)
SL_1396,37.298827,127.048361,정상,2013,POINT (127.048361 37.298827)
SL_1397,37.298674,127.048626,정상,2013,POINT (127.048626 37.298674)
SL_1398,37.298514,127.0488,정상,2013,POINT (127.0488 37.298514)
SL_1399,37.300402,127.046117,정상,2013,POINT (127.046117 37.300402)
SL_1400,37.300605,127.045987,정상,2013,POINT (127.045987 37.300605)
SL_1401,37.300731,127.045748,정상,2013,POINT (127.045748 37.300731)
SL_1402,37.300768,127.045443,정상,2013,POINT (127.045443 37.300768)
SL_1403,37.299014,127.048355,정상,2013,POINT (127.048355 37.299014)
SL_1404,37.299122,127.048022,정상,2013,POINT (127.048022 37.299122)
SL_1405,37.299323,127.047585,정상,2013,POINT (127.047585 37.299323)
SL_1406,37.299704,127.046853,정상,2013,POINT (127.046853 37.299704)
SL_1407,37.299907,127.046497,정상,2013,POINT (127.046497 37.299907)
SL_1408,37.300281,127.045812,정상,2013,POINT (127.045812 37.300281)
SL_1409,37.300522,127.045378,정상,2013,POINT (127.045378 37.300522)
SL_1410,37.289556,127.079565,정상,2012,POINT (127.079565 37.289556)
SL_1411,37.290974,127.082349,정상,2012,POINT (127.082349 37.290974)
SL_1412,37.291046,127.082544,정상,2012,POINT (127.082544 37.291046)
SL_1413,37.291138,127.082713,정상,2012,POINT (127.082713 37.291138)
SL_1414,37.290918,127.081698,정상,2012,POINT (127.081698 37.290918)
SL_1415,37.291188,127.081986,정상,2012,POINT (127.081986 37.291188)
SL_1416,37.291375,127.082183,정상,2012,POINT (127.082183 37.291375)
SL_1417,37.291559,127.082361,정상,2012,POINT (127.082361 37.291559)
SL_1418,37.289273,127.079314,정상,2012,POINT (127.079314 37.289273)
SL_1419,37.289059,127.079354,정상,2012,POINT (127.079354 37.289059)
SL_1420,37.288797,127.079347,정상,2012,POINT (127.079347 37.288797)
SL_1421,37.2897,127.079726,정상,2012,POINT (127.079726 37.2897)
SL_1422,37.288585,127.079335,정상,2012,POINT (127.079335 37.288585)
SL_1423,37.288395,127.079276,정상,2012,POINT (127.079276 37.288395)
SL_1424,37.288133,127.079126,정상,2012,POINT (127.079126 37.288133)
SL_1425,37.287936,127.078937,정상,2012,POINT (127.078937 37.287936)
SL_1426,37.287497,127.078518,정상,2012,POINT (127.078518 37.287497)
SL_1427,37.287318,127.078423,정상,2012,POINT (127.078423 37.287318)
SL_1428,37.287167,127.078189,정상,2012,POINT (127.078189 37.287167)
SL_1429,37.287005,127.078116,정상,2012,POINT (127.078116 37.287005)
SL_1430,37.286789,127.07829,정상,2012,POINT (127.07829 37.286789)
SL_1431,37.286593,127.078231,정상,2012,POINT (127.078231 37.286593)
SL_1432,37.289926,127.079997,정상,2012,POINT (127.079997 37.289926)
SL_1433,37.286287,127.078259,정상,2012,POINT (127.078259 37.286287)
SL_1434,37.286014,127.078295,정상,2012,POINT (127.078295 37.286014)
SL_1435,37.285726,127.078371,정상,2012,POINT (127.078371 37.285726)
SL_1436,37.285419,127.078343,정상,2012,POINT (127.078343 37.285419)
SL_1437,37.285271,127.078218,정상,2012,POINT (127.078218 37.285271)
SL_1438,37.28514,127.07795,정상,2012,POINT (127.07795 37.28514)
SL_1439,37.28503,127.077601,정상,2012,POINT (127.077601 37.28503)
SL_1440,37.284938,127.077299,정상,2012,POINT (127.077299 37.284938)
SL_1441,37.284814,127.077028,정상,2012,POINT (127.077028 37.284814)
SL_1442,37.285228,127.077635,정상,2012,POINT (127.077635 37.285228)
SL_1443,37.290119,127.080287,정상,2012,POINT (127.080287 37.290119)
SL_1444,37.285385,127.077401,정상,2012,POINT (127.077401 37.285385)
SL_1445,37.290297,127.080569,정상,2012,POINT (127.080569 37.290297)
SL_1446,37.290479,127.080877,정상,2012,POINT (127.080877 37.290479)
SL_1447,37.290632,127.081198,정상,2012,POINT (127.081198 37.290632)
SL_1448,37.290754,127.081486,정상,2012,POINT (127.081486 37.290754)
SL_1449,37.290931,127.082154,정상,2012,POINT (127.082154 37.290931)
SL_1450,37.273601,127.057266,정상,2012,POINT (127.057266 37.273601)
SL_1451,37.273571,127.058887,정상,2012,POINT (127.058887 37.273571)
SL_1452,37.273683,127.058486,정상,2012,POINT (127.058486 37.273683)
SL_1453,37.27374,127.058188,정상,2012,POINT (127.058188 37.27374)
SL_1454,37.27379,127.057796,정상,2012,POINT (127.057796 37.27379)
SL_1455,37.273819,127.057427,정상,2012,POINT (127.057427 37.273819)
SL_1456,37.273878,127.057032,정상,2012,POINT (127.057032 37.273878)
SL_1457,37.273916,127.056578,정상,2012,POINT (127.056578 37.273916)
SL_1458,37.273973,127.056319,정상,2012,POINT (127.056319 37.273973)
SL_1459,37.274045,127.055969,정상,2012,POINT (127.055969 37.274045)
SL_1460,37.274135,127.055645,정상,2012,POINT (127.055645 37.274135)
SL_1461,37.27351,127.057694,정상,2012,POINT (127.057694 37.27351)
SL_1462,37.274156,127.055323,정상,2012,POINT (127.055323 37.274156)
SL_1463,37.274264,127.055011,정상,2012,POINT (127.055011 37.274264)
SL_1464,37.274408,127.05456,정상,2012,POINT (127.05456 37.274408)
SL_1465,37.274521,127.05416,정상,2012,POINT (127.05416 37.274521)
SL_1466,37.274298,127.054084,정상,2012,POINT (127.054084 37.274298)
SL_1467,37.274264,127.054388,정상,2012,POINT (127.054388 37.274264)
SL_1468,37.274179,127.054738,정상,2012,POINT (127.054738 37.274179)
SL_1469,37.274102,127.055045,정상,2012,POINT (127.055045 37.274102)
SL_1470,37.274027,127.055358,정상,2012,POINT (127.055358 37.274027)
SL_1471,37.273962,127.055645,정상,2012,POINT (127.055645 37.273962)
SL_1472,37.273456,127.057951,정상,2012,POINT (127.057951 37.273456)
SL_1473,37.273912,127.055882,정상,2012,POINT (127.055882 37.273912)
SL_1474,37.273851,127.056096,정상,2012,POINT (127.056096 37.273851)
SL_1475,37.273804,127.056305,정상,2012,POINT (127.056305 37.273804)
SL_1476,37.273743,127.056536,정상,2012,POINT (127.056536 37.273743)
SL_1477,37.274365,127.055316,정상,2019,POINT (127.055316 37.274365)
SL_1478,37.27462,127.055417,정상,2019,POINT (127.055417 37.27462)
SL_1479,37.274872,127.055511,정상,2019,POINT (127.055511 37.274872)
SL_1480,37.275041,127.055612,정상,2019,POINT (127.055612 37.275041)
SL_1481,37.275235,127.055688,정상,2019,POINT (127.055688 37.275235)
SL_1482,37.273409,127.05819,정상,2012,POINT (127.05819 37.273409)
SL_1483,37.273303,127.058672,정상,2012,POINT (127.058672 37.273303)
SL_1484,37.273248,127.058937,정상,2012,POINT (127.058937 37.273248)
SL_1485,37.273208,127.059239,정상,2012,POINT (127.059239 37.273208)
SL_1486,37.273435,127.05934,정상,2012,POINT (127.05934 37.273435)
SL_1487,37.273474,127.059211,정상,2012,POINT (127.059211 37.273474)
SL_1488,37.302549,127.04629,정상,2013,POINT (127.04629 37.302549)
SL_1489,37.30168,127.044626,정상,2013,POINT (127.044626 37.30168)
SL_1490,37.301545,127.044454,정상,2013,POINT (127.044454 37.301545)
SL_1491,37.301743,127.044764,정상,2013,POINT (127.044764 37.301743)
SL_1492,37.301441,127.045328,정상,2013,POINT (127.045328 37.301441)
SL_1493,37.301308,127.045227,정상,2013,POINT (127.045227 37.301308)
SL_1494,37.301243,127.045145,정상,2013,POINT (127.045145 37.301243)
SL_1495,37.301404,127.045241,정상,2013,POINT (127.045241 37.301404)
SL_1496,37.301655,127.04554,정상,2013,POINT (127.04554 37.301655)
SL_1497,37.301946,127.045813,정상,2013,POINT (127.045813 37.301946)
SL_1498,37.302279,127.046316,정상,2013,POINT (127.046316 37.302279)
SL_1499,37.302414,127.046101,정상,2013,POINT (127.046101 37.302414)
SL_1500,37.302448,127.046491,정상,2013,POINT (127.046491 37.302448)
SL_1501,37.303344,127.047348,정상,2013,POINT (127.047348 37.303344)
SL_1502,37.303965,127.047543,정상,2013,POINT (127.047543 37.303965)
SL_1503,37.304157,127.047563,정상,2013,POINT (127.047563 37.304157)
SL_1504,37.304463,127.047572,정상,2013,POINT (127.047572 37.304463)
SL_1505,37.304749,127.047566,정상,2013,POINT (127.047566 37.304749)
SL_1506,37.304988,127.047561,정상,2013,POINT (127.047561 37.304988)
SL_1507,37.304851,127.047338,정상,2013,POINT (127.047338 37.304851)
SL_1508,37.3044,127.047332,정상,2013,POINT (127.047332 37.3044)
SL_1509,37.304171,127.047332,정상,2013,POINT (127.047332 37.304171)
SL_1510,37.302072,127.045633,정상,2013,POINT (127.045633 37.302072)
SL_1511,37.304051,127.047321,정상,2013,POINT (127.047321 37.304051)
SL_1512,37.303826,127.047168,정상,2013,POINT (127.047168 37.303826)
SL_1513,37.303616,127.04703,정상,2013,POINT (127.04703 37.303616)
SL_1514,37.30388,127.047797,정상,2013,POINT (127.047797 37.30388)
SL_1515,37.303769,127.048085,정상,2013,POINT (127.048085 37.303769)
SL_1516,37.303672,127.048361,정상,2013,POINT (127.048361 37.303672)
SL_1517,37.301804,127.045362,정상,2013,POINT (127.045362 37.301804)
SL_1518,37.301444,127.045018,정상,2013,POINT (127.045018 37.301444)
SL_1519,37.30129,127.044905,정상,2013,POINT (127.044905 37.30129)
SL_1520,37.301295,127.04422,정상,2013,POINT (127.04422 37.301295)
SL_1521,37.301327,127.044149,정상,2013,POINT (127.044149 37.301327)
SL_1522,37.301523,127.044336,정상,2013,POINT (127.044336 37.301523)
SL_1523,37.251219,127.051249,정상,2014,POINT (127.051249 37.251219)
SL_1524,37.248848,127.049388,정상,2014,POINT (127.049388 37.248848)
SL_1525,37.248724,127.049301,정상,2014,POINT (127.049301 37.248724)
SL_1526,37.248616,127.049233,정상,2014,POINT (127.049233 37.248616)
SL_1527,37.248407,127.049019,정상,2014,POINT (127.049019 37.248407)
SL_1528,37.24831,127.048943,정상,2014,POINT (127.048943 37.24831)
SL_1529,37.248159,127.04883,정상,2014,POINT (127.04883 37.248159)
SL_1530,37.247772,127.048511,정상,2014,POINT (127.048511 37.247772)
SL_1531,37.247574,127.048331,정상,2014,POINT (127.048331 37.247574)
SL_1532,37.247562,127.048066,정상,2014,POINT (127.048066 37.247562)
SL_1533,37.24833,127.048562,정상,2014,POINT (127.048562 37.24833)
SL_1534,37.251017,127.051069,정상,2014,POINT (127.051069 37.251017)
SL_1535,37.248306,127.047849,정상,2014,POINT (127.047849 37.248306)
SL_1536,37.248457,127.047393,정상,2014,POINT (127.047393 37.248457)
SL_1537,37.248552,127.047083,정상,2014,POINT (127.047083 37.248552)
SL_1538,37.248586,127.0469,정상,2014,POINT (127.0469 37.248586)
SL_1539,37.248707,127.046573,정상,2014,POINT (127.046573 37.248707)
SL_1540,37.249165,127.046246,정상,2014,POINT (127.046246 37.249165)
SL_1541,37.249458,127.046094,정상,2014,POINT (127.046094 37.249458)
SL_1542,37.249724,127.045686,정상,2014,POINT (127.045686 37.249724)
SL_1543,37.25005,127.045402,정상,2014,POINT (127.045402 37.25005)
SL_1544,37.250411,127.045055,정상,2014,POINT (127.045055 37.250411)
SL_1545,37.250755,127.050883,정상,2014,POINT (127.050883 37.250755)
SL_1546,37.2506,127.044472,정상,2014,POINT (127.044472 37.2506)
SL_1547,37.250742,127.044021,정상,2014,POINT (127.044021 37.250742)
SL_1548,37.250984,127.043494,정상,2014,POINT (127.043494 37.250984)
SL_1549,37.250357,127.050564,정상,2014,POINT (127.050564 37.250357)
SL_1550,37.249999,127.050296,정상,2014,POINT (127.050296 37.249999)
SL_1551,37.249729,127.050073,정상,2014,POINT (127.050073 37.249729)
SL_1552,37.249438,127.049837,정상,2014,POINT (127.049837 37.249438)
SL_1553,37.249242,127.049707,정상,2014,POINT (127.049707 37.249242)
SL_1554,37.249051,127.049554,정상,2014,POINT (127.049554 37.249051)
SL_1555,37.24826,127.049799,정상,2005,POINT (127.049799 37.24826)
SL_1556,37.247748,127.050892,정상,2005,POINT (127.050892 37.247748)
SL_1557,37.247726,127.051067,정상,2005,POINT (127.051067 37.247726)
SL_1558,37.247687,127.051588,정상,2005,POINT (127.051588 37.247687)
SL_1559,37.247649,127.05198,정상,2005,POINT (127.05198 37.247649)
SL_1560,37.247768,127.052628,정상,2005,POINT (127.052628 37.247768)
SL_1561,37.247567,127.052766,정상,2005,POINT (127.052766 37.247567)
SL_1562,37.247655,127.053405,정상,2005,POINT (127.053405 37.247655)
SL_1563,37.247709,127.053662,정상,2005,POINT (127.053662 37.247709)
SL_1564,37.247742,127.054009,정상,2005,POINT (127.054009 37.247742)
SL_1565,37.247559,127.054682,정상,2005,POINT (127.054682 37.247559)
SL_1566,37.248107,127.049822,정상,2005,POINT (127.049822 37.248107)
SL_1567,37.247541,127.054966,정상,2005,POINT (127.054966 37.247541)
SL_1568,37.247586,127.055217,정상,2005,POINT (127.055217 37.247586)
SL_1569,37.246955,127.055442,정상,2005,POINT (127.055442 37.246955)
SL_1570,37.246777,127.055507,정상,2005,POINT (127.055507 37.246777)
SL_1571,37.248078,127.049762,정상,2005,POINT (127.049762 37.248078)
SL_1572,37.247722,127.049703,정상,2005,POINT (127.049703 37.247722)
SL_1573,37.247411,127.049655,정상,2005,POINT (127.049655 37.247411)
SL_1574,37.247116,127.049601,정상,2005,POINT (127.049601 37.247116)
SL_1575,37.24674,127.049542,정상,2005,POINT (127.049542 37.24674)
SL_1576,37.248084,127.050134,정상,2005,POINT (127.050134 37.248084)
SL_1577,37.248043,127.050532,정상,2005,POINT (127.050532 37.248043)
SL_1578,37.274917,127.049422,정상,2006,POINT (127.049422 37.274917)
SL_1579,37.274683,127.049306,정상,2006,POINT (127.049306 37.274683)
SL_1580,37.274438,127.049148,정상,2006,POINT (127.049148 37.274438)
SL_1581,37.308282,127.038527,정상,2012,POINT (127.038527 37.308282)
SL_1582,37.308408,127.038843,정상,2012,POINT (127.038843 37.308408)
SL_1583,37.308048,127.0393,정상,2012,POINT (127.0393 37.308048)
SL_1584,37.307881,127.039514,정상,2012,POINT (127.039514 37.307881)
SL_1585,37.307485,127.040033,정상,2012,POINT (127.040033 37.307485)
SL_1586,37.307155,127.04045,정상,2012,POINT (127.04045 37.307155)
SL_1587,37.306903,127.040771,정상,2012,POINT (127.040771 37.306903)
SL_1588,37.306705,127.041189,정상,2012,POINT (127.041189 37.306705)
SL_1589,37.306461,127.04182,정상,2012,POINT (127.04182 37.306461)
SL_1590,37.308336,127.039018,정상,2012,POINT (127.039018 37.308336)
SL_1591,37.308458,127.039171,정상,2012,POINT (127.039171 37.308458)
SL_1592,37.307985,127.038945,정상,2012,POINT (127.038945 37.307985)
SL_1593,37.308611,127.039436,정상,2012,POINT (127.039436 37.308611)
SL_1594,37.308688,127.039701,정상,2012,POINT (127.039701 37.308688)
SL_1595,37.307791,127.039193,정상,2012,POINT (127.039193 37.307791)
SL_1596,37.307561,127.03948,정상,2012,POINT (127.03948 37.307561)
SL_1597,37.307232,127.039892,정상,2012,POINT (127.039892 37.307232)
SL_1598,37.306966,127.040241,정상,2012,POINT (127.040241 37.306966)
SL_1599,37.306804,127.040444,정상,2012,POINT (127.040444 37.306804)
SL_1600,37.306597,127.040777,정상,2012,POINT (127.040777 37.306597)
SL_1601,37.306326,127.041403,정상,2012,POINT (127.041403 37.306326)
SL_1602,37.305803,127.043055,정상,2012,POINT (127.043055 37.305803)
SL_1603,37.305695,127.044093,정상,2012,POINT (127.044093 37.305695)
SL_1604,37.305519,127.044583,정상,2012,POINT (127.044583 37.305519)
SL_1605,37.305473,127.045113,정상,2012,POINT (127.045113 37.305473)
SL_1606,37.3055,127.045305,정상,2012,POINT (127.045305 37.3055)
SL_1607,37.305721,127.045319,정상,2012,POINT (127.045319 37.305721)
SL_1608,37.306005,127.045303,정상,2012,POINT (127.045303 37.306005)
SL_1609,37.306277,127.0453,정상,2012,POINT (127.0453 37.306277)
SL_1610,37.306498,127.045317,정상,2012,POINT (127.045317 37.306498)
SL_1611,37.306742,127.04532,정상,2012,POINT (127.04532 37.306742)
SL_1612,37.307023,127.045315,정상,2012,POINT (127.045315 37.307023)
SL_1613,37.305677,127.04345,정상,2012,POINT (127.04345 37.305677)
SL_1614,37.307273,127.045318,정상,2012,POINT (127.045318 37.307273)
SL_1615,37.307503,127.045306,정상,2012,POINT (127.045306 37.307503)
SL_1616,37.307721,127.045211,정상,2012,POINT (127.045211 37.307721)
SL_1617,37.307924,127.045064,정상,2012,POINT (127.045064 37.307924)
SL_1618,37.308127,127.044808,정상,2012,POINT (127.044808 37.308127)
SL_1619,37.308463,127.04461,정상,2012,POINT (127.04461 37.308463)
SL_1620,37.308584,127.044557,정상,2012,POINT (127.044557 37.308584)
SL_1621,37.305478,127.044008,정상,2012,POINT (127.044008 37.305478)
SL_1622,37.305356,127.044437,정상,2012,POINT (127.044437 37.305356)
SL_1623,37.305257,127.045006,정상,2012,POINT (127.045006 37.305257)
SL_1624,37.305167,127.045108,정상,2012,POINT (127.045108 37.305167)
SL_1625,37.305983,127.043219,정상,2012,POINT (127.043219 37.305983)
SL_1626,37.305798,127.043743,정상,2012,POINT (127.043743 37.305798)
SL_1627,37.305753,127.043918,정상,2012,POINT (127.043918 37.305753)
SL_1628,37.308997,127.04445,정상,2013,POINT (127.04445 37.308997)
SL_1629,37.310946,127.043456,정상,2013,POINT (127.043456 37.310946)
SL_1630,37.312313,127.043544,정상,2013,POINT (127.043544 37.312313)
SL_1631,37.312151,127.043572,정상,2013,POINT (127.043572 37.312151)
SL_1632,37.311961,127.043611,정상,2013,POINT (127.043611 37.311961)
SL_1633,37.311709,127.0436,정상,2013,POINT (127.0436 37.311709)
SL_1634,37.311416,127.043555,정상,2013,POINT (127.043555 37.311416)
SL_1635,37.310939,127.043052,정상,2013,POINT (127.043052 37.310939)
SL_1636,37.310898,127.042827,정상,2013,POINT (127.042827 37.310898)
SL_1637,37.310547,127.04334,정상,2013,POINT (127.04334 37.310547)
SL_1638,37.310425,127.043035,정상,2013,POINT (127.043035 37.310425)
SL_1639,37.309263,127.044315,정상,2013,POINT (127.044315 37.309263)
SL_1640,37.310583,127.042897,정상,2013,POINT (127.042897 37.310583)
SL_1641,37.310633,127.043047,정상,2013,POINT (127.043047 37.310633)
SL_1642,37.310367,127.043396,정상,2013,POINT (127.043396 37.310367)
SL_1643,37.310299,127.04317,정상,2013,POINT (127.04317 37.310299)
SL_1644,37.310137,127.043255,정상,2013,POINT (127.043255 37.310137)
SL_1645,37.3102,127.043469,정상,2013,POINT (127.043469 37.3102)
SL_1646,37.309686,127.043712,정상,2013,POINT (127.043712 37.309686)
SL_1647,37.309605,127.043435,정상,2013,POINT (127.043435 37.309605)
SL_1648,37.309479,127.043102,정상,2013,POINT (127.043102 37.309479)
SL_1649,37.309371,127.042724,정상,2013,POINT (127.042724 37.309371)
SL_1650,37.30949,127.044092,정상,2013,POINT (127.044092 37.30949)
SL_1651,37.309335,127.042352,정상,2013,POINT (127.042352 37.309335)
SL_1652,37.309331,127.041997,정상,2013,POINT (127.041997 37.309331)
SL_1653,37.309309,127.04167,정상,2013,POINT (127.04167 37.309309)
SL_1654,37.30967,127.043965,정상,2013,POINT (127.043965 37.30967)
SL_1655,37.309882,127.043909,정상,2013,POINT (127.043909 37.309882)
SL_1656,37.310166,127.043912,정상,2013,POINT (127.043912 37.310166)
SL_1657,37.310348,127.04383,정상,2013,POINT (127.04383 37.310348)
SL_1658,37.310533,127.043687,정상,2013,POINT (127.043687 37.310533)
SL_1659,37.3107,127.043582,정상,2013,POINT (127.043582 37.3107)
SL_1660,37.305437,127.04561,정상,2012,POINT (127.04561 37.305437)
SL_1661,37.305222,127.047378,정상,2012,POINT (127.047378 37.305222)
SL_1662,37.305247,127.047567,정상,2012,POINT (127.047567 37.305247)
SL_1663,37.305425,127.047685,정상,2012,POINT (127.047685 37.305425)
SL_1664,37.305416,127.047993,정상,2012,POINT (127.047993 37.305416)
SL_1665,37.305413,127.048492,정상,2012,POINT (127.048492 37.305413)
SL_1666,37.305422,127.048954,정상,2012,POINT (127.048954 37.305422)
SL_1667,37.305427,127.049639,정상,2012,POINT (127.049639 37.305427)
SL_1668,37.305426,127.050085,정상,2012,POINT (127.050085 37.305426)
SL_1669,37.305247,127.048088,정상,2012,POINT (127.048088 37.305247)
SL_1670,37.305247,127.048765,정상,2012,POINT (127.048765 37.305247)
SL_1671,37.305464,127.046191,정상,2012,POINT (127.046191 37.305464)
SL_1672,37.305253,127.049174,정상,2012,POINT (127.049174 37.305253)
SL_1673,37.305249,127.049479,정상,2012,POINT (127.049479 37.305249)
SL_1674,37.305246,127.049761,정상,2012,POINT (127.049761 37.305246)
SL_1675,37.305257,127.050381,정상,2012,POINT (127.050381 37.305257)
SL_1676,37.305243,127.051066,정상,2012,POINT (127.051066 37.305243)
SL_1677,37.305234,127.051359,정상,2012,POINT (127.051359 37.305234)
SL_1678,37.305422,127.050767,정상,2012,POINT (127.050767 37.305422)
SL_1679,37.30545,127.046681,정상,2012,POINT (127.046681 37.30545)
SL_1680,37.305486,127.047251,정상,2012,POINT (127.047251 37.305486)
SL_1681,37.305488,127.047547,정상,2012,POINT (127.047547 37.305488)
SL_1682,37.305295,127.045827,정상,2012,POINT (127.045827 37.305295)
SL_1683,37.305281,127.046374,정상,2012,POINT (127.046374 37.305281)
SL_1684,37.305241,127.046848,정상,2012,POINT (127.046848 37.305241)
SL_1685,37.305247,127.047251,정상,2012,POINT (127.047251 37.305247)
SL_1686,37.305783,127.047494,정상,2011,POINT (127.047494 37.305783)
SL_1687,37.307533,127.047878,정상,2011,POINT (127.047878 37.307533)
SL_1688,37.307763,127.048076,정상,2011,POINT (127.048076 37.307763)
SL_1689,37.30793,127.0482,정상,2011,POINT (127.0482 37.30793)
SL_1690,37.308119,127.048347,정상,2011,POINT (127.048347 37.308119)
SL_1691,37.308268,127.048465,정상,2011,POINT (127.048465 37.308268)
SL_1692,37.308479,127.048652,정상,2011,POINT (127.048652 37.308479)
SL_1693,37.308749,127.048849,정상,2011,POINT (127.048849 37.308749)
SL_1694,37.309038,127.049075,정상,2011,POINT (127.049075 37.309038)
SL_1695,37.309308,127.049289,정상,2011,POINT (127.049289 37.309308)
SL_1696,37.30618,127.047522,정상,2011,POINT (127.047522 37.30618)
SL_1697,37.306369,127.047533,정상,2011,POINT (127.047533 37.306369)
SL_1698,37.306765,127.047534,정상,2011,POINT (127.047534 37.306765)
SL_1699,37.306952,127.047545,정상,2011,POINT (127.047545 37.306952)
SL_1700,37.30734,127.047698,정상,2011,POINT (127.047698 37.30734)
SL_1701,37.30597,127.047364,정상,2011,POINT (127.047364 37.30597)
SL_1702,37.306529,127.047364,정상,2011,POINT (127.047364 37.306529)
SL_1703,37.306984,127.047376,정상,2011,POINT (127.047376 37.306984)
SL_1704,37.307405,127.047833,정상,2011,POINT (127.047833 37.307405)
SL_1705,37.307143,127.050653,정상,2011,POINT (127.050653 37.307143)
SL_1706,37.307156,127.051025,정상,2011,POINT (127.051025 37.307156)
SL_1707,37.307066,127.05138,정상,2011,POINT (127.05138 37.307066)
SL_1708,37.307268,127.051589,정상,2011,POINT (127.051589 37.307268)
SL_1709,37.307624,127.051685,정상,2011,POINT (127.051685 37.307624)
SL_1710,37.308052,127.051759,정상,2011,POINT (127.051759 37.308052)
SL_1711,37.308403,127.051827,정상,2011,POINT (127.051827 37.308403)
SL_1712,37.307256,127.048126,정상,2011,POINT (127.048126 37.307256)
SL_1713,37.307134,127.048465,정상,2011,POINT (127.048465 37.307134)
SL_1714,37.307125,127.048707,정상,2011,POINT (127.048707 37.307125)
SL_1715,37.307139,127.049029,정상,2011,POINT (127.049029 37.307139)
SL_1716,37.30713,127.049305,정상,2011,POINT (127.049305 37.30713)
SL_1717,37.307143,127.049751,정상,2011,POINT (127.049751 37.307143)
SL_1718,37.307116,127.050061,정상,2011,POINT (127.050061 37.307116)
SL_1719,37.307134,127.050371,정상,2011,POINT (127.050371 37.307134)
SL_1720,37.303363,127.038206,정상,2014,POINT (127.038206 37.303363)
SL_1721,37.302353,127.040552,정상,2014,POINT (127.040552 37.302353)
SL_1722,37.302209,127.040845,정상,2014,POINT (127.040845 37.302209)
SL_1723,37.3021,127.041065,정상,2014,POINT (127.041065 37.3021)
SL_1724,37.301974,127.041319,정상,2014,POINT (127.041319 37.301974)
SL_1725,37.301749,127.041273,정상,2014,POINT (127.041273 37.301749)
SL_1726,37.301506,127.041296,정상,2014,POINT (127.041296 37.301506)
SL_1727,37.301285,127.041487,정상,2014,POINT (127.041487 37.301285)
SL_1728,37.301109,127.04164,정상,2014,POINT (127.04164 37.301109)
SL_1729,37.30101,127.041735,정상,2014,POINT (127.041735 37.30101)
SL_1730,37.300767,127.041995,정상,2014,POINT (127.041995 37.300767)
SL_1731,37.303219,127.038488,정상,2014,POINT (127.038488 37.303219)
SL_1732,37.300505,127.042198,정상,2014,POINT (127.042198 37.300505)
SL_1733,37.300438,127.042068,정상,2014,POINT (127.042068 37.300438)
SL_1734,37.300388,127.042265,정상,2014,POINT (127.042265 37.300388)
SL_1735,37.300293,127.042333,정상,2014,POINT (127.042333 37.300293)
SL_1736,37.300082,127.042451,정상,2014,POINT (127.042451 37.300082)
SL_1737,37.299811,127.042598,정상,2014,POINT (127.042598 37.299811)
SL_1738,37.299627,127.042755,정상,2014,POINT (127.042755 37.299627)
SL_1739,37.299451,127.042919,정상,2014,POINT (127.042919 37.299451)
SL_1740,37.300546,127.042435,정상,2014,POINT (127.042435 37.300546)
SL_1741,37.300726,127.042604,정상,2014,POINT (127.042604 37.300726)
SL_1742,37.303061,127.038804,정상,2014,POINT (127.038804 37.303061)
SL_1743,37.300883,127.042908,정상,2014,POINT (127.042908 37.300883)
SL_1744,37.300712,127.043219,정상,2014,POINT (127.043219 37.300712)
SL_1745,37.300545,127.043551,정상,2014,POINT (127.043551 37.300545)
SL_1746,37.300487,127.043692,정상,2014,POINT (127.043692 37.300487)
SL_1747,37.300212,127.043483,정상,2014,POINT (127.043483 37.300212)
SL_1748,37.299942,127.043286,정상,2014,POINT (127.043286 37.299942)
SL_1749,37.299626,127.043032,정상,2014,POINT (127.043032 37.299626)
SL_1750,37.299613,127.042857,정상,2014,POINT (127.042857 37.299613)
SL_1751,37.302939,127.03908,정상,2014,POINT (127.03908 37.302939)
SL_1752,37.30284,127.03934,정상,2014,POINT (127.03934 37.30284)
SL_1753,37.302772,127.039599,정상,2014,POINT (127.039599 37.302772)
SL_1754,37.302673,127.039887,정상,2014,POINT (127.039887 37.302673)
SL_1755,37.302565,127.040152,정상,2014,POINT (127.040152 37.302565)
SL_1756,37.302457,127.040371,정상,2014,POINT (127.040371 37.302457)
SL_1757,37.29714,127.041006,정상,2013,POINT (127.041006 37.29714)
SL_1758,37.299295,127.043105,정상,2013,POINT (127.043105 37.299295)
SL_1759,37.299372,127.043175,정상,2013,POINT (127.043175 37.299372)
SL_1760,37.299811,127.043604,정상,2013,POINT (127.043604 37.299811)
SL_1761,37.300302,127.043997,정상,2013,POINT (127.043997 37.300302)
SL_1762,37.300588,127.044245,정상,2013,POINT (127.044245 37.300588)
SL_1763,37.300856,127.044473,정상,2013,POINT (127.044473 37.300856)
SL_1764,37.300989,127.044614,정상,2013,POINT (127.044614 37.300989)
SL_1765,37.300853,127.044795,정상,2013,POINT (127.044795 37.300853)
SL_1766,37.300741,127.044685,정상,2013,POINT (127.044685 37.300741)
SL_1767,37.300477,127.044442,정상,2013,POINT (127.044442 37.300477)
SL_1768,37.297354,127.041226,정상,2013,POINT (127.041226 37.297354)
SL_1769,37.300207,127.044197,정상,2013,POINT (127.044197 37.300207)
SL_1770,37.29971,127.043762,정상,2013,POINT (127.043762 37.29971)
SL_1771,37.299273,127.043378,정상,2013,POINT (127.043378 37.299273)
SL_1772,37.299174,127.043302,정상,2013,POINT (127.043302 37.299174)
SL_1773,37.299011,127.043141,정상,2013,POINT (127.043141 37.299011)
SL_1774,37.298836,127.042981,정상,2013,POINT (127.042981 37.298836)
SL_1775,37.29843,127.042591,정상,2013,POINT (127.042591 37.29843)
SL_1776,37.298023,127.04216,정상,2013,POINT (127.04216 37.298023)
SL_1777,37.297597,127.041767,정상,2013,POINT (127.041767 37.297597)
SL_1778,37.29748,127.041652,정상,2013,POINT (127.041652 37.29748)
SL_1779,37.297474,127.041325,정상,2013,POINT (127.041325 37.297474)
SL_1780,37.297368,127.041539,정상,2013,POINT (127.041539 37.297368)
SL_1781,37.297232,127.041409,정상,2013,POINT (127.041409 37.297232)
SL_1782,37.29757,127.041412,정상,2013,POINT (127.041412 37.29757)
SL_1783,37.297692,127.041559,정상,2013,POINT (127.041559 37.297692)
SL_1784,37.298109,127.042002,정상,2013,POINT (127.042002 37.298109)
SL_1785,37.298518,127.042419,정상,2013,POINT (127.042419 37.298518)
SL_1786,37.298942,127.042806,정상,2013,POINT (127.042806 37.298942)
SL_1787,37.299216,127.043029,정상,2013,POINT (127.043029 37.299216)
SL_1788,37.299011,127.043618,정상,2013,POINT (127.043618 37.299011)
SL_1789,37.299344,127.046294,정상,2013,POINT (127.046294 37.299344)
SL_1790,37.299107,127.046457,정상,2013,POINT (127.046457 37.299107)
SL_1791,37.29888,127.046096,정상,2013,POINT (127.046096 37.29888)
SL_1792,37.298605,127.046,정상,2013,POINT (127.046 37.298605)
SL_1793,37.298596,127.045851,정상,2013,POINT (127.045851 37.298596)
SL_1794,37.298375,127.045614,정상,2013,POINT (127.045614 37.298375)
SL_1795,37.298357,127.045467,정상,2013,POINT (127.045467 37.298357)
SL_1796,37.298236,127.04549,정상,2013,POINT (127.04549 37.298236)
SL_1797,37.298369,127.045208,정상,2013,POINT (127.045208 37.298369)
SL_1798,37.298436,127.044954,정상,2013,POINT (127.044954 37.298436)
SL_1799,37.299385,127.043976,정상,2013,POINT (127.043976 37.299385)
SL_1800,37.298531,127.04448,정상,2013,POINT (127.04448 37.298531)
SL_1801,37.298734,127.044433,정상,2013,POINT (127.044433 37.298734)
SL_1802,37.298944,127.044035,정상,2013,POINT (127.044035 37.298944)
SL_1803,37.298939,127.044266,정상,2013,POINT (127.044266 37.298939)
SL_1804,37.299144,127.044436,정상,2013,POINT (127.044436 37.299144)
SL_1805,37.299324,127.044611,정상,2013,POINT (127.044611 37.299324)
SL_1806,37.299536,127.044794,정상,2013,POINT (127.044794 37.299536)
SL_1807,37.299281,127.0452,고장,2013,POINT (127.0452 37.299281)
SL_1808,37.29915,127.045076,정상,2013,POINT (127.045076 37.29915)
SL_1809,37.298916,127.044853,정상,2013,POINT (127.044853 37.298916)
SL_1810,37.299788,127.044335,정상,2013,POINT (127.044335 37.299788)
SL_1811,37.298702,127.044667,정상,2013,POINT (127.044667 37.298702)
SL_1812,37.298475,127.045121,정상,2013,POINT (127.045121 37.298475)
SL_1813,37.298792,127.045417,정상,2013,POINT (127.045417 37.298792)
SL_1814,37.299013,127.045631,정상,2013,POINT (127.045631 37.299013)
SL_1815,37.299229,127.045829,정상,2013,POINT (127.045829 37.299229)
SL_1816,37.298767,127.04591,정상,2013,POINT (127.04591 37.298767)
SL_1817,37.298821,127.045817,정상,2013,POINT (127.045817 37.298821)
SL_1818,37.298873,127.045733,정상,2013,POINT (127.045733 37.298873)
SL_1819,37.29899,127.045513,정상,2013,POINT (127.045513 37.29899)
SL_1820,37.299026,127.045462,정상,2013,POINT (127.045462 37.299026)
SL_1821,37.300022,127.044538,정상,2013,POINT (127.044538 37.300022)
SL_1822,37.299053,127.045403,정상,2013,POINT (127.045403 37.299053)
SL_1823,37.29908,127.045341,정상,2013,POINT (127.045341 37.29908)
SL_1824,37.299256,127.045087,정상,2013,POINT (127.045087 37.299256)
SL_1825,37.299362,127.044873,정상,2013,POINT (127.044873 37.299362)
SL_1826,37.299488,127.044715,정상,2013,POINT (127.044715 37.299488)
SL_1827,37.299545,127.044608,정상,2013,POINT (127.044608 37.299545)
SL_1828,37.29961,127.044492,정상,2013,POINT (127.044492 37.29961)
SL_1829,37.299952,127.0452,정상,2013,POINT (127.0452 37.299952)
SL_1830,37.300013,127.045282,정상,2013,POINT (127.045282 37.300013)
SL_1831,37.299914,127.04526,정상,2013,POINT (127.04526 37.299914)
SL_1832,37.299729,127.045615,정상,2013,POINT (127.045615 37.299729)
SL_1833,37.299535,127.045956,정상,2013,POINT (127.045956 37.299535)
SL_1834,37.298565,127.04326,정상,2013,POINT (127.04326 37.298565)
SL_1835,37.297232,127.041911,정상,2013,POINT (127.041911 37.297232)
SL_1836,37.297122,127.042069,고장,2013,POINT (127.042069 37.297122)
SL_1837,37.29725,127.042162,정상,2013,POINT (127.042162 37.29725)
SL_1838,37.296955,127.042323,정상,2013,POINT (127.042323 37.296955)
SL_1839,37.297216,127.04263,정상,2013,POINT (127.04263 37.297216)
SL_1840,37.297311,127.042895,정상,2013,POINT (127.042895 37.297311)
SL_1841,37.297435,127.043152,정상,2013,POINT (127.043152 37.297435)
SL_1842,37.297574,127.043459,정상,2013,POINT (127.043459 37.297574)
SL_1843,37.297592,127.042825,정상,2013,POINT (127.042825 37.297592)
SL_1844,37.297874,127.042884,정상,2013,POINT (127.042884 37.297874)
SL_1845,37.298306,127.042963,정상,2013,POINT (127.042963 37.298306)
SL_1846,37.29793,127.043189,정상,2013,POINT (127.043189 37.29793)
SL_1847,37.298221,127.042492,정상,2013,POINT (127.042492 37.298221)
SL_1848,37.29816,127.042622,정상,2013,POINT (127.042622 37.29816)
SL_1849,37.298063,127.042681,정상,2013,POINT (127.042681 37.298063)
SL_1850,37.297872,127.042526,정상,2013,POINT (127.042526 37.297872)
SL_1851,37.297707,127.042368,정상,2013,POINT (127.042368 37.297707)
SL_1852,37.297552,127.042216,정상,2013,POINT (127.042216 37.297552)
SL_1853,37.297385,127.042044,정상,2013,POINT (127.042044 37.297385)
SL_1854,37.297862,127.045664,정상,2013,POINT (127.045664 37.297862)
SL_1855,37.297842,127.043865,정상,2013,POINT (127.043865 37.297842)
SL_1856,37.298076,127.044083,정상,2013,POINT (127.044083 37.298076)
SL_1857,37.297599,127.044457,정상,2013,POINT (127.044457 37.297599)
SL_1858,37.297835,127.044652,정상,2013,POINT (127.044652 37.297835)
SL_1859,37.297429,127.044846,정상,2013,POINT (127.044846 37.297429)
SL_1860,37.29777,127.04514,정상,2013,POINT (127.04514 37.29777)
SL_1861,37.297528,127.045684,정상,2013,POINT (127.045684 37.297528)
SL_1862,37.297301,127.045498,정상,2013,POINT (127.045498 37.297301)
SL_1863,37.297116,127.045342,정상,2013,POINT (127.045342 37.297116)
SL_1864,37.297085,127.045015,정상,2013,POINT (127.045015 37.297085)
SL_1865,37.297229,127.044725,정상,2013,POINT (127.044725 37.297229)
SL_1866,37.297349,127.044488,정상,2013,POINT (127.044488 37.297349)
SL_1867,37.297479,127.044218,정상,2013,POINT (127.044218 37.297479)
SL_1868,37.297664,127.043806,정상,2013,POINT (127.043806 37.297664)
SL_1869,37.297263,127.036165,정상,2013,POINT (127.036165 37.297263)
SL_1870,37.296808,127.037966,정상,2013,POINT (127.037966 37.296808)
SL_1871,37.296968,127.038502,정상,2013,POINT (127.038502 37.296968)
SL_1872,37.297073,127.039015,정상,2013,POINT (127.039015 37.297073)
SL_1873,37.29713,127.039427,정상,2013,POINT (127.039427 37.29713)
SL_1874,37.297147,127.039906,정상,2013,POINT (127.039906 37.297147)
SL_1875,37.297132,127.040259,정상,2013,POINT (127.040259 37.297132)
SL_1876,37.297104,127.040521,정상,2013,POINT (127.040521 37.297104)
SL_1877,37.297057,127.040913,정상,2013,POINT (127.040913 37.297057)
SL_1878,37.296987,127.041178,정상,2013,POINT (127.041178 37.296987)
SL_1879,37.296789,127.042074,정상,2013,POINT (127.042074 37.296789)
SL_1880,37.296973,127.035936,정상,2013,POINT (127.035936 37.296973)
SL_1881,37.296707,127.042466,정상,2013,POINT (127.042466 37.296707)
SL_1882,37.296631,127.042807,정상,2013,POINT (127.042807 37.296631)
SL_1883,37.296543,127.043208,정상,2013,POINT (127.043208 37.296543)
SL_1884,37.29638,127.043853,정상,2013,POINT (127.043853 37.29638)
SL_1885,37.296355,127.043952,정상,2013,POINT (127.043952 37.296355)
SL_1886,37.296308,127.044192,정상,2013,POINT (127.044192 37.296308)
SL_1887,37.296294,127.044248,정상,2013,POINT (127.044248 37.296294)
SL_1888,37.296285,127.044296,정상,2013,POINT (127.044296 37.296285)
SL_1889,37.296233,127.044544,정상,2013,POINT (127.044544 37.296233)
SL_1890,37.296215,127.0446,정상,2013,POINT (127.0446 37.296215)
SL_1891,37.296631,127.036023,정상,2013,POINT (127.036023 37.296631)
SL_1892,37.296204,127.04466,정상,2013,POINT (127.04466 37.296204)
SL_1893,37.296195,127.044719,정상,2013,POINT (127.044719 37.296195)
SL_1894,37.296184,127.044772,정상,2013,POINT (127.044772 37.296184)
SL_1895,37.296507,127.036505,정상,2013,POINT (127.036505 37.296507)
SL_1896,37.296394,127.036923,정상,2013,POINT (127.036923 37.296394)
SL_1897,37.296351,127.037143,정상,2013,POINT (127.037143 37.296351)
SL_1898,37.296432,127.037267,정상,2013,POINT (127.037267 37.296432)
SL_1899,37.296547,127.037444,정상,2013,POINT (127.037444 37.296547)
SL_1900,37.296673,127.037647,정상,2013,POINT (127.037647 37.296673)
SL_1901,37.295893,127.046021,정상,2013,POINT (127.046021 37.295893)
SL_1902,37.295493,127.048843,정상,2013,POINT (127.048843 37.295493)
SL_1903,37.295416,127.049382,정상,2013,POINT (127.049382 37.295416)
SL_1904,37.295796,127.046644,정상,2013,POINT (127.046644 37.295796)
SL_1905,37.295719,127.047203,정상,2013,POINT (127.047203 37.295719)
SL_1906,37.295692,127.047448,정상,2013,POINT (127.047448 37.295692)
SL_1907,37.295658,127.04771,정상,2013,POINT (127.04771 37.295658)
SL_1908,37.295617,127.047933,정상,2013,POINT (127.047933 37.295617)
SL_1909,37.295588,127.048155,정상,2013,POINT (127.048155 37.295588)
SL_1910,37.295554,127.048415,정상,2013,POINT (127.048415 37.295554)
SL_1911,37.295518,127.048683,정상,2013,POINT (127.048683 37.295518)
SL_1912,37.295121,127.054175,정상,2013,POINT (127.054175 37.295121)
SL_1913,37.295195,127.054367,정상,2013,POINT (127.054367 37.295195)
SL_1914,37.295306,127.054635,정상,2013,POINT (127.054635 37.295306)
SL_1915,37.295407,127.054835,정상,2013,POINT (127.054835 37.295407)
SL_1916,37.295533,127.055072,정상,2013,POINT (127.055072 37.295533)
SL_1917,37.295688,127.055312,정상,2013,POINT (127.055312 37.295688)
SL_1918,37.29437,127.05096,정상,2013,POINT (127.05096 37.29437)
SL_1919,37.29468,127.053879,정상,2013,POINT (127.053879 37.29468)
SL_1920,37.294741,127.054053,정상,2013,POINT (127.054053 37.294741)
SL_1921,37.294849,127.054358,정상,2013,POINT (127.054358 37.294849)
SL_1922,37.294993,127.054646,정상,2013,POINT (127.054646 37.294993)
SL_1923,37.295062,127.054801,정상,2013,POINT (127.054801 37.295062)
SL_1924,37.295211,127.055083,정상,2013,POINT (127.055083 37.295211)
SL_1925,37.295285,127.055261,정상,2013,POINT (127.055261 37.295285)
SL_1926,37.295416,127.055593,정상,2013,POINT (127.055593 37.295416)
SL_1927,37.294147,127.052108,정상,2013,POINT (127.052108 37.294147)
SL_1928,37.294149,127.052725,정상,2013,POINT (127.052725 37.294149)
SL_1929,37.294384,127.051239,정상,2013,POINT (127.051239 37.294384)
SL_1930,37.293955,127.052733,정상,2013,POINT (127.052733 37.293955)
SL_1931,37.294261,127.053199,정상,2013,POINT (127.053199 37.294261)
SL_1932,37.294,127.05323,정상,2013,POINT (127.05323 37.294)
SL_1933,37.294556,127.054081,정상,2013,POINT (127.054081 37.294556)
SL_1934,37.294517,127.054409,정상,2013,POINT (127.054409 37.294517)
SL_1935,37.294238,127.054507,정상,2013,POINT (127.054507 37.294238)
SL_1936,37.294693,127.054817,정상,2013,POINT (127.054817 37.294693)
SL_1937,37.29431,127.054975,정상,2013,POINT (127.054975 37.29431)
SL_1938,37.294756,127.053927,정상,2013,POINT (127.053927 37.294756)
SL_1939,37.294828,127.053921,정상,2013,POINT (127.053921 37.294828)
SL_1940,37.294363,127.051541,정상,2013,POINT (127.051541 37.294363)
SL_1941,37.294114,127.054236,정상,2013,POINT (127.054236 37.294114)
SL_1942,37.294361,127.051876,정상,2013,POINT (127.051876 37.294361)
SL_1943,37.294372,127.052291,정상,2013,POINT (127.052291 37.294372)
SL_1944,37.294408,127.052658,정상,2013,POINT (127.052658 37.294408)
SL_1945,37.29445,127.052962,정상,2013,POINT (127.052962 37.29445)
SL_1946,37.294518,127.053261,정상,2013,POINT (127.053261 37.294518)
SL_1947,37.294592,127.053554,정상,2013,POINT (127.053554 37.294592)
SL_1948,37.293726,127.052009,정상,2013,POINT (127.052009 37.293726)
SL_1949,37.293925,127.054854,정상,2013,POINT (127.054854 37.293925)
SL_1950,37.293983,127.05509,정상,2013,POINT (127.05509 37.293983)
SL_1951,37.294057,127.055401,정상,2013,POINT (127.055401 37.294057)
SL_1952,37.294129,127.055705,정상,2013,POINT (127.055705 37.294129)
SL_1953,37.294201,127.055965,정상,2013,POINT (127.055965 37.294201)
SL_1954,37.293919,127.053619,정상,2013,POINT (127.053619 37.293919)
SL_1955,37.294198,127.053571,정상,2013,POINT (127.053571 37.294198)
SL_1956,37.294359,127.055516,정상,2013,POINT (127.055516 37.294359)
SL_1957,37.294544,127.055452,정상,2013,POINT (127.055452 37.294544)
SL_1958,37.294675,127.055088,정상,2013,POINT (127.055088 37.294675)
SL_1959,37.293825,127.052285,정상,2013,POINT (127.052285 37.293825)
SL_1960,37.294801,127.055336,정상,2013,POINT (127.055336 37.294801)
SL_1961,37.294934,127.055582,고장,2013,POINT (127.055582 37.294934)
SL_1962,37.294535,127.056018,정상,2013,POINT (127.056018 37.294535)
SL_1963,37.294769,127.055985,정상,2013,POINT (127.055985 37.294769)
SL_1964,37.295224,127.055692,정상,2013,POINT (127.055692 37.295224)
SL_1965,37.293761,127.052508,정상,2013,POINT (127.052508 37.293761)
SL_1966,37.293705,127.052863,정상,2013,POINT (127.052863 37.293705)
SL_1967,37.293675,127.053198,정상,2013,POINT (127.053198 37.293675)
SL_1968,37.293716,127.053556,정상,2013,POINT (127.053556 37.293716)
SL_1969,37.293754,127.053889,정상,2013,POINT (127.053889 37.293754)
SL_1970,37.293808,127.05429,정상,2013,POINT (127.05429 37.293808)
SL_1971,37.293857,127.054555,정상,2013,POINT (127.054555 37.293857)
SL_1972,37.295364,127.049748,정상,2013,POINT (127.049748 37.295364)
SL_1973,37.295102,127.052297,정상,2013,POINT (127.052297 37.295102)
SL_1974,37.295122,127.052588,정상,2013,POINT (127.052588 37.295122)
SL_1975,37.295156,127.052878,정상,2013,POINT (127.052878 37.295156)
SL_1976,37.295196,127.053166,정상,2013,POINT (127.053166 37.295196)
SL_1977,37.29525,127.05349,정상,2013,POINT (127.05349 37.29525)
SL_1978,37.295338,127.05378,정상,2013,POINT (127.05378 37.295338)
SL_1979,37.295335,127.049951,정상,2013,POINT (127.049951 37.295335)
SL_1980,37.295312,127.050183,정상,2013,POINT (127.050183 37.295312)
SL_1981,37.295278,127.050428,정상,2013,POINT (127.050428 37.295278)
SL_1982,37.295208,127.050684,정상,2013,POINT (127.050684 37.295208)
SL_1983,37.29515,127.051009,정상,2013,POINT (127.051009 37.29515)
SL_1984,37.29512,127.051338,정상,2013,POINT (127.051338 37.29512)
SL_1985,37.295098,127.051634,정상,2013,POINT (127.051634 37.295098)
SL_1986,37.295093,127.051984,정상,2013,POINT (127.051984 37.295093)
SL_1987,37.300047,127.050767,정상,2013,POINT (127.050767 37.300047)
SL_1988,37.302797,127.051203,정상,2013,POINT (127.051203 37.302797)
SL_1989,37.30313,127.051254,정상,2013,POINT (127.051254 37.30313)
SL_1990,37.303403,127.051296,정상,2013,POINT (127.051296 37.303403)
SL_1991,37.3037,127.051336,정상,2013,POINT (127.051336 37.3037)
SL_1992,37.303912,127.051356,정상,2013,POINT (127.051356 37.303912)
SL_1993,37.304196,127.05137,정상,2013,POINT (127.05137 37.304196)
SL_1994,37.304439,127.051384,정상,2013,POINT (127.051384 37.304439)
SL_1995,37.304707,127.05139,정상,2013,POINT (127.05139 37.304707)
SL_1996,37.304892,127.05141,정상,2013,POINT (127.05141 37.304892)
SL_1997,37.305083,127.051433,정상,2013,POINT (127.051433 37.305083)
SL_1998,37.300448,127.05086,정상,2013,POINT (127.05086 37.300448)
SL_1999,37.305237,127.05145,정상,2013,POINT (127.05145 37.305237)
SL_2000,37.305412,127.051808,정상,2013,POINT (127.051808 37.305412)
SL_2001,37.305223,127.051782,정상,2013,POINT (127.051782 37.305223)
SL_2002,37.305079,127.05176,정상,2013,POINT (127.05176 37.305079)
SL_2003,37.304878,127.051729,정상,2013,POINT (127.051729 37.304878)
SL_2004,37.30473,127.051723,정상,2013,POINT (127.051723 37.30473)
SL_2005,37.304525,127.051703,정상,2013,POINT (127.051703 37.304525)
SL_2006,37.304281,127.051694,정상,2013,POINT (127.051694 37.304281)
SL_2007,37.304034,127.05168,정상,2013,POINT (127.05168 37.304034)
SL_2008,37.303824,127.051671,정상,2013,POINT (127.051671 37.303824)
SL_2009,37.300867,127.050925,정상,2013,POINT (127.050925 37.300867)
SL_2010,37.303597,127.051646,정상,2013,POINT (127.051646 37.303597)
SL_2011,37.303259,127.051595,정상,2013,POINT (127.051595 37.303259)
SL_2012,37.303031,127.051555,정상,2013,POINT (127.051555 37.303031)
SL_2013,37.302702,127.05151,정상,2013,POINT (127.05151 37.302702)
SL_2014,37.302457,127.05147,정상,2013,POINT (127.05147 37.302457)
SL_2015,37.302146,127.051417,정상,2013,POINT (127.051417 37.302146)
SL_2016,37.301774,127.051366,정상,2013,POINT (127.051366 37.301774)
SL_2017,37.301454,127.051312,정상,2013,POINT (127.051312 37.301454)
SL_2018,37.301238,127.051286,정상,2013,POINT (127.051286 37.301238)
SL_2019,37.300984,127.051241,정상,2013,POINT (127.051241 37.300984)
SL_2020,37.301162,127.050968,정상,2013,POINT (127.050968 37.301162)
SL_2021,37.3007,127.051201,정상,2013,POINT (127.051201 37.3007)
SL_2022,37.300331,127.051142,정상,2013,POINT (127.051142 37.300331)
SL_2023,37.299864,127.051026,정상,2013,POINT (127.051026 37.299864)
SL_2024,37.301403,127.050999,정상,2013,POINT (127.050999 37.301403)
SL_2025,37.301651,127.05105,정상,2013,POINT (127.05105 37.301651)
SL_2026,37.301901,127.051072,정상,2013,POINT (127.051072 37.301901)
SL_2027,37.302238,127.051129,정상,2013,POINT (127.051129 37.302238)
SL_2028,37.302545,127.051166,정상,2013,POINT (127.051166 37.302545)
SL_2029,37.305687,127.051845,정상,2013,POINT (127.051845 37.305687)
SL_2030,37.308018,127.052126,정상,2013,POINT (127.052126 37.308018)
SL_2031,37.308243,127.052202,정상,2013,POINT (127.052202 37.308243)
SL_2032,37.308489,127.052304,정상,2013,POINT (127.052304 37.308489)
SL_2033,37.308746,127.052431,정상,2013,POINT (127.052431 37.308746)
SL_2034,37.309011,127.052592,정상,2013,POINT (127.052592 37.309011)
SL_2035,37.309228,127.052758,정상,2013,POINT (127.052758 37.309228)
SL_2036,37.30955,127.053009,정상,2013,POINT (127.053009 37.30955)
SL_2037,37.309822,127.053275,정상,2013,POINT (127.053275 37.309822)
SL_2038,37.310058,127.053523,정상,2013,POINT (127.053523 37.310058)
SL_2039,37.31029,127.053799,정상,2013,POINT (127.053799 37.31029)
SL_2040,37.305968,127.051856,정상,2013,POINT (127.051856 37.305968)
SL_2041,37.310412,127.053974,정상,2013,POINT (127.053974 37.310412)
SL_2042,37.31061,127.054248,정상,2013,POINT (127.054248 37.31061)
SL_2043,37.310828,127.054527,정상,2013,POINT (127.054527 37.310828)
SL_2044,37.311033,127.054767,정상,2013,POINT (127.054767 37.311033)
SL_2045,37.311247,127.055002,정상,2013,POINT (127.055002 37.311247)
SL_2046,37.311479,127.05523,정상,2013,POINT (127.05523 37.311479)
SL_2047,37.311704,127.055431,정상,2013,POINT (127.055431 37.311704)
SL_2048,37.311898,127.055594,정상,2013,POINT (127.055594 37.311898)
SL_2049,37.306223,127.051879,정상,2013,POINT (127.051879 37.306223)
SL_2050,37.306459,127.051896,정상,2013,POINT (127.051896 37.306459)
SL_2051,37.306732,127.051927,정상,2013,POINT (127.051927 37.306732)
SL_2052,37.307047,127.051978,정상,2013,POINT (127.051978 37.307047)
SL_2053,37.307277,127.052007,정상,2013,POINT (127.052007 37.307277)
SL_2054,37.307507,127.052035,정상,2013,POINT (127.052035 37.307507)
SL_2055,37.307761,127.052072,정상,2013,POINT (127.052072 37.307761)
SL_2056,37.308458,127.051731,정상,2013,POINT (127.051731 37.308458)
SL_2057,37.310273,127.053018,정상,2013,POINT (127.053018 37.310273)
SL_2058,37.310484,127.053157,정상,2013,POINT (127.053157 37.310484)
SL_2059,37.310646,127.053492,정상,2013,POINT (127.053492 37.310646)
SL_2060,37.310876,127.053828,정상,2013,POINT (127.053828 37.310876)
SL_2061,37.311076,127.05411,정상,2013,POINT (127.05411 37.311076)
SL_2062,37.311292,127.054311,정상,2013,POINT (127.054311 37.311292)
SL_2063,37.311504,127.05437,정상,2013,POINT (127.05437 37.311504)
SL_2064,37.311693,127.054291,정상,2013,POINT (127.054291 37.311693)
SL_2065,37.311844,127.054235,정상,2013,POINT (127.054235 37.311844)
SL_2066,37.312187,127.054235,정상,2013,POINT (127.054235 37.312187)
SL_2067,37.308665,127.051793,정상,2013,POINT (127.051793 37.308665)
SL_2068,37.312407,127.054331,정상,2013,POINT (127.054331 37.312407)
SL_2069,37.312475,127.054385,정상,2013,POINT (127.054385 37.312475)
SL_2070,37.312786,127.05458,정상,2013,POINT (127.05458 37.312786)
SL_2071,37.312725,127.054856,정상,2013,POINT (127.054856 37.312725)
SL_2072,37.312635,127.055203,정상,2013,POINT (127.055203 37.312635)
SL_2073,37.312362,127.055411,정상,2013,POINT (127.055411 37.312362)
SL_2074,37.312347,127.054636,정상,2013,POINT (127.054636 37.312347)
SL_2075,37.312263,127.055014,정상,2013,POINT (127.055014 37.312263)
SL_2076,37.312193,127.055183,정상,2013,POINT (127.055183 37.312193)
SL_2077,37.311977,127.054988,정상,2013,POINT (127.054988 37.311977)
SL_2078,37.308849,127.051864,정상,2013,POINT (127.051864 37.308849)
SL_2079,37.311788,127.054805,정상,2013,POINT (127.054805 37.311788)
SL_2080,37.311849,127.054531,정상,2013,POINT (127.054531 37.311849)
SL_2081,37.309102,127.051819,정상,2013,POINT (127.051819 37.309102)
SL_2082,37.309397,127.051794,정상,2013,POINT (127.051794 37.309397)
SL_2083,37.30948,127.052028,정상,2013,POINT (127.052028 37.30948)
SL_2084,37.309122,127.052076,정상,2013,POINT (127.052076 37.309122)
SL_2085,37.309361,127.052214,정상,2013,POINT (127.052214 37.309361)
SL_2086,37.309487,127.05229,정상,2013,POINT (127.05229 37.309487)
SL_2087,37.309723,127.052474,정상,2013,POINT (127.052474 37.309723)
SL_2088,37.309946,127.05268,정상,2013,POINT (127.05268 37.309946)
SL_2089,37.310108,127.05284,정상,2013,POINT (127.05284 37.310108)
SL_2090,37.292288,127.047322,정상,2013,POINT (127.047322 37.292288)
SL_2091,37.293936,127.048817,정상,2013,POINT (127.048817 37.293936)
SL_2092,37.294141,127.048936,정상,2013,POINT (127.048936 37.294141)
SL_2093,37.294367,127.049034,정상,2013,POINT (127.049034 37.294367)
SL_2094,37.294448,127.04919,정상,2013,POINT (127.04919 37.294448)
SL_2095,37.294592,127.049125,정상,2013,POINT (127.049125 37.294592)
SL_2096,37.29488,127.049235,정상,2013,POINT (127.049235 37.29488)
SL_2097,37.292475,127.047536,정상,2013,POINT (127.047536 37.292475)
SL_2098,37.292642,127.047725,정상,2013,POINT (127.047725 37.292642)
SL_2099,37.292855,127.047934,정상,2013,POINT (127.047934 37.292855)
SL_2100,37.29277,127.048382,정상,2013,POINT (127.048382 37.29277)
SL_2101,37.293069,127.048148,정상,2013,POINT (127.048148 37.293069)
SL_2102,37.293263,127.048329,정상,2013,POINT (127.048329 37.293263)
SL_2103,37.293502,127.048518,정상,2013,POINT (127.048518 37.293502)
SL_2104,37.293752,127.048701,정상,2013,POINT (127.048701 37.293752)
SL_2105,37.290726,127.0446,정상,2013,POINT (127.0446 37.290726)
SL_2106,37.292174,127.046442,정상,2013,POINT (127.046442 37.292174)
SL_2107,37.292338,127.046653,정상,2013,POINT (127.046653 37.292338)
SL_2108,37.292597,127.046967,정상,2013,POINT (127.046967 37.292597)
SL_2109,37.292775,127.047175,정상,2013,POINT (127.047175 37.292775)
SL_2110,37.292939,127.047359,정상,2013,POINT (127.047359 37.292939)
SL_2111,37.293207,127.047621,정상,2013,POINT (127.047621 37.293207)
SL_2112,37.293405,127.047819,고장,2013,POINT (127.047819 37.293405)
SL_2113,37.293592,127.047985,정상,2013,POINT (127.047985 37.293592)
SL_2114,37.293813,127.048163,정상,2013,POINT (127.048163 37.293813)
SL_2115,37.294022,127.048287,정상,2013,POINT (127.048287 37.294022)
SL_2116,37.290886,127.044797,정상,2013,POINT (127.044797 37.290886)
SL_2117,37.294524,127.048555,정상,2013,POINT (127.048555 37.294524)
SL_2118,37.294691,127.04862,정상,2013,POINT (127.04862 37.294691)
SL_2119,37.291034,127.044989,정상,2013,POINT (127.044989 37.291034)
SL_2120,37.291176,127.045173,고장,2013,POINT (127.045173 37.291176)
SL_2121,37.291332,127.045373,정상,2013,POINT (127.045373 37.291332)
SL_2122,37.291516,127.045613,정상,2013,POINT (127.045613 37.291516)
SL_2123,37.291689,127.045835,정상,2013,POINT (127.045835 37.291689)
SL_2124,37.291856,127.046047,정상,2013,POINT (127.046047 37.291856)
SL_2125,37.292009,127.046236,정상,2013,POINT (127.046236 37.292009)
SL_2126,37.289362,127.047168,정상,2013,POINT (127.047168 37.289362)
SL_2127,37.289364,127.046855,정상,2013,POINT (127.046855 37.289364)
SL_2128,37.290007,127.045812,정상,2013,POINT (127.045812 37.290007)
SL_2129,37.290162,127.045995,정상,2013,POINT (127.045995 37.290162)
SL_2130,37.290295,127.046159,정상,2013,POINT (127.046159 37.290295)
SL_2131,37.290484,127.046373,정상,2013,POINT (127.046373 37.290484)
SL_2132,37.29068,127.046613,정상,2013,POINT (127.046613 37.29068)
SL_2133,37.290867,127.046825,정상,2013,POINT (127.046825 37.290867)
SL_2134,37.290804,127.047047,정상,2013,POINT (127.047047 37.290804)
SL_2135,37.290657,127.047256,정상,2013,POINT (127.047256 37.290657)
SL_2136,37.290502,127.047456,정상,2013,POINT (127.047456 37.290502)
SL_2137,37.289632,127.047481,정상,2013,POINT (127.047481 37.289632)
SL_2138,37.289909,127.047808,정상,2013,POINT (127.047808 37.289909)
SL_2139,37.29015,127.048082,정상,2013,POINT (127.048082 37.29015)
SL_2140,37.290441,127.048434,정상,2013,POINT (127.048434 37.290441)
SL_2141,37.2904,127.048093,정상,2013,POINT (127.048093 37.2904)
SL_2142,37.290267,127.047774,정상,2013,POINT (127.047774 37.290267)
SL_2143,37.289957,127.04756,정상,2013,POINT (127.04756 37.289957)
SL_2144,37.289603,127.047145,정상,2013,POINT (127.047145 37.289603)
SL_2145,37.290269,127.049449,정상,2013,POINT (127.049449 37.290269)
SL_2146,37.290116,127.049669,정상,2013,POINT (127.049669 37.290116)
SL_2147,37.289962,127.049875,정상,2013,POINT (127.049875 37.289962)
SL_2148,37.289823,127.050061,정상,2013,POINT (127.050061 37.289823)
SL_2149,37.289656,127.050283,정상,2013,POINT (127.050283 37.289656)
SL_2150,37.289543,127.050438,정상,2013,POINT (127.050438 37.289543)
SL_2151,37.289455,127.050568,정상,2013,POINT (127.050568 37.289455)
SL_2152,37.289192,127.0509,정상,2013,POINT (127.0509 37.289192)
SL_2153,37.287774,127.052292,고장,2011,POINT (127.052292 37.287774)
SL_2154,37.287578,127.052563,정상,2011,POINT (127.052563 37.287578)
SL_2155,37.287366,127.052839,정상,2011,POINT (127.052839 37.287366)
SL_2156,37.287722,127.052876,정상,2011,POINT (127.052876 37.287722)
SL_2157,37.287564,127.053107,정상,2011,POINT (127.053107 37.287564)
SL_2158,37.287391,127.053335,정상,2011,POINT (127.053335 37.287391)
SL_2159,37.287242,127.053535,정상,2011,POINT (127.053535 37.287242)
SL_2160,37.290241,127.045149,정상,2013,POINT (127.045149 37.290241)
SL_2161,37.28824,127.048109,정상,2013,POINT (127.048109 37.28824)
SL_2162,37.28808,127.048579,정상,2013,POINT (127.048579 37.28808)
SL_2163,37.287931,127.048991,정상,2013,POINT (127.048991 37.287931)
SL_2164,37.287771,127.049329,정상,2013,POINT (127.049329 37.287771)
SL_2165,37.287687,127.049464,정상,2013,POINT (127.049464 37.287687)
SL_2166,37.287295,127.049957,정상,2013,POINT (127.049957 37.287295)
SL_2167,37.286822,127.05034,정상,2013,POINT (127.05034 37.286822)
SL_2168,37.286545,127.05029,정상,2013,POINT (127.05029 37.286545)
SL_2169,37.286991,127.049937,정상,2013,POINT (127.049937 37.286991)
SL_2170,37.287307,127.049639,정상,2013,POINT (127.049639 37.287307)
SL_2171,37.289971,127.045564,정상,2013,POINT (127.045564 37.289971)
SL_2172,37.287615,127.049205,정상,2013,POINT (127.049205 37.287615)
SL_2173,37.287827,127.048731,정상,2013,POINT (127.048731 37.287827)
SL_2174,37.288021,127.04817,정상,2013,POINT (127.04817 37.288021)
SL_2175,37.288152,127.047804,정상,2013,POINT (127.047804 37.288152)
SL_2176,37.288305,127.047477,정상,2013,POINT (127.047477 37.288305)
SL_2177,37.288438,127.047237,정상,2013,POINT (127.047237 37.288438)
SL_2178,37.288587,127.047015,정상,2013,POINT (127.047015 37.288587)
SL_2179,37.2889,127.046601,정상,2013,POINT (127.046601 37.2889)
SL_2180,37.289013,127.046446,정상,2013,POINT (127.046446 37.289013)
SL_2181,37.289293,127.046076,정상,2013,POINT (127.046076 37.289293)
SL_2182,37.289903,127.045648,정상,2013,POINT (127.045648 37.289903)
SL_2183,37.289588,127.045685,정상,2013,POINT (127.045685 37.289588)
SL_2184,37.289716,127.04551,정상,2013,POINT (127.04551 37.289716)
SL_2185,37.289854,127.045324,정상,2013,POINT (127.045324 37.289854)
SL_2186,37.289525,127.046102,정상,2013,POINT (127.046102 37.289525)
SL_2187,37.289234,127.046482,정상,2013,POINT (127.046482 37.289234)
SL_2188,37.289171,127.046595,정상,2013,POINT (127.046595 37.289171)
SL_2189,37.289042,127.046761,정상,2013,POINT (127.046761 37.289042)
SL_2190,37.2887,127.047207,정상,2013,POINT (127.047207 37.2887)
SL_2191,37.288456,127.047604,정상,2013,POINT (127.047604 37.288456)
SL_2192,37.290021,127.043717,정상,2013,POINT (127.043717 37.290021)
SL_2193,37.290199,127.043948,정상,2013,POINT (127.043948 37.290199)
SL_2194,37.290375,127.044166,정상,2013,POINT (127.044166 37.290375)
SL_2195,37.290613,127.044386,정상,2013,POINT (127.044386 37.290613)
SL_2196,37.290415,127.044947,정상,2013,POINT (127.044947 37.290415)
SL_2197,37.290257,127.044789,정상,2013,POINT (127.044789 37.290257)
SL_2198,37.290106,127.044563,정상,2013,POINT (127.044563 37.290106)
SL_2199,37.289935,127.044343,정상,2013,POINT (127.044343 37.289935)
SL_2200,37.289746,127.0441,정상,2013,POINT (127.0441 37.289746)
SL_2201,37.286425,127.04012,정상,2014,POINT (127.04012 37.286425)
SL_2202,37.286003,127.042381,정상,2014,POINT (127.042381 37.286003)
SL_2203,37.286167,127.042734,정상,2014,POINT (127.042734 37.286167)
SL_2204,37.285996,127.043069,정상,2014,POINT (127.043069 37.285996)
SL_2205,37.286131,127.043461,정상,2014,POINT (127.043461 37.286131)
SL_2206,37.28589,127.043577,정상,2014,POINT (127.043577 37.28589)
SL_2207,37.285728,127.044008,정상,2014,POINT (127.044008 37.285728)
SL_2208,37.285966,127.043943,정상,2014,POINT (127.043943 37.285966)
SL_2209,37.286203,127.043923,정상,2014,POINT (127.043923 37.286203)
SL_2210,37.286439,127.044079,정상,2014,POINT (127.044079 37.286439)
SL_2211,37.28668,127.04424,정상,2014,POINT (127.04424 37.28668)
SL_2212,37.286184,127.040089,정상,2014,POINT (127.040089 37.286184)
SL_2213,37.286838,127.04435,정상,2014,POINT (127.04435 37.286838)
SL_2214,37.286231,127.040416,정상,2014,POINT (127.040416 37.286231)
SL_2215,37.286033,127.040636,정상,2014,POINT (127.040636 37.286033)
SL_2216,37.286188,127.041113,정상,2014,POINT (127.041113 37.286188)
SL_2217,37.286028,127.041225,정상,2014,POINT (127.041225 37.286028)
SL_2218,37.286179,127.041527,정상,2014,POINT (127.041527 37.286179)
SL_2219,37.28601,127.041724,정상,2014,POINT (127.041724 37.28601)
SL_2220,37.286174,127.042167,정상,2014,POINT (127.042167 37.286174)
SL_2221,37.290645,127.059066,고장,2013,POINT (127.059066 37.290645)
SL_2222,37.290266,127.060972,정상,2013,POINT (127.060972 37.290266)
SL_2223,37.29041,127.060656,정상,2013,POINT (127.060656 37.29041)
SL_2224,37.290554,127.060329,정상,2013,POINT (127.060329 37.290554)
SL_2225,37.290676,127.059991,정상,2013,POINT (127.059991 37.290676)
SL_2226,37.290789,127.059681,정상,2013,POINT (127.059681 37.290789)
SL_2227,37.290888,127.059393,정상,2013,POINT (127.059393 37.290888)
SL_2228,37.29105,127.059467,정상,2013,POINT (127.059467 37.29105)
SL_2229,37.291334,127.059743,정상,2013,POINT (127.059743 37.291334)
SL_2230,37.291586,127.059992,정상,2013,POINT (127.059992 37.291586)
SL_2231,37.291645,127.059823,정상,2013,POINT (127.059823 37.291645)
SL_2232,37.290744,127.059196,정상,2013,POINT (127.059196 37.290744)
SL_2233,37.291087,127.059281,정상,2013,POINT (127.059281 37.291087)
SL_2234,37.29101,127.059016,정상,2013,POINT (127.059016 37.29101)
SL_2235,37.291145,127.058644,정상,2013,POINT (127.058644 37.291145)
SL_2236,37.291294,127.058418,정상,2013,POINT (127.058418 37.291294)
SL_2237,37.291533,127.058165,정상,2013,POINT (127.058165 37.291533)
SL_2238,37.29184,127.058007,정상,2013,POINT (127.058007 37.29184)
SL_2239,37.292083,127.057934,정상,2013,POINT (127.057934 37.292083)
SL_2240,37.292304,127.057872,정상,2013,POINT (127.057872 37.292304)
SL_2241,37.292515,127.057821,정상,2013,POINT (127.057821 37.292515)
SL_2242,37.291898,127.057753,정상,2013,POINT (127.057753 37.291898)
SL_2243,37.290645,127.059512,정상,2013,POINT (127.059512 37.290645)
SL_2244,37.291574,127.057894,정상,2013,POINT (127.057894 37.291574)
SL_2245,37.291281,127.058091,정상,2013,POINT (127.058091 37.291281)
SL_2246,37.291046,127.058412,정상,2013,POINT (127.058412 37.291046)
SL_2247,37.290875,127.05883,정상,2013,POINT (127.05883 37.290875)
SL_2248,37.290528,127.059816,정상,2013,POINT (127.059816 37.290528)
SL_2249,37.29041,127.060166,정상,2013,POINT (127.060166 37.29041)
SL_2250,37.290271,127.060521,정상,2013,POINT (127.060521 37.290271)
SL_2251,37.290113,127.060853,정상,2013,POINT (127.060853 37.290113)
SL_2252,37.289887,127.061287,정상,2013,POINT (127.061287 37.289887)
SL_2253,37.290045,127.061411,정상,2013,POINT (127.061411 37.290045)
SL_2254,37.292759,127.057754,정상,2012,POINT (127.057754 37.292759)
SL_2255,37.295134,127.056267,정상,2012,POINT (127.056267 37.295134)
SL_2256,37.295616,127.055517,정상,2012,POINT (127.055517 37.295616)
SL_2257,37.295355,127.055743,정상,2012,POINT (127.055743 37.295355)
SL_2258,37.295156,127.055923,정상,2012,POINT (127.055923 37.295156)
SL_2259,37.29503,127.056058,정상,2012,POINT (127.056058 37.29503)
SL_2260,37.29476,127.056289,정상,2012,POINT (127.056289 37.29476)
SL_2261,37.294534,127.056487,정상,2012,POINT (127.056487 37.294534)
SL_2262,37.294219,127.056695,정상,2012,POINT (127.056695 37.294219)
SL_2263,37.293935,127.056886,정상,2012,POINT (127.056886 37.293935)
SL_2264,37.293687,127.05696,정상,2012,POINT (127.05696 37.293687)
SL_2265,37.2932,127.057596,정상,2012,POINT (127.057596 37.2932)
SL_2266,37.293687,127.057067,정상,2012,POINT (127.057067 37.293687)
SL_2267,37.293444,127.057202,정상,2012,POINT (127.057202 37.293444)
SL_2268,37.293169,127.057365,정상,2012,POINT (127.057365 37.293169)
SL_2269,37.292874,127.057455,정상,2012,POINT (127.057455 37.292874)
SL_2270,37.292554,127.057548,정상,2012,POINT (127.057548 37.292554)
SL_2271,37.292227,127.057641,정상,2012,POINT (127.057641 37.292227)
SL_2272,37.293453,127.057473,정상,2012,POINT (127.057473 37.293453)
SL_2273,37.293692,127.057337,정상,2012,POINT (127.057337 37.293692)
SL_2274,37.293831,127.05723,정상,2012,POINT (127.05723 37.293831)
SL_2275,37.294048,127.057101,정상,2012,POINT (127.057101 37.294048)
SL_2276,37.294386,127.056864,정상,2012,POINT (127.056864 37.294386)
SL_2277,37.294665,127.056684,정상,2012,POINT (127.056684 37.294665)
SL_2278,37.294881,127.056487,정상,2012,POINT (127.056487 37.294881)
SL_2279,37.295165,127.056464,정상,2013,POINT (127.056464 37.295165)
SL_2280,37.29621,127.057531,정상,2013,POINT (127.057531 37.29621)
SL_2281,37.296545,127.057545,정상,2013,POINT (127.057545 37.296545)
SL_2282,37.296512,127.057306,정상,2013,POINT (127.057306 37.296512)
SL_2283,37.296438,127.057159,정상,2013,POINT (127.057159 37.296438)
SL_2284,37.296152,127.05704,정상,2013,POINT (127.05704 37.296152)
SL_2285,37.29587,127.056908,정상,2013,POINT (127.056908 37.29587)
SL_2286,37.295566,127.056761,정상,2013,POINT (127.056761 37.295566)
SL_2287,37.295339,127.056532,정상,2013,POINT (127.056532 37.295339)
SL_2288,37.295899,127.057049,정상,2013,POINT (127.057049 37.295899)
SL_2289,37.295913,127.057181,정상,2013,POINT (127.057181 37.295913)
SL_2290,37.294994,127.056715,정상,2013,POINT (127.056715 37.294994)
SL_2291,37.295595,127.057054,정상,2013,POINT (127.057054 37.295595)
SL_2292,37.295374,127.057285,정상,2013,POINT (127.057285 37.295374)
SL_2293,37.295852,127.056676,정상,2013,POINT (127.056676 37.295852)
SL_2294,37.295958,127.05644,정상,2013,POINT (127.05644 37.295958)
SL_2295,37.296062,127.056065,정상,2013,POINT (127.056065 37.296062)
SL_2296,37.295911,127.055887,정상,2013,POINT (127.055887 37.295911)
SL_2297,37.295611,127.056016,정상,2013,POINT (127.056016 37.295611)
SL_2298,37.295679,127.056112,정상,2013,POINT (127.056112 37.295679)
SL_2299,37.295744,127.056239,정상,2013,POINT (127.056239 37.295744)
SL_2300,37.295814,127.056361,정상,2013,POINT (127.056361 37.295814)
SL_2301,37.29496,127.057313,정상,2013,POINT (127.057313 37.29496)
SL_2302,37.295309,127.056115,정상,2013,POINT (127.056115 37.295309)
SL_2303,37.295478,127.05598,정상,2013,POINT (127.05598 37.295478)
SL_2304,37.295713,127.055737,정상,2013,POINT (127.055737 37.295713)
SL_2305,37.294998,127.05768,정상,2013,POINT (127.05768 37.294998)
SL_2306,37.295146,127.058049,정상,2013,POINT (127.058049 37.295146)
SL_2307,37.295419,127.058083,정상,2013,POINT (127.058083 37.295419)
SL_2308,37.295581,127.05788,정상,2013,POINT (127.05788 37.295581)
SL_2309,37.295723,127.057593,정상,2013,POINT (127.057593 37.295723)
SL_2310,37.295885,127.05748,정상,2013,POINT (127.05748 37.295885)
SL_2311,37.291748,127.046952,정상,2013,POINT (127.046952 37.291748)
SL_2312,37.290357,127.048834,정상,2013,POINT (127.048834 37.290357)
SL_2313,37.290256,127.048967,정상,2013,POINT (127.048967 37.290256)
SL_2314,37.290057,127.049235,정상,2013,POINT (127.049235 37.290057)
SL_2315,37.289933,127.049406,정상,2013,POINT (127.049406 37.289933)
SL_2316,37.289798,127.04959,정상,2013,POINT (127.04959 37.289798)
SL_2317,37.289636,127.049815,정상,2013,POINT (127.049815 37.289636)
SL_2318,37.289458,127.050043,정상,2013,POINT (127.050043 37.289458)
SL_2319,37.289293,127.050272,정상,2013,POINT (127.050272 37.289293)
SL_2320,37.289196,127.050401,정상,2013,POINT (127.050401 37.289196)
SL_2321,37.289016,127.050649,정상,2013,POINT (127.050649 37.289016)
SL_2322,37.29159,127.047172,정상,2013,POINT (127.047172 37.29159)
SL_2323,37.291428,127.047389,정상,2013,POINT (127.047389 37.291428)
SL_2324,37.291254,127.047625,정상,2013,POINT (127.047625 37.291254)
SL_2325,37.291121,127.047814,정상,2013,POINT (127.047814 37.291121)
SL_2326,37.290986,127.047989,정상,2013,POINT (127.047989 37.290986)
SL_2327,37.290853,127.048167,정상,2013,POINT (127.048167 37.290853)
SL_2328,37.290688,127.048384,정상,2013,POINT (127.048384 37.290688)
SL_2329,37.290562,127.048561,정상,2013,POINT (127.048561 37.290562)
SL_2330,37.291636,127.06461,정상,2011,POINT (127.06461 37.291636)
SL_2331,37.289545,127.061233,정상,2011,POINT (127.061233 37.289545)
SL_2332,37.289101,127.060717,정상,2011,POINT (127.060717 37.289101)
SL_2333,37.288845,127.060435,정상,2011,POINT (127.060435 37.288845)
SL_2334,37.288638,127.06019,정상,2011,POINT (127.06019 37.288638)
SL_2335,37.288446,127.059953,정상,2011,POINT (127.059953 37.288446)
SL_2336,37.28823,127.059704,정상,2011,POINT (127.059704 37.28823)
SL_2337,37.288007,127.059445,정상,2011,POINT (127.059445 37.288007)
SL_2338,37.287708,127.059095,정상,2011,POINT (127.059095 37.287708)
SL_2339,37.287611,127.058971,정상,2011,POINT (127.058971 37.287611)
SL_2340,37.291431,127.064063,정상,2011,POINT (127.064063 37.291431)
SL_2341,37.291105,127.063298,정상,2011,POINT (127.063298 37.291105)
SL_2342,37.290643,127.062534,정상,2011,POINT (127.062534 37.290643)
SL_2343,37.290173,127.061958,정상,2011,POINT (127.061958 37.290173)
SL_2344,37.289932,127.061657,정상,2011,POINT (127.061657 37.289932)
SL_2345,37.289831,127.061397,정상,2011,POINT (127.061397 37.289831)
SL_2346,37.289765,127.061479,정상,2011,POINT (127.061479 37.289765)
SL_2347,37.289666,127.061389,정상,2011,POINT (127.061389 37.289666)
SL_2348,37.282863,127.053411,정상,2013,POINT (127.053411 37.282863)
SL_2349,37.283079,127.053659,정상,2013,POINT (127.053659 37.283079)
SL_2350,37.283336,127.053949,정상,2013,POINT (127.053949 37.283336)
SL_2351,37.283615,127.054229,정상,2013,POINT (127.054229 37.283615)
SL_2352,37.283865,127.05457,정상,2013,POINT (127.05457 37.283865)
SL_2353,37.284079,127.054827,정상,2013,POINT (127.054827 37.284079)
SL_2354,37.284317,127.0551,정상,2013,POINT (127.0551 37.284317)
SL_2355,37.284482,127.055289,정상,2013,POINT (127.055289 37.284482)
SL_2356,37.28463,127.055461,정상,2013,POINT (127.055461 37.28463)
SL_2357,37.284797,127.056127,정상,2011,POINT (127.056127 37.284797)
SL_2358,37.283081,127.054118,정상,2011,POINT (127.054118 37.283081)
SL_2359,37.282887,127.05389,정상,2011,POINT (127.05389 37.282887)
SL_2360,37.282656,127.053644,정상,2011,POINT (127.053644 37.282656)
SL_2361,37.284614,127.055918,정상,2011,POINT (127.055918 37.284614)
SL_2362,37.284441,127.055707,정상,2011,POINT (127.055707 37.284441)
SL_2363,37.284252,127.055478,정상,2011,POINT (127.055478 37.284252)
SL_2364,37.284049,127.055255,정상,2011,POINT (127.055255 37.284049)
SL_2365,37.28382,127.054984,정상,2011,POINT (127.054984 37.28382)
SL_2366,37.283585,127.054711,정상,2011,POINT (127.054711 37.283585)
SL_2367,37.283446,127.054547,정상,2011,POINT (127.054547 37.283446)
SL_2368,37.283261,127.054333,정상,2011,POINT (127.054333 37.283261)
SL_2369,37.286419,127.05065,정상,2012,POINT (127.05065 37.286419)
SL_2370,37.284023,127.053888,정상,2012,POINT (127.053888 37.284023)
SL_2371,37.28391,127.054063,정상,2012,POINT (127.054063 37.28391)
SL_2372,37.283917,127.053792,정상,2012,POINT (127.053792 37.283917)
SL_2373,37.284154,127.053403,정상,2012,POINT (127.053403 37.284154)
SL_2374,37.284406,127.053006,정상,2012,POINT (127.053006 37.284406)
SL_2375,37.284949,127.052048,정상,2012,POINT (127.052048 37.284949)
SL_2376,37.28517,127.051709,정상,2012,POINT (127.051709 37.28517)
SL_2377,37.285542,127.051168,정상,2012,POINT (127.051168 37.285542)
SL_2378,37.285718,127.050977,정상,2012,POINT (127.050977 37.285718)
SL_2379,37.285986,127.050735,정상,2012,POINT (127.050735 37.285986)
SL_2380,37.286133,127.050893,정상,2012,POINT (127.050893 37.286133)
SL_2381,37.286218,127.05052,정상,2012,POINT (127.05052 37.286218)
SL_2382,37.286142,127.050365,정상,2012,POINT (127.050365 37.286142)
SL_2383,37.28598,127.050024,정상,2012,POINT (127.050024 37.28598)
SL_2384,37.285067,127.051647,정상,2012,POINT (127.051647 37.285067)
SL_2385,37.284968,127.051543,정상,2012,POINT (127.051543 37.284968)
SL_2386,37.28479,127.051388,정상,2012,POINT (127.051388 37.28479)
SL_2387,37.284625,127.051193,정상,2012,POINT (127.051193 37.284625)
SL_2388,37.28447,127.05103,정상,2012,POINT (127.05103 37.28447)
SL_2389,37.28581,127.051225,정상,2012,POINT (127.051225 37.28581)
SL_2390,37.285567,127.05147,정상,2012,POINT (127.05147 37.285567)
SL_2391,37.285323,127.051848,정상,2012,POINT (127.051848 37.285323)
SL_2392,37.285107,127.052197,정상,2012,POINT (127.052197 37.285107)
SL_2393,37.284834,127.052645,정상,2012,POINT (127.052645 37.284834)
SL_2394,37.284476,127.053166,정상,2012,POINT (127.053166 37.284476)
SL_2395,37.284271,127.053488,정상,2012,POINT (127.053488 37.284271)
SL_2396,37.299181,127.046895,정상,2013,POINT (127.046895 37.299181)
SL_2397,37.29834,127.044557,정상,2013,POINT (127.044557 37.29834)
SL_2398,37.298466,127.044311,정상,2013,POINT (127.044311 37.298466)
SL_2399,37.298597,127.044066,정상,2013,POINT (127.044066 37.298597)
SL_2400,37.298777,127.043731,정상,2013,POINT (127.043731 37.298777)
SL_2401,37.298917,127.043463,정상,2013,POINT (127.043463 37.298917)
SL_2402,37.29857,127.043829,정상,2013,POINT (127.043829 37.29857)
SL_2403,37.29834,127.044235,정상,2013,POINT (127.044235 37.29834)
SL_2404,37.298099,127.044675,정상,2013,POINT (127.044675 37.298099)
SL_2405,37.297943,127.045115,정상,2013,POINT (127.045115 37.297943)
SL_2406,37.297959,127.045526,정상,2013,POINT (127.045526 37.297959)
SL_2407,37.298983,127.046722,정상,2013,POINT (127.046722 37.298983)
SL_2408,37.298089,127.045944,정상,2013,POINT (127.045944 37.298089)
SL_2409,37.298285,127.046305,정상,2013,POINT (127.046305 37.298285)
SL_2410,37.298587,127.046652,정상,2013,POINT (127.046652 37.298587)
SL_2411,37.298877,127.046883,정상,2013,POINT (127.046883 37.298877)
SL_2412,37.298972,127.047097,정상,2013,POINT (127.047097 37.298972)
SL_2413,37.2991,127.047394,정상,2013,POINT (127.047394 37.2991)
SL_2414,37.298962,127.047721,정상,2013,POINT (127.047721 37.298962)
SL_2415,37.298816,127.048042,정상,2013,POINT (127.048042 37.298816)
SL_2416,37.298602,127.047574,정상,2013,POINT (127.047574 37.298602)
SL_2417,37.298771,127.047207,정상,2013,POINT (127.047207 37.298771)
SL_2418,37.298796,127.04657,정상,2013,POINT (127.04657 37.298796)
SL_2419,37.298497,127.046299,정상,2013,POINT (127.046299 37.298497)
SL_2420,37.298294,127.046009,정상,2013,POINT (127.046009 37.298294)
SL_2421,37.29815,127.045662,정상,2013,POINT (127.045662 37.29815)
SL_2422,37.298107,127.045414,정상,2013,POINT (127.045414 37.298107)
SL_2423,37.298121,127.045117,정상,2013,POINT (127.045117 37.298121)
SL_2424,37.298209,127.04479,정상,2013,POINT (127.04479 37.298209)
SL_2425,37.305421,127.051168,정상,2013,POINT (127.051168 37.305421)
SL_2426,37.307552,127.05177,고장,2013,POINT (127.05177 37.307552)
SL_2427,37.307743,127.051798,정상,2013,POINT (127.051798 37.307743)
SL_2428,37.307948,127.051835,정상,2013,POINT (127.051835 37.307948)
SL_2429,37.308171,127.05188,정상,2013,POINT (127.05188 37.308171)
SL_2430,37.308381,127.051928,정상,2013,POINT (127.051928 37.308381)
SL_2431,37.308602,127.052005,정상,2013,POINT (127.052005 37.308602)
SL_2432,37.308822,127.052098,정상,2013,POINT (127.052098 37.308822)
SL_2433,37.309043,127.052183,정상,2013,POINT (127.052183 37.309043)
SL_2434,37.309221,127.052273,정상,2013,POINT (127.052273 37.309221)
SL_2435,37.309406,127.052389,정상,2013,POINT (127.052389 37.309406)
SL_2436,37.305518,127.051506,정상,2013,POINT (127.051506 37.305518)
SL_2437,37.30957,127.052502,정상,2013,POINT (127.052502 37.30957)
SL_2438,37.309746,127.052648,정상,2013,POINT (127.052648 37.309746)
SL_2439,37.309928,127.052832,정상,2013,POINT (127.052832 37.309928)
SL_2440,37.310124,127.053013,정상,2013,POINT (127.053013 37.310124)
SL_2441,37.310288,127.053202,정상,2013,POINT (127.053202 37.310288)
SL_2442,37.310453,127.053427,정상,2013,POINT (127.053427 37.310453)
SL_2443,37.310617,127.053664,정상,2013,POINT (127.053664 37.310617)
SL_2444,37.310811,127.053932,정상,2013,POINT (127.053932 37.310811)
SL_2445,37.310941,127.054124,정상,2013,POINT (127.054124 37.310941)
SL_2446,37.311108,127.054342,정상,2013,POINT (127.054342 37.311108)
SL_2447,37.305793,127.051532,정상,2013,POINT (127.051532 37.305793)
SL_2448,37.306088,127.051563,정상,2013,POINT (127.051563 37.306088)
SL_2449,37.306322,127.051569,정상,2013,POINT (127.051569 37.306322)
SL_2450,37.30657,127.051597,정상,2013,POINT (127.051597 37.30657)
SL_2451,37.306838,127.05164,정상,2013,POINT (127.05164 37.306838)
SL_2452,37.307108,127.051677,정상,2013,POINT (127.051677 37.307108)
SL_2453,37.307385,127.051733,정상,2013,POINT (127.051733 37.307385)
SL_2454,37.296758,127.056012,정상,2013,POINT (127.056012 37.296758)
SL_2455,37.2983,127.05786,정상,2013,POINT (127.05786 37.2983)
SL_2456,37.298381,127.058091,정상,2013,POINT (127.058091 37.298381)
SL_2457,37.298462,127.058339,정상,2013,POINT (127.058339 37.298462)
SL_2458,37.298529,127.058604,정상,2013,POINT (127.058604 37.298529)
SL_2459,37.298574,127.058869,정상,2013,POINT (127.058869 37.298574)
SL_2460,37.298617,127.059123,정상,2013,POINT (127.059123 37.298617)
SL_2461,37.298646,127.059397,정상,2013,POINT (127.059397 37.298646)
SL_2462,37.298786,127.059628,정상,2013,POINT (127.059628 37.298786)
SL_2463,37.298892,127.05949,정상,2013,POINT (127.05949 37.298892)
SL_2464,37.299047,127.05927,정상,2013,POINT (127.05927 37.299047)
SL_2465,37.296954,127.056198,정상,2013,POINT (127.056198 37.296954)
SL_2466,37.299144,127.058963,정상,2013,POINT (127.058963 37.299144)
SL_2467,37.299122,127.058633,정상,2013,POINT (127.058633 37.299122)
SL_2468,37.299043,127.05834,정상,2013,POINT (127.05834 37.299043)
SL_2469,37.298951,127.058052,정상,2013,POINT (127.058052 37.298951)
SL_2470,37.298827,127.057767,정상,2013,POINT (127.057767 37.298827)
SL_2471,37.298712,127.057519,정상,2013,POINT (127.057519 37.298712)
SL_2472,37.298584,127.057214,정상,2013,POINT (127.057214 37.298584)
SL_2473,37.298656,127.056913,정상,2013,POINT (127.056913 37.298656)
SL_2474,37.29881,127.05665,정상,2013,POINT (127.05665 37.29881)
SL_2475,37.298947,127.056402,정상,2013,POINT (127.056402 37.298947)
SL_2476,37.297165,127.056364,정상,2013,POINT (127.056364 37.297165)
SL_2477,37.299031,127.056112,정상,2013,POINT (127.056112 37.299031)
SL_2478,37.299227,127.055904,정상,2013,POINT (127.055904 37.299227)
SL_2479,37.29945,127.056031,정상,2013,POINT (127.056031 37.29945)
SL_2480,37.29904,127.056586,정상,2013,POINT (127.056586 37.29904)
SL_2481,37.299051,127.056865,정상,2013,POINT (127.056865 37.299051)
SL_2482,37.299215,127.057023,정상,2013,POINT (127.057023 37.299215)
SL_2483,37.299434,127.057003,정상,2013,POINT (127.057003 37.299434)
SL_2484,37.299654,127.056989,정상,2013,POINT (127.056989 37.299654)
SL_2485,37.297377,127.056537,정상,2013,POINT (127.056537 37.297377)
SL_2486,37.297571,127.056734,정상,2013,POINT (127.056734 37.297571)
SL_2487,37.297805,127.056991,정상,2013,POINT (127.056991 37.297805)
SL_2488,37.297951,127.057197,정상,2013,POINT (127.057197 37.297951)
SL_2489,37.298089,127.057408,정상,2013,POINT (127.057408 37.298089)
SL_2490,37.298194,127.057623,정상,2013,POINT (127.057623 37.298194)
SL_2491,37.295909,127.055633,정상,2013,POINT (127.055633 37.295909)
SL_2492,37.297433,127.057126,정상,2013,POINT (127.057126 37.297433)
SL_2493,37.29758,127.057304,정상,2013,POINT (127.057304 37.29758)
SL_2494,37.297699,127.057476,정상,2013,POINT (127.057476 37.297699)
SL_2495,37.297836,127.05771,정상,2013,POINT (127.05771 37.297836)
SL_2496,37.297962,127.057955,정상,2013,POINT (127.057955 37.297962)
SL_2497,37.298061,127.058198,정상,2013,POINT (127.058198 37.298061)
SL_2498,37.298147,127.058452,정상,2013,POINT (127.058452 37.298147)
SL_2499,37.298212,127.058745,정상,2013,POINT (127.058745 37.298212)
SL_2500,37.298261,127.059019,정상,2013,POINT (127.059019 37.298261)
SL_2501,37.298299,127.059303,정상,2013,POINT (127.059303 37.298299)
SL_2502,37.296066,127.055831,정상,2013,POINT (127.055831 37.296066)
SL_2503,37.298331,127.059585,정상,2013,POINT (127.059585 37.298331)
SL_2504,37.298367,127.059896,정상,2013,POINT (127.059896 37.298367)
SL_2505,37.296247,127.056031,정상,2013,POINT (127.056031 37.296247)
SL_2506,37.296413,127.056192,정상,2013,POINT (127.056192 37.296413)
SL_2507,37.296575,127.05635,정상,2013,POINT (127.05635 37.296575)
SL_2508,37.296742,127.056508,정상,2013,POINT (127.056508 37.296742)
SL_2509,37.296922,127.056666,정상,2013,POINT (127.056666 37.296922)
SL_2510,37.297089,127.05681,정상,2013,POINT (127.05681 37.297089)
SL_2511,37.297264,127.056962,정상,2013,POINT (127.056962 37.297264)
SL_2512,37.290494,127.058671,정상,2013,POINT (127.058671 37.290494)
SL_2513,37.287896,127.056016,정상,2013,POINT (127.056016 37.287896)
SL_2514,37.287608,127.055737,정상,2013,POINT (127.055737 37.287608)
SL_2515,37.287302,127.055421,정상,2013,POINT (127.055421 37.287302)
SL_2516,37.287268,127.055658,고장,2013,POINT (127.055658 37.287268)
SL_2517,37.287507,127.055915,정상,2013,POINT (127.055915 37.287507)
SL_2518,37.287757,127.05616,정상,2013,POINT (127.05616 37.287757)
SL_2519,37.287979,127.056386,정상,2013,POINT (127.056386 37.287979)
SL_2520,37.288157,127.056564,정상,2013,POINT (127.056564 37.288157)
SL_2521,37.288286,127.056682,정상,2013,POINT (127.056682 37.288286)
SL_2522,37.288184,127.056809,정상,2013,POINT (127.056809 37.288184)
SL_2523,37.290337,127.058496,정상,2013,POINT (127.058496 37.290337)
SL_2524,37.288022,127.057003,정상,2013,POINT (127.057003 37.288022)
SL_2525,37.28788,127.0572,정상,2013,POINT (127.0572 37.28788)
SL_2526,37.287706,127.057429,정상,2013,POINT (127.057429 37.287706)
SL_2527,37.287517,127.057725,정상,2013,POINT (127.057725 37.287517)
SL_2528,37.287724,127.058021,정상,2013,POINT (127.058021 37.287724)
SL_2529,37.288657,127.05706,정상,2013,POINT (127.05706 37.288657)
SL_2530,37.289006,127.057413,정상,2013,POINT (127.057413 37.289006)
SL_2531,37.289333,127.057749,정상,2013,POINT (127.057749 37.289333)
SL_2532,37.289657,127.058087,정상,2013,POINT (127.058087 37.289657)
SL_2533,37.289967,127.0584,정상,2013,POINT (127.0584 37.289967)
SL_2534,37.290096,127.058259,정상,2013,POINT (127.058259 37.290096)
SL_2535,37.290229,127.058663,정상,2013,POINT (127.058663 37.290229)
SL_2536,37.290488,127.058928,정상,2013,POINT (127.058928 37.290488)
SL_2537,37.289826,127.057983,정상,2013,POINT (127.057983 37.289826)
SL_2538,37.289533,127.057689,정상,2013,POINT (127.057689 37.289533)
SL_2539,37.289243,127.057399,정상,2013,POINT (127.057399 37.289243)
SL_2540,37.288664,127.056809,정상,2013,POINT (127.056809 37.288664)
SL_2541,37.288407,127.05655,정상,2013,POINT (127.05655 37.288407)
SL_2542,37.288153,127.056293,정상,2013,POINT (127.056293 37.288153)
SL_2543,37.290125,127.05502,고장,2013,POINT (127.05502 37.290125)
SL_2544,37.287949,127.058396,정상,2013,POINT (127.058396 37.287949)
SL_2545,37.287476,127.058649,정상,2013,POINT (127.058649 37.287476)
SL_2546,37.287724,127.05832,정상,2013,POINT (127.05832 37.287724)
SL_2547,37.288028,127.057919,정상,2013,POINT (127.057919 37.288028)
SL_2548,37.28831,127.057525,정상,2013,POINT (127.057525 37.28831)
SL_2549,37.288578,127.057181,정상,2013,POINT (127.057181 37.288578)
SL_2550,37.288783,127.056916,정상,2013,POINT (127.056916 37.288783)
SL_2551,37.289117,127.056457,정상,2013,POINT (127.056457 37.289117)
SL_2552,37.289469,127.055995,정상,2013,POINT (127.055995 37.289469)
SL_2553,37.289689,127.05564,정상,2013,POINT (127.05564 37.289689)
SL_2554,37.289964,127.055417,정상,2013,POINT (127.055417 37.289964)
SL_2555,37.289823,127.055087,정상,2013,POINT (127.055087 37.289823)
SL_2556,37.289773,127.055975,정상,2013,POINT (127.055975 37.289773)
SL_2557,37.289484,127.05637,정상,2013,POINT (127.05637 37.289484)
SL_2558,37.289142,127.056821,정상,2013,POINT (127.056821 37.289142)
SL_2559,37.288941,127.057088,정상,2013,POINT (127.057088 37.288941)
SL_2560,37.288821,127.057232,정상,2013,POINT (127.057232 37.288821)
SL_2561,37.288643,127.05748,정상,2013,POINT (127.05748 37.288643)
SL_2562,37.288299,127.057942,정상,2013,POINT (127.057942 37.288299)
SL_2563,37.291523,127.051251,고장,2013,POINT (127.051251 37.291523)
SL_2564,37.290242,127.053757,정상,2013,POINT (127.053757 37.290242)
SL_2565,37.290004,127.0529,정상,2013,POINT (127.0529 37.290004)
SL_2566,37.290281,127.052564,정상,2013,POINT (127.052564 37.290281)
SL_2567,37.29123,127.05166,정상,2013,POINT (127.05166 37.29123)
SL_2568,37.290831,127.052224,고장,2013,POINT (127.052224 37.290831)
SL_2569,37.290671,127.052438,정상,2013,POINT (127.052438 37.290671)
SL_2570,37.29029,127.052914,정상,2013,POINT (127.052914 37.29029)
SL_2571,37.290089,127.053159,정상,2013,POINT (127.053159 37.290089)
SL_2572,37.2904,127.053588,정상,2013,POINT (127.053588 37.2904)
SL_2573,37.290558,127.053963,정상,2013,POINT (127.053963 37.290558)
SL_2574,37.290386,127.054222,정상,2013,POINT (127.054222 37.290386)
SL_2575,37.292375,127.050719,정상,2013,POINT (127.050719 37.292375)
SL_2576,37.293224,127.055079,정상,2013,POINT (127.055079 37.293224)
SL_2577,37.293327,127.055592,정상,2013,POINT (127.055592 37.293327)
SL_2578,37.29344,127.056043,정상,2013,POINT (127.056043 37.29344)
SL_2579,37.293548,127.055586,정상,2013,POINT (127.055586 37.293548)
SL_2580,37.293427,127.055028,정상,2013,POINT (127.055028 37.293427)
SL_2581,37.293335,127.054568,정상,2013,POINT (127.054568 37.293335)
SL_2582,37.293258,127.054044,정상,2013,POINT (127.054044 37.293258)
SL_2583,37.293232,127.053604,정상,2013,POINT (127.053604 37.293232)
SL_2584,37.293254,127.052913,정상,2013,POINT (127.052913 37.293254)
SL_2585,37.293345,127.052417,정상,2013,POINT (127.052417 37.293345)
SL_2586,37.292701,127.051106,정상,2013,POINT (127.051106 37.292701)
SL_2587,37.293455,127.051952,고장,2013,POINT (127.051952 37.293455)
SL_2588,37.293642,127.051684,정상,2013,POINT (127.051684 37.293642)
SL_2589,37.293361,127.051481,정상,2013,POINT (127.051481 37.293361)
SL_2590,37.293086,127.051199,정상,2013,POINT (127.051199 37.293086)
SL_2591,37.292814,127.05088,정상,2013,POINT (127.05088 37.292814)
SL_2592,37.29255,127.050564,정상,2013,POINT (127.050564 37.29255)
SL_2593,37.292303,127.050276,정상,2013,POINT (127.050276 37.292303)
SL_2594,37.29303,127.051486,정상,2013,POINT (127.051486 37.29303)
SL_2595,37.293275,127.051732,정상,2013,POINT (127.051732 37.293275)
SL_2596,37.293198,127.052087,정상,2013,POINT (127.052087 37.293198)
SL_2597,37.29307,127.052758,정상,2013,POINT (127.052758 37.29307)
SL_2598,37.293026,127.053666,정상,2013,POINT (127.053666 37.293026)
SL_2599,37.293053,127.054106,정상,2013,POINT (127.054106 37.293053)
SL_2600,37.293134,127.054647,정상,2013,POINT (127.054647 37.293134)
SL_2601,37.287021,127.058229,정상,2019,POINT (127.058229 37.287021)
SL_2602,37.287138,127.05839,정상,2019,POINT (127.05839 37.287138)
SL_2603,37.287278,127.058534,정상,2019,POINT (127.058534 37.287278)
SL_2604,37.295592,127.048984,정상,2013,POINT (127.048984 37.295592)
SL_2605,37.298009,127.049874,정상,2013,POINT (127.049874 37.298009)
SL_2606,37.298506,127.050461,정상,2013,POINT (127.050461 37.298506)
SL_2607,37.298229,127.050334,정상,2013,POINT (127.050334 37.298229)
SL_2608,37.297774,127.050114,정상,2013,POINT (127.050114 37.297774)
SL_2609,37.297162,127.049831,정상,2013,POINT (127.049831 37.297162)
SL_2610,37.297436,127.049956,정상,2013,POINT (127.049956 37.297436)
SL_2611,37.296898,127.049721,정상,2013,POINT (127.049721 37.296898)
SL_2612,37.296646,127.049614,정상,2013,POINT (127.049614 37.296646)
SL_2613,37.296358,127.049529,정상,2013,POINT (127.049529 37.296358)
SL_2614,37.296036,127.04943,정상,2013,POINT (127.04943 37.296036)
SL_2615,37.295822,127.049027,정상,2013,POINT (127.049027 37.295822)
SL_2616,37.295795,127.049351,정상,2013,POINT (127.049351 37.295795)
SL_2617,37.296076,127.049098,정상,2013,POINT (127.049098 37.296076)
SL_2618,37.296493,127.04923,정상,2013,POINT (127.04923 37.296493)
SL_2619,37.297011,127.049425,정상,2013,POINT (127.049425 37.297011)
SL_2620,37.297216,127.049513,정상,2013,POINT (127.049513 37.297216)
SL_2621,37.297466,127.04942,정상,2013,POINT (127.04942 37.297466)
SL_2622,37.297824,127.049395,정상,2013,POINT (127.049395 37.297824)
SL_2623,37.297669,127.049713,정상,2013,POINT (127.049713 37.297669)
SL_2624,37.294772,127.048637,정상,2013,POINT (127.048637 37.294772)
SL_2625,37.295255,127.04745,정상,2013,POINT (127.04745 37.295255)
SL_2626,37.295322,127.047078,정상,2013,POINT (127.047078 37.295322)
SL_2627,37.295359,127.046878,정상,2013,POINT (127.046878 37.295359)
SL_2628,37.295429,127.046562,정상,2013,POINT (127.046562 37.295429)
SL_2629,37.29548,127.046297,정상,2013,POINT (127.046297 37.29548)
SL_2630,37.295532,127.046041,정상,2013,POINT (127.046041 37.295532)
SL_2631,37.295598,127.045742,정상,2013,POINT (127.045742 37.295598)
SL_2632,37.295665,127.045412,정상,2013,POINT (127.045412 37.295665)
SL_2633,37.29574,127.045108,정상,2013,POINT (127.045108 37.29574)
SL_2634,37.295814,127.044772,정상,2013,POINT (127.044772 37.295814)
SL_2635,37.294856,127.048663,정상,2013,POINT (127.048663 37.294856)
SL_2636,37.295889,127.044437,정상,2013,POINT (127.044437 37.295889)
SL_2637,37.296056,127.043673,정상,2013,POINT (127.043673 37.296056)
SL_2638,37.29618,127.043083,정상,2013,POINT (127.043083 37.29618)
SL_2639,37.294941,127.048691,정상,2013,POINT (127.048691 37.294941)
SL_2640,37.295072,127.048533,정상,2013,POINT (127.048533 37.295072)
SL_2641,37.295097,127.048384,정상,2013,POINT (127.048384 37.295097)
SL_2642,37.295119,127.048226,정상,2013,POINT (127.048226 37.295119)
SL_2643,37.295146,127.048057,정상,2013,POINT (127.048057 37.295146)
SL_2644,37.295178,127.04789,정상,2013,POINT (127.04789 37.295178)
SL_2645,37.295219,127.047653,정상,2013,POINT (127.047653 37.295219)
SL_2646,37.296241,127.042816,정상,2013,POINT (127.042816 37.296241)
SL_2647,37.296721,127.040594,정상,2013,POINT (127.040594 37.296721)
SL_2648,37.296753,127.04036,정상,2013,POINT (127.04036 37.296753)
SL_2649,37.29678,127.04003,정상,2013,POINT (127.04003 37.29678)
SL_2650,37.296774,127.039692,정상,2013,POINT (127.039692 37.296774)
SL_2651,37.29674,127.039345,정상,2013,POINT (127.039345 37.29674)
SL_2652,37.296688,127.039032,정상,2013,POINT (127.039032 37.296688)
SL_2653,37.296632,127.038722,정상,2013,POINT (127.038722 37.296632)
SL_2654,37.296544,127.038445,정상,2013,POINT (127.038445 37.296544)
SL_2655,37.296468,127.038189,정상,2013,POINT (127.038189 37.296468)
SL_2656,37.296373,127.037949,정상,2013,POINT (127.037949 37.296373)
SL_2657,37.296293,127.042584,정상,2013,POINT (127.042584 37.296293)
SL_2658,37.296338,127.042376,정상,2013,POINT (127.042376 37.296338)
SL_2659,37.296376,127.042184,정상,2013,POINT (127.042184 37.296376)
SL_2660,37.296419,127.042006,정상,2013,POINT (127.042006 37.296419)
SL_2661,37.296478,127.041744,정상,2013,POINT (127.041744 37.296478)
SL_2662,37.296536,127.041462,정상,2013,POINT (127.041462 37.296536)
SL_2663,37.296593,127.041175,정상,2013,POINT (127.041175 37.296593)
SL_2664,37.296665,127.04087,정상,2013,POINT (127.04087 37.296665)
SL_2665,37.296258,127.03774,정상,2013,POINT (127.03774 37.296258)
SL_2666,37.294531,127.036203,정상,2013,POINT (127.036203 37.294531)
SL_2667,37.294297,127.035935,정상,2013,POINT (127.035935 37.294297)
SL_2668,37.294101,127.035684,정상,2013,POINT (127.035684 37.294101)
SL_2669,37.293964,127.035489,정상,2013,POINT (127.035489 37.293964)
SL_2670,37.293842,127.035684,정상,2013,POINT (127.035684 37.293842)
SL_2671,37.293646,127.03596,정상,2013,POINT (127.03596 37.293646)
SL_2672,37.293475,127.036225,정상,2013,POINT (127.036225 37.293475)
SL_2673,37.293321,127.036524,정상,2013,POINT (127.036524 37.293321)
SL_2674,37.293224,127.036803,정상,2013,POINT (127.036803 37.293224)
SL_2675,37.293157,127.037065,정상,2013,POINT (127.037065 37.293157)
SL_2676,37.296101,127.037517,정상,2013,POINT (127.037517 37.296101)
SL_2677,37.293118,127.037336,정상,2013,POINT (127.037336 37.293118)
SL_2678,37.293114,127.037584,정상,2013,POINT (127.037584 37.293114)
SL_2679,37.293098,127.03784,정상,2013,POINT (127.03784 37.293098)
SL_2680,37.293069,127.03806,정상,2013,POINT (127.03806 37.293069)
SL_2681,37.295916,127.037306,정상,2013,POINT (127.037306 37.295916)
SL_2682,37.295689,127.037123,정상,2013,POINT (127.037123 37.295689)
SL_2683,37.295452,127.036934,정상,2013,POINT (127.036934 37.295452)
SL_2684,37.295274,127.036801,정상,2013,POINT (127.036801 37.295274)
SL_2685,37.295126,127.036674,정상,2013,POINT (127.036674 37.295126)
SL_2686,37.29495,127.036547,정상,2013,POINT (127.036547 37.29495)
SL_2687,37.294768,127.036406,정상,2013,POINT (127.036406 37.294768)
SL_2688,37.239764,127.053918,정상,2002,POINT (127.053918 37.239764)
SL_2689,37.239556,127.053915,정상,2002,POINT (127.053915 37.239556)
SL_2690,37.239376,127.053918,정상,2002,POINT (127.053918 37.239376)
SL_2691,37.240095,127.053921,정상,2002,POINT (127.053921 37.240095)
SL_2692,37.240378,127.053941,정상,2002,POINT (127.053941 37.240378)
SL_2693,37.240647,127.05397,정상,2002,POINT (127.05397 37.240647)
SL_2694,37.240993,127.054,정상,2002,POINT (127.054 37.240993)
SL_2695,37.241228,127.05399,정상,2002,POINT (127.05399 37.241228)
SL_2696,37.293919,127.08271,정상,2013,POINT (127.08271 37.293919)
SL_2697,37.293862,127.080159,정상,2013,POINT (127.080159 37.293862)
SL_2698,37.293933,127.079751,정상,2013,POINT (127.079751 37.293933)
SL_2699,37.294022,127.079534,정상,2013,POINT (127.079534 37.294022)
SL_2700,37.294368,127.079595,정상,2013,POINT (127.079595 37.294368)
SL_2701,37.294592,127.079649,정상,2013,POINT (127.079649 37.294592)
SL_2702,37.294886,127.079717,정상,2013,POINT (127.079717 37.294886)
SL_2703,37.295099,127.079815,정상,2013,POINT (127.079815 37.295099)
SL_2704,37.293557,127.079497,정상,2013,POINT (127.079497 37.293557)
SL_2705,37.293581,127.079718,정상,2013,POINT (127.079718 37.293581)
SL_2706,37.293551,127.080014,정상,2013,POINT (127.080014 37.293551)
SL_2707,37.293874,127.082424,정상,2013,POINT (127.082424 37.293874)
SL_2708,37.293524,127.080567,정상,2013,POINT (127.080567 37.293524)
SL_2709,37.293505,127.080869,정상,2013,POINT (127.080869 37.293505)
SL_2710,37.293499,127.081177,정상,2013,POINT (127.081177 37.293499)
SL_2711,37.293511,127.081417,정상,2013,POINT (127.081417 37.293511)
SL_2712,37.293513,127.081719,정상,2013,POINT (127.081719 37.293513)
SL_2713,37.293544,127.081992,정상,2013,POINT (127.081992 37.293544)
SL_2714,37.293581,127.082295,정상,2013,POINT (127.082295 37.293581)
SL_2715,37.293621,127.08258,정상,2013,POINT (127.08258 37.293621)
SL_2716,37.293681,127.082852,정상,2013,POINT (127.082852 37.293681)
SL_2717,37.293753,127.083116,정상,2013,POINT (127.083116 37.293753)
SL_2718,37.293835,127.082134,정상,2013,POINT (127.082134 37.293835)
SL_2719,37.293833,127.083467,정상,2013,POINT (127.083467 37.293833)
SL_2720,37.29381,127.081815,정상,2013,POINT (127.081815 37.29381)
SL_2721,37.293785,127.081508,정상,2013,POINT (127.081508 37.293785)
SL_2722,37.293777,127.081205,정상,2013,POINT (127.081205 37.293777)
SL_2723,37.293778,127.080899,정상,2013,POINT (127.080899 37.293778)
SL_2724,37.293795,127.080621,정상,2013,POINT (127.080621 37.293795)
SL_2725,37.293817,127.080378,정상,2013,POINT (127.080378 37.293817)
SL_2726,37.294002,127.083092,정상,2013,POINT (127.083092 37.294002)
SL_2727,37.294927,127.085748,정상,2013,POINT (127.085748 37.294927)
SL_2728,37.295015,127.086142,정상,2013,POINT (127.086142 37.295015)
SL_2729,37.29509,127.086508,정상,2013,POINT (127.086508 37.29509)
SL_2730,37.29514,127.086847,정상,2013,POINT (127.086847 37.29514)
SL_2731,37.295189,127.087247,정상,2013,POINT (127.087247 37.295189)
SL_2732,37.295215,127.087626,정상,2013,POINT (127.087626 37.295215)
SL_2733,37.295236,127.087998,정상,2013,POINT (127.087998 37.295236)
SL_2734,37.293942,127.083834,정상,2013,POINT (127.083834 37.293942)
SL_2735,37.294094,127.084189,고장,2013,POINT (127.084189 37.294094)
SL_2736,37.294242,127.084508,정상,2013,POINT (127.084508 37.294242)
SL_2737,37.294061,127.083339,정상,2013,POINT (127.083339 37.294061)
SL_2738,37.294335,127.084744,정상,2013,POINT (127.084744 37.294335)
SL_2739,37.2945,127.085141,정상,2013,POINT (127.085141 37.2945)
SL_2740,37.294601,127.08549,정상,2013,POINT (127.08549 37.294601)
SL_2741,37.294697,127.085823,정상,2013,POINT (127.085823 37.294697)
SL_2742,37.29477,127.086144,정상,2013,POINT (127.086144 37.29477)
SL_2743,37.294834,127.08657,정상,2013,POINT (127.08657 37.294834)
SL_2744,37.294894,127.086951,정상,2013,POINT (127.086951 37.294894)
SL_2745,37.294939,127.087161,정상,2013,POINT (127.087161 37.294939)
SL_2746,37.294975,127.087433,정상,2013,POINT (127.087433 37.294975)
SL_2747,37.294982,127.08776,정상,2013,POINT (127.08776 37.294982)
SL_2748,37.294177,127.083713,고장,2013,POINT (127.083713 37.294177)
SL_2749,37.294978,127.088031,정상,2013,POINT (127.088031 37.294978)
SL_2750,37.294994,127.088379,정상,2013,POINT (127.088379 37.294994)
SL_2751,37.295228,127.088392,정상,2013,POINT (127.088392 37.295228)
SL_2752,37.294302,127.084036,정상,2013,POINT (127.084036 37.294302)
SL_2753,37.294383,127.08424,정상,2013,POINT (127.08424 37.294383)
SL_2754,37.294496,127.084507,정상,2013,POINT (127.084507 37.294496)
SL_2755,37.29459,127.084721,고장,2013,POINT (127.084721 37.29459)
SL_2756,37.294713,127.085056,정상,2013,POINT (127.085056 37.294713)
SL_2757,37.294848,127.085483,정상,2013,POINT (127.085483 37.294848)
SL_2758,37.295852,127.083372,정상,2013,POINT (127.083372 37.295852)
SL_2759,37.296072,127.084004,정상,2013,POINT (127.084004 37.296072)
SL_2760,37.296216,127.084438,정상,2013,POINT (127.084438 37.296216)
SL_2761,37.296351,127.085025,정상,2013,POINT (127.085025 37.296351)
SL_2762,37.296549,127.08551,정상,2013,POINT (127.08551 37.296549)
SL_2763,37.296572,127.085178,정상,2013,POINT (127.085178 37.296572)
SL_2764,37.296405,127.084675,정상,2013,POINT (127.084675 37.296405)
SL_2765,37.29627,127.084162,정상,2013,POINT (127.084162 37.29627)
SL_2766,37.296122,127.083638,정상,2013,POINT (127.083638 37.296122)
SL_2767,37.286832,127.077476,정상,2012,POINT (127.077476 37.286832)
SL_2768,37.285756,127.076837,정상,2012,POINT (127.076837 37.285756)
SL_2769,37.285488,127.07675,정상,2012,POINT (127.07675 37.285488)
SL_2770,37.285209,127.076642,정상,2012,POINT (127.076642 37.285209)
SL_2771,37.284947,127.076428,정상,2012,POINT (127.076428 37.284947)
SL_2772,37.284644,127.07616,정상,2012,POINT (127.07616 37.284644)
SL_2773,37.284353,127.075903,정상,2012,POINT (127.075903 37.284353)
SL_2774,37.284076,127.075629,정상,2012,POINT (127.075629 37.284076)
SL_2775,37.28386,127.075375,정상,2012,POINT (127.075375 37.28386)
SL_2776,37.283662,127.075099,정상,2012,POINT (127.075099 37.283662)
SL_2777,37.283487,127.074819,정상,2012,POINT (127.074819 37.283487)
SL_2778,37.286589,127.077425,정상,2012,POINT (127.077425 37.286589)
SL_2779,37.283302,127.074509,정상,2012,POINT (127.074509 37.283302)
SL_2780,37.283111,127.074207,정상,2012,POINT (127.074207 37.283111)
SL_2781,37.282922,127.073829,정상,2012,POINT (127.073829 37.282922)
SL_2782,37.282749,127.073482,정상,2012,POINT (127.073482 37.282749)
SL_2783,37.282577,127.073198,정상,2012,POINT (127.073198 37.282577)
SL_2784,37.282431,127.072839,정상,2012,POINT (127.072839 37.282431)
SL_2785,37.282258,127.072411,정상,2012,POINT (127.072411 37.282258)
SL_2786,37.286258,127.077317,정상,2012,POINT (127.077317 37.286258)
SL_2787,37.285963,127.077162,정상,2012,POINT (127.077162 37.285963)
SL_2788,37.285614,127.07695,정상,2012,POINT (127.07695 37.285614)
SL_2789,37.286844,127.077166,정상,2012,POINT (127.077166 37.286844)
SL_2790,37.28656,127.0771,정상,2012,POINT (127.0771 37.28656)
SL_2791,37.286317,127.077021,정상,2012,POINT (127.077021 37.286317)
SL_2792,37.286085,127.076948,정상,2012,POINT (127.076948 37.286085)
SL_2793,37.292999,127.078988,정상,2012,POINT (127.078988 37.292999)
SL_2794,37.291152,127.07854,정상,2012,POINT (127.07854 37.291152)
SL_2795,37.290832,127.078452,정상,2012,POINT (127.078452 37.290832)
SL_2796,37.290573,127.078399,정상,2012,POINT (127.078399 37.290573)
SL_2797,37.290271,127.078319,정상,2012,POINT (127.078319 37.290271)
SL_2798,37.290006,127.078249,정상,2012,POINT (127.078249 37.290006)
SL_2799,37.289699,127.078155,정상,2012,POINT (127.078155 37.289699)
SL_2800,37.289434,127.078025,정상,2012,POINT (127.078025 37.289434)
SL_2801,37.289166,127.077924,정상,2012,POINT (127.077924 37.289166)
SL_2802,37.288936,127.077839,정상,2012,POINT (127.077839 37.288936)
SL_2803,37.288702,127.077751,정상,2012,POINT (127.077751 37.288702)
SL_2804,37.292674,127.078897,정상,2012,POINT (127.078897 37.292674)
SL_2805,37.288449,127.077661,정상,2012,POINT (127.077661 37.288449)
SL_2806,37.288213,127.077576,정상,2012,POINT (127.077576 37.288213)
SL_2807,37.287963,127.077499,정상,2012,POINT (127.077499 37.287963)
SL_2808,37.287711,127.077409,정상,2012,POINT (127.077409 37.287711)
SL_2809,37.287477,127.077333,정상,2012,POINT (127.077333 37.287477)
SL_2810,37.287213,127.077245,정상,2012,POINT (127.077245 37.287213)
SL_2811,37.288438,127.077864,정상,2012,POINT (127.077864 37.288438)
SL_2812,37.288197,127.077815,정상,2012,POINT (127.077815 37.288197)
SL_2813,37.287895,127.07775,정상,2012,POINT (127.07775 37.287895)
SL_2814,37.287625,127.077685,정상,2012,POINT (127.077685 37.287625)
SL_2815,37.293139,127.078548,정상,2012,POINT (127.078548 37.293139)
SL_2816,37.287314,127.077603,정상,2012,POINT (127.077603 37.287314)
SL_2817,37.287006,127.077521,정상,2012,POINT (127.077521 37.287006)
SL_2818,37.292819,127.0787,정상,2012,POINT (127.0787 37.292819)
SL_2819,37.29256,127.078745,정상,2012,POINT (127.078745 37.29256)
SL_2820,37.292334,127.078795,정상,2012,POINT (127.078795 37.292334)
SL_2821,37.292033,127.078738,정상,2012,POINT (127.078738 37.292033)
SL_2822,37.291724,127.078665,정상,2012,POINT (127.078665 37.291724)
SL_2823,37.291411,127.078594,정상,2012,POINT (127.078594 37.291411)
SL_2824,37.29144,127.079085,정상,2012,POINT (127.079085 37.29144)
SL_2825,37.293473,127.080234,정상,2012,POINT (127.080234 37.293473)
SL_2826,37.293667,127.080319,정상,2012,POINT (127.080319 37.293667)
SL_2827,37.293933,127.080297,정상,2012,POINT (127.080297 37.293933)
SL_2828,37.294149,127.080218,정상,2012,POINT (127.080218 37.294149)
SL_2829,37.294325,127.080094,정상,2012,POINT (127.080094 37.294325)
SL_2830,37.294438,127.079936,정상,2012,POINT (127.079936 37.294438)
SL_2831,37.29451,127.079722,정상,2012,POINT (127.079722 37.29451)
SL_2832,37.294505,127.07955,정상,2012,POINT (127.07955 37.294505)
SL_2834,37.29176,127.079186,정상,2012,POINT (127.079186 37.29176)
SL_2835,37.292052,127.079277,정상,2012,POINT (127.079277 37.292052)
SL_2836,37.292273,127.079373,정상,2012,POINT (127.079373 37.292273)
SL_2837,37.292557,127.079486,정상,2012,POINT (127.079486 37.292557)
SL_2838,37.292751,127.079605,정상,2012,POINT (127.079605 37.292751)
SL_2839,37.292953,127.079785,정상,2012,POINT (127.079785 37.292953)
SL_2840,37.293131,127.079952,정상,2012,POINT (127.079952 37.293131)
SL_2841,37.293289,127.080104,정상,2012,POINT (127.080104 37.293289)
SL_2842,37.278672,127.06885,정상,2013,POINT (127.06885 37.278672)
SL_2843,37.279734,127.070088,정상,2013,POINT (127.070088 37.279734)
SL_2844,37.279487,127.069967,정상,2013,POINT (127.069967 37.279487)
SL_2845,37.279311,127.069783,정상,2013,POINT (127.069783 37.279311)
SL_2846,37.279156,127.069442,정상,2013,POINT (127.069442 37.279156)
SL_2847,37.279014,127.069107,정상,2013,POINT (127.069107 37.279014)
SL_2848,37.278773,127.068732,정상,2013,POINT (127.068732 37.278773)
SL_2849,37.278375,127.068551,정상,2013,POINT (127.068551 37.278375)
SL_2850,37.277834,127.068714,정상,2013,POINT (127.068714 37.277834)
SL_2851,37.277336,127.068854,정상,2013,POINT (127.068854 37.277336)
SL_2852,37.276899,127.068707,정상,2013,POINT (127.068707 37.276899)
SL_2853,37.278985,127.069436,정상,2013,POINT (127.069436 37.278985)
SL_2854,37.276629,127.068357,정상,2013,POINT (127.068357 37.276629)
SL_2855,37.276411,127.06805,정상,2013,POINT (127.06805 37.276411)
SL_2856,37.276318,127.067847,정상,2013,POINT (127.067847 37.276318)
SL_2857,37.276321,127.067528,정상,2013,POINT (127.067528 37.276321)
SL_2858,37.276328,127.067272,정상,2013,POINT (127.067272 37.276328)
SL_2859,37.27655,127.068493,정상,2013,POINT (127.068493 37.27655)
SL_2860,37.276906,127.068921,정상,2013,POINT (127.068921 37.276906)
SL_2861,37.27728,127.069046,정상,2013,POINT (127.069046 37.27728)
SL_2862,37.277735,127.068936,정상,2013,POINT (127.068936 37.277735)
SL_2863,37.278012,127.068841,정상,2013,POINT (127.068841 37.278012)
SL_2864,37.279552,127.070212,정상,2013,POINT (127.070212 37.279552)
SL_2865,37.278253,127.068762,정상,2013,POINT (127.068762 37.278253)
SL_2866,37.279867,127.070303,정상,2013,POINT (127.070303 37.279867)
SL_2867,37.280182,127.070388,정상,2013,POINT (127.070388 37.280182)
SL_2868,37.280664,127.070416,정상,2013,POINT (127.070416 37.280664)
SL_2869,37.280676,127.070219,정상,2013,POINT (127.070219 37.280676)
SL_2870,37.280315,127.070238,정상,2013,POINT (127.070238 37.280315)
SL_2871,37.280047,127.070159,정상,2013,POINT (127.070159 37.280047)
SL_2872,37.273398,127.065778,정상,2013,POINT (127.065778 37.273398)
SL_2873,37.276011,127.066969,정상,2013,POINT (127.066969 37.276011)
SL_2874,37.276077,127.067094,정상,2013,POINT (127.067094 37.276077)
SL_2875,37.276118,127.067468,정상,2013,POINT (127.067468 37.276118)
SL_2876,37.276121,127.067644,정상,2013,POINT (127.067644 37.276121)
SL_2877,37.276112,127.068072,정상,2013,POINT (127.068072 37.276112)
SL_2878,37.276134,127.068236,정상,2013,POINT (127.068236 37.276134)
SL_2879,37.276384,127.066956,정상,2013,POINT (127.066956 37.276384)
SL_2880,37.276605,127.067007,정상,2013,POINT (127.067007 37.276605)
SL_2881,37.27695,127.067117,정상,2013,POINT (127.067117 37.27695)
SL_2882,37.277229,127.067191,정상,2013,POINT (127.067191 37.277229)
SL_2883,37.273687,127.066015,정상,2013,POINT (127.066015 37.273687)
SL_2884,37.27758,127.067282,정상,2013,POINT (127.067282 37.27758)
SL_2885,37.277927,127.067395,정상,2013,POINT (127.067395 37.277927)
SL_2886,37.278251,127.067479,정상,2013,POINT (127.067479 37.278251)
SL_2887,37.278594,127.067581,정상,2013,POINT (127.067581 37.278594)
SL_2888,37.278923,127.067683,정상,2013,POINT (127.067683 37.278923)
SL_2889,37.279215,127.067841,정상,2013,POINT (127.067841 37.279215)
SL_2890,37.273851,127.066131,정상,2013,POINT (127.066131 37.273851)
SL_2891,37.27411,127.066271,정상,2013,POINT (127.066271 37.27411)
SL_2892,37.274462,127.066405,정상,2013,POINT (127.066405 37.274462)
SL_2893,37.274753,127.066507,정상,2013,POINT (127.066507 37.274753)
SL_2894,37.275041,127.066583,정상,2013,POINT (127.066583 37.275041)
SL_2895,37.275378,127.066675,정상,2013,POINT (127.066675 37.275378)
SL_2896,37.275786,127.066825,정상,2013,POINT (127.066825 37.275786)
SL_2897,37.28197,127.071638,정상,2012,POINT (127.071638 37.28197)
SL_2898,37.281372,127.070048,정상,2012,POINT (127.070048 37.281372)
SL_2899,37.281214,127.069751,정상,2012,POINT (127.069751 37.281214)
SL_2900,37.281077,127.069475,정상,2012,POINT (127.069475 37.281077)
SL_2901,37.280931,127.069216,정상,2012,POINT (127.069216 37.280931)
SL_2902,37.280807,127.068987,정상,2012,POINT (127.068987 37.280807)
SL_2903,37.280663,127.068781,정상,2012,POINT (127.068781 37.280663)
SL_2904,37.280515,127.068564,정상,2012,POINT (127.068564 37.280515)
SL_2905,37.280357,127.068369,정상,2012,POINT (127.068369 37.280357)
SL_2906,37.280326,127.068113,정상,2012,POINT (127.068113 37.280326)
SL_2907,37.280531,127.067983,정상,2012,POINT (127.067983 37.280531)
SL_2908,37.281889,127.071455,정상,2012,POINT (127.071455 37.281889)
SL_2909,37.280695,127.067879,정상,2012,POINT (127.067879 37.280695)
SL_2910,37.280905,127.067798,정상,2012,POINT (127.067798 37.280905)
SL_2911,37.281117,127.067691,정상,2012,POINT (127.067691 37.281117)
SL_2912,37.279902,127.067969,정상,2012,POINT (127.067969 37.279902)
SL_2913,37.27974,127.067813,정상,2012,POINT (127.067813 37.27974)
SL_2914,37.281838,127.071286,정상,2012,POINT (127.071286 37.281838)
SL_2915,37.281768,127.071108,정상,2012,POINT (127.071108 37.281768)
SL_2916,37.281703,127.070919,정상,2012,POINT (127.070919 37.281703)
SL_2917,37.281635,127.07073,정상,2012,POINT (127.07073 37.281635)
SL_2918,37.281572,127.070561,정상,2012,POINT (127.070561 37.281572)
SL_2919,37.281511,127.070392,정상,2012,POINT (127.070392 37.281511)
SL_2920,37.281439,127.070189,정상,2012,POINT (127.070189 37.281439)
SL_2921,37.292384,127.071873,정상,2013,POINT (127.071873 37.292384)
SL_2922,37.290267,127.070885,정상,2013,POINT (127.070885 37.290267)
SL_2923,37.292003,127.071772,정상,2013,POINT (127.071772 37.292003)
SL_2924,37.291767,127.071707,고장,2013,POINT (127.071707 37.291767)
SL_2925,37.291542,127.071656,정상,2013,POINT (127.071656 37.291542)
SL_2926,37.291391,127.071599,정상,2013,POINT (127.071599 37.291391)
SL_2927,37.291235,127.071554,정상,2013,POINT (127.071554 37.291235)
SL_2928,37.290884,127.071458,정상,2013,POINT (127.071458 37.290884)
SL_2929,37.290672,127.071325,정상,2013,POINT (127.071325 37.290672)
SL_2930,37.290416,127.071099,정상,2013,POINT (127.071099 37.290416)
SL_2931,37.292296,127.072102,정상,2011,POINT (127.072102 37.292296)
SL_2932,37.290139,127.071045,정상,2011,POINT (127.071045 37.290139)
SL_2933,37.293045,127.069743,정상,2011,POINT (127.069743 37.293045)
SL_2934,37.293027,127.070118,정상,2011,POINT (127.070118 37.293027)
SL_2935,37.292952,127.070518,정상,2011,POINT (127.070518 37.292952)
SL_2936,37.292878,127.070994,정상,2011,POINT (127.070994 37.292878)
SL_2937,37.292803,127.071372,정상,2011,POINT (127.071372 37.292803)
SL_2938,37.292701,127.071981,정상,2011,POINT (127.071981 37.292701)
SL_2939,37.292591,127.072184,정상,2011,POINT (127.072184 37.292591)
SL_2940,37.292514,127.072536,정상,2011,POINT (127.072536 37.292514)
SL_2941,37.29241,127.073165,정상,2011,POINT (127.073165 37.29241)
SL_2942,37.292035,127.072025,정상,2011,POINT (127.072025 37.292035)
SL_2943,37.292308,127.073751,정상,2011,POINT (127.073751 37.292308)
SL_2944,37.292229,127.074194,정상,2011,POINT (127.074194 37.292229)
SL_2945,37.292141,127.074679,정상,2011,POINT (127.074679 37.292141)
SL_2946,37.292073,127.075059,정상,2011,POINT (127.075059 37.292073)
SL_2947,37.292035,127.075412,정상,2011,POINT (127.075412 37.292035)
SL_2948,37.29226,127.074887,정상,2011,POINT (127.074887 37.29226)
SL_2949,37.292438,127.074955,정상,2011,POINT (127.074955 37.292438)
SL_2950,37.292571,127.074981,정상,2011,POINT (127.074981 37.292571)
SL_2951,37.292875,127.075066,정상,2011,POINT (127.075066 37.292875)
SL_2952,37.293067,127.075114,정상,2011,POINT (127.075114 37.293067)
SL_2953,37.291744,127.071941,정상,2011,POINT (127.071941 37.291744)
SL_2954,37.293224,127.075156,정상,2011,POINT (127.075156 37.293224)
SL_2955,37.293382,127.075213,정상,2011,POINT (127.075213 37.293382)
SL_2956,37.291465,127.071881,정상,2011,POINT (127.071881 37.291465)
SL_2957,37.291312,127.07183,정상,2011,POINT (127.07183 37.291312)
SL_2958,37.291246,127.071816,정상,2011,POINT (127.071816 37.291246)
SL_2959,37.290827,127.071661,정상,2011,POINT (127.071661 37.290827)
SL_2960,37.290557,127.071508,정상,2011,POINT (127.071508 37.290557)
SL_2961,37.290341,127.07133,정상,2011,POINT (127.07133 37.290341)
SL_2962,37.293289,127.068686,정상,2011,POINT (127.068686 37.293289)
SL_2963,37.291166,127.069978,정상,2011,POINT (127.069978 37.291166)
SL_2964,37.290975,127.070087,정상,2011,POINT (127.070087 37.290975)
SL_2965,37.290702,127.070268,정상,2011,POINT (127.070268 37.290702)
SL_2966,37.290432,127.070428,정상,2011,POINT (127.070428 37.290432)
SL_2967,37.291959,127.070035,정상,2011,POINT (127.070035 37.291959)
SL_2968,37.292051,127.070297,정상,2011,POINT (127.070297 37.292051)
SL_2969,37.292159,127.070528,정상,2011,POINT (127.070528 37.292159)
SL_2970,37.292328,127.070622,정상,2011,POINT (127.070622 37.292328)
SL_2971,37.292499,127.070675,정상,2011,POINT (127.070675 37.292499)
SL_2972,37.292677,127.070715,정상,2011,POINT (127.070715 37.292677)
SL_2973,37.293064,127.068826,정상,2011,POINT (127.068826 37.293064)
SL_2974,37.292752,127.070354,정상,2011,POINT (127.070354 37.292752)
SL_2975,37.292806,127.070016,정상,2011,POINT (127.070016 37.292806)
SL_2976,37.29254,127.070033,정상,2011,POINT (127.070033 37.29254)
SL_2977,37.292356,127.069925,정상,2011,POINT (127.069925 37.292356)
SL_2978,37.292119,127.069677,정상,2011,POINT (127.069677 37.292119)
SL_2979,37.292394,127.069502,정상,2011,POINT (127.069502 37.292394)
SL_2980,37.29268,127.069328,정상,2011,POINT (127.069328 37.29268)
SL_2981,37.292791,127.06961,정상,2011,POINT (127.06961 37.292791)
SL_2982,37.293566,127.06925,정상,2011,POINT (127.06925 37.293566)
SL_2983,37.29346,127.068956,정상,2011,POINT (127.068956 37.29346)
SL_2984,37.292811,127.068984,정상,2011,POINT (127.068984 37.292811)
SL_2985,37.292687,127.069054,정상,2011,POINT (127.069054 37.292687)
SL_2986,37.292397,127.069229,정상,2011,POINT (127.069229 37.292397)
SL_2987,37.292187,127.069358,정상,2011,POINT (127.069358 37.292187)
SL_2988,37.29189,127.06955,정상,2011,POINT (127.06955 37.29189)
SL_2989,37.291727,127.069634,정상,2011,POINT (127.069634 37.291727)
SL_2990,37.291383,127.069848,고장,2011,POINT (127.069848 37.291383)
SL_2991,37.293037,127.069072,정상,2013,POINT (127.069072 37.293037)
SL_2992,37.294288,127.070048,정상,2013,POINT (127.070048 37.294288)
SL_2993,37.294243,127.070325,정상,2013,POINT (127.070325 37.294243)
SL_2994,37.294189,127.070635,정상,2013,POINT (127.070635 37.294189)
SL_2995,37.294117,127.07099,정상,2013,POINT (127.07099 37.294117)
SL_2996,37.294076,127.071238,정상,2013,POINT (127.071238 37.294076)
SL_2997,37.294026,127.071531,정상,2013,POINT (127.071531 37.294026)
SL_2998,37.293976,127.071807,정상,2013,POINT (127.071807 37.293976)
SL_2999,37.293814,127.071954,정상,2013,POINT (127.071954 37.293814)
SL_3000,37.293517,127.071875,정상,2013,POINT (127.071875 37.293517)
SL_3001,37.293251,127.071795,정상,2013,POINT (127.071795 37.293251)
SL_3002,37.293375,127.068852,정상,2013,POINT (127.068852 37.293375)
SL_3003,37.293625,127.07139,정상,2013,POINT (127.07139 37.293625)
SL_3004,37.29368,127.071125,정상,2013,POINT (127.071125 37.29368)
SL_3005,37.293842,127.071052,정상,2013,POINT (127.071052 37.293842)
SL_3006,37.293774,127.070567,정상,2013,POINT (127.070567 37.293774)
SL_3007,37.293833,127.070268,정상,2013,POINT (127.070268 37.293833)
SL_3008,37.294041,127.070099,정상,2013,POINT (127.070099 37.294041)
SL_3009,37.293788,127.069901,정상,2013,POINT (127.069901 37.293788)
SL_3010,37.293915,127.069794,정상,2013,POINT (127.069794 37.293915)
SL_3011,37.293969,127.069484,정상,2013,POINT (127.069484 37.293969)
SL_3012,37.294014,127.069191,정상,2013,POINT (127.069191 37.294014)
SL_3013,37.293654,127.068728,정상,2013,POINT (127.068728 37.293654)
SL_3014,37.294458,127.068757,정상,2019,POINT (127.068757 37.294458)
SL_3015,37.293969,127.068762,정상,2013,POINT (127.068762 37.293969)
SL_3016,37.294258,127.068858,정상,2013,POINT (127.068858 37.294258)
SL_3017,37.294447,127.068932,정상,2013,POINT (127.068932 37.294447)
SL_3018,37.29446,127.069135,정상,2013,POINT (127.069135 37.29446)
SL_3019,37.29441,127.069366,정상,2013,POINT (127.069366 37.29441)
SL_3020,37.294343,127.069699,정상,2013,POINT (127.069699 37.294343)
SL_3021,37.290155,127.0706,정상,2011,POINT (127.0706 37.290155)
SL_3022,37.289091,127.067957,정상,2011,POINT (127.067957 37.289091)
SL_3023,37.288942,127.067602,정상,2011,POINT (127.067602 37.288942)
SL_3024,37.288798,127.067235,정상,2011,POINT (127.067235 37.288798)
SL_3025,37.289952,127.070667,정상,2011,POINT (127.070667 37.289952)
SL_3026,37.289905,127.070543,정상,2011,POINT (127.070543 37.289905)
SL_3027,37.289801,127.070292,정상,2011,POINT (127.070292 37.289801)
SL_3028,37.289693,127.070019,정상,2011,POINT (127.070019 37.289693)
SL_3029,37.289572,127.069711,정상,2011,POINT (127.069711 37.289572)
SL_3030,37.289446,127.069412,정상,2011,POINT (127.069412 37.289446)
SL_3031,37.289306,127.069079,정상,2011,POINT (127.069079 37.289306)
SL_3032,37.290094,127.070507,정상,2011,POINT (127.070507 37.290094)
SL_3033,37.289176,127.068724,정상,2011,POINT (127.068724 37.289176)
SL_3034,37.289027,127.068391,정상,2011,POINT (127.068391 37.289027)
SL_3035,37.288883,127.068042,정상,2011,POINT (127.068042 37.288883)
SL_3036,37.288757,127.067714,정상,2011,POINT (127.067714 37.288757)
SL_3037,37.289963,127.070137,정상,2011,POINT (127.070137 37.289963)
SL_3038,37.289851,127.069903,정상,2011,POINT (127.069903 37.289851)
SL_3039,37.28972,127.069565,정상,2011,POINT (127.069565 37.28972)
SL_3040,37.289612,127.069271,정상,2011,POINT (127.069271 37.289612)
SL_3041,37.289514,127.068956,정상,2011,POINT (127.068956 37.289514)
SL_3042,37.289338,127.068617,정상,2011,POINT (127.068617 37.289338)
SL_3043,37.289226,127.068307,정상,2011,POINT (127.068307 37.289226)
SL_3044,37.288022,127.065695,정상,2013,POINT (127.065695 37.288022)
SL_3045,37.287395,127.062427,정상,2013,POINT (127.062427 37.287395)
SL_3046,37.287326,127.062122,정상,2013,POINT (127.062122 37.287326)
SL_3047,37.287283,127.061922,정상,2013,POINT (127.061922 37.287283)
SL_3048,37.287175,127.061561,정상,2013,POINT (127.061561 37.287175)
SL_3049,37.287002,127.061124,정상,2013,POINT (127.061124 37.287002)
SL_3050,37.286813,127.060791,정상,2013,POINT (127.060791 37.286813)
SL_3051,37.286669,127.060554,정상,2013,POINT (127.060554 37.286669)
SL_3052,37.286522,127.060329,정상,2013,POINT (127.060329 37.286522)
SL_3053,37.286498,127.060157,정상,2013,POINT (127.060157 37.286498)
SL_3054,37.286522,127.059974,정상,2013,POINT (127.059974 37.286522)
SL_3055,37.287945,127.065396,정상,2013,POINT (127.065396 37.287945)
SL_3056,37.286637,127.059785,정상,2013,POINT (127.059785 37.286637)
SL_3057,37.286822,127.059537,정상,2013,POINT (127.059537 37.286822)
SL_3058,37.287,127.059297,정상,2013,POINT (127.059297 37.287)
SL_3059,37.287518,127.063718,정상,2013,POINT (127.063718 37.287518)
SL_3060,37.287106,127.063774,정상,2013,POINT (127.063774 37.287106)
SL_3061,37.286626,127.063613,정상,2013,POINT (127.063613 37.286626)
SL_3062,37.28646,127.063703,정상,2013,POINT (127.063703 37.28646)
SL_3063,37.286818,127.063878,정상,2013,POINT (127.063878 37.286818)
SL_3064,37.287149,127.063929,정상,2013,POINT (127.063929 37.287149)
SL_3065,37.287844,127.064984,정상,2013,POINT (127.064984 37.287844)
SL_3066,37.287788,127.064626,정상,2013,POINT (127.064626 37.287788)
SL_3067,37.287725,127.064237,정상,2013,POINT (127.064237 37.287725)
SL_3068,37.287651,127.063868,정상,2013,POINT (127.063868 37.287651)
SL_3069,37.28762,127.063654,정상,2013,POINT (127.063654 37.28762)
SL_3070,37.287523,127.063211,정상,2013,POINT (127.063211 37.287523)
SL_3071,37.287451,127.062825,정상,2013,POINT (127.062825 37.287451)
SL_3072,37.291956,127.067176,정상,2013,POINT (127.067176 37.291956)
SL_3073,37.290747,127.066879,정상,2013,POINT (127.066879 37.290747)
SL_3074,37.290886,127.067209,정상,2013,POINT (127.067209 37.290886)
SL_3075,37.290979,127.06744,정상,2013,POINT (127.06744 37.290979)
SL_3076,37.291102,127.067725,정상,2013,POINT (127.067725 37.291102)
SL_3077,37.291249,127.067626,정상,2013,POINT (127.067626 37.291249)
SL_3078,37.291463,127.067483,정상,2013,POINT (127.067483 37.291463)
SL_3079,37.291706,127.067328,정상,2013,POINT (127.067328 37.291706)
SL_3080,37.291911,127.067057,정상,2013,POINT (127.067057 37.291911)
SL_3081,37.29183,127.066849,정상,2013,POINT (127.066849 37.29183)
SL_3082,37.291736,127.066623,정상,2013,POINT (127.066623 37.291736)
SL_3083,37.291637,127.066375,정상,2013,POINT (127.066375 37.291637)
SL_3084,37.291457,127.066098,정상,2013,POINT (127.066098 37.291457)
SL_3085,37.291162,127.066284,정상,2013,POINT (127.066284 37.291162)
SL_3086,37.290968,127.066405,정상,2013,POINT (127.066405 37.290968)
SL_3087,37.290774,127.066535,정상,2013,POINT (127.066535 37.290774)
SL_3088,37.288207,127.065602,정상,2013,POINT (127.065602 37.288207)
SL_3089,37.287584,127.062385,정상,2013,POINT (127.062385 37.287584)
SL_3090,37.287522,127.06208,정상,2013,POINT (127.06208 37.287522)
SL_3091,37.287441,127.06177,정상,2013,POINT (127.06177 37.287441)
SL_3092,37.287312,127.06135,정상,2013,POINT (127.06135 37.287312)
SL_3093,37.288558,127.060773,정상,2013,POINT (127.060773 37.288558)
SL_3094,37.288401,127.061007,정상,2013,POINT (127.061007 37.288401)
SL_3095,37.288252,127.061176,정상,2013,POINT (127.061176 37.288252)
SL_3096,37.287991,127.061091,정상,2013,POINT (127.061091 37.287991)
SL_3097,37.287671,127.06095,정상,2013,POINT (127.06095 37.287671)
SL_3098,37.287378,127.060845,정상,2013,POINT (127.060845 37.287378)
SL_3099,37.288124,127.065289,정상,2013,POINT (127.065289 37.288124)
SL_3100,37.28713,127.060916,정상,2013,POINT (127.060916 37.28713)
SL_3101,37.286997,127.060682,정상,2013,POINT (127.060682 37.286997)
SL_3102,37.286865,127.060456,정상,2013,POINT (127.060456 37.286865)
SL_3103,37.286694,127.06018,정상,2013,POINT (127.06018 37.286694)
SL_3104,37.286689,127.060112,정상,2013,POINT (127.060112 37.286689)
SL_3105,37.286804,127.059915,정상,2013,POINT (127.059915 37.286804)
SL_3106,37.28698,127.059675,정상,2013,POINT (127.059675 37.28698)
SL_3107,37.288045,127.064869,정상,2013,POINT (127.064869 37.288045)
SL_3108,37.287982,127.064536,정상,2013,POINT (127.064536 37.287982)
SL_3109,37.287919,127.064184,정상,2013,POINT (127.064184 37.287919)
SL_3110,37.287849,127.063837,정상,2013,POINT (127.063837 37.287849)
SL_3111,37.287809,127.063578,정상,2013,POINT (127.063578 37.287809)
SL_3112,37.28773,127.063155,정상,2013,POINT (127.063155 37.28773)
SL_3113,37.287647,127.062785,정상,2013,POINT (127.062785 37.287647)
SL_3114,37.29272,127.067137,정상,2012,POINT (127.067137 37.29272)
SL_3115,37.292344,127.066277,정상,2012,POINT (127.066277 37.292344)
SL_3116,37.292218,127.065975,정상,2012,POINT (127.065975 37.292218)
SL_3117,37.29207,127.065656,정상,2012,POINT (127.065656 37.29207)
SL_3118,37.291921,127.065236,정상,2012,POINT (127.065236 37.291921)
SL_3119,37.29295,127.066751,정상,2012,POINT (127.066751 37.29295)
SL_3120,37.293191,127.066607,정상,2012,POINT (127.066607 37.293191)
SL_3121,37.293257,127.066317,정상,2012,POINT (127.066317 37.293257)
SL_3122,37.293047,127.066455,정상,2012,POINT (127.066455 37.293047)
SL_3123,37.292826,127.066593,정상,2012,POINT (127.066593 37.292826)
SL_3124,37.292635,127.066711,정상,2012,POINT (127.066711 37.292635)
SL_3125,37.292545,127.06677,정상,2012,POINT (127.06677 37.292545)
SL_3126,37.292439,127.066522,정상,2012,POINT (127.066522 37.292439)
SL_3127,37.291642,127.065275,정상,2012,POINT (127.065275 37.291642)
SL_3128,37.291757,127.06554,정상,2012,POINT (127.06554 37.291757)
SL_3129,37.291878,127.065848,정상,2012,POINT (127.065848 37.291878)
SL_3130,37.291986,127.066116,정상,2012,POINT (127.066116 37.291986)
SL_3131,37.292112,127.066423,정상,2012,POINT (127.066423 37.292112)
SL_3132,37.292209,127.066666,정상,2012,POINT (127.066666 37.292209)
SL_3133,37.292317,127.066934,정상,2012,POINT (127.066934 37.292317)
SL_3134,37.292508,127.067317,정상,2012,POINT (127.067317 37.292508)
SL_3135,37.261925,127.081483,정상,1997,POINT (127.081483 37.261925)
SL_3136,37.259183,127.078986,정상,1997,POINT (127.078986 37.259183)
SL_3137,37.258888,127.078687,정상,1997,POINT (127.078687 37.258888)
SL_3138,37.258584,127.078399,정상,1997,POINT (127.078399 37.258584)
SL_3139,37.258298,127.078123,정상,1997,POINT (127.078123 37.258298)
SL_3140,37.258023,127.07786,정상,1997,POINT (127.07786 37.258023)
SL_3141,37.25776,127.077618,정상,1997,POINT (127.077618 37.25776)
SL_3142,37.257995,127.077097,정상,1997,POINT (127.077097 37.257995)
SL_3143,37.258285,127.077376,정상,1997,POINT (127.077376 37.258285)
SL_3144,37.258578,127.077658,정상,1997,POINT (127.077658 37.258578)
SL_3145,37.258825,127.077884,정상,1997,POINT (127.077884 37.258825)
SL_3146,37.261632,127.081255,정상,1997,POINT (127.081255 37.261632)
SL_3147,37.259127,127.078163,정상,1997,POINT (127.078163 37.259127)
SL_3148,37.259424,127.078451,정상,1997,POINT (127.078451 37.259424)
SL_3149,37.259676,127.078694,정상,1997,POINT (127.078694 37.259676)
SL_3150,37.26003,127.079032,정상,1997,POINT (127.079032 37.26003)
SL_3151,37.260352,127.079354,정상,1997,POINT (127.079354 37.260352)
SL_3152,37.260725,127.079695,정상,1997,POINT (127.079695 37.260725)
SL_3153,37.260932,127.079907,정상,1997,POINT (127.079907 37.260932)
SL_3154,37.261232,127.080186,정상,1997,POINT (127.080186 37.261232)
SL_3155,37.261497,127.080437,정상,1997,POINT (127.080437 37.261497)
SL_3156,37.261819,127.080705,정상,1997,POINT (127.080705 37.261819)
SL_3157,37.261186,127.080879,정상,1997,POINT (127.080879 37.261186)
SL_3158,37.262112,127.080948,정상,1997,POINT (127.080948 37.262112)
SL_3159,37.260939,127.080645,정상,1997,POINT (127.080645 37.260939)
SL_3160,37.26068,127.080391,정상,1997,POINT (127.080391 37.26068)
SL_3161,37.260405,127.08014,정상,1997,POINT (127.08014 37.260405)
SL_3162,37.260076,127.07981,정상,1997,POINT (127.07981 37.260076)
SL_3163,37.259725,127.079485,정상,1997,POINT (127.079485 37.259725)
SL_3164,37.259417,127.079189,정상,1997,POINT (127.079189 37.259417)
SL_3165,37.259889,127.074376,정상,1997,POINT (127.074376 37.259889)
SL_3166,37.261103,127.077478,정상,1997,POINT (127.077478 37.261103)
SL_3167,37.260848,127.077908,정상,1997,POINT (127.077908 37.260848)
SL_3168,37.260634,127.078261,정상,1997,POINT (127.078261 37.260634)
SL_3169,37.260442,127.078584,정상,1997,POINT (127.078584 37.260442)
SL_3170,37.260192,127.078996,정상,1997,POINT (127.078996 37.260192)
SL_3171,37.260433,127.079061,정상,1997,POINT (127.079061 37.260433)
SL_3172,37.260665,127.078666,정상,1997,POINT (127.078666 37.260665)
SL_3173,37.260886,127.078317,정상,1997,POINT (127.078317 37.260886)
SL_3174,37.26108,127.077988,정상,1997,POINT (127.077988 37.26108)
SL_3175,37.261344,127.077545,정상,1997,POINT (127.077545 37.261344)
SL_3176,37.260069,127.074762,정상,1997,POINT (127.074762 37.260069)
SL_3177,37.261576,127.077174,정상,1997,POINT (127.077174 37.261576)
SL_3178,37.262079,127.07676,정상,1997,POINT (127.07676 37.262079)
SL_3179,37.261777,127.076559,정상,1997,POINT (127.076559 37.261777)
SL_3180,37.261455,127.076393,정상,1997,POINT (127.076393 37.261455)
SL_3181,37.261196,127.07617,정상,1997,POINT (127.07617 37.261196)
SL_3182,37.260976,127.075905,정상,1997,POINT (127.075905 37.260976)
SL_3183,37.260742,127.075583,정상,1997,POINT (127.075583 37.260742)
SL_3184,37.260555,127.075242,정상,1997,POINT (127.075242 37.260555)
SL_3185,37.260382,127.074887,정상,1997,POINT (127.074887 37.260382)
SL_3186,37.260244,127.07516,정상,1997,POINT (127.07516 37.260244)
SL_3187,37.260406,127.075479,정상,1997,POINT (127.075479 37.260406)
SL_3188,37.260613,127.075854,정상,1997,POINT (127.075854 37.260613)
SL_3189,37.260838,127.076172,정상,1997,POINT (127.076172 37.260838)
SL_3190,37.261117,127.076508,정상,1997,POINT (127.076508 37.261117)
SL_3191,37.261344,127.076756,정상,1997,POINT (127.076756 37.261344)
SL_3192,37.261295,127.077154,정상,1997,POINT (127.077154 37.261295)
SL_3193,37.253914,127.072406,정상,1997,POINT (127.072406 37.253914)
SL_3194,37.255589,127.073698,정상,1997,POINT (127.073698 37.255589)
SL_3195,37.255798,127.073899,정상,1997,POINT (127.073899 37.255798)
SL_3196,37.255965,127.07406,정상,1997,POINT (127.07406 37.255965)
SL_3197,37.256143,127.074198,정상,1997,POINT (127.074198 37.256143)
SL_3198,37.256343,127.074381,정상,1997,POINT (127.074381 37.256343)
SL_3199,37.256487,127.07444,정상,1997,POINT (127.07444 37.256487)
SL_3200,37.256638,127.074179,정상,1997,POINT (127.074179 37.256638)
SL_3201,37.256855,127.073829,정상,1997,POINT (127.073829 37.256855)
SL_3202,37.25706,127.073483,정상,1997,POINT (127.073483 37.25706)
SL_3203,37.257294,127.073089,정상,1997,POINT (127.073089 37.257294)
SL_3204,37.254078,127.07257,정상,1997,POINT (127.07257 37.254078)
SL_3205,37.257486,127.072632,정상,1997,POINT (127.072632 37.257486)
SL_3206,37.257552,127.072226,정상,1997,POINT (127.072226 37.257552)
SL_3207,37.257507,127.071829,고장,1997,POINT (127.071829 37.257507)
SL_3208,37.257746,127.071917,정상,1997,POINT (127.071917 37.257746)
SL_3209,37.257741,127.072469,정상,1997,POINT (127.072469 37.257741)
SL_3210,37.257626,127.072897,정상,1997,POINT (127.072897 37.257626)
SL_3211,37.257436,127.073323,고장,1997,POINT (127.073323 37.257436)
SL_3212,37.257181,127.073731,정상,1997,POINT (127.073731 37.257181)
SL_3213,37.257035,127.07397,정상,1997,POINT (127.07397 37.257035)
SL_3214,37.256802,127.074345,정상,1997,POINT (127.074345 37.256802)
SL_3215,37.254238,127.072719,정상,1997,POINT (127.072719 37.254238)
SL_3216,37.256613,127.07466,정상,1997,POINT (127.07466 37.256613)
SL_3217,37.254436,127.072903,정상,1997,POINT (127.072903 37.254436)
SL_3218,37.254634,127.073047,정상,1997,POINT (127.073047 37.254634)
SL_3219,37.254823,127.073145,정상,1997,POINT (127.073145 37.254823)
SL_3220,37.255019,127.073267,정상,1997,POINT (127.073267 37.255019)
SL_3221,37.255211,127.073374,정상,1997,POINT (127.073374 37.255211)
SL_3222,37.255411,127.073543,정상,1997,POINT (127.073543 37.255411)
SL_3223,37.257798,127.071562,정상,1997,POINT (127.071562 37.257798)
SL_3224,37.260098,127.074317,정상,1997,POINT (127.074317 37.260098)
SL_3225,37.259909,127.073939,정상,1997,POINT (127.073939 37.259909)
SL_3226,37.259754,127.073601,정상,1997,POINT (127.073601 37.259754)
SL_3227,37.259567,127.073215,정상,1997,POINT (127.073215 37.259567)
SL_3228,37.259365,127.072786,정상,1997,POINT (127.072786 37.259365)
SL_3229,37.25918,127.07242,정상,1997,POINT (127.07242 37.25918)
SL_3230,37.258964,127.072045,정상,1997,POINT (127.072045 37.258964)
SL_3231,37.258667,127.071706,정상,1997,POINT (127.071706 37.258667)
SL_3232,37.258295,127.071486,정상,1997,POINT (127.071486 37.258295)
SL_3233,37.257964,127.071359,정상,1997,POINT (127.071359 37.257964)
SL_3234,37.258043,127.071646,정상,1997,POINT (127.071646 37.258043)
SL_3235,37.257321,127.066097,정상,1997,POINT (127.066097 37.257321)
SL_3236,37.257436,127.066503,정상,1997,POINT (127.066503 37.257436)
SL_3237,37.257505,127.067024,정상,1997,POINT (127.067024 37.257505)
SL_3238,37.257516,127.067464,정상,1997,POINT (127.067464 37.257516)
SL_3239,37.257475,127.067917,정상,1997,POINT (127.067917 37.257475)
SL_3240,37.25741,127.068365,정상,1997,POINT (127.068365 37.25741)
SL_3241,37.257387,127.068591,정상,1997,POINT (127.068591 37.257387)
SL_3242,37.257333,127.069019,정상,1997,POINT (127.069019 37.257333)
SL_3243,37.257292,127.069557,정상,1997,POINT (127.069557 37.257292)
SL_3244,37.25731,127.070073,정상,1997,POINT (127.070073 37.25731)
SL_3245,37.258383,127.071807,정상,1997,POINT (127.071807 37.258383)
SL_3246,37.257384,127.070609,정상,1997,POINT (127.070609 37.257384)
SL_3247,37.257498,127.071105,정상,1997,POINT (127.071105 37.257498)
SL_3248,37.257289,127.07106,정상,1997,POINT (127.07106 37.257289)
SL_3249,37.25721,127.070693,정상,1997,POINT (127.070693 37.25721)
SL_3250,37.257134,127.070158,정상,1997,POINT (127.070158 37.257134)
SL_3251,37.2571,127.069659,정상,1997,POINT (127.069659 37.2571)
SL_3252,37.257096,127.069304,정상,1997,POINT (127.069304 37.257096)
SL_3253,37.257123,127.068903,정상,1997,POINT (127.068903 37.257123)
SL_3254,37.257155,127.068568,정상,1997,POINT (127.068568 37.257155)
SL_3255,37.257191,127.06823,정상,1997,POINT (127.06823 37.257191)
SL_3256,37.258701,127.072092,정상,1997,POINT (127.072092 37.258701)
SL_3257,37.257223,127.067847,정상,1997,POINT (127.067847 37.257223)
SL_3258,37.257259,127.067309,정상,1997,POINT (127.067309 37.257259)
SL_3259,37.25891,127.072397,정상,1997,POINT (127.072397 37.25891)
SL_3260,37.259099,127.072766,정상,1997,POINT (127.072766 37.259099)
SL_3261,37.25925,127.073093,정상,1997,POINT (127.073093 37.25925)
SL_3262,37.259472,127.073539,정상,1997,POINT (127.073539 37.259472)
SL_3263,37.25961,127.073821,정상,1997,POINT (127.073821 37.25961)
SL_3264,37.256747,127.065781,정상,1997,POINT (127.065781 37.256747)
SL_3265,37.253847,127.066973,정상,1997,POINT (127.066973 37.253847)
SL_3266,37.253575,127.066713,정상,1997,POINT (127.066713 37.253575)
SL_3267,37.253284,127.066434,정상,1997,POINT (127.066434 37.253284)
SL_3268,37.252949,127.066135,정상,1997,POINT (127.066135 37.252949)
SL_3269,37.252692,127.065893,정상,1997,POINT (127.065893 37.252692)
SL_3270,37.252404,127.065574,정상,1997,POINT (127.065574 37.252404)
SL_3271,37.252244,127.065281,정상,1997,POINT (127.065281 37.252244)
SL_3272,37.252089,127.064886,정상,1997,POINT (127.064886 37.252089)
SL_3273,37.251873,127.064497,정상,1997,POINT (127.064497 37.251873)
SL_3274,37.251652,127.064246,정상,1997,POINT (127.064246 37.251652)
SL_3275,37.256452,127.065927,정상,1997,POINT (127.065927 37.256452)
SL_3276,37.251371,127.063975,정상,1997,POINT (127.063975 37.251371)
SL_3277,37.251096,127.063716,정상,1997,POINT (127.063716 37.251096)
SL_3278,37.250819,127.063811,정상,1997,POINT (127.063811 37.250819)
SL_3279,37.251125,127.064099,정상,1997,POINT (127.064099 37.251125)
SL_3280,37.251373,127.064344,정상,1997,POINT (127.064344 37.251373)
SL_3281,37.251609,127.064576,정상,1997,POINT (127.064576 37.251609)
SL_3282,37.251839,127.064937,정상,1997,POINT (127.064937 37.251839)
SL_3283,37.251967,127.06525,정상,1997,POINT (127.06525 37.251967)
SL_3284,37.252124,127.065593,정상,1997,POINT (127.065593 37.252124)
SL_3285,37.252386,127.065968,정상,1997,POINT (127.065968 37.252386)
SL_3286,37.256132,127.066065,정상,1997,POINT (127.066065 37.256132)
SL_3287,37.252694,127.066256,정상,1997,POINT (127.066256 37.252694)
SL_3288,37.252989,127.066524,정상,1997,POINT (127.066524 37.252989)
SL_3289,37.253279,127.066806,정상,1997,POINT (127.066806 37.253279)
SL_3290,37.253565,127.067069,정상,1997,POINT (127.067069 37.253565)
SL_3291,37.255886,127.066183,정상,1997,POINT (127.066183 37.255886)
SL_3292,37.255512,127.066352,정상,1997,POINT (127.066352 37.255512)
SL_3293,37.25521,127.066484,정상,1997,POINT (127.066484 37.25521)
SL_3294,37.254762,127.066692,정상,1997,POINT (127.066692 37.254762)
SL_3295,37.25448,127.066816,정상,1997,POINT (127.066816 37.25448)
SL_3296,37.254117,127.066987,정상,1997,POINT (127.066987 37.254117)
SL_3297,37.252348,127.061231,정상,1997,POINT (127.061231 37.252348)
SL_3298,37.255103,127.063854,정상,1997,POINT (127.063854 37.255103)
SL_3299,37.255443,127.06419,정상,1997,POINT (127.06419 37.255443)
SL_3300,37.255702,127.064441,정상,1997,POINT (127.064441 37.255702)
SL_3301,37.25599,127.064715,정상,1997,POINT (127.064715 37.25599)
SL_3302,37.256263,127.064986,정상,1997,POINT (127.064986 37.256263)
SL_3303,37.256565,127.065287,정상,1997,POINT (127.065287 37.256565)
SL_3304,37.256783,127.065592,정상,1997,POINT (127.065592 37.256783)
SL_3305,37.257101,127.065578,정상,1997,POINT (127.065578 37.257101)
SL_3306,37.25686,127.065195,정상,1997,POINT (127.065195 37.25686)
SL_3307,37.256608,127.064907,정상,1997,POINT (127.064907 37.256608)
SL_3308,37.252607,127.061477,정상,1997,POINT (127.061477 37.252607)
SL_3309,37.256333,127.064642,정상,1997,POINT (127.064642 37.256333)
SL_3310,37.256002,127.064329,정상,1997,POINT (127.064329 37.256002)
SL_3311,37.255682,127.064013,정상,1997,POINT (127.064013 37.255682)
SL_3312,37.255403,127.063753,정상,1997,POINT (127.063753 37.255403)
SL_3313,37.255083,127.063446,고장,1997,POINT (127.063446 37.255083)
SL_3314,37.254611,127.062986,정상,1997,POINT (127.062986 37.254611)
SL_3315,37.254354,127.062755,정상,1997,POINT (127.062755 37.254354)
SL_3316,37.254102,127.062507,정상,1997,POINT (127.062507 37.254102)
SL_3317,37.253818,127.06223,정상,1997,POINT (127.06223 37.253818)
SL_3318,37.253534,127.061962,정상,1997,POINT (127.061962 37.253534)
SL_3319,37.252924,127.061781,정상,1997,POINT (127.061781 37.252924)
SL_3320,37.253215,127.061655,정상,1997,POINT (127.061655 37.253215)
SL_3321,37.252935,127.061395,정상,1997,POINT (127.061395 37.252935)
SL_3322,37.252659,127.061125,정상,1997,POINT (127.061125 37.252659)
SL_3323,37.253282,127.062123,정상,1997,POINT (127.062123 37.253282)
SL_3324,37.253482,127.062317,정상,1997,POINT (127.062317 37.253482)
SL_3325,37.253775,127.062591,정상,1997,POINT (127.062591 37.253775)
SL_3326,37.254113,127.06291,정상,1997,POINT (127.06291 37.254113)
SL_3327,37.254437,127.063228,정상,1997,POINT (127.063228 37.254437)
SL_3328,37.254763,127.063541,정상,1997,POINT (127.063541 37.254763)
SL_3329,37.252062,127.061181,정상,1997,POINT (127.061181 37.252062)
SL_3330,37.249992,127.064574,정상,1997,POINT (127.064574 37.249992)
SL_3331,37.249782,127.064924,정상,1997,POINT (127.064924 37.249782)
SL_3332,37.249586,127.065233,정상,1997,POINT (127.065233 37.249586)
SL_3333,37.249243,127.065808,정상,1997,POINT (127.065808 37.249243)
SL_3334,37.24909,127.066067,정상,1997,POINT (127.066067 37.24909)
SL_3335,37.248765,127.066591,정상,1997,POINT (127.066591 37.248765)
SL_3336,37.24863,127.066827,정상,1997,POINT (127.066827 37.24863)
SL_3337,37.248393,127.067213,정상,1997,POINT (127.067213 37.248393)
SL_3338,37.24817,127.067585,정상,1997,POINT (127.067585 37.24817)
SL_3339,37.248377,127.067543,정상,1997,POINT (127.067543 37.248377)
SL_3340,37.251859,127.061507,정상,1997,POINT (127.061507 37.251859)
SL_3341,37.248497,127.067343,정상,1997,POINT (127.067343 37.248497)
SL_3342,37.248614,127.067163,정상,1997,POINT (127.067163 37.248614)
SL_3343,37.248851,127.066785,정상,1997,POINT (127.066785 37.248851)
SL_3344,37.249097,127.066383,정상,1997,POINT (127.066383 37.249097)
SL_3345,37.249331,127.066014,정상,1997,POINT (127.066014 37.249331)
SL_3346,37.24955,127.06567,정상,1997,POINT (127.06567 37.24955)
SL_3347,37.249825,127.065214,정상,1997,POINT (127.065214 37.249825)
SL_3348,37.250001,127.064927,정상,1997,POINT (127.064927 37.250001)
SL_3349,37.250269,127.064499,정상,1997,POINT (127.064499 37.250269)
SL_3350,37.250508,127.064087,정상,1997,POINT (127.064087 37.250508)
SL_3351,37.25166,127.061831,정상,1997,POINT (127.061831 37.25166)
SL_3352,37.25093,127.063406,정상,1997,POINT (127.063406 37.25093)
SL_3353,37.251171,127.063006,정상,1997,POINT (127.063006 37.251171)
SL_3354,37.251417,127.0626,정상,1997,POINT (127.0626 37.251417)
SL_3355,37.251728,127.06209,정상,1997,POINT (127.06209 37.251728)
SL_3356,37.251926,127.061767,정상,1997,POINT (127.061767 37.251926)
SL_3357,37.252129,127.061437,정상,1997,POINT (127.061437 37.252129)
SL_3358,37.251414,127.062231,정상,1997,POINT (127.062231 37.251414)
SL_3359,37.251133,127.062701,정상,1997,POINT (127.062701 37.251133)
SL_3360,37.250887,127.063096,정상,1997,POINT (127.063096 37.250887)
SL_3361,37.250504,127.063738,정상,1997,POINT (127.063738 37.250504)
SL_3362,37.25026,127.064129,정상,1997,POINT (127.064129 37.25026)
SL_3363,37.250005,127.064552,정상,1997,POINT (127.064552 37.250005)
SL_3364,37.245842,127.061421,정상,1997,POINT (127.061421 37.245842)
SL_3365,37.246211,127.065642,정상,1997,POINT (127.065642 37.246211)
SL_3366,37.246281,127.066721,정상,1997,POINT (127.066721 37.246281)
SL_3367,37.246296,127.06729,정상,1997,POINT (127.06729 37.246296)
SL_3368,37.246312,127.067744,정상,1997,POINT (127.067744 37.246312)
SL_3369,37.246323,127.068175,정상,1997,POINT (127.068175 37.246323)
SL_3370,37.246338,127.068649,정상,1997,POINT (127.068649 37.246338)
SL_3371,37.246351,127.069187,정상,1997,POINT (127.069187 37.246351)
SL_3372,37.246373,127.069702,정상,1997,POINT (127.069702 37.246373)
SL_3373,37.246391,127.069981,정상,1997,POINT (127.069981 37.246391)
SL_3374,37.245041,127.06825,정상,1997,POINT (127.06825 37.245041)
SL_3375,37.245869,127.061962,정상,1997,POINT (127.061962 37.245869)
SL_3376,37.245102,127.06765,정상,1997,POINT (127.06765 37.245102)
SL_3377,37.245136,127.067208,정상,1997,POINT (127.067208 37.245136)
SL_3378,37.245506,127.066805,정상,1997,POINT (127.066805 37.245506)
SL_3379,37.245539,127.067552,정상,1997,POINT (127.067552 37.245539)
SL_3380,37.245848,127.067191,정상,1997,POINT (127.067191 37.245848)
SL_3381,37.245132,127.066864,정상,1997,POINT (127.066864 37.245132)
SL_3382,37.245968,127.066628,정상,1997,POINT (127.066628 37.245968)
SL_3383,37.245625,127.066332,정상,1997,POINT (127.066332 37.245625)
SL_3384,37.245141,127.066461,정상,1997,POINT (127.066461 37.245141)
SL_3385,37.245213,127.065914,정상,1997,POINT (127.065914 37.245213)
SL_3386,37.245916,127.062444,정상,1997,POINT (127.062444 37.245916)
SL_3387,37.245817,127.065554,정상,1997,POINT (127.065554 37.245817)
SL_3388,37.246081,127.065805,정상,1997,POINT (127.065805 37.246081)
SL_3389,37.246539,127.064135,정상,1997,POINT (127.064135 37.246539)
SL_3390,37.246586,127.064648,정상,1997,POINT (127.064648 37.246586)
SL_3391,37.24664,127.06516,정상,1997,POINT (127.06516 37.24664)
SL_3392,37.246673,127.065586,정상,1997,POINT (127.065586 37.246673)
SL_3393,37.246725,127.066178,정상,1997,POINT (127.066178 37.246725)
SL_3394,37.246911,127.066617,정상,1997,POINT (127.066617 37.246911)
SL_3395,37.247175,127.06684,정상,1997,POINT (127.06684 37.247175)
SL_3396,37.247461,127.067111,정상,1997,POINT (127.067111 37.247461)
SL_3397,37.245945,127.06283,정상,1997,POINT (127.06283 37.245945)
SL_3398,37.247765,127.067376,정상,1997,POINT (127.067376 37.247765)
SL_3399,37.248051,127.067627,정상,1997,POINT (127.067627 37.248051)
SL_3400,37.248352,127.067921,정상,1997,POINT (127.067921 37.248352)
SL_3401,37.248643,127.068191,정상,1997,POINT (127.068191 37.248643)
SL_3402,37.248992,127.068516,정상,1997,POINT (127.068516 37.248992)
SL_3403,37.249278,127.068801,정상,1997,POINT (127.068801 37.249278)
SL_3404,37.2496,127.069102,정상,1997,POINT (127.069102 37.2496)
SL_3405,37.249892,127.069387,정상,1997,POINT (127.069387 37.249892)
SL_3406,37.25025,127.069723,고장,1997,POINT (127.069723 37.25025)
SL_3407,37.250534,127.069994,정상,1997,POINT (127.069994 37.250534)
SL_3408,37.245992,127.063233,정상,1997,POINT (127.063233 37.245992)
SL_3409,37.250824,127.070267,정상,1997,POINT (127.070267 37.250824)
SL_3410,37.25118,127.070603,정상,1997,POINT (127.070603 37.25118)
SL_3411,37.251398,127.070817,정상,1997,POINT (127.070817 37.251398)
SL_3412,37.251583,127.070727,정상,1997,POINT (127.070727 37.251583)
SL_3413,37.251071,127.071595,정상,1997,POINT (127.071595 37.251071)
SL_3414,37.251108,127.071296,정상,1997,POINT (127.071296 37.251108)
SL_3415,37.250826,127.071031,정상,1997,POINT (127.071031 37.250826)
SL_3416,37.250486,127.070707,정상,1997,POINT (127.070707 37.250486)
SL_3417,37.250166,127.070396,정상,1997,POINT (127.070396 37.250166)
SL_3418,37.249944,127.07019,정상,1997,POINT (127.07019 37.249944)
SL_3419,37.246034,127.063712,정상,1997,POINT (127.063712 37.246034)
SL_3420,37.249586,127.069855,정상,1997,POINT (127.069855 37.249586)
SL_3421,37.249297,127.069567,정상,1997,POINT (127.069567 37.249297)
SL_3422,37.249003,127.069296,정상,1997,POINT (127.069296 37.249003)
SL_3423,37.248678,127.068992,정상,1997,POINT (127.068992 37.248678)
SL_3424,37.248395,127.06871,정상,1997,POINT (127.06871 37.248395)
SL_3425,37.248023,127.068363,정상,1997,POINT (127.068363 37.248023)
SL_3426,37.247751,127.068095,정상,1997,POINT (127.068095 37.247751)
SL_3427,37.247445,127.067807,정상,1997,POINT (127.067807 37.247445)
SL_3428,37.247179,127.067531,정상,1997,POINT (127.067531 37.247179)
SL_3429,37.246893,127.067234,정상,1997,POINT (127.067234 37.246893)
SL_3430,37.246075,127.064191,정상,1997,POINT (127.064191 37.246075)
SL_3431,37.246767,127.067367,정상,1997,POINT (127.067367 37.246767)
SL_3432,37.246755,127.067897,정상,1997,POINT (127.067897 37.246755)
SL_3433,37.246744,127.06835,정상,1997,POINT (127.06835 37.246744)
SL_3434,37.246732,127.068793,정상,1997,POINT (127.068793 37.246732)
SL_3435,37.246736,127.069119,정상,1997,POINT (127.069119 37.246736)
SL_3436,37.246454,127.070652,정상,2019,POINT (127.070652 37.246454)
SL_3437,37.246535,127.07108,정상,2019,POINT (127.07108 37.246535)
SL_3438,37.246607,127.071419,정상,2019,POINT (127.071419 37.246607)
SL_3439,37.246712,127.071948,정상,2019,POINT (127.071948 37.246712)
SL_3441,37.246131,127.064695,정상,1997,POINT (127.064695 37.246131)
SL_3442,37.246176,127.065267,정상,1997,POINT (127.065267 37.246176)
SL_3443,37.246454,127.063577,정상,1997,POINT (127.063577 37.246454)
SL_3444,37.246176,127.059192,정상,1997,POINT (127.059192 37.246176)
SL_3445,37.246418,127.063182,정상,1997,POINT (127.063182 37.246418)
SL_3446,37.24638,127.062751,정상,1997,POINT (127.062751 37.24638)
SL_3447,37.246346,127.062382,정상,1997,POINT (127.062382 37.246346)
SL_3448,37.246312,127.061942,정상,1997,POINT (127.061942 37.246312)
SL_3449,37.246288,127.061396,정상,1997,POINT (127.061396 37.246288)
SL_3450,37.246263,127.060914,정상,1997,POINT (127.060914 37.246263)
SL_3451,37.246221,127.060325,정상,1997,POINT (127.060325 37.246221)
SL_3452,37.246203,127.059775,정상,1997,POINT (127.059775 37.246203)
SL_3453,37.245786,127.060947,정상,1997,POINT (127.060947 37.245786)
SL_3454,37.245779,127.056935,정상,1997,POINT (127.056935 37.245779)
SL_3455,37.245608,127.056484,정상,1997,POINT (127.056484 37.245608)
SL_3456,37.245531,127.056653,정상,1997,POINT (127.056653 37.245531)
SL_3457,37.245419,127.056433,정상,1997,POINT (127.056433 37.245419)
SL_3458,37.245522,127.056202,정상,1997,POINT (127.056202 37.245522)
SL_3459,37.245541,127.055605,정상,1997,POINT (127.055605 37.245541)
SL_3460,37.2455,127.055041,정상,1997,POINT (127.055041 37.2455)
SL_3461,37.24546,127.05441,정상,1997,POINT (127.05441 37.24546)
SL_3462,37.24542,127.053835,정상,1997,POINT (127.053835 37.24542)
SL_3463,37.245384,127.053384,정상,1997,POINT (127.053384 37.245384)
SL_3464,37.245759,127.060406,정상,1997,POINT (127.060406 37.245759)
SL_3465,37.245791,127.050758,정상,1997,POINT (127.050758 37.245791)
SL_3466,37.245737,127.051006,정상,1997,POINT (127.051006 37.245737)
SL_3467,37.245754,127.051339,정상,1997,POINT (127.051339 37.245754)
SL_3468,37.245777,127.05184,정상,1997,POINT (127.05184 37.245777)
SL_3469,37.24579,127.052263,정상,1997,POINT (127.052263 37.24579)
SL_3470,37.245817,127.052686,정상,1997,POINT (127.052686 37.245817)
SL_3471,37.245839,127.053137,정상,1997,POINT (127.053137 37.245839)
SL_3472,37.245871,127.053604,정상,1997,POINT (127.053604 37.245871)
SL_3473,37.245897,127.054044,정상,1997,POINT (127.054044 37.245897)
SL_3474,37.245933,127.054613,정상,1997,POINT (127.054613 37.245933)
SL_3475,37.245741,127.05986,정상,1997,POINT (127.05986 37.245741)
SL_3476,37.245969,127.055075,정상,1997,POINT (127.055075 37.245969)
SL_3477,37.246005,127.055656,정상,1997,POINT (127.055656 37.246005)
SL_3478,37.246036,127.056191,정상,1997,POINT (127.056191 37.246036)
SL_3479,37.246058,127.056557,정상,1997,POINT (127.056557 37.246058)
SL_3480,37.246135,127.057228,정상,1997,POINT (127.057228 37.246135)
SL_3481,37.24613,127.057515,정상,1997,POINT (127.057515 37.24613)
SL_3482,37.246139,127.057949,정상,1997,POINT (127.057949 37.246139)
SL_3483,37.246148,127.058333,정상,1997,POINT (127.058333 37.246148)
SL_3484,37.246166,127.058592,정상,1997,POINT (127.058592 37.246166)
SL_3485,37.24547,127.061043,정상,1997,POINT (127.061043 37.24547)
SL_3486,37.245719,127.059307,정상,1997,POINT (127.059307 37.245719)
SL_3487,37.245187,127.061082,정상,1997,POINT (127.061082 37.245187)
SL_3488,37.244979,127.061071,정상,1997,POINT (127.061071 37.244979)
SL_3489,37.244659,127.06111,정상,1997,POINT (127.06111 37.244659)
SL_3490,37.244623,127.061341,정상,1997,POINT (127.061341 37.244623)
SL_3491,37.244948,127.061313,정상,1997,POINT (127.061313 37.244948)
SL_3492,37.245173,127.061307,정상,1997,POINT (127.061307 37.245173)
SL_3493,37.245452,127.061291,정상,1997,POINT (127.061291 37.245452)
SL_3494,37.245701,127.058721,정상,1997,POINT (127.058721 37.245701)
SL_3495,37.24567,127.05818,정상,1997,POINT (127.05818 37.24567)
SL_3496,37.245648,127.057566,정상,1997,POINT (127.057566 37.245648)
SL_3497,37.245626,127.057205,정상,1997,POINT (127.057205 37.245626)
SL_3498,37.245621,127.057036,정상,1997,POINT (127.057036 37.245621)
SL_3499,37.244338,127.058993,정상,2005,POINT (127.058993 37.244338)
SL_3500,37.244021,127.062194,정상,2005,POINT (127.062194 37.244021)
SL_3501,37.244021,127.062521,정상,2005,POINT (127.062521 37.244021)
SL_3502,37.243897,127.063152,정상,2005,POINT (127.063152 37.243897)
SL_3503,37.243811,127.063501,정상,2005,POINT (127.063501 37.243811)
SL_3504,37.243752,127.063887,정상,2005,POINT (127.063887 37.243752)
SL_3505,37.244307,127.059255,정상,2005,POINT (127.059255 37.244307)
SL_3506,37.244266,127.059605,정상,2005,POINT (127.059605 37.244266)
SL_3507,37.244212,127.060016,정상,2005,POINT (127.060016 37.244212)
SL_3508,37.244115,127.060439,정상,2005,POINT (127.060439 37.244115)
SL_3509,37.24404,127.06072,정상,2005,POINT (127.06072 37.24404)
SL_3510,37.243982,127.060988,정상,2005,POINT (127.060988 37.243982)
SL_3511,37.244035,127.061495,정상,2005,POINT (127.061495 37.244035)
SL_3512,37.244013,127.061867,정상,2005,POINT (127.061867 37.244013)
SL_3513,37.267076,127.082681,정상,1997,POINT (127.082681 37.267076)
SL_3514,37.266934,127.085294,정상,1997,POINT (127.085294 37.266934)
SL_3515,37.266797,127.085457,정상,1997,POINT (127.085457 37.266797)
SL_3516,37.266495,127.085459,정상,1997,POINT (127.085459 37.266495)
SL_3517,37.26622,127.085524,고장,1997,POINT (127.085524 37.26622)
SL_3518,37.266015,127.085611,정상,1997,POINT (127.085611 37.266015)
SL_3519,37.265776,127.085718,정상,1997,POINT (127.085718 37.265776)
SL_3520,37.265578,127.085794,정상,1997,POINT (127.085794 37.265578)
SL_3521,37.265348,127.085853,정상,1997,POINT (127.085853 37.265348)
SL_3522,37.265136,127.0859,정상,1997,POINT (127.0859 37.265136)
SL_3523,37.264886,127.085962,정상,1997,POINT (127.085962 37.264886)
SL_3524,37.267073,127.083016,정상,1997,POINT (127.083016 37.267073)
SL_3525,37.264609,127.085942,정상,1997,POINT (127.085942 37.264609)
SL_3526,37.264598,127.08539,정상,1997,POINT (127.08539 37.264598)
SL_3527,37.264594,127.085057,정상,1997,POINT (127.085057 37.264594)
SL_3528,37.264594,127.084654,정상,1997,POINT (127.084654 37.264594)
SL_3529,37.264592,127.084273,정상,1997,POINT (127.084273 37.264592)
SL_3530,37.264595,127.083885,정상,1997,POINT (127.083885 37.264595)
SL_3531,37.264597,127.083541,정상,1997,POINT (127.083541 37.264597)
SL_3532,37.2646,127.083098,정상,1997,POINT (127.083098 37.2646)
SL_3533,37.264598,127.082608,정상,1997,POINT (127.082608 37.264598)
SL_3534,37.264742,127.082622,정상,1997,POINT (127.082622 37.264742)
SL_3535,37.267073,127.083357,정상,1997,POINT (127.083357 37.267073)
SL_3536,37.264742,127.083039,정상,1997,POINT (127.083039 37.264742)
SL_3537,37.264739,127.08353,정상,1997,POINT (127.08353 37.264739)
SL_3538,37.264741,127.084,정상,1997,POINT (127.084 37.264741)
SL_3539,37.264734,127.084406,정상,1997,POINT (127.084406 37.264734)
SL_3540,37.264736,127.084834,정상,1997,POINT (127.084834 37.264736)
SL_3541,37.264735,127.085384,정상,1997,POINT (127.085384 37.264735)
SL_3542,37.267043,127.083715,정상,1997,POINT (127.083715 37.267043)
SL_3543,37.267003,127.08389,정상,1997,POINT (127.08389 37.267003)
SL_3544,37.266969,127.084169,정상,1997,POINT (127.084169 37.266969)
SL_3545,37.266948,127.084513,정상,1997,POINT (127.084513 37.266948)
SL_3546,37.266946,127.084733,정상,1997,POINT (127.084733 37.266946)
SL_3547,37.266955,127.084992,정상,1997,POINT (127.084992 37.266955)
SL_3548,37.261412,127.076934,정상,1997,POINT (127.076934 37.261412)
SL_3549,37.26491,127.077769,정상,1997,POINT (127.077769 37.26491)
SL_3550,37.265277,127.077724,정상,1997,POINT (127.077724 37.265277)
SL_3551,37.265604,127.077688,정상,1997,POINT (127.077688 37.265604)
SL_3552,37.265998,127.077643,정상,1997,POINT (127.077643 37.265998)
SL_3553,37.26641,127.077604,정상,1997,POINT (127.077604 37.26641)
SL_3554,37.266716,127.077573,정상,1997,POINT (127.077573 37.266716)
SL_3555,37.266699,127.077323,정상,1997,POINT (127.077323 37.266699)
SL_3556,37.266381,127.077353,정상,1997,POINT (127.077353 37.266381)
SL_3557,37.265957,127.077404,정상,1997,POINT (127.077404 37.265957)
SL_3558,37.265586,127.077445,정상,1997,POINT (127.077445 37.265586)
SL_3559,37.261772,127.077199,정상,1997,POINT (127.077199 37.261772)
SL_3560,37.265275,127.077471,정상,1997,POINT (127.077471 37.265275)
SL_3561,37.264867,127.077521,정상,1997,POINT (127.077521 37.264867)
SL_3562,37.26454,127.077557,정상,1997,POINT (127.077557 37.26454)
SL_3563,37.26413,127.077596,정상,1997,POINT (127.077596 37.26413)
SL_3564,37.263549,127.077598,정상,1997,POINT (127.077598 37.263549)
SL_3565,37.263162,127.077494,정상,1997,POINT (127.077494 37.263162)
SL_3566,37.26284,127.077398,정상,1997,POINT (127.077398 37.26284)
SL_3567,37.262574,127.077245,정상,1997,POINT (127.077245 37.262574)
SL_3568,37.262259,127.076974,정상,1997,POINT (127.076974 37.262259)
SL_3569,37.264576,127.077977,정상,1997,POINT (127.077977 37.264576)
SL_3570,37.262121,127.077411,정상,1997,POINT (127.077411 37.262121)
SL_3571,37.26458,127.078346,정상,1997,POINT (127.078346 37.26458)
SL_3572,37.264578,127.078854,정상,1997,POINT (127.078854 37.264578)
SL_3573,37.264584,127.079327,정상,1997,POINT (127.079327 37.264584)
SL_3574,37.264575,127.079764,정상,1997,POINT (127.079764 37.264575)
SL_3575,37.264579,127.080221,정상,1997,POINT (127.080221 37.264579)
SL_3576,37.264577,127.080604,정상,1997,POINT (127.080604 37.264577)
SL_3577,37.264581,127.08119,정상,1997,POINT (127.08119 37.264581)
SL_3578,37.26458,127.081621,정상,1997,POINT (127.081621 37.26458)
SL_3579,37.264756,127.081492,정상,1997,POINT (127.081492 37.264756)
SL_3580,37.264761,127.080965,정상,1997,POINT (127.080965 37.264761)
SL_3581,37.262414,127.077513,정상,1997,POINT (127.077513 37.262414)
SL_3582,37.264757,127.080373,정상,1997,POINT (127.080373 37.264757)
SL_3583,37.264757,127.079959,정상,1997,POINT (127.079959 37.264757)
SL_3584,37.264753,127.079471,정상,1997,POINT (127.079471 37.264753)
SL_3585,37.26476,127.078969,정상,1997,POINT (127.078969 37.26476)
SL_3586,37.264756,127.078513,정상,1997,POINT (127.078513 37.264756)
SL_3587,37.264756,127.078073,정상,1997,POINT (127.078073 37.264756)
SL_3588,37.262765,127.077645,정상,1997,POINT (127.077645 37.262765)
SL_3589,37.263081,127.077728,정상,1997,POINT (127.077728 37.263081)
SL_3590,37.263506,127.077844,정상,1997,POINT (127.077844 37.263506)
SL_3591,37.264081,127.077855,정상,1997,POINT (127.077855 37.264081)
SL_3592,37.264518,127.077811,정상,1997,POINT (127.077811 37.264518)
SL_3593,37.248955,127.076575,정상,1997,POINT (127.076575 37.248955)
SL_3594,37.250348,127.079636,정상,1997,POINT (127.079636 37.250348)
SL_3595,37.250129,127.07943,정상,1997,POINT (127.07943 37.250129)
SL_3596,37.249868,127.079168,정상,1997,POINT (127.079168 37.249868)
SL_3597,37.249553,127.078742,정상,1997,POINT (127.078742 37.249553)
SL_3598,37.249402,127.078249,정상,1997,POINT (127.078249 37.249402)
SL_3599,37.249394,127.077606,정상,1997,POINT (127.077606 37.249394)
SL_3600,37.249559,127.077102,정상,1997,POINT (127.077102 37.249559)
SL_3601,37.24934,127.076967,정상,1997,POINT (127.076967 37.24934)
SL_3602,37.249221,127.076366,정상,1997,POINT (127.076366 37.249221)
SL_3603,37.249689,127.076815,정상,1997,POINT (127.076815 37.249689)
SL_3604,37.248955,127.077104,정상,1997,POINT (127.077104 37.248955)
SL_3605,37.249939,127.077052,정상,1997,POINT (127.077052 37.249939)
SL_3606,37.249901,127.07726,정상,1997,POINT (127.07726 37.249901)
SL_3607,37.250018,127.077384,정상,1997,POINT (127.077384 37.250018)
SL_3608,37.249714,127.077818,정상,1997,POINT (127.077818 37.249714)
SL_3609,37.249864,127.077818,정상,1997,POINT (127.077818 37.249864)
SL_3610,37.249716,127.07819,정상,1997,POINT (127.07819 37.249716)
SL_3611,37.249866,127.078182,정상,1997,POINT (127.078182 37.249866)
SL_3612,37.249893,127.078672,정상,1997,POINT (127.078672 37.249893)
SL_3613,37.250033,127.078588,정상,1997,POINT (127.078588 37.250033)
SL_3614,37.250085,127.078906,정상,1997,POINT (127.078906 37.250085)
SL_3615,37.248955,127.07742,정상,1997,POINT (127.07742 37.248955)
SL_3616,37.250226,127.078827,정상,1997,POINT (127.078827 37.250226)
SL_3617,37.250359,127.07918,정상,1997,POINT (127.07918 37.250359)
SL_3618,37.250548,127.079124,정상,1997,POINT (127.079124 37.250548)
SL_3619,37.250708,127.079414,정상,1997,POINT (127.079414 37.250708)
SL_3620,37.250888,127.079271,정상,1997,POINT (127.079271 37.250888)
SL_3621,37.251023,127.079454,정상,1997,POINT (127.079454 37.251023)
SL_3622,37.251107,127.079259,정상,1997,POINT (127.079259 37.251107)
SL_3623,37.251269,127.079189,정상,1997,POINT (127.079189 37.251269)
SL_3624,37.25147,127.079249,정상,1997,POINT (127.079249 37.25147)
SL_3625,37.251546,127.078913,정상,1997,POINT (127.078913 37.251546)
SL_3626,37.248979,127.07864,정상,1997,POINT (127.07864 37.248979)
SL_3627,37.251718,127.07895,정상,1997,POINT (127.07895 37.251718)
SL_3628,37.252103,127.07912,정상,1997,POINT (127.07912 37.252103)
SL_3629,37.252438,127.079436,정상,1997,POINT (127.079436 37.252438)
SL_3630,37.252699,127.079664,정상,1997,POINT (127.079664 37.252699)
SL_3631,37.252978,127.079932,정상,1997,POINT (127.079932 37.252978)
SL_3632,37.249075,127.07908,정상,1997,POINT (127.07908 37.249075)
SL_3633,37.249366,127.079407,정상,1997,POINT (127.079407 37.249366)
SL_3634,37.249913,127.079405,정상,1997,POINT (127.079405 37.249913)
SL_3635,37.249667,127.079805,정상,1997,POINT (127.079805 37.249667)
SL_3636,37.249863,127.079794,정상,1997,POINT (127.079794 37.249863)
SL_3637,37.246705,127.069133,정상,1997,POINT (127.069133 37.246705)
SL_3638,37.247446,127.07364,정상,1997,POINT (127.07364 37.247446)
SL_3639,37.24754,127.074096,정상,1997,POINT (127.074096 37.24754)
SL_3640,37.2479,127.074159,정상,1997,POINT (127.074159 37.2479)
SL_3641,37.247954,127.074705,정상,1997,POINT (127.074705 37.247954)
SL_3642,37.248648,127.074655,정상,1997,POINT (127.074655 37.248648)
SL_3643,37.248666,127.075101,정상,1997,POINT (127.075101 37.248666)
SL_3644,37.248134,127.07523,정상,1997,POINT (127.07523 37.248134)
SL_3645,37.247648,127.074694,정상,1997,POINT (127.074694 37.247648)
SL_3646,37.247715,127.075043,정상,1997,POINT (127.075043 37.247715)
SL_3647,37.247755,127.075483,정상,1997,POINT (127.075483 37.247755)
SL_3648,37.246693,127.069618,정상,1997,POINT (127.069618 37.246693)
SL_3649,37.247971,127.075849,정상,1997,POINT (127.075849 37.247971)
SL_3650,37.247764,127.07603,정상,1997,POINT (127.07603 37.247764)
SL_3651,37.247773,127.076621,정상,1997,POINT (127.076621 37.247773)
SL_3652,37.247777,127.076959,정상,1997,POINT (127.076959 37.247777)
SL_3653,37.247777,127.077472,정상,1997,POINT (127.077472 37.247777)
SL_3654,37.247763,127.078002,정상,1997,POINT (127.078002 37.247763)
SL_3655,37.247767,127.078515,정상,1997,POINT (127.078515 37.247767)
SL_3656,37.247859,127.07945,정상,1997,POINT (127.07945 37.247859)
SL_3657,37.247568,127.079304,정상,1997,POINT (127.079304 37.247568)
SL_3658,37.247528,127.078965,정상,1997,POINT (127.078965 37.247528)
SL_3659,37.246731,127.070125,정상,1997,POINT (127.070125 37.246731)
SL_3660,37.247519,127.078582,정상,1997,POINT (127.078582 37.247519)
SL_3661,37.24751,127.078007,정상,1997,POINT (127.078007 37.24751)
SL_3662,37.247497,127.077472,정상,1997,POINT (127.077472 37.247497)
SL_3663,37.247489,127.07701,정상,1997,POINT (127.07701 37.247489)
SL_3664,37.247457,127.076497,정상,1997,POINT (127.076497 37.247457)
SL_3666,37.247404,127.075353,정상,1997,POINT (127.075353 37.247404)
SL_3667,37.247346,127.07493,정상,1997,POINT (127.07493 37.247346)
SL_3668,37.247238,127.074355,정상,1997,POINT (127.074355 37.247238)
SL_3669,37.247148,127.073904,정상,1997,POINT (127.073904 37.247148)
SL_3670,37.246792,127.070644,정상,1997,POINT (127.070644 37.246792)
SL_3671,37.24704,127.07338,정상,1997,POINT (127.07338 37.24704)
SL_3673,37.246895,127.071171,정상,1997,POINT (127.071171 37.246895)
SL_3674,37.24701,127.071712,정상,1997,POINT (127.071712 37.24701)
SL_3675,37.247136,127.072264,정상,1997,POINT (127.072264 37.247136)
SL_3676,37.247252,127.072721,정상,1997,POINT (127.072721 37.247252)
SL_3677,37.247333,127.073183,정상,1997,POINT (127.073183 37.247333)
SL_3678,37.257771,127.066193,정상,2010,POINT (127.066193 37.257771)
SL_3679,37.259332,127.067432,정상,2010,POINT (127.067432 37.259332)
SL_3680,37.258994,127.067121,정상,2010,POINT (127.067121 37.258994)
SL_3681,37.258638,127.066763,정상,2010,POINT (127.066763 37.258638)
SL_3682,37.258314,127.066456,정상,2010,POINT (127.066456 37.258314)
SL_3683,37.25783,127.066013,정상,2010,POINT (127.066013 37.25783)
SL_3684,37.258087,127.066492,정상,2010,POINT (127.066492 37.258087)
SL_3685,37.258379,127.066757,정상,2010,POINT (127.066757 37.258379)
SL_3686,37.258717,127.067051,정상,2010,POINT (127.067051 37.258717)
SL_3687,37.259122,127.067417,정상,2010,POINT (127.067417 37.259122)
SL_3688,37.259501,127.067756,정상,2010,POINT (127.067756 37.259501)
SL_3689,37.259807,127.068038,정상,2010,POINT (127.068038 37.259807)
SL_3690,37.259532,127.068336,정상,2010,POINT (127.068336 37.259532)
SL_3691,37.259845,127.067869,정상,2010,POINT (127.067869 37.259845)
SL_3692,37.246301,127.05738,정상,1997,POINT (127.05738 37.246301)
SL_3693,37.246624,127.060322,정상,1997,POINT (127.060322 37.246624)
SL_3694,37.246606,127.059815,정상,1997,POINT (127.059815 37.246606)
SL_3695,37.246571,127.059376,정상,1997,POINT (127.059376 37.246571)
SL_3696,37.246557,127.058801,정상,1997,POINT (127.058801 37.246557)
SL_3697,37.246553,127.058355,정상,1997,POINT (127.058355 37.246553)
SL_3698,37.246535,127.057888,정상,1997,POINT (127.057888 37.246535)
SL_3699,37.24649,127.057369,정상,1997,POINT (127.057369 37.24649)
SL_3700,37.246887,127.057358,정상,1997,POINT (127.057358 37.246887)
SL_3701,37.246905,127.057989,정상,1997,POINT (127.057989 37.246905)
SL_3702,37.24694,127.058468,정상,1997,POINT (127.058468 37.24694)
SL_3703,37.246337,127.05791,정상,1997,POINT (127.05791 37.246337)
SL_3704,37.246958,127.059043,정상,1997,POINT (127.059043 37.246958)
SL_3705,37.24698,127.059573,정상,1997,POINT (127.059573 37.24698)
SL_3706,37.247012,127.060182,정상,1997,POINT (127.060182 37.247012)
SL_3707,37.247038,127.060683,정상,1997,POINT (127.060683 37.247038)
SL_3708,37.246673,127.061224,정상,1997,POINT (127.061224 37.246673)
SL_3709,37.246908,127.061227,정상,1997,POINT (127.061227 37.246908)
SL_3710,37.247079,127.061222,정상,1997,POINT (127.061222 37.247079)
SL_3711,37.24743,127.061202,정상,1997,POINT (127.061202 37.24743)
SL_3712,37.247696,127.061205,고장,1997,POINT (127.061205 37.247696)
SL_3713,37.248074,127.061287,정상,1997,POINT (127.061287 37.248074)
SL_3714,37.246359,127.058384,정상,1997,POINT (127.058384 37.246359)
SL_3715,37.248342,127.061468,정상,1997,POINT (127.061468 37.248342)
SL_3716,37.248617,127.061736,정상,1997,POINT (127.061736 37.248617)
SL_3717,37.248916,127.062026,정상,1997,POINT (127.062026 37.248916)
SL_3718,37.249216,127.062303,정상,1997,POINT (127.062303 37.249216)
SL_3719,37.24956,127.062649,정상,1997,POINT (127.062649 37.24956)
SL_3720,37.249869,127.06294,정상,1997,POINT (127.06294 37.249869)
SL_3721,37.250182,127.063239,정상,1997,POINT (127.063239 37.250182)
SL_3722,37.250519,127.063558,정상,1997,POINT (127.063558 37.250519)
SL_3723,37.250653,127.063276,정상,1997,POINT (127.063276 37.250653)
SL_3724,37.250387,127.063011,정상,1997,POINT (127.063011 37.250387)
SL_3725,37.246382,127.058812,정상,1997,POINT (127.058812 37.246382)
SL_3726,37.250058,127.062709,정상,1997,POINT (127.062709 37.250058)
SL_3727,37.249736,127.06241,정상,1997,POINT (127.06241 37.249736)
SL_3728,37.249425,127.062117,정상,1997,POINT (127.062117 37.249425)
SL_3729,37.24918,127.061891,정상,1997,POINT (127.061891 37.24918)
SL_3730,37.248847,127.061578,정상,1997,POINT (127.061578 37.248847)
SL_3731,37.248518,127.061279,정상,1997,POINT (127.061279 37.248518)
SL_3732,37.248273,127.061099,정상,1997,POINT (127.061099 37.248273)
SL_3733,37.247894,127.060955,정상,1997,POINT (127.060955 37.247894)
SL_3734,37.247656,127.06094,정상,1997,POINT (127.06094 37.247656)
SL_3735,37.247401,127.060934,정상,1997,POINT (127.060934 37.247401)
SL_3736,37.246399,127.059364,정상,1997,POINT (127.059364 37.246399)
SL_3737,37.246901,127.060954,정상,1997,POINT (127.060954 37.246901)
SL_3738,37.246426,127.059826,정상,1997,POINT (127.059826 37.246426)
SL_3739,37.246435,127.060305,고장,1997,POINT (127.060305 37.246435)
SL_3740,37.246475,127.060773,정상,1997,POINT (127.060773 37.246475)
SL_3741,37.246637,127.060768,정상,1997,POINT (127.060768 37.246637)
SL_3742,37.246592,127.0572,정상,1997,POINT (127.0572 37.246592)
SL_3743,37.249362,127.05836,정상,1997,POINT (127.05836 37.249362)
SL_3744,37.249682,127.058659,정상,1997,POINT (127.058659 37.249682)
SL_3745,37.249801,127.058781,정상,1997,POINT (127.058781 37.249801)
SL_3746,37.249927,127.058913,정상,1997,POINT (127.058913 37.249927)
SL_3747,37.250215,127.059198,정상,1997,POINT (127.059198 37.250215)
SL_3748,37.250555,127.059522,정상,1997,POINT (127.059522 37.250555)
SL_3749,37.250855,127.059802,정상,1997,POINT (127.059802 37.250855)
SL_3750,37.251154,127.060095,정상,1997,POINT (127.060095 37.251154)
SL_3751,37.251438,127.060368,정상,1997,POINT (127.060368 37.251438)
SL_3752,37.251746,127.06065,정상,1997,POINT (127.06065 37.251746)
SL_3753,37.246964,127.057215,정상,1997,POINT (127.057215 37.246964)
SL_3754,37.25205,127.060955,정상,1997,POINT (127.060955 37.25205)
SL_3755,37.252055,127.060549,정상,1997,POINT (127.060549 37.252055)
SL_3756,37.251742,127.06025,정상,1997,POINT (127.06025 37.251742)
SL_3757,37.251546,127.060073,정상,1997,POINT (127.060073 37.251546)
SL_3758,37.251618,127.059952,정상,1997,POINT (127.059952 37.251618)
SL_3759,37.251456,127.059977,정상,1997,POINT (127.059977 37.251456)
SL_3760,37.251227,127.059765,정상,1997,POINT (127.059765 37.251227)
SL_3761,37.250878,127.059421,정상,1997,POINT (127.059421 37.250878)
SL_3762,37.250538,127.059091,정상,1997,POINT (127.059091 37.250538)
SL_3763,37.250252,127.058832,정상,1997,POINT (127.058832 37.250252)
SL_3764,37.24732,127.057201,정상,1997,POINT (127.057201 37.24732)
SL_3765,37.249889,127.058485,정상,1997,POINT (127.058485 37.249889)
SL_3766,37.249723,127.058321,정상,1997,POINT (127.058321 37.249723)
SL_3767,37.249374,127.057989,정상,1997,POINT (127.057989 37.249374)
SL_3768,37.249094,127.057726,정상,1997,POINT (127.057726 37.249094)
SL_3769,37.248889,127.057537,정상,1997,POINT (127.057537 37.248889)
SL_3770,37.248529,127.05719,정상,1997,POINT (127.05719 37.248529)
SL_3771,37.248248,127.056993,정상,1997,POINT (127.056993 37.248248)
SL_3772,37.247883,127.056886,정상,1997,POINT (127.056886 37.247883)
SL_3773,37.247414,127.056908,정상,1997,POINT (127.056908 37.247414)
SL_3774,37.247135,127.056916,정상,1997,POINT (127.056916 37.247135)
SL_3775,37.247648,127.05719,정상,1997,POINT (127.05719 37.247648)
SL_3776,37.250002,127.058409,정상,1997,POINT (127.058409 37.250002)
SL_3777,37.250166,127.05815,정상,1997,POINT (127.05815 37.250166)
SL_3778,37.247993,127.057204,정상,1997,POINT (127.057204 37.247993)
SL_3779,37.248324,127.057385,정상,1997,POINT (127.057385 37.248324)
SL_3780,37.248594,127.057624,정상,1997,POINT (127.057624 37.248594)
SL_3781,37.248837,127.05787,정상,1997,POINT (127.05787 37.248837)
SL_3782,37.249101,127.058109,정상,1997,POINT (127.058109 37.249101)
SL_3783,37.251008,127.072488,정상,1997,POINT (127.072488 37.251008)
SL_3784,37.252564,127.073281,정상,1997,POINT (127.073281 37.252564)
SL_3785,37.252471,127.073529,정상,1997,POINT (127.073529 37.252471)
SL_3786,37.252762,127.073811,정상,1997,POINT (127.073811 37.252762)
SL_3787,37.25309,127.074122,정상,1997,POINT (127.074122 37.25309)
SL_3788,37.252849,127.074226,정상,1997,POINT (127.074226 37.252849)
SL_3789,37.252473,127.073867,정상,1997,POINT (127.073867 37.252473)
SL_3790,37.252228,127.07383,정상,1997,POINT (127.07383 37.252228)
SL_3791,37.251946,127.074304,정상,1997,POINT (127.074304 37.251946)
SL_3792,37.251919,127.074585,정상,1997,POINT (127.074585 37.251919)
SL_3793,37.252313,127.074961,정상,1997,POINT (127.074961 37.252313)
SL_3794,37.251188,127.072663,정상,1997,POINT (127.072663 37.251188)
SL_3795,37.251925,127.074963,정상,1997,POINT (127.074963 37.251925)
SL_3796,37.251756,127.074805,정상,1997,POINT (127.074805 37.251756)
SL_3797,37.25159,127.07481,정상,1997,POINT (127.07481 37.25159)
SL_3798,37.251342,127.075227,정상,1997,POINT (127.075227 37.251342)
SL_3799,37.251127,127.075579,정상,1997,POINT (127.075579 37.251127)
SL_3800,37.250915,127.075937,정상,1997,POINT (127.075937 37.250915)
SL_3801,37.250665,127.076354,고장,1997,POINT (127.076354 37.250665)
SL_3802,37.250467,127.076678,정상,1997,POINT (127.076678 37.250467)
SL_3803,37.250268,127.07699,정상,1997,POINT (127.07699 37.250268)
SL_3804,37.249134,127.07593,정상,1997,POINT (127.07593 37.249134)
SL_3805,37.251361,127.072838,정상,1997,POINT (127.072838 37.251361)
SL_3806,37.249528,127.076305,정상,1997,POINT (127.076305 37.249528)
SL_3807,37.249897,127.076666,정상,1997,POINT (127.076666 37.249897)
SL_3808,37.250171,127.076804,정상,1997,POINT (127.076804 37.250171)
SL_3809,37.250404,127.076415,정상,1997,POINT (127.076415 37.250404)
SL_3810,37.250627,127.076047,정상,1997,POINT (127.076047 37.250627)
SL_3811,37.250877,127.07563,정상,1997,POINT (127.07563 37.250877)
SL_3812,37.251141,127.075193,정상,1997,POINT (127.075193 37.251141)
SL_3813,37.251337,127.074867,정상,1997,POINT (127.074867 37.251337)
SL_3814,37.251732,127.074154,정상,1997,POINT (127.074154 37.251732)
SL_3815,37.252005,127.073689,정상,1997,POINT (127.073689 37.252005)
SL_3816,37.251546,127.073013,정상,1997,POINT (127.073013 37.251546)
SL_3817,37.251536,127.074227,정상,1997,POINT (127.074227 37.251536)
SL_3818,37.251259,127.073956,정상,1997,POINT (127.073956 37.251259)
SL_3819,37.25096,127.073669,정상,1997,POINT (127.073669 37.25096)
SL_3820,37.250665,127.073389,정상,1997,POINT (127.073389 37.250665)
SL_3821,37.250397,127.073499,정상,1997,POINT (127.073499 37.250397)
SL_3822,37.250674,127.073764,정상,1997,POINT (127.073764 37.250674)
SL_3823,37.250991,127.074074,정상,1997,POINT (127.074074 37.250991)
SL_3824,37.251304,127.074365,정상,1997,POINT (127.074365 37.251304)
SL_3825,37.251721,127.073173,정상,1997,POINT (127.073173 37.251721)
SL_3826,37.251888,127.073337,정상,1997,POINT (127.073337 37.251888)
SL_3827,37.252082,127.073518,정상,1997,POINT (127.073518 37.252082)
SL_3828,37.252255,127.073278,정상,1997,POINT (127.073278 37.252255)
SL_3829,37.252496,127.072867,정상,1997,POINT (127.072867 37.252496)
SL_3830,37.251105,127.071981,정상,1997,POINT (127.071981 37.251105)
SL_3831,37.249116,127.075253,정상,1997,POINT (127.075253 37.249116)
SL_3832,37.248929,127.075557,정상,1997,POINT (127.075557 37.248929)
SL_3833,37.248897,127.076056,정상,1997,POINT (127.076056 37.248897)
SL_3834,37.248798,127.076124,정상,1997,POINT (127.076124 37.248798)
SL_3835,37.248793,127.076459,정상,1997,POINT (127.076459 37.248793)
SL_3836,37.248797,127.076749,정상,1997,POINT (127.076749 37.248797)
SL_3837,37.24879,127.077245,정상,1997,POINT (127.077245 37.24879)
SL_3838,37.24879,127.077752,정상,1997,POINT (127.077752 37.24879)
SL_3839,37.248794,127.078212,정상,1997,POINT (127.078212 37.248794)
SL_3840,37.248789,127.07875,정상,1997,POINT (127.07875 37.248789)
SL_3841,37.250825,127.072454,정상,1997,POINT (127.072454 37.250825)
SL_3842,37.248904,127.079254,정상,1997,POINT (127.079254 37.248904)
SL_3843,37.249154,127.079519,정상,1997,POINT (127.079519 37.249154)
SL_3844,37.24941,127.079762,고장,1997,POINT (127.079762 37.24941)
SL_3845,37.249516,127.080176,정상,1997,POINT (127.080176 37.249516)
SL_3846,37.249313,127.079973,정상,1997,POINT (127.079973 37.249313)
SL_3847,37.249003,127.079677,정상,1997,POINT (127.079677 37.249003)
SL_3848,37.248762,127.07944,정상,1997,POINT (127.07944 37.248762)
SL_3849,37.248598,127.078792,정상,1997,POINT (127.078792 37.248598)
SL_3850,37.248591,127.078389,정상,1997,POINT (127.078389 37.248591)
SL_3851,37.248589,127.078102,정상,1997,POINT (127.078102 37.248589)
SL_3852,37.250694,127.072665,정상,1997,POINT (127.072665 37.250694)
SL_3853,37.24859,127.07778,정상,1997,POINT (127.07778 37.24859)
SL_3854,37.248603,127.077321,정상,1997,POINT (127.077321 37.248603)
SL_3855,37.248606,127.076695,정상,1997,POINT (127.076695 37.248606)
SL_3856,37.248604,127.076385,정상,1997,POINT (127.076385 37.248604)
SL_3857,37.248602,127.076019,정상,1997,POINT (127.076019 37.248602)
SL_3858,37.248704,127.075535,정상,1997,POINT (127.075535 37.248704)
SL_3859,37.248967,127.075092,정상,1997,POINT (127.075092 37.248967)
SL_3860,37.249141,127.074771,정상,1997,POINT (127.074771 37.249141)
SL_3861,37.249385,127.074374,정상,1997,POINT (127.074374 37.249385)
SL_3862,37.249615,127.073991,정상,1997,POINT (127.073991 37.249615)
SL_3863,37.250494,127.073006,정상,1997,POINT (127.073006 37.250494)
SL_3864,37.249836,127.073642,정상,1997,POINT (127.073642 37.249836)
SL_3865,37.250158,127.073104,정상,1997,POINT (127.073104 37.250158)
SL_3866,37.250323,127.072811,정상,1997,POINT (127.072811 37.250323)
SL_3867,37.250499,127.072541,정상,1997,POINT (127.072541 37.250499)
SL_3868,37.25065,127.072273,정상,1997,POINT (127.072273 37.25065)
SL_3869,37.248442,127.075602,정상,1997,POINT (127.075602 37.248442)
SL_3870,37.24844,127.07585,정상,1997,POINT (127.07585 37.24844)
SL_3871,37.248298,127.07603,정상,1997,POINT (127.07603 37.248298)
SL_3872,37.248306,127.07658,정상,1997,POINT (127.07658 37.248306)
SL_3873,37.248299,127.077219,정상,1997,POINT (127.077219 37.248299)
SL_3874,37.250228,127.073448,정상,1997,POINT (127.073448 37.250228)
SL_3875,37.248301,127.077729,정상,1997,POINT (127.077729 37.248301)
SL_3876,37.248305,127.07829,정상,1997,POINT (127.07829 37.248305)
SL_3877,37.248289,127.078637,정상,1997,POINT (127.078637 37.248289)
SL_3878,37.248402,127.079096,정상,1997,POINT (127.079096 37.248402)
SL_3879,37.248084,127.079338,정상,1997,POINT (127.079338 37.248084)
SL_3880,37.248001,127.079079,정상,1997,POINT (127.079079 37.248001)
SL_3881,37.248098,127.078915,정상,1997,POINT (127.078915 37.248098)
SL_3882,37.248109,127.078473,정상,1997,POINT (127.078473 37.248109)
SL_3883,37.248114,127.078084,정상,1997,POINT (127.078084 37.248114)
SL_3884,37.248119,127.077766,정상,1997,POINT (127.077766 37.248119)
SL_3885,37.250032,127.073758,정상,1997,POINT (127.073758 37.250032)
SL_3886,37.248112,127.077146,정상,1997,POINT (127.077146 37.248112)
SL_3887,37.248124,127.076619,정상,1997,POINT (127.076619 37.248124)
SL_3888,37.248106,127.076312,정상,1997,POINT (127.076312 37.248106)
SL_3889,37.248113,127.075931,정상,1997,POINT (127.075931 37.248113)
SL_3890,37.248165,127.075444,정상,1997,POINT (127.075444 37.248165)
SL_3891,37.249774,127.074149,정상,1997,POINT (127.074149 37.249774)
SL_3892,37.249542,127.074527,정상,1997,POINT (127.074527 37.249542)
SL_3893,37.249314,127.074901,정상,1997,POINT (127.074901 37.249314)
SL_3894,37.253298,127.079721,정상,1997,POINT (127.079721 37.253298)
SL_3895,37.254139,127.078862,정상,1997,POINT (127.078862 37.254139)
SL_3896,37.253909,127.079243,정상,1997,POINT (127.079243 37.253909)
SL_3897,37.253688,127.0796,정상,1997,POINT (127.0796 37.253688)
SL_3898,37.253465,127.079975,정상,1997,POINT (127.079975 37.253465)
SL_3899,37.253201,127.080262,정상,1997,POINT (127.080262 37.253201)
SL_3900,37.252958,127.080428,정상,1997,POINT (127.080428 37.252958)
SL_3901,37.252636,127.080557,정상,1997,POINT (127.080557 37.252636)
SL_3902,37.252284,127.080636,정상,1997,POINT (127.080636 37.252284)
SL_3903,37.251861,127.08072,정상,1997,POINT (127.08072 37.251861)
SL_3904,37.251482,127.080798,정상,1997,POINT (127.080798 37.251482)
SL_3905,37.253454,127.079462,정상,1997,POINT (127.079462 37.253454)
SL_3906,37.251065,127.08088,정상,1997,POINT (127.08088 37.251065)
SL_3907,37.250588,127.080879,정상,1997,POINT (127.080879 37.250588)
SL_3908,37.250119,127.080693,정상,1997,POINT (127.080693 37.250119)
SL_3909,37.249854,127.080492,정상,1997,POINT (127.080492 37.249854)
SL_3910,37.253614,127.079186,정상,1997,POINT (127.079186 37.253614)
SL_3911,37.253849,127.078814,정상,1997,POINT (127.078814 37.253849)
SL_3912,37.254079,127.078423,정상,1997,POINT (127.078423 37.254079)
SL_3913,37.254309,127.078023,정상,1997,POINT (127.078023 37.254309)
SL_3914,37.254464,127.077772,정상,1997,POINT (127.077772 37.254464)
SL_3915,37.254615,127.078049,정상,1997,POINT (127.078049 37.254615)
SL_3916,37.254353,127.078494,정상,1997,POINT (127.078494 37.254353)
SL_3917,37.249908,127.080202,정상,2010,POINT (127.080202 37.249908)
SL_3918,37.25264,127.080256,정상,2010,POINT (127.080256 37.25264)
SL_3919,37.252458,127.080064,정상,2010,POINT (127.080064 37.252458)
SL_3920,37.252163,127.080137,정상,2010,POINT (127.080137 37.252163)
SL_3921,37.251816,127.080213,정상,2010,POINT (127.080213 37.251816)
SL_3922,37.251298,127.080291,정상,2010,POINT (127.080291 37.251298)
SL_3923,37.250958,127.080265,정상,2010,POINT (127.080265 37.250958)
SL_3924,37.250586,127.080248,정상,2010,POINT (127.080248 37.250586)
SL_3925,37.250237,127.080079,정상,2010,POINT (127.080079 37.250237)
SL_3926,37.250715,127.07978,정상,2010,POINT (127.07978 37.250715)
SL_3927,37.251235,127.079778,정상,2010,POINT (127.079778 37.251235)
SL_3928,37.250135,127.080394,정상,2010,POINT (127.080394 37.250135)
SL_3929,37.251602,127.079598,정상,2010,POINT (127.079598 37.251602)
SL_3930,37.251814,127.07941,정상,2010,POINT (127.07941 37.251814)
SL_3931,37.252242,127.079638,정상,2010,POINT (127.079638 37.252242)
SL_3932,37.250374,127.080521,정상,2010,POINT (127.080521 37.250374)
SL_3933,37.250671,127.080603,정상,2010,POINT (127.080603 37.250671)
SL_3934,37.251005,127.080589,정상,2010,POINT (127.080589 37.251005)
SL_3935,37.25132,127.080519,정상,2010,POINT (127.080519 37.25132)
SL_3936,37.251683,127.080446,정상,2010,POINT (127.080446 37.251683)
SL_3937,37.252068,127.080371,정상,2010,POINT (127.080371 37.252068)
SL_3938,37.252361,127.080312,정상,2010,POINT (127.080312 37.252361)
SL_3939,37.260837,127.080823,정상,1997,POINT (127.080823 37.260837)
SL_3940,37.258589,127.080468,정상,1997,POINT (127.080468 37.258589)
SL_3941,37.25824,127.080425,정상,1997,POINT (127.080425 37.25824)
SL_3942,37.257907,127.080371,정상,1997,POINT (127.080371 37.257907)
SL_3943,37.257619,127.080275,정상,1997,POINT (127.080275 37.257619)
SL_3944,37.257227,127.080145,정상,1997,POINT (127.080145 37.257227)
SL_3945,37.257326,127.080295,정상,1997,POINT (127.080295 37.257326)
SL_3946,37.256869,127.080111,정상,1997,POINT (127.080111 37.256869)
SL_3947,37.256544,127.080161,정상,1997,POINT (127.080161 37.256544)
SL_3948,37.256238,127.080262,정상,1997,POINT (127.080262 37.256238)
SL_3949,37.255958,127.080347,정상,1997,POINT (127.080347 37.255958)
SL_3950,37.260657,127.080932,정상,1997,POINT (127.080932 37.260657)
SL_3951,37.255569,127.080476,정상,1997,POINT (127.080476 37.255569)
SL_3952,37.255206,127.0806,정상,1997,POINT (127.0806 37.255206)
SL_3953,37.254832,127.080712,정상,1997,POINT (127.080712 37.254832)
SL_3954,37.254404,127.080824,정상,1997,POINT (127.080824 37.254404)
SL_3955,37.254016,127.08079,정상,1997,POINT (127.08079 37.254016)
SL_3956,37.253688,127.080654,정상,1997,POINT (127.080654 37.253688)
SL_3957,37.253408,127.080457,정상,1997,POINT (127.080457 37.253408)
SL_3958,37.253607,127.080254,정상,1997,POINT (127.080254 37.253607)
SL_3959,37.253886,127.080457,정상,1997,POINT (127.080457 37.253886)
SL_3960,37.254197,127.080525,정상,1997,POINT (127.080525 37.254197)
SL_3961,37.26049,127.080786,정상,1997,POINT (127.080786 37.26049)
SL_3962,37.254665,127.080481,정상,1997,POINT (127.080481 37.254665)
SL_3963,37.25503,127.080363,정상,1997,POINT (127.080363 37.25503)
SL_3964,37.255422,127.08025,정상,1997,POINT (127.08025 37.255422)
SL_3965,37.255792,127.080104,정상,1997,POINT (127.080104 37.255792)
SL_3966,37.256139,127.080003,정상,1997,POINT (127.080003 37.256139)
SL_3967,37.256544,127.07988,정상,1997,POINT (127.07988 37.256544)
SL_3968,37.256869,127.079829,정상,1997,POINT (127.079829 37.256869)
SL_3969,37.257103,127.079835,정상,1997,POINT (127.079835 37.257103)
SL_3970,37.257315,127.079889,정상,1997,POINT (127.079889 37.257315)
SL_3971,37.257758,127.080033,정상,1997,POINT (127.080033 37.257758)
SL_3972,37.260324,127.080633,정상,1997,POINT (127.080633 37.260324)
SL_3973,37.258096,127.080129,정상,1997,POINT (127.080129 37.258096)
SL_3974,37.258362,127.080169,정상,1997,POINT (127.080169 37.258362)
SL_3975,37.258709,127.080197,정상,1997,POINT (127.080197 37.258709)
SL_3976,37.25906,127.080181,정상,1997,POINT (127.080181 37.25906)
SL_3977,37.259353,127.080052,정상,1997,POINT (127.080052 37.259353)
SL_3978,37.259642,127.07981,정상,1997,POINT (127.07981 37.259642)
SL_3979,37.260171,127.080475,정상,1997,POINT (127.080475 37.260171)
SL_3980,37.259973,127.080295,정상,1997,POINT (127.080295 37.259973)
SL_3981,37.259542,127.080241,정상,1997,POINT (127.080241 37.259542)
SL_3982,37.259261,127.080395,정상,1997,POINT (127.080395 37.259261)
SL_3983,37.25892,127.080474,정상,1997,POINT (127.080474 37.25892)
SL_3984,37.255608,127.075854,정상,1997,POINT (127.075854 37.255608)
SL_3985,37.25489,127.077522,정상,1997,POINT (127.077522 37.25489)
SL_3986,37.254555,127.077603,정상,1997,POINT (127.077603 37.254555)
SL_3987,37.254465,127.077428,정상,1997,POINT (127.077428 37.254465)
SL_3988,37.254447,127.077068,정상,1997,POINT (127.077068 37.254447)
SL_3989,37.254206,127.077183,정상,1997,POINT (127.077183 37.254206)
SL_3990,37.254246,127.076873,정상,1997,POINT (127.076873 37.254246)
SL_3991,37.253893,127.07687,정상,1997,POINT (127.07687 37.253893)
SL_3992,37.254089,127.076726,정상,1997,POINT (127.076726 37.254089)
SL_3993,37.253611,127.076613,정상,1997,POINT (127.076613 37.253611)
SL_3994,37.253594,127.076252,정상,1997,POINT (127.076252 37.253594)
SL_3995,37.255695,127.076193,정상,1997,POINT (127.076193 37.255695)
SL_3996,37.253185,127.076897,정상,1997,POINT (127.076897 37.253185)
SL_3997,37.252929,127.075956,정상,1997,POINT (127.075956 37.252929)
SL_3998,37.252782,127.077562,정상,1997,POINT (127.077562 37.252782)
SL_3999,37.252567,127.075631,정상,1997,POINT (127.075631 37.252567)
SL_4000,37.252268,127.07841,정상,1997,POINT (127.07841 37.252268)
SL_4001,37.255635,127.075801,정상,1997,POINT (127.075801 37.255635)
SL_4002,37.255745,127.076145,정상,1997,POINT (127.076145 37.255745)
SL_4003,37.255429,127.07617,정상,1997,POINT (127.07617 37.255429)
SL_4004,37.251848,127.076389,정상,1997,POINT (127.076389 37.251848)
SL_4005,37.255208,127.076547,정상,1997,POINT (127.076547 37.255208)
SL_4006,37.255396,127.076204,정상,1997,POINT (127.076204 37.255396)
SL_4007,37.251128,127.077428,정상,1997,POINT (127.077428 37.251128)
SL_4008,37.251043,127.077566,정상,1997,POINT (127.077566 37.251043)
SL_4009,37.254785,127.077243,정상,1997,POINT (127.077243 37.254785)
SL_4010,37.254913,127.077564,정상,1997,POINT (127.077564 37.254913)
SL_4011,37.254777,127.077787,정상,1997,POINT (127.077787 37.254777)
SL_4012,37.254557,127.077634,정상,1997,POINT (127.077634 37.254557)
SL_4013,37.254505,127.077431,정상,1997,POINT (127.077431 37.254505)
SL_4014,37.254571,127.07713,정상,1997,POINT (127.07713 37.254571)
SL_4015,37.254269,127.077206,정상,1997,POINT (127.077206 37.254269)
SL_4016,37.254305,127.076882,정상,1997,POINT (127.076882 37.254305)
SL_4017,37.25545,127.076587,정상,1997,POINT (127.076587 37.25545)
SL_4018,37.253936,127.076895,정상,1997,POINT (127.076895 37.253936)
SL_4019,37.253873,127.076467,정상,1997,POINT (127.076467 37.253873)
SL_4020,37.253551,127.076512,정상,1997,POINT (127.076512 37.253551)
SL_4021,37.253555,127.076159,정상,1997,POINT (127.076159 37.253555)
SL_4022,37.253249,127.07586,정상,1997,POINT (127.07586 37.253249)
SL_4023,37.252986,127.075984,정상,1997,POINT (127.075984 37.252986)
SL_4024,37.252979,127.075595,정상,1997,POINT (127.075595 37.252979)
SL_4025,37.25363,127.075449,정상,1997,POINT (127.075449 37.25363)
SL_4026,37.255188,127.076589,정상,1997,POINT (127.076589 37.255188)
SL_4027,37.251941,127.078629,정상,1997,POINT (127.078629 37.251941)
SL_4028,37.251943,127.078249,정상,1997,POINT (127.078249 37.251943)
SL_4029,37.255301,127.076846,정상,1997,POINT (127.076846 37.255301)
SL_4030,37.252187,127.078209,정상,1997,POINT (127.078209 37.252187)
SL_4031,37.252207,127.077823,정상,1997,POINT (127.077823 37.252207)
SL_4032,37.252493,127.077728,정상,1997,POINT (127.077728 37.252493)
SL_4033,37.252437,127.07744,고장,1997,POINT (127.07744 37.252437)
SL_4034,37.252762,127.077286,정상,1997,POINT (127.077286 37.252762)
SL_4035,37.254963,127.076956,정상,1997,POINT (127.076956 37.254963)
SL_4036,37.254744,127.077285,정상,1997,POINT (127.077285 37.254744)
SL_4037,37.255041,127.077277,정상,1997,POINT (127.077277 37.255041)
SL_4038,37.2673,127.0809,정상,1997,POINT (127.0809 37.2673)
SL_4039,37.266843,127.080897,정상,1997,POINT (127.080897 37.266843)
SL_4040,37.266941,127.081176,정상,1997,POINT (127.081176 37.266941)
SL_4041,37.266822,127.081331,정상,1997,POINT (127.081331 37.266822)
SL_4042,37.266608,127.081319,정상,1997,POINT (127.081319 37.266608)
SL_4043,37.266205,127.081634,정상,1997,POINT (127.081634 37.266205)
SL_4044,37.267725,127.081842,정상,1997,POINT (127.081842 37.267725)
SL_4045,37.267277,127.081844,정상,1997,POINT (127.081844 37.267277)
SL_4046,37.266912,127.081849,정상,1997,POINT (127.081849 37.266912)
SL_4047,37.266445,127.081843,정상,1997,POINT (127.081843 37.266445)
SL_4048,37.266008,127.081843,정상,1997,POINT (127.081843 37.266008)
SL_4049,37.267113,127.080691,정상,1997,POINT (127.080691 37.267113)
SL_4050,37.265589,127.081854,정상,1997,POINT (127.081854 37.265589)
SL_4051,37.265198,127.081859,정상,1997,POINT (127.081859 37.265198)
SL_4052,37.264887,127.081847,정상,1997,POINT (127.081847 37.264887)
SL_4053,37.26445,127.081807,정상,1997,POINT (127.081807 37.26445)
SL_4054,37.264062,127.081762,정상,1997,POINT (127.081762 37.264062)
SL_4055,37.263697,127.081711,정상,1997,POINT (127.081711 37.263697)
SL_4056,37.263296,127.081597,정상,1997,POINT (127.081597 37.263296)
SL_4057,37.262959,127.081473,정상,1997,POINT (127.081473 37.262959)
SL_4058,37.262643,127.081315,정상,1997,POINT (127.081315 37.262643)
SL_4059,37.262346,127.081129,정상,1997,POINT (127.081129 37.262346)
SL_4060,37.266825,127.080685,정상,1997,POINT (127.080685 37.266825)
SL_4061,37.262175,127.081669,정상,1997,POINT (127.081669 37.262175)
SL_4062,37.262458,127.081856,정상,1997,POINT (127.081856 37.262458)
SL_4063,37.262769,127.08202,정상,1997,POINT (127.08202 37.262769)
SL_4064,37.26312,127.082155,정상,1997,POINT (127.082155 37.26312)
SL_4065,37.26349,127.082274,정상,1997,POINT (127.082274 37.26349)
SL_4066,37.263979,127.082359,정상,1997,POINT (127.082359 37.263979)
SL_4067,37.264413,127.082413,정상,1997,POINT (127.082413 37.264413)
SL_4068,37.264884,127.082462,정상,1997,POINT (127.082462 37.264884)
SL_4069,37.265195,127.082451,정상,1997,POINT (127.082451 37.265195)
SL_4070,37.265551,127.082451,정상,1997,POINT (127.082451 37.265551)
SL_4071,37.266491,127.080693,고장,1997,POINT (127.080693 37.266491)
SL_4072,37.265956,127.08244,정상,1997,POINT (127.08244 37.265956)
SL_4073,37.266235,127.082626,정상,1997,POINT (127.082626 37.266235)
SL_4074,37.266893,127.082452,정상,1997,POINT (127.082452 37.266893)
SL_4075,37.267211,127.082433,정상,1997,POINT (127.082433 37.267211)
SL_4076,37.267589,127.082442,정상,1997,POINT (127.082442 37.267589)
SL_4077,37.267898,127.082437,정상,1997,POINT (127.082437 37.267898)
SL_4078,37.266131,127.080699,정상,1997,POINT (127.080699 37.266131)
SL_4079,37.266029,127.081409,정상,1997,POINT (127.081409 37.266029)
SL_4080,37.266241,127.081341,정상,1997,POINT (127.081341 37.266241)
SL_4081,37.266239,127.08102,정상,1997,POINT (127.08102 37.266239)
SL_4082,37.266532,127.080905,정상,1997,POINT (127.080905 37.266532)
SL_4083,37.24625,127.064227,정상,1997,POINT (127.064227 37.24625)
SL_4084,37.246487,127.068981,정상,1997,POINT (127.068981 37.246487)
SL_4085,37.246615,127.068976,정상,1997,POINT (127.068976 37.246615)
SL_4086,37.246609,127.068297,정상,1997,POINT (127.068297 37.246609)
SL_4087,37.246602,127.067598,정상,1997,POINT (127.067598 37.246602)
SL_4088,37.246605,127.067023,정상,1997,POINT (127.067023 37.246605)
SL_4089,37.246574,127.066507,정상,1997,POINT (127.066507 37.246574)
SL_4090,37.246545,127.066045,정상,1997,POINT (127.066045 37.246545)
SL_4091,37.246493,127.065535,정상,1997,POINT (127.065535 37.246493)
SL_4092,37.246455,127.065098,정상,1997,POINT (127.065098 37.246455)
SL_4093,37.24641,127.06465,정상,1997,POINT (127.06465 37.24641)
SL_4094,37.246293,127.064667,정상,1997,POINT (127.064667 37.246293)
SL_4095,37.24637,127.064199,정상,1997,POINT (127.064199 37.24637)
SL_4096,37.246333,127.065112,정상,1997,POINT (127.065112 37.246333)
SL_4097,37.246376,127.065552,정상,1997,POINT (127.065552 37.246376)
SL_4098,37.246418,127.066059,정상,1997,POINT (127.066059 37.246418)
SL_4099,37.246456,127.066521,정상,1997,POINT (127.066521 37.246456)
SL_4100,37.246481,127.067034,정상,1997,POINT (127.067034 37.246481)
SL_4101,37.246483,127.0676,고장,1997,POINT (127.0676 37.246483)
SL_4102,37.246489,127.068302,정상,1997,POINT (127.068302 37.246489)
SL_4103,37.251903,127.070725,정상,1997,POINT (127.070725 37.251903)
SL_4104,37.253758,127.073094,정상,1997,POINT (127.073094 37.253758)
SL_4105,37.253393,127.073493,정상,1997,POINT (127.073493 37.253393)
SL_4106,37.253102,127.073217,정상,1997,POINT (127.073217 37.253102)
SL_4107,37.25285,127.07298,정상,1997,POINT (127.07298 37.25285)
SL_4108,37.252539,127.072681,정상,1997,POINT (127.072681 37.252539)
SL_4109,37.252211,127.072374,정상,1997,POINT (127.072374 37.252211)
SL_4110,37.252006,127.072176,정상,1997,POINT (127.072176 37.252006)
SL_4111,37.251814,127.07199,정상,1997,POINT (127.07199 37.251814)
SL_4112,37.251576,127.071759,정상,1997,POINT (127.071759 37.251576)
SL_4113,37.251272,127.071767,정상,1997,POINT (127.071767 37.251272)
SL_4114,37.251806,127.070888,정상,1997,POINT (127.070888 37.251806)
SL_4115,37.251903,127.071286,정상,1997,POINT (127.071286 37.251903)
SL_4116,37.252092,127.071455,정상,1997,POINT (127.071455 37.252092)
SL_4117,37.252328,127.071751,정상,1997,POINT (127.071751 37.252328)
SL_4118,37.252605,127.072005,정상,1997,POINT (127.072005 37.252605)
SL_4119,37.252841,127.072183,정상,1997,POINT (127.072183 37.252841)
SL_4120,37.253148,127.072476,정상,1997,POINT (127.072476 37.253148)
SL_4121,37.25353,127.072879,정상,1997,POINT (127.072879 37.25353)
SL_4122,37.254228,127.073553,정상,1997,POINT (127.073553 37.254228)
SL_4123,37.256939,127.07607,정상,1997,POINT (127.07607 37.256939)
SL_4124,37.257281,127.076389,정상,1997,POINT (127.076389 37.257281)
SL_4125,37.257612,127.076707,정상,1997,POINT (127.076707 37.257612)
SL_4126,37.25786,127.076961,정상,1997,POINT (127.076961 37.25786)
SL_4127,37.257566,127.077451,정상,1997,POINT (127.077451 37.257566)
SL_4128,37.257283,127.077189,정상,1997,POINT (127.077189 37.257283)
SL_4129,37.25699,127.076907,정상,1997,POINT (127.076907 37.25699)
SL_4130,37.256623,127.07656,정상,1997,POINT (127.07656 37.256623)
SL_4131,37.256333,127.076281,정상,1997,POINT (127.076281 37.256333)
SL_4132,37.255982,127.075953,정상,1997,POINT (127.075953 37.255982)
SL_4133,37.254568,127.073816,정상,1997,POINT (127.073816 37.254568)
SL_4134,37.255635,127.07562,정상,1997,POINT (127.07562 37.255635)
SL_4135,37.255398,127.075383,정상,1997,POINT (127.075383 37.255398)
SL_4136,37.255158,127.075158,정상,1997,POINT (127.075158 37.255158)
SL_4137,37.254867,127.07489,정상,1997,POINT (127.07489 37.254867)
SL_4138,37.254532,127.074568,정상,1997,POINT (127.074568 37.254532)
SL_4139,37.254257,127.074303,정상,1997,POINT (127.074303 37.254257)
SL_4140,37.253883,127.073959,정상,1997,POINT (127.073959 37.253883)
SL_4141,37.253739,127.073823,정상,2019,POINT (127.073823 37.253739)
SL_4142,37.253976,127.073319,정상,2019,POINT (127.073319 37.253976)
SL_4143,37.254823,127.074073,정상,1997,POINT (127.074073 37.254823)
SL_4144,37.255149,127.074377,정상,1997,POINT (127.074377 37.255149)
SL_4145,37.255444,127.074665,정상,1997,POINT (127.074665 37.255444)
SL_4146,37.255719,127.074919,정상,1997,POINT (127.074919 37.255719)
SL_4147,37.255991,127.075167,정상,1997,POINT (127.075167 37.255991)
SL_4148,37.256311,127.075483,정상,1997,POINT (127.075483 37.256311)
SL_4149,37.256606,127.075762,정상,1997,POINT (127.075762 37.256606)
SL_4150,37.25687,127.066048,정상,1997,POINT (127.066048 37.25687)
SL_4151,37.253734,127.067714,정상,1997,POINT (127.067714 37.253734)
SL_4152,37.253454,127.068193,고장,1997,POINT (127.068193 37.253454)
SL_4153,37.253181,127.068632,정상,1997,POINT (127.068632 37.253181)
SL_4154,37.252954,127.069001,정상,1997,POINT (127.069001 37.252954)
SL_4155,37.252762,127.069319,정상,1997,POINT (127.069319 37.252762)
SL_4156,37.252613,127.06957,정상,1997,POINT (127.06957 37.252613)
SL_4157,37.252532,127.069702,정상,1997,POINT (127.069702 37.252532)
SL_4158,37.252374,127.069964,정상,1997,POINT (127.069964 37.252374)
SL_4159,37.252237,127.070184,정상,1997,POINT (127.070184 37.252237)
SL_4160,37.252189,127.070421,정상,1997,POINT (127.070421 37.252189)
SL_4161,37.256582,127.066178,정상,1997,POINT (127.066178 37.256582)
SL_4162,37.252358,127.070587,정상,1997,POINT (127.070587 37.252358)
SL_4163,37.252534,127.070773,정상,1997,POINT (127.070773 37.252534)
SL_4164,37.252727,127.070968,정상,1997,POINT (127.070968 37.252727)
SL_4165,37.252912,127.07116,정상,1997,POINT (127.07116 37.252912)
SL_4166,37.253061,127.071306,정상,1997,POINT (127.071306 37.253061)
SL_4167,37.253254,127.071493,정상,1997,POINT (127.071493 37.253254)
SL_4168,37.253403,127.071684,정상,1997,POINT (127.071684 37.253403)
SL_4169,37.253517,127.071828,정상,1997,POINT (127.071828 37.253517)
SL_4170,37.253614,127.071983,정상,1997,POINT (127.071983 37.253614)
SL_4171,37.253713,127.072119,정상,1997,POINT (127.072119 37.253713)
SL_4172,37.256222,127.066338,정상,1997,POINT (127.066338 37.256222)
SL_4173,37.253828,127.072271,정상,1997,POINT (127.072271 37.253828)
SL_4174,37.25331,127.072014,정상,1997,POINT (127.072014 37.25331)
SL_4175,37.253065,127.071985,정상,1997,POINT (127.071985 37.253065)
SL_4176,37.25313,127.072298,정상,1997,POINT (127.072298 37.25313)
SL_4177,37.253651,127.067305,정상,1997,POINT (127.067305 37.253651)
SL_4178,37.253362,127.067747,정상,1997,POINT (127.067747 37.253362)
SL_4179,37.253119,127.068178,정상,1997,POINT (127.068178 37.253119)
SL_4180,37.252904,127.068516,정상,1997,POINT (127.068516 37.252904)
SL_4181,37.252695,127.068891,정상,1997,POINT (127.068891 37.252695)
SL_4182,37.252505,127.069201,정상,1997,POINT (127.069201 37.252505)
SL_4183,37.255931,127.066476,정상,1997,POINT (127.066476 37.255931)
SL_4184,37.252305,127.069527,정상,1997,POINT (127.069527 37.252305)
SL_4185,37.252052,127.069919,정상,1997,POINT (127.069919 37.252052)
SL_4186,37.251815,127.07033,정상,1997,POINT (127.07033 37.251815)
SL_4187,37.251615,127.070662,정상,1997,POINT (127.070662 37.251615)
SL_4188,37.255586,127.066631,정상,1997,POINT (127.066631 37.255586)
SL_4189,37.255268,127.066783,정상,1997,POINT (127.066783 37.255268)
SL_4190,37.254836,127.066968,정상,1997,POINT (127.066968 37.254836)
SL_4191,37.254534,127.067112,정상,1997,POINT (127.067112 37.254534)
SL_4192,37.254185,127.067269,정상,1997,POINT (127.067269 37.254185)
SL_4193,37.241352,127.06158,정상,2004,POINT (127.06158 37.241352)
SL_4194,37.243565,127.061131,정상,2004,POINT (127.061131 37.243565)
SL_4195,37.243849,127.061171,정상,2004,POINT (127.061171 37.243849)
SL_4196,37.243848,127.061346,정상,2004,POINT (127.061346 37.243848)
SL_4197,37.243583,127.061306,정상,2004,POINT (127.061306 37.243583)
SL_4198,37.24306,127.061221,정상,2004,POINT (127.061221 37.24306)
SL_4199,37.242718,127.06117,정상,2004,POINT (127.06117 37.242718)
SL_4200,37.242371,127.061102,정상,2004,POINT (127.061102 37.242371)
SL_4201,37.242042,127.061046,정상,2004,POINT (127.061046 37.242042)
SL_4202,37.241704,127.061051,정상,2004,POINT (127.061051 37.241704)
SL_4203,37.241546,127.061428,정상,2004,POINT (127.061428 37.241546)
SL_4204,37.241371,127.061214,정상,2004,POINT (127.061214 37.241371)
SL_4205,37.241528,127.06184,정상,2004,POINT (127.06184 37.241528)
SL_4206,37.241398,127.06087,정상,2004,POINT (127.06087 37.241398)
SL_4207,37.241619,127.060724,정상,2004,POINT (127.060724 37.241619)
SL_4208,37.241835,127.060758,정상,2004,POINT (127.060758 37.241835)
SL_4209,37.242042,127.060798,정상,2004,POINT (127.060798 37.242042)
SL_4210,37.242366,127.060854,정상,2004,POINT (127.060854 37.242366)
SL_4211,37.24274,127.061001,정상,2004,POINT (127.061001 37.24274)
SL_4212,37.243096,127.061052,정상,2004,POINT (127.061052 37.243096)
SL_4213,37.24495,127.057047,정상,2002,POINT (127.057047 37.24495)
SL_4214,37.244765,127.057379,정상,2002,POINT (127.057379 37.244765)
SL_4215,37.244485,127.057734,정상,2002,POINT (127.057734 37.244485)
SL_4216,37.24435,127.058117,정상,2002,POINT (127.058117 37.24435)
SL_4217,37.244273,127.058252,정상,2002,POINT (127.058252 37.244273)
SL_4218,37.244116,127.058185,정상,2002,POINT (127.058185 37.244116)
SL_4219,37.243927,127.058055,정상,2002,POINT (127.058055 37.243927)
SL_4220,37.243589,127.057885,정상,2002,POINT (127.057885 37.243589)
SL_4221,37.243337,127.057902,정상,2002,POINT (127.057902 37.243337)
SL_4222,37.245446,127.056546,정상,2002,POINT (127.056546 37.245446)
SL_4223,37.243275,127.05487,정상,2002,POINT (127.05487 37.243275)
SL_4224,37.243284,127.054544,정상,2002,POINT (127.054544 37.243284)
SL_4225,37.243338,127.054138,정상,2002,POINT (127.054138 37.243338)
SL_4226,37.24342,127.053794,정상,2002,POINT (127.053794 37.24342)
SL_4227,37.243654,127.053389,정상,2002,POINT (127.053389 37.243654)
SL_4228,37.243852,127.053073,정상,2002,POINT (127.053073 37.243852)
SL_4229,37.244019,127.053028,정상,2002,POINT (127.053028 37.244019)
SL_4230,37.244271,127.053265,정상,2002,POINT (127.053265 37.244271)
SL_4231,37.244474,127.05326,정상,2002,POINT (127.05326 37.244474)
SL_4232,37.244789,127.053181,정상,2002,POINT (127.053181 37.244789)
SL_4233,37.245157,127.056483,정상,2002,POINT (127.056483 37.245157)
SL_4234,37.245073,127.053125,정상,2002,POINT (127.053125 37.245073)
SL_4235,37.245339,127.053057,정상,2002,POINT (127.053057 37.245339)
SL_4236,37.24491,127.056213,정상,2002,POINT (127.056213 37.24491)
SL_4237,37.244694,127.056032,정상,2002,POINT (127.056032 37.244694)
SL_4238,37.244441,127.055829,정상,2002,POINT (127.055829 37.244441)
SL_4239,37.244158,127.055621,정상,2002,POINT (127.055621 37.244158)
SL_4240,37.243941,127.055496,정상,2002,POINT (127.055496 37.243941)
SL_4241,37.243635,127.055333,정상,2002,POINT (127.055333 37.243635)
SL_4242,37.243293,127.055197,정상,2002,POINT (127.055197 37.243293)
SL_4243,37.237596,127.060236,정상,2000,POINT (127.060236 37.237596)
SL_4244,37.237871,127.060197,정상,2000,POINT (127.060197 37.237871)
SL_4245,37.23783,127.060445,정상,2000,POINT (127.060445 37.23783)
SL_4246,37.238069,127.060293,정상,2000,POINT (127.060293 37.238069)
SL_4247,37.238042,127.060513,정상,2000,POINT (127.060513 37.238042)
SL_4248,37.238303,127.06031,정상,2000,POINT (127.06031 37.238303)
SL_4249,37.238506,127.060344,정상,2000,POINT (127.060344 37.238506)
SL_4250,37.23706,127.059255,정상,2004,POINT (127.059255 37.23706)
SL_4251,37.235404,127.055828,정상,2004,POINT (127.055828 37.235404)
SL_4252,37.235291,127.055467,정상,2004,POINT (127.055467 37.235291)
SL_4253,37.236817,127.058928,정상,2004,POINT (127.058928 37.236817)
SL_4254,37.236547,127.058545,정상,2004,POINT (127.058545 37.236547)
SL_4255,37.236277,127.058105,정상,2004,POINT (127.058105 37.236277)
SL_4256,37.23607,127.057649,정상,2004,POINT (127.057649 37.23607)
SL_4257,37.23593,127.057311,정상,2004,POINT (127.057311 37.23593)
SL_4258,37.235795,127.056978,정상,2004,POINT (127.056978 37.235795)
SL_4259,37.235696,127.056657,정상,2004,POINT (127.056657 37.235696)
SL_4260,37.235539,127.056234,정상,2004,POINT (127.056234 37.235539)
SL_4261,37.23916,127.058423,정상,2006,POINT (127.058423 37.23916)
SL_4262,37.239088,127.057859,정상,2006,POINT (127.057859 37.239088)
SL_4263,37.239043,127.057521,정상,2006,POINT (127.057521 37.239043)
SL_4264,37.238985,127.057172,정상,2006,POINT (127.057172 37.238985)
SL_4265,37.239021,127.056817,정상,2006,POINT (127.056817 37.239021)
SL_4266,37.238868,127.05702,정상,2006,POINT (127.05702 37.238868)
SL_4267,37.238692,127.057172,정상,2006,POINT (127.057172 37.238692)
SL_4268,37.239085,127.055803,정상,2001,POINT (127.055803 37.239085)
SL_4269,37.239108,127.053194,정상,2001,POINT (127.053194 37.239108)
SL_4270,37.239122,127.05289,정상,2001,POINT (127.05289 37.239122)
SL_4271,37.239122,127.052546,정상,2001,POINT (127.052546 37.239122)
SL_4272,37.239113,127.052258,정상,2001,POINT (127.052258 37.239113)
SL_4273,37.239064,127.051717,정상,2001,POINT (127.051717 37.239064)
SL_4274,37.239024,127.051407,정상,2001,POINT (127.051407 37.239024)
SL_4275,37.239294,127.051441,정상,2001,POINT (127.051441 37.239294)
SL_4276,37.239319,127.051636,정상,2001,POINT (127.051636 37.239319)
SL_4277,37.239357,127.051884,정상,2001,POINT (127.051884 37.239357)
SL_4278,37.239348,127.052168,정상,2001,POINT (127.052168 37.239348)
SL_4279,37.239044,127.055538,정상,2001,POINT (127.055538 37.239044)
SL_4280,37.239343,127.052444,정상,2001,POINT (127.052444 37.239343)
SL_4281,37.239347,127.052715,정상,2001,POINT (127.052715 37.239347)
SL_4282,37.239347,127.052969,정상,2001,POINT (127.052969 37.239347)
SL_4283,37.239334,127.053278,정상,2001,POINT (127.053278 37.239334)
SL_4284,37.23932,127.053538,정상,2001,POINT (127.053538 37.23932)
SL_4285,37.239338,127.053774,정상,2001,POINT (127.053774 37.239338)
SL_4286,37.239275,127.054174,정상,2001,POINT (127.054174 37.239275)
SL_4287,37.239247,127.054445,정상,2001,POINT (127.054445 37.239247)
SL_4288,37.239234,127.054693,정상,2001,POINT (127.054693 37.239234)
SL_4289,37.239225,127.054975,정상,2001,POINT (127.054975 37.239225)
SL_4290,37.239004,127.055267,정상,2001,POINT (127.055267 37.239004)
SL_4291,37.239008,127.054935,정상,2001,POINT (127.054935 37.239008)
SL_4292,37.239018,127.054659,정상,2001,POINT (127.054659 37.239018)
SL_4293,37.239018,127.054411,정상,2001,POINT (127.054411 37.239018)
SL_4294,37.239027,127.054123,정상,2001,POINT (127.054123 37.239027)
SL_4295,37.239072,127.053791,정상,2001,POINT (127.053791 37.239072)
SL_4296,37.239081,127.053487,정상,2001,POINT (127.053487 37.239081)
SL_4297,37.23441,127.052171,정상,2013,POINT (127.052171 37.23441)
SL_4298,37.23503,127.055383,정상,2013,POINT (127.055383 37.23503)
SL_4299,37.235098,127.055558,정상,2013,POINT (127.055558 37.235098)
SL_4300,37.235255,127.056008,정상,2013,POINT (127.056008 37.235255)
SL_4301,37.235413,127.056437,정상,2013,POINT (127.056437 37.235413)
SL_4302,37.235561,127.056786,정상,2013,POINT (127.056786 37.235561)
SL_4303,37.235764,127.057333,정상,2013,POINT (127.057333 37.235764)
SL_4304,37.23593,127.057795,정상,2013,POINT (127.057795 37.23593)
SL_4305,37.236101,127.058173,정상,2013,POINT (127.058173 37.236101)
SL_4306,37.236272,127.058488,정상,2013,POINT (127.058488 37.236272)
SL_4307,37.236488,127.058787,정상,2013,POINT (127.058787 37.236488)
SL_4308,37.234446,127.052486,정상,2013,POINT (127.052486 37.234446)
SL_4309,37.236713,127.059125,정상,2013,POINT (127.059125 37.236713)
SL_4310,37.236929,127.059436,정상,2013,POINT (127.059436 37.236929)
SL_4311,37.23515,127.055211,정상,2013,POINT (127.055211 37.23515)
SL_4312,37.235066,127.054963,정상,2013,POINT (127.054963 37.235066)
SL_4313,37.234974,127.054659,정상,2013,POINT (127.054659 37.234974)
SL_4314,37.234895,127.05434,정상,2013,POINT (127.05434 37.234895)
SL_4315,37.234844,127.054056,정상,2013,POINT (127.054056 37.234844)
SL_4316,37.234781,127.053706,정상,2013,POINT (127.053706 37.234781)
SL_4317,37.234716,127.053286,정상,2013,POINT (127.053286 37.234716)
SL_4318,37.234669,127.05294,정상,2013,POINT (127.05294 37.234669)
SL_4319,37.234464,127.052819,정상,2013,POINT (127.052819 37.234464)
SL_4320,37.234633,127.05256,정상,2013,POINT (127.05256 37.234633)
SL_4321,37.234522,127.053224,정상,2013,POINT (127.053224 37.234522)
SL_4322,37.234562,127.05354,정상,2013,POINT (127.05354 37.234562)
SL_4323,37.234616,127.053895,정상,2013,POINT (127.053895 37.234616)
SL_4324,37.234666,127.054211,정상,2013,POINT (127.054211 37.234666)
SL_4325,37.234742,127.054515,정상,2013,POINT (127.054515 37.234742)
SL_4326,37.234868,127.055,정상,2013,POINT (127.055 37.234868)
SL_4327,37.234372,127.046136,정상,2009,POINT (127.046136 37.234372)
SL_4328,37.23446,127.050548,정상,2009,POINT (127.050548 37.23446)
SL_4329,37.2345,127.051123,정상,2009,POINT (127.051123 37.2345)
SL_4330,37.234518,127.051483,정상,2009,POINT (127.051483 37.234518)
SL_4331,37.23455,127.051776,정상,2009,POINT (127.051776 37.23455)
SL_4332,37.234617,127.05181,정상,2009,POINT (127.05181 37.234617)
SL_4333,37.234617,127.052041,정상,2009,POINT (127.052041 37.234617)
SL_4334,37.234376,127.046615,정상,2009,POINT (127.046615 37.234376)
SL_4335,37.23438,127.047111,정상,2009,POINT (127.047111 37.23438)
SL_4336,37.234376,127.047742,정상,2009,POINT (127.047742 37.234376)
SL_4337,37.234398,127.048271,정상,2009,POINT (127.048271 37.234398)
SL_4338,37.234407,127.048739,정상,2009,POINT (127.048739 37.234407)
SL_4339,37.234407,127.049128,정상,2009,POINT (127.049128 37.234407)
SL_4340,37.23442,127.049556,정상,2009,POINT (127.049556 37.23442)
SL_4341,37.234451,127.050046,정상,2009,POINT (127.050046 37.234451)
SL_4342,37.234378,127.051917,정상,2009,POINT (127.051917 37.234378)
SL_4343,37.234236,127.048508,정상,2009,POINT (127.048508 37.234236)
SL_4344,37.234231,127.048035,정상,2009,POINT (127.048035 37.234231)
SL_4345,37.234209,127.047454,정상,2009,POINT (127.047454 37.234209)
SL_4346,37.234218,127.046874,정상,2009,POINT (127.046874 37.234218)
SL_4347,37.23421,127.046243,정상,2009,POINT (127.046243 37.23421)
SL_4348,37.234379,127.051731,정상,2009,POINT (127.051731 37.234379)
SL_4349,37.234316,127.051106,정상,2009,POINT (127.051106 37.234316)
SL_4350,37.234298,127.050582,고장,2009,POINT (127.050582 37.234298)
SL_4351,37.234289,127.050317,정상,2009,POINT (127.050317 37.234289)
SL_4352,37.234271,127.049951,정상,2009,POINT (127.049951 37.234271)
SL_4353,37.234253,127.049556,정상,2009,POINT (127.049556 37.234253)
SL_4354,37.234231,127.049201,정상,2009,POINT (127.049201 37.234231)
SL_4355,37.234249,127.048852,고장,2009,POINT (127.048852 37.234249)
SL_4356,37.238992,127.051143,정상,2004,POINT (127.051143 37.238992)
SL_4357,37.238304,127.047558,정상,2004,POINT (127.047558 37.238304)
SL_4358,37.238291,127.047471,정상,2004,POINT (127.047471 37.238291)
SL_4359,37.238244,127.047186,고장,2004,POINT (127.047186 37.238244)
SL_4360,37.238505,127.047195,정상,2004,POINT (127.047195 37.238505)
SL_4361,37.238548,127.047457,정상,2004,POINT (127.047457 37.238548)
SL_4362,37.238622,127.047852,정상,2004,POINT (127.047852 37.238622)
SL_4363,37.238698,127.048246,고장,2004,POINT (127.048246 37.238698)
SL_4364,37.238779,127.048672,정상,2004,POINT (127.048672 37.238779)
SL_4365,37.238853,127.04906,정상,2004,POINT (127.04906 37.238853)
SL_4366,37.238948,127.049528,정상,2004,POINT (127.049528 37.238948)
SL_4367,37.238911,127.050754,정상,2004,POINT (127.050754 37.238911)
SL_4368,37.239033,127.049959,정상,2004,POINT (127.049959 37.239033)
SL_4369,37.239101,127.05032,정상,2004,POINT (127.05032 37.239101)
SL_4370,37.239155,127.050627,정상,2004,POINT (127.050627 37.239155)
SL_4371,37.239208,127.0509,정상,2004,POINT (127.0509 37.239208)
SL_4372,37.23926,127.051233,정상,2004,POINT (127.051233 37.23926)
SL_4373,37.239276,127.05132,정상,2004,POINT (127.05132 37.239276)
SL_4374,37.239285,127.050106,정상,2004,POINT (127.050106 37.239285)
SL_4375,37.239493,127.050072,정상,2004,POINT (127.050072 37.239493)
SL_4376,37.23979,127.050027,정상,2004,POINT (127.050027 37.23979)
SL_4377,37.239984,127.049999,정상,2004,POINT (127.049999 37.239984)
SL_4378,37.238844,127.050382,정상,2004,POINT (127.050382 37.238844)
SL_4379,37.240164,127.049971,정상,2004,POINT (127.049971 37.240164)
SL_4380,37.240322,127.049943,정상,2004,POINT (127.049943 37.240322)
SL_4381,37.24052,127.04991,정상,2004,POINT (127.04991 37.24052)
SL_4382,37.240687,127.049859,정상,2004,POINT (127.049859 37.240687)
SL_4383,37.238785,127.050015,정상,2004,POINT (127.050015 37.238785)
SL_4384,37.2387,127.049587,정상,2004,POINT (127.049587 37.2387)
SL_4385,37.238615,127.049153,정상,2004,POINT (127.049153 37.238615)
SL_4386,37.238525,127.048725,정상,2004,POINT (127.048725 37.238525)
SL_4387,37.238448,127.048319,정상,2004,POINT (127.048319 37.238448)
SL_4388,37.238385,127.047936,정상,2004,POINT (127.047936 37.238385)
SL_4389,37.238214,127.046927,정상,2002,POINT (127.046927 37.238214)
SL_4390,37.23789,127.04682,정상,2002,POINT (127.04682 37.23789)
SL_4391,37.237561,127.046724,정상,2002,POINT (127.046724 37.237561)
SL_4392,37.237246,127.046634,정상,2002,POINT (127.046634 37.237246)
SL_4393,37.23694,127.046605,정상,2002,POINT (127.046605 37.23694)
SL_4394,37.236588,127.046599,정상,2002,POINT (127.046599 37.236588)
SL_4395,37.240588,127.049684,정상,2004,POINT (127.049684 37.240588)
SL_4396,37.239377,127.047294,정상,2004,POINT (127.047294 37.239377)
SL_4397,37.238989,127.047176,정상,2004,POINT (127.047176 37.238989)
SL_4398,37.23862,127.047063,정상,2004,POINT (127.047063 37.23862)
SL_4399,37.240516,127.049464,정상,2004,POINT (127.049464 37.240516)
SL_4400,37.240448,127.049233,정상,2004,POINT (127.049233 37.240448)
SL_4401,37.240385,127.048906,정상,2004,POINT (127.048906 37.240385)
SL_4402,37.24025,127.048546,정상,2004,POINT (127.048546 37.24025)
SL_4403,37.240115,127.048281,정상,2004,POINT (127.048281 37.240115)
SL_4404,37.239985,127.047982,정상,2004,POINT (127.047982 37.239985)
SL_4405,37.239836,127.047678,정상,2004,POINT (127.047678 37.239836)
SL_4406,37.239692,127.047492,정상,2004,POINT (127.047492 37.239692)
SL_4407,37.24393,127.06054,정상,2004,POINT (127.06054 37.24393)
SL_4408,37.243118,127.057927,정상,2004,POINT (127.057927 37.243118)
SL_4409,37.243114,127.057888,정상,2004,POINT (127.057888 37.243114)
SL_4410,37.243075,127.057736,정상,2004,POINT (127.057736 37.243075)
SL_4411,37.243019,127.057412,정상,2004,POINT (127.057412 37.243019)
SL_4412,37.242995,127.057034,정상,2004,POINT (127.057034 37.242995)
SL_4413,37.242992,127.056696,정상,2004,POINT (127.056696 37.242992)
SL_4414,37.243013,127.056431,정상,2004,POINT (127.056431 37.243013)
SL_4415,37.243029,127.05618,정상,2004,POINT (127.05618 37.243029)
SL_4416,37.242949,127.058113,정상,2004,POINT (127.058113 37.242949)
SL_4417,37.24278,127.057961,정상,2004,POINT (127.057961 37.24278)
SL_4418,37.243759,127.060078,정상,2004,POINT (127.060078 37.243759)
SL_4419,37.242613,127.058161,정상,2004,POINT (127.058161 37.242613)
SL_4420,37.242422,127.058011,정상,2004,POINT (127.058011 37.242422)
SL_4421,37.242167,127.058245,정상,2004,POINT (127.058245 37.242167)
SL_4422,37.241926,127.058172,정상,2004,POINT (127.058172 37.241926)
SL_4423,37.243838,127.059914,정상,2004,POINT (127.059914 37.243838)
SL_4424,37.243628,127.059782,정상,2004,POINT (127.059782 37.243628)
SL_4425,37.243475,127.059452,정상,2004,POINT (127.059452 37.243475)
SL_4426,37.243343,127.059156,정상,2004,POINT (127.059156 37.243343)
SL_4427,37.243212,127.058745,정상,2004,POINT (127.058745 37.243212)
SL_4428,37.243199,127.058508,정상,2004,POINT (127.058508 37.243199)
SL_4429,37.243154,127.058133,정상,2004,POINT (127.058133 37.243154)
SL_4430,37.241594,127.051319,정상,2004,POINT (127.051319 37.241594)
SL_4431,37.24125,127.054241,정상,2004,POINT (127.054241 37.24125)
SL_4432,37.241234,127.054449,정상,2004,POINT (127.054449 37.241234)
SL_4433,37.241241,127.054666,정상,2004,POINT (127.054666 37.241241)
SL_4434,37.241252,127.0549,정상,2004,POINT (127.0549 37.241252)
SL_4435,37.24138,127.054996,정상,2004,POINT (127.054996 37.24138)
SL_4436,37.24141,127.055159,정상,2004,POINT (127.055159 37.24141)
SL_4437,37.24157,127.055202,정상,2004,POINT (127.055202 37.24157)
SL_4438,37.241761,127.055157,정상,2004,POINT (127.055157 37.241761)
SL_4439,37.241928,127.055126,정상,2004,POINT (127.055126 37.241928)
SL_4440,37.242137,127.055109,정상,2004,POINT (127.055109 37.242137)
SL_4441,37.241587,127.051646,정상,2004,POINT (127.051646 37.241587)
SL_4442,37.242363,127.055118,정상,2004,POINT (127.055118 37.242363)
SL_4443,37.242606,127.055146,정상,2004,POINT (127.055146 37.242606)
SL_4444,37.242833,127.055169,정상,2004,POINT (127.055169 37.242833)
SL_4445,37.243025,127.055194,정상,2004,POINT (127.055194 37.243025)
SL_4446,37.243146,127.054977,정상,2004,POINT (127.054977 37.243146)
SL_4447,37.243144,127.054704,정상,2004,POINT (127.054704 37.243144)
SL_4448,37.241546,127.051939,정상,2004,POINT (127.051939 37.241546)
SL_4449,37.241515,127.05228,정상,2004,POINT (127.05228 37.241515)
SL_4450,37.241467,127.052666,정상,2004,POINT (127.052666 37.241467)
SL_4451,37.241426,127.053012,고장,2004,POINT (127.053012 37.241426)
SL_4452,37.241399,127.053336,정상,2004,POINT (127.053336 37.241399)
SL_4453,37.241359,127.053666,정상,2004,POINT (127.053666 37.241359)
SL_4454,37.241289,127.053936,정상,2004,POINT (127.053936 37.241289)
SL_4455,37.245328,127.052905,정상,2006,POINT (127.052905 37.245328)
SL_4456,37.243454,127.051675,정상,2006,POINT (127.051675 37.243454)
SL_4457,37.243353,127.051331,정상,2006,POINT (127.051331 37.243353)
SL_4458,37.243202,127.050858,정상,2006,POINT (127.050858 37.243202)
SL_4459,37.243072,127.050441,정상,2006,POINT (127.050441 37.243072)
SL_4460,37.242928,127.04997,정상,2006,POINT (127.04997 37.242928)
SL_4461,37.242858,127.049801,정상,2006,POINT (127.049801 37.242858)
SL_4462,37.242757,127.049612,정상,2006,POINT (127.049612 37.242757)
SL_4463,37.242602,127.049483,정상,2006,POINT (127.049483 37.242602)
SL_4464,37.242329,127.049646,정상,2006,POINT (127.049646 37.242329)
SL_4465,37.242315,127.049961,정상,2006,POINT (127.049961 37.242315)
SL_4466,37.244889,127.052998,정상,2006,POINT (127.052998 37.244889)
SL_4467,37.242286,127.050215,정상,2006,POINT (127.050215 37.242286)
SL_4468,37.242376,127.04946,정상,2006,POINT (127.04946 37.242376)
SL_4469,37.24216,127.049482,정상,2006,POINT (127.049482 37.24216)
SL_4470,37.241928,127.04951,정상,2006,POINT (127.04951 37.241928)
SL_4471,37.244474,127.053099,정상,2006,POINT (127.053099 37.244474)
SL_4472,37.244247,127.053071,정상,2006,POINT (127.053071 37.244247)
SL_4473,37.243949,127.052628,정상,2006,POINT (127.052628 37.243949)
SL_4474,37.243857,127.052453,정상,2006,POINT (127.052453 37.243857)
SL_4475,37.24376,127.052293,정상,2006,POINT (127.052293 37.24376)
SL_4476,37.243664,127.052138,정상,2006,POINT (127.052138 37.243664)
SL_4477,37.243551,127.051943,정상,2006,POINT (127.051943 37.243551)
SL_4478,37.241006,127.065046,정상,2015,POINT (127.065046 37.241006)
SL_4479,37.240831,127.063775,정상,2015,POINT (127.063775 37.240831)
SL_4480,37.240944,127.063403,정상,2015,POINT (127.063403 37.240944)
SL_4481,37.241151,127.063437,정상,2015,POINT (127.063437 37.241151)
SL_4482,37.241387,127.06344,정상,2015,POINT (127.06344 37.241387)
SL_4483,37.24141,127.06317,정상,2015,POINT (127.06317 37.24141)
SL_4484,37.241221,127.062978,정상,2015,POINT (127.062978 37.241221)
SL_4485,37.241435,127.06286,정상,2015,POINT (127.06286 37.241435)
SL_4486,37.241248,127.062659,정상,2015,POINT (127.062659 37.241248)
SL_4487,37.241458,127.062522,정상,2015,POINT (127.062522 37.241458)
SL_4488,37.241282,127.062392,정상,2015,POINT (127.062392 37.241282)
SL_4489,37.241179,127.064823,정상,2015,POINT (127.064823 37.241179)
SL_4490,37.241494,127.062282,정상,2015,POINT (127.062282 37.241494)
SL_4491,37.241309,127.062113,정상,2015,POINT (127.062113 37.241309)
SL_4492,37.241501,127.062113,정상,2015,POINT (127.062113 37.241501)
SL_4493,37.241056,127.06464,정상,2015,POINT (127.06464 37.241056)
SL_4494,37.241204,127.064519,정상,2015,POINT (127.064519 37.241204)
SL_4495,37.241092,127.064313,정상,2015,POINT (127.064313 37.241092)
SL_4496,37.241252,127.064184,정상,2015,POINT (127.064184 37.241252)
SL_4497,37.241124,127.064034,고장,2015,POINT (127.064034 37.241124)
SL_4498,37.241293,127.063882,정상,2015,POINT (127.063882 37.241293)
SL_4499,37.241036,127.063829,정상,2015,POINT (127.063829 37.241036)
SL_4500,37.240909,127.065122,정상,2016,POINT (127.065122 37.240909)
SL_4501,37.239281,127.064298,정상,2016,POINT (127.064298 37.239281)
SL_4502,37.239159,127.064143,정상,2016,POINT (127.064143 37.239159)
SL_4503,37.239204,127.063914,정상,2016,POINT (127.063914 37.239204)
SL_4504,37.239166,127.063641,정상,2016,POINT (127.063641 37.239166)
SL_4505,37.239155,127.063368,정상,2016,POINT (127.063368 37.239155)
SL_4506,37.240688,127.065085,정상,2016,POINT (127.065085 37.240688)
SL_4507,37.240454,127.065037,정상,2016,POINT (127.065037 37.240454)
SL_4508,37.24022,127.064991,정상,2016,POINT (127.064991 37.24022)
SL_4509,37.239995,127.064935,정상,2016,POINT (127.064935 37.239995)
SL_4510,37.239794,127.064892,정상,2016,POINT (127.064892 37.239794)
SL_4511,37.239657,127.064675,정상,2016,POINT (127.064675 37.239657)
SL_4512,37.239499,127.064523,정상,2016,POINT (127.064523 37.239499)
SL_4513,37.239314,127.064492,정상,2016,POINT (127.064492 37.239314)
SL_4514,37.240646,127.063338,정상,2015,POINT (127.063338 37.240646)
SL_4515,37.239295,127.063255,정상,2015,POINT (127.063255 37.239295)
SL_4516,37.239293,127.062827,정상,2015,POINT (127.062827 37.239293)
SL_4517,37.239056,127.063086,정상,2015,POINT (127.063086 37.239056)
SL_4518,37.239034,127.062607,정상,2015,POINT (127.062607 37.239034)
SL_4519,37.238748,127.062815,정상,2015,POINT (127.062815 37.238748)
SL_4520,37.238816,127.062398,정상,2015,POINT (127.062398 37.238816)
SL_4521,37.238656,127.062215,정상,2015,POINT (127.062215 37.238656)
SL_4522,37.238444,127.062505,정상,2015,POINT (127.062505 37.238444)
SL_4523,37.23846,127.06202,정상,2015,POINT (127.06202 37.23846)
SL_4524,37.238264,127.062308,정상,2015,POINT (127.062308 37.238264)
SL_4525,37.240452,127.06371,정상,2015,POINT (127.06371 37.240452)
SL_4526,37.238282,127.06182,정상,2015,POINT (127.06182 37.238282)
SL_4527,37.238282,127.062161,정상,2015,POINT (127.062161 37.238282)
SL_4528,37.238115,127.061626,정상,2015,POINT (127.061626 37.238115)
SL_4529,37.238042,127.061934,정상,2015,POINT (127.061934 37.238042)
SL_4530,37.237951,127.061437,정상,2015,POINT (127.061437 37.237951)
SL_4531,37.237806,127.061689,정상,2015,POINT (127.061689 37.237806)
SL_4532,37.237825,127.061287,정상,2015,POINT (127.061287 37.237825)
SL_4533,37.237679,127.061121,정상,2015,POINT (127.061121 37.237679)
SL_4534,37.237657,127.061504,정상,2015,POINT (127.061504 37.237657)
SL_4535,37.237499,127.060907,정상,2015,POINT (127.060907 37.237499)
SL_4536,37.240356,127.063307,정상,2015,POINT (127.063307 37.240356)
SL_4537,37.237451,127.061242,정상,2015,POINT (127.061242 37.237451)
SL_4538,37.237334,127.06069,정상,2015,POINT (127.06069 37.237334)
SL_4539,37.237293,127.061092,정상,2015,POINT (127.061092 37.237293)
SL_4540,37.237197,127.060487,정상,2015,POINT (127.060487 37.237197)
SL_4542,37.237053,127.060213,정상,2015,POINT (127.060213 37.237053)
SL_4543,37.240171,127.063656,정상,2015,POINT (127.063656 37.240171)
SL_4544,37.240081,127.063228,정상,2015,POINT (127.063228 37.240081)
SL_4545,37.239822,127.063523,정상,2015,POINT (127.063523 37.239822)
SL_4546,37.239761,127.063098,정상,2015,POINT (127.063098 37.239761)
SL_4547,37.239525,127.063385,정상,2015,POINT (127.063385 37.239525)
SL_4548,37.239516,127.062962,정상,2015,POINT (127.062962 37.239516)
SL_4549,37.234815,127.052005,정상,2001,POINT (127.052005 37.234815)
SL_4550,37.237237,127.052167,정상,2001,POINT (127.052167 37.237237)
SL_4551,37.237482,127.052142,정상,2001,POINT (127.052142 37.237482)
SL_4552,37.237721,127.052122,정상,2001,POINT (127.052122 37.237721)
SL_4553,37.237965,127.052094,정상,2001,POINT (127.052094 37.237965)
SL_4554,37.238208,127.052075,정상,2001,POINT (127.052075 37.238208)
SL_4555,37.238467,127.052047,정상,2001,POINT (127.052047 37.238467)
SL_4556,37.23873,127.052021,정상,2001,POINT (127.052021 37.23873)
SL_4557,37.239003,127.052005,정상,2001,POINT (127.052005 37.239003)
SL_4558,37.235083,127.052027,정상,2001,POINT (127.052027 37.235083)
SL_4559,37.23537,127.052053,정상,2001,POINT (127.052053 37.23537)
SL_4560,37.235651,127.052081,정상,2001,POINT (127.052081 37.235651)
SL_4561,37.235863,127.052118,정상,2001,POINT (127.052118 37.235863)
SL_4562,37.236095,127.052127,정상,2001,POINT (127.052127 37.236095)
SL_4563,37.236424,127.052133,정상,2001,POINT (127.052133 37.236424)
SL_4564,37.236678,127.052144,정상,2001,POINT (127.052144 37.236678)
SL_4565,37.236955,127.052155,정상,2001,POINT (127.052155 37.236955)
SL_4566,37.241216,127.055289,정상,2002,POINT (127.055289 37.241216)
SL_4567,37.238406,127.056419,정상,2002,POINT (127.056419 37.238406)
SL_4568,37.238167,127.056723,정상,2002,POINT (127.056723 37.238167)
SL_4569,37.237969,127.057022,정상,2002,POINT (127.057022 37.237969)
SL_4570,37.237804,127.057363,정상,2002,POINT (127.057363 37.237804)
SL_4571,37.237685,127.057791,정상,2002,POINT (127.057791 37.237685)
SL_4572,37.237588,127.058202,정상,2002,POINT (127.058202 37.237588)
SL_4573,37.237475,127.058574,정상,2002,POINT (127.058574 37.237475)
SL_4574,37.237324,127.058951,정상,2002,POINT (127.058951 37.237324)
SL_4575,37.237148,127.059303,정상,2002,POINT (127.059303 37.237148)
SL_4576,37.24104,127.055336,정상,2002,POINT (127.055336 37.24104)
SL_4577,37.240695,127.05544,정상,2002,POINT (127.05544 37.240695)
SL_4578,37.240371,127.055522,정상,2002,POINT (127.055522 37.240371)
SL_4579,37.240024,127.055606,정상,2002,POINT (127.055606 37.240024)
SL_4580,37.239738,127.055676,정상,2002,POINT (127.055676 37.239738)
SL_4581,37.239472,127.055735,정상,2002,POINT (127.055735 37.239472)
SL_4582,37.23904,127.055955,정상,2002,POINT (127.055955 37.23904)
SL_4583,37.238735,127.056138,정상,2002,POINT (127.056138 37.238735)
SL_4584,37.237141,127.059878,정상,2002,POINT (127.059878 37.237141)
SL_4585,37.238557,127.056724,정상,2002,POINT (127.056724 37.238557)
SL_4586,37.238852,127.056462,정상,2002,POINT (127.056462 37.238852)
SL_4587,37.239249,127.05622,정상,2002,POINT (127.05622 37.239249)
SL_4588,37.239684,127.056037,정상,2002,POINT (127.056037 37.239684)
SL_4589,37.239974,127.055975,정상,2002,POINT (127.055975 37.239974)
SL_4590,37.24024,127.055911,정상,2002,POINT (127.055911 37.24024)
SL_4591,37.240551,127.055832,정상,2002,POINT (127.055832 37.240551)
SL_4592,37.240837,127.055756,정상,2002,POINT (127.055756 37.240837)
SL_4593,37.241114,127.055663,정상,2002,POINT (127.055663 37.241114)
SL_4594,37.237425,127.059416,정상,2002,POINT (127.059416 37.237425)
SL_4595,37.237612,127.059016,정상,2002,POINT (127.059016 37.237612)
SL_4596,37.237752,127.058659,정상,2002,POINT (127.058659 37.237752)
SL_4597,37.237851,127.058284,정상,2002,POINT (127.058284 37.237851)
SL_4598,37.237937,127.05798,정상,2002,POINT (127.05798 37.237937)
SL_4599,37.238016,127.057616,정상,2002,POINT (127.057616 37.238016)
SL_4600,37.238183,127.057259,정상,2002,POINT (127.057259 37.238183)
SL_4601,37.238332,127.057014,정상,2002,POINT (127.057014 37.238332)
SL_4602,37.241495,127.056134,정상,2004,POINT (127.056134 37.241495)
SL_4603,37.243333,127.055564,정상,2004,POINT (127.055564 37.243333)
SL_4604,37.243685,127.055716,정상,2004,POINT (127.055716 37.243685)
SL_4605,37.243964,127.055866,정상,2004,POINT (127.055866 37.243964)
SL_4606,37.244236,127.056052,정상,2004,POINT (127.056052 37.244236)
SL_4607,37.244484,127.056263,정상,2004,POINT (127.056263 37.244484)
SL_4608,37.244736,127.056472,정상,2004,POINT (127.056472 37.244736)
SL_4609,37.244964,127.056703,정상,2004,POINT (127.056703 37.244964)
SL_4610,37.241486,127.055993,정상,2004,POINT (127.055993 37.241486)
SL_4611,37.241479,127.05583,정상,2004,POINT (127.05583 37.241479)
SL_4612,37.241464,127.055545,정상,2004,POINT (127.055545 37.241464)
SL_4613,37.241797,127.055472,정상,2004,POINT (127.055472 37.241797)
SL_4614,37.242085,127.05543,정상,2004,POINT (127.05543 37.242085)
SL_4615,37.242396,127.055428,정상,2004,POINT (127.055428 37.242396)
SL_4616,37.242705,127.055467,정상,2004,POINT (127.055467 37.242705)
SL_4617,37.243013,127.055513,정상,2004,POINT (127.055513 37.243013)
SL_4618,37.243214,127.055696,정상,2004,POINT (127.055696 37.243214)
SL_4619,37.24337,127.058809,정상,2004,POINT (127.058809 37.24337)
SL_4620,37.243518,127.059201,정상,2004,POINT (127.059201 37.243518)
SL_4621,37.24366,127.059508,정상,2004,POINT (127.059508 37.24366)
SL_4622,37.243822,127.059844,정상,2004,POINT (127.059844 37.243822)
SL_4623,37.24393,127.060154,정상,2004,POINT (127.060154 37.24393)
SL_4624,37.243173,127.056144,정상,2004,POINT (127.056144 37.243173)
SL_4625,37.243141,127.056609,정상,2004,POINT (127.056609 37.243141)
SL_4626,37.243137,127.057023,정상,2004,POINT (127.057023 37.243137)
SL_4627,37.243152,127.057364,정상,2004,POINT (127.057364 37.243152)
SL_4628,37.243202,127.057657,정상,2004,POINT (127.057657 37.243202)
SL_4629,37.243251,127.057891,정상,2004,POINT (127.057891 37.243251)
SL_4630,37.243282,127.058144,정상,2004,POINT (127.058144 37.243282)
SL_4631,37.243323,127.05848,정상,2004,POINT (127.05848 37.243323)
SL_4632,37.238566,127.04613,정상,2005,POINT (127.04613 37.238566)
SL_4633,37.236706,127.046101,정상,2005,POINT (127.046101 37.236706)
SL_4634,37.236356,127.046089,정상,2005,POINT (127.046089 37.236356)
SL_4635,37.236111,127.046098,정상,2005,POINT (127.046098 37.236111)
SL_4636,37.235834,127.046078,정상,2005,POINT (127.046078 37.235834)
SL_4637,37.234813,127.046066,정상,2005,POINT (127.046066 37.234813)
SL_4638,37.234462,127.046063,정상,2005,POINT (127.046063 37.234462)
SL_4639,37.234174,127.046074,정상,2005,POINT (127.046074 37.234174)
SL_4640,37.233951,127.046077,정상,2005,POINT (127.046077 37.233951)
SL_4641,37.233619,127.046071,정상,2005,POINT (127.046071 37.233619)
SL_4642,37.233196,127.046093,정상,2005,POINT (127.046093 37.233196)
SL_4643,37.238472,127.046333,정상,2005,POINT (127.046333 37.238472)
SL_4644,37.232822,127.046101,정상,2005,POINT (127.046101 37.232822)
SL_4653,37.236079,127.045669,정상,2005,POINT (127.045669 37.236079)
SL_4654,37.238237,127.046648,정상,2005,POINT (127.046648 37.238237)
SL_4655,37.236388,127.045675,정상,2005,POINT (127.045675 37.236388)
SL_4656,37.236602,127.045689,정상,2005,POINT (127.045689 37.236602)
SL_4657,37.237325,127.045704,정상,2005,POINT (127.045704 37.237325)
SL_4658,37.237724,127.045704,정상,2005,POINT (127.045704 37.237724)
SL_4659,37.237972,127.045713,정상,2005,POINT (127.045713 37.237972)
SL_4660,37.238294,127.04571,정상,2005,POINT (127.04571 37.238294)
SL_4661,37.237483,127.045924,정상,2005,POINT (127.045924 37.237483)
SL_4662,37.237273,127.045915,정상,2005,POINT (127.045915 37.237273)
SL_4663,37.237064,127.045923,정상,2005,POINT (127.045923 37.237064)
SL_4664,37.23687,127.045937,정상,2005,POINT (127.045937 37.23687)
SL_4665,37.238237,127.046285,정상,2005,POINT (127.046285 37.238237)
SL_4666,37.236663,127.045926,정상,2005,POINT (127.045926 37.236663)
SL_4672,37.237956,127.046268,정상,2005,POINT (127.046268 37.237956)
SL_4673,37.238066,127.046448,정상,2005,POINT (127.046448 37.238066)
SL_4674,37.238093,127.046121,정상,2005,POINT (127.046121 37.238093)
SL_4675,37.237888,127.04613,정상,2005,POINT (127.04613 37.237888)
SL_4676,37.237607,127.046118,정상,2005,POINT (127.046118 37.237607)
SL_4677,37.236974,127.046121,정상,2005,POINT (127.046121 37.236974)
SL_4678,37.236949,127.046408,정상,2005,POINT (127.046408 37.236949)
SL_4679,37.248128,127.053775,정상,2006,POINT (127.053775 37.248128)
SL_4680,37.249014,127.056086,정상,2006,POINT (127.056086 37.249014)
SL_4681,37.249109,127.056306,정상,2006,POINT (127.056306 37.249109)
SL_4682,37.249235,127.056582,정상,2006,POINT (127.056582 37.249235)
SL_4683,37.249514,127.056768,정상,2006,POINT (127.056768 37.249514)
SL_4684,37.249752,127.056932,정상,2006,POINT (127.056932 37.249752)
SL_4685,37.249973,127.057124,정상,2006,POINT (127.057124 37.249973)
SL_4686,37.250117,127.057276,정상,2006,POINT (127.057276 37.250117)
SL_4687,37.250266,127.057406,정상,2006,POINT (127.057406 37.250266)
SL_4688,37.250383,127.057536,정상,2006,POINT (127.057536 37.250383)
SL_4689,37.250518,127.057677,정상,2006,POINT (127.057677 37.250518)
SL_4690,37.248249,127.053893,정상,2006,POINT (127.053893 37.248249)
SL_4691,37.250585,127.057857,정상,2006,POINT (127.057857 37.250585)
SL_4692,37.251387,127.058664,정상,2006,POINT (127.058664 37.251387)
SL_4693,37.251923,127.059081,정상,2006,POINT (127.059081 37.251923)
SL_4694,37.252148,127.059324,정상,2006,POINT (127.059324 37.252148)
SL_4695,37.252382,127.059577,정상,2006,POINT (127.059577 37.252382)
SL_4696,37.252634,127.059713,정상,2006,POINT (127.059713 37.252634)
SL_4697,37.247975,127.053279,정상,2006,POINT (127.053279 37.247975)
SL_4698,37.248056,127.053079,정상,2006,POINT (127.053079 37.248056)
SL_4699,37.248265,127.053031,정상,2006,POINT (127.053031 37.248265)
SL_4700,37.248455,127.052989,정상,2006,POINT (127.052989 37.248455)
SL_4701,37.248344,127.054068,정상,2006,POINT (127.054068 37.248344)
SL_4702,37.248411,127.054265,정상,2006,POINT (127.054265 37.248411)
SL_4703,37.248501,127.054502,정상,2006,POINT (127.054502 37.248501)
SL_4704,37.248618,127.054857,정상,2006,POINT (127.054857 37.248618)
SL_4705,37.248798,127.055246,정상,2006,POINT (127.055246 37.248798)
SL_4706,37.24892,127.055511,정상,2006,POINT (127.055511 37.24892)
SL_4707,37.248996,127.055793,정상,2006,POINT (127.055793 37.248996)
SL_4708,37.247001,127.048897,정상,1999,POINT (127.048897 37.247001)
SL_4709,37.246785,127.049195,정상,1999,POINT (127.049195 37.246785)
SL_4710,37.246557,127.049533,정상,1999,POINT (127.049533 37.246557)
SL_4711,37.246379,127.049806,정상,1999,POINT (127.049806 37.246379)
SL_4712,37.246205,127.050054,정상,1999,POINT (127.050054 37.246205)
SL_4713,37.246048,127.050291,정상,1999,POINT (127.050291 37.246048)
SL_4714,37.245865,127.050598,정상,1999,POINT (127.050598 37.245865)
SL_4715,37.245732,127.050243,정상,2014,POINT (127.050243 37.245732)
SL_4716,37.245685,127.049786,정상,2014,POINT (127.049786 37.245685)
SL_4717,37.245643,127.048859,정상,2014,POINT (127.048859 37.245643)
SL_4718,37.245616,127.048293,정상,2014,POINT (127.048293 37.245616)
SL_4719,37.245591,127.047808,정상,2014,POINT (127.047808 37.245591)
SL_4720,37.245774,127.047569,정상,2014,POINT (127.047569 37.245774)
SL_4721,37.247013,127.047936,정상,2014,POINT (127.047936 37.247013)
SL_4722,37.246896,127.04786,정상,2014,POINT (127.04786 37.246896)
SL_4723,37.246797,127.047795,정상,2014,POINT (127.047795 37.246797)
SL_4724,37.246625,127.047685,정상,2014,POINT (127.047685 37.246625)
SL_4725,37.246463,127.047575,정상,2014,POINT (127.047575 37.246463)
SL_4726,37.246254,127.047462,정상,2014,POINT (127.047462 37.246254)
SL_4727,37.246002,127.047369,정상,2014,POINT (127.047369 37.246002)
SL_4728,37.245956,127.047634,정상,2014,POINT (127.047634 37.245956)
SL_4729,37.246152,127.047707,정상,2014,POINT (127.047707 37.246152)
SL_4730,37.246324,127.047794,고장,2014,POINT (127.047794 37.246324)
SL_4731,37.246501,127.047902,정상,2014,POINT (127.047902 37.246501)
SL_4732,37.246666,127.04802,정상,2014,POINT (127.04802 37.246666)
SL_4733,37.246821,127.048133,정상,2014,POINT (127.048133 37.246821)
SL_4734,37.247006,127.048265,정상,2014,POINT (127.048265 37.247006)
SL_4735,37.247173,127.048049,정상,2014,POINT (127.048049 37.247173)
SL_4736,37.245289,127.044435,정상,2014,POINT (127.044435 37.245289)
SL_4737,37.24532,127.044737,정상,2014,POINT (127.044737 37.24532)
SL_4738,37.245345,127.045072,정상,2014,POINT (127.045072 37.245345)
SL_4739,37.245383,127.045472,정상,2014,POINT (127.045472 37.245383)
SL_4740,37.245416,127.045852,정상,2014,POINT (127.045852 37.245416)
SL_4741,37.245457,127.04623,정상,2014,POINT (127.04623 37.245457)
SL_4742,37.245495,127.046591,정상,2014,POINT (127.046591 37.245495)
SL_4743,37.245526,127.046884,정상,2014,POINT (127.046884 37.245526)
SL_4744,37.245437,127.044345,정상,2013,POINT (127.044345 37.245437)
SL_4745,37.246928,127.045022,정상,2013,POINT (127.045022 37.246928)
SL_4746,37.247068,127.04518,정상,2013,POINT (127.04518 37.247068)
SL_4747,37.247226,127.045338,정상,2013,POINT (127.045338 37.247226)
SL_4748,37.247343,127.045485,정상,2013,POINT (127.045485 37.247343)
SL_4749,37.247464,127.045603,정상,2013,POINT (127.045603 37.247464)
SL_4750,37.247635,127.045766,정상,2013,POINT (127.045766 37.247635)
SL_4751,37.247806,127.04593,정상,2013,POINT (127.04593 37.247806)
SL_4752,37.247987,127.04611,정상,2013,POINT (127.04611 37.247987)
SL_4753,37.248158,127.046251,정상,2013,POINT (127.046251 37.248158)
SL_4754,37.245658,127.044334,정상,2013,POINT (127.044334 37.245658)
SL_4755,37.245834,127.044345,정상,2013,POINT (127.044345 37.245834)
SL_4756,37.246032,127.044379,정상,2013,POINT (127.044379 37.246032)
SL_4757,37.246194,127.044458,정상,2013,POINT (127.044458 37.246194)
SL_4758,37.246356,127.044532,정상,2013,POINT (127.044532 37.246356)
SL_4759,37.246478,127.044622,정상,2013,POINT (127.044622 37.246478)
SL_4760,37.246708,127.044819,정상,2013,POINT (127.044819 37.246708)
SL_4761,37.246825,127.044921,정상,2013,POINT (127.044921 37.246825)
SL_4762,37.248487,127.045998,정상,2013,POINT (127.045998 37.248487)
SL_4763,37.246717,127.044289,정상,2013,POINT (127.044289 37.246717)
SL_4764,37.2466,127.044199,정상,2013,POINT (127.044199 37.2466)
SL_4765,37.246451,127.044086,정상,2013,POINT (127.044086 37.246451)
SL_4766,37.246217,127.043962,정상,2013,POINT (127.043962 37.246217)
SL_4767,37.245861,127.043866,정상,2013,POINT (127.043866 37.245861)
SL_4768,37.245654,127.04386,정상,2013,POINT (127.04386 37.245654)
SL_4769,37.24537,127.043849,정상,2013,POINT (127.043849 37.24537)
SL_4770,37.248208,127.045722,정상,2013,POINT (127.045722 37.248208)
SL_4771,37.247973,127.045485,정상,2013,POINT (127.045485 37.247973)
SL_4772,37.247735,127.045242,정상,2013,POINT (127.045242 37.247735)
SL_4773,37.2476,127.045248,정상,2013,POINT (127.045248 37.2476)
SL_4774,37.247541,127.045056,정상,2013,POINT (127.045056 37.247541)
SL_4775,37.247334,127.044842,정상,2013,POINT (127.044842 37.247334)
SL_4776,37.247104,127.044622,정상,2013,POINT (127.044622 37.247104)
SL_4777,37.246911,127.044447,정상,2013,POINT (127.044447 37.246911)
SL_4778,37.245311,127.043748,정상,2014,POINT (127.043748 37.245311)
SL_4779,37.247523,127.044882,정상,2014,POINT (127.044882 37.247523)
SL_4780,37.247622,127.044989,정상,2014,POINT (127.044989 37.247622)
SL_4781,37.247735,127.045096,정상,2014,POINT (127.045096 37.247735)
SL_4782,37.248032,127.0454,정상,2014,POINT (127.0454 37.248032)
SL_4783,37.248325,127.045716,정상,2014,POINT (127.045716 37.248325)
SL_4784,37.248577,127.045908,정상,2014,POINT (127.045908 37.248577)
SL_4785,37.248626,127.04584,정상,2014,POINT (127.04584 37.248626)
SL_4786,37.248442,127.046094,정상,2014,POINT (127.046094 37.248442)
SL_4787,37.248685,127.046297,정상,2014,POINT (127.046297 37.248685)
SL_4788,37.248771,127.04615,정상,2014,POINT (127.04615 37.248771)
SL_4789,37.245681,127.043759,정상,2014,POINT (127.043759 37.245681)
SL_4790,37.248843,127.04606,정상,2014,POINT (127.04606 37.248843)
SL_4791,37.24592,127.043765,정상,2014,POINT (127.043765 37.24592)
SL_4792,37.246185,127.043827,정상,2014,POINT (127.043827 37.246185)
SL_4793,37.246465,127.043991,정상,2014,POINT (127.043991 37.246465)
SL_4794,37.246654,127.044103,정상,2014,POINT (127.044103 37.246654)
SL_4795,37.246866,127.044261,정상,2014,POINT (127.044261 37.246866)
SL_4796,37.247158,127.044515,정상,2014,POINT (127.044515 37.247158)
SL_4797,37.24737,127.044735,정상,2014,POINT (127.044735 37.24737)
SL_4798,37.248636,127.045474,정상,2014,POINT (127.045474 37.248636)
SL_4799,37.247247,127.044083,정상,2014,POINT (127.044083 37.247247)
SL_4800,37.247104,127.043951,정상,2014,POINT (127.043951 37.247104)
SL_4801,37.246929,127.043833,정상,2014,POINT (127.043833 37.246929)
SL_4802,37.248438,127.044995,정상,2014,POINT (127.044995 37.248438)
SL_4803,37.248609,127.044696,정상,2014,POINT (127.044696 37.248609)
SL_4804,37.248798,127.044386,정상,2014,POINT (127.044386 37.248798)
SL_4805,37.248482,127.045372,정상,2014,POINT (127.045372 37.248482)
SL_4806,37.248307,127.045158,정상,2014,POINT (127.045158 37.248307)
SL_4807,37.248167,127.045045,정상,2014,POINT (127.045045 37.248167)
SL_4808,37.24801,127.044859,정상,2014,POINT (127.044859 37.24801)
SL_4809,37.247793,127.044662,정상,2014,POINT (127.044662 37.247793)
SL_4810,37.24769,127.044538,정상,2014,POINT (127.044538 37.24769)
SL_4811,37.247573,127.044386,정상,2014,POINT (127.044386 37.247573)
SL_4812,37.24742,127.044222,정상,2014,POINT (127.044222 37.24742)
SL_4813,37.247902,127.044566,정상,2014,POINT (127.044566 37.247902)
SL_4814,37.249042,127.042775,정상,2014,POINT (127.042775 37.249042)
SL_4815,37.24851,127.043907,정상,2014,POINT (127.043907 37.24851)
SL_4816,37.248704,127.044116,정상,2014,POINT (127.044116 37.248704)
SL_4817,37.248861,127.044279,정상,2014,POINT (127.044279 37.248861)
SL_4818,37.249019,127.04446,정상,2014,POINT (127.04446 37.249019)
SL_4819,37.249141,127.044584,정상,2014,POINT (127.044584 37.249141)
SL_4820,37.249136,127.044804,정상,2014,POINT (127.044804 37.249136)
SL_4821,37.249005,127.044995,정상,2014,POINT (127.044995 37.249005)
SL_4822,37.248897,127.045153,정상,2014,POINT (127.045153 37.248897)
SL_4823,37.248766,127.045373,정상,2014,POINT (127.045373 37.248766)
SL_4824,37.248041,127.044352,정상,2014,POINT (127.044352 37.248041)
SL_4825,37.248199,127.044104,정상,2014,POINT (127.044104 37.248199)
SL_4826,37.248307,127.043924,정상,2014,POINT (127.043924 37.248307)
SL_4827,37.248271,127.043777,정상,2014,POINT (127.043777 37.248271)
SL_4828,37.248425,127.043738,정상,2014,POINT (127.043738 37.248425)
SL_4829,37.248605,127.043462,정상,2014,POINT (127.043462 37.248605)
SL_4830,37.248763,127.04322,정상,2014,POINT (127.04322 37.248763)
SL_4831,37.248929,127.042966,정상,2014,POINT (127.042966 37.248929)
SL_4832,37.247907,127.04327,정상,2014,POINT (127.04327 37.247907)
SL_4833,37.248488,127.043197,정상,2014,POINT (127.043197 37.248488)
SL_4834,37.248307,127.043484,정상,2014,POINT (127.043484 37.248307)
SL_4835,37.248199,127.043659,정상,2014,POINT (127.043659 37.248199)
SL_4836,37.24806,127.043856,정상,2014,POINT (127.043856 37.24806)
SL_4837,37.247951,127.044031,정상,2014,POINT (127.044031 37.247951)
SL_4838,37.247762,127.044087,정상,2014,POINT (127.044087 37.247762)
SL_4839,37.247618,127.044,정상,2014,POINT (127.044 37.247618)
SL_4840,37.247458,127.043853,정상,2014,POINT (127.043853 37.247458)
SL_4841,37.247298,127.043692,정상,2014,POINT (127.043692 37.247298)
SL_4842,37.247147,127.043532,정상,2014,POINT (127.043532 37.247147)
SL_4843,37.248037,127.043073,정상,2014,POINT (127.043073 37.248037)
SL_4844,37.2471,127.043287,정상,2014,POINT (127.043287 37.2471)
SL_4845,37.247152,127.043098,정상,2014,POINT (127.043098 37.247152)
SL_4846,37.24719,127.04292,정상,2014,POINT (127.04292 37.24719)
SL_4847,37.248168,127.04287,정상,2014,POINT (127.04287 37.248168)
SL_4848,37.248294,127.042679,정상,2014,POINT (127.042679 37.248294)
SL_4849,37.248393,127.042504,정상,2014,POINT (127.042504 37.248393)
SL_4850,37.248425,127.042622,정상,2014,POINT (127.042622 37.248425)
SL_4851,37.248569,127.042729,정상,2014,POINT (127.042729 37.248569)
SL_4852,37.248722,127.042791,정상,2014,POINT (127.042791 37.248722)
SL_4853,37.248641,127.042966,정상,2014,POINT (127.042966 37.248641)
SL_4854,37.247116,127.042816,정상,2014,POINT (127.042816 37.247116)
SL_4855,37.248263,127.042518,정상,2014,POINT (127.042518 37.248263)
SL_4856,37.247984,127.042351,정상,2014,POINT (127.042351 37.247984)
SL_4857,37.247684,127.042177,정상,2014,POINT (127.042177 37.247684)
SL_4858,37.247445,127.042182,정상,2014,POINT (127.042182 37.247445)
SL_4859,37.247391,127.042388,정상,2014,POINT (127.042388 37.247391)
SL_4860,37.247344,127.042591,정상,2014,POINT (127.042591 37.247344)
SL_4861,37.247386,127.043027,정상,2014,POINT (127.043027 37.247386)
SL_4862,37.247618,127.043211,정상,2014,POINT (127.043211 37.247618)
SL_4863,37.247731,127.043298,정상,2014,POINT (127.043298 37.247731)
SL_4864,37.247841,127.043386,정상,2014,POINT (127.043386 37.247841)
SL_4865,37.247985,127.043496,정상,2014,POINT (127.043496 37.247985)
SL_4866,37.2481,127.043586,정상,2014,POINT (127.043586 37.2481)
SL_4867,37.247634,127.04292,정상,2014,POINT (127.04292 37.247634)
SL_4868,37.247758,127.042622,정상,2014,POINT (127.042622 37.247758)
SL_4869,37.247529,127.041624,정상,2014,POINT (127.041624 37.247529)
SL_4870,37.24942,127.042978,정상,2014,POINT (127.042978 37.24942)
SL_4871,37.24965,127.043215,정상,2014,POINT (127.043215 37.24965)
SL_4872,37.24986,127.043429,정상,2014,POINT (127.043429 37.24986)
SL_4873,37.25004,127.043609,정상,2014,POINT (127.043609 37.25004)
SL_4874,37.247781,127.041779,정상,2014,POINT (127.041779 37.247781)
SL_4875,37.248013,127.04192,정상,2014,POINT (127.04192 37.248013)
SL_4876,37.248265,127.042064,정상,2014,POINT (127.042064 37.248265)
SL_4877,37.24845,127.042174,정상,2014,POINT (127.042174 37.24845)
SL_4878,37.248632,127.042301,정상,2014,POINT (127.042301 37.248632)
SL_4879,37.248862,127.042448,정상,2014,POINT (127.042448 37.248862)
SL_4880,37.249022,127.04258,정상,2014,POINT (127.04258 37.249022)
SL_4881,37.24922,127.042778,정상,2014,POINT (127.042778 37.24922)
SL_4882,37.246749,127.043678,정상,2014,POINT (127.043678 37.246749)
SL_4883,37.247186,127.041644,정상,2014,POINT (127.041644 37.247186)
SL_4884,37.247211,127.04139,정상,2014,POINT (127.04139 37.247211)
SL_4885,37.247018,127.041286,정상,2014,POINT (127.041286 37.247018)
SL_4886,37.24681,127.04119,정상,2014,POINT (127.04119 37.24681)
SL_4887,37.246623,127.041108,정상,2014,POINT (127.041108 37.246623)
SL_4888,37.246394,127.041057,정상,2014,POINT (127.041057 37.246394)
SL_4889,37.246103,127.040978,정상,2014,POINT (127.040978 37.246103)
SL_4890,37.245916,127.040933,정상,2014,POINT (127.040933 37.245916)
SL_4891,37.246782,127.043424,정상,2014,POINT (127.043424 37.246782)
SL_4892,37.246812,127.043165,정상,2014,POINT (127.043165 37.246812)
SL_4893,37.246846,127.042892,정상,2014,POINT (127.042892 37.246846)
SL_4894,37.246868,127.042681,정상,2014,POINT (127.042681 37.246868)
SL_4895,37.246891,127.042528,정상,2014,POINT (127.042528 37.246891)
SL_4896,37.246997,127.042233,정상,2014,POINT (127.042233 37.246997)
SL_4897,37.247056,127.042041,정상,2014,POINT (127.042041 37.247056)
SL_4898,37.247128,127.04183,정상,2014,POINT (127.04183 37.247128)
SL_4899,37.245217,127.043669,정상,2014,POINT (127.043669 37.245217)
SL_4903,37.245181,127.043212,정상,2014,POINT (127.043212 37.245181)
SL_4904,37.245126,127.042706,정상,2014,POINT (127.042706 37.245126)
SL_4905,37.245095,127.042217,정상,2014,POINT (127.042217 37.245095)
SL_4906,37.245095,127.041707,정상,2014,POINT (127.041707 37.245095)
SL_4907,37.245104,127.041269,정상,2014,POINT (127.041269 37.245104)
SL_4908,37.24511,127.040782,정상,2014,POINT (127.040782 37.24511)
SL_4911,37.249218,127.042527,정상,2014,POINT (127.042527 37.249218)
SL_4912,37.249723,127.042127,정상,2014,POINT (127.042127 37.249723)
SL_4913,37.249606,127.042057,정상,2014,POINT (127.042057 37.249606)
SL_4914,37.249545,127.042082,정상,2014,POINT (127.042082 37.249545)
SL_4915,37.249405,127.042265,정상,2014,POINT (127.042265 37.249405)
SL_4916,37.249394,127.0426,정상,2014,POINT (127.0426 37.249394)
SL_4917,37.249574,127.042803,정상,2014,POINT (127.042803 37.249574)
SL_4918,37.249747,127.042989,정상,2014,POINT (127.042989 37.249747)
SL_4919,37.249943,127.043204,정상,2014,POINT (127.043204 37.249943)
SL_4920,37.250315,127.042992,정상,2014,POINT (127.042992 37.250315)
SL_4921,37.250279,127.042761,정상,2014,POINT (127.042761 37.250279)
SL_4922,37.250132,127.042595,정상,2014,POINT (127.042595 37.250132)
SL_4923,37.249943,127.042384,정상,2014,POINT (127.042384 37.249943)
SL_4924,37.246966,127.041644,정상,2014,POINT (127.041644 37.246966)
SL_4925,37.246229,127.041404,정상,2014,POINT (127.041404 37.246229)
SL_4926,37.246522,127.041472,정상,2014,POINT (127.041472 37.246522)
SL_4927,37.24679,127.041584,정상,2014,POINT (127.041584 37.24679)
SL_4928,37.245733,127.042066,정상,2014,POINT (127.042066 37.245733)
SL_4929,37.245742,127.041899,정상,2014,POINT (127.041899 37.245742)
SL_4930,37.24574,127.041499,정상,2014,POINT (127.041499 37.24574)
SL_4931,37.245605,127.041299,정상,2014,POINT (127.041299 37.245605)
SL_4932,37.245713,127.041158,정상,2014,POINT (127.041158 37.245713)
SL_4933,37.246864,127.041976,정상,2014,POINT (127.041976 37.246864)
SL_4934,37.246769,127.042218,정상,2014,POINT (127.042218 37.246769)
SL_4935,37.24663,127.042103,정상,2014,POINT (127.042103 37.24663)
SL_4936,37.246436,127.042027,정상,2014,POINT (127.042027 37.246436)
SL_4937,37.246236,127.041942,고장,2014,POINT (127.041942 37.246236)
SL_4938,37.246055,127.041869,정상,2014,POINT (127.041869 37.246055)
SL_4939,37.245747,127.041632,정상,2014,POINT (127.041632 37.245747)
SL_4940,37.246004,127.041347,정상,2014,POINT (127.041347 37.246004)
SL_4941,37.251624,127.042094,정상,1999,POINT (127.042094 37.251624)
SL_4942,37.250001,127.044289,정상,1999,POINT (127.044289 37.250001)
SL_4943,37.249821,127.044576,정상,1999,POINT (127.044576 37.249821)
SL_4944,37.24965,127.044852,정상,1999,POINT (127.044852 37.24965)
SL_4945,37.249431,127.045193,정상,1999,POINT (127.045193 37.249431)
SL_4946,37.249235,127.0455,정상,1999,POINT (127.0455 37.249235)
SL_4947,37.249034,127.045801,정상,1999,POINT (127.045801 37.249034)
SL_4948,37.251362,127.042243,정상,1999,POINT (127.042243 37.251362)
SL_4949,37.25116,127.042582,정상,1999,POINT (127.042582 37.25116)
SL_4950,37.25106,127.042725,정상,1999,POINT (127.042725 37.25106)
SL_4951,37.250889,127.04297,정상,1999,POINT (127.04297 37.250889)
SL_4952,37.250738,127.043207,정상,1999,POINT (127.043207 37.250738)
SL_4953,37.250598,127.043415,정상,1999,POINT (127.043415 37.250598)
SL_4954,37.250465,127.043601,정상,1999,POINT (127.043601 37.250465)
SL_4955,37.250251,127.04392,정상,1999,POINT (127.04392 37.250251)
SL_4956,37.246774,127.042483,정상,2014,POINT (127.042483 37.246774)
SL_4957,37.245366,127.041691,정상,2014,POINT (127.041691 37.245366)
SL_4958,37.245331,127.041435,정상,2014,POINT (127.041435 37.245331)
SL_4959,37.24548,127.041367,정상,2014,POINT (127.041367 37.24548)
SL_4960,37.246609,127.042421,정상,2014,POINT (127.042421 37.246609)
SL_4961,37.246443,127.042379,정상,2014,POINT (127.042379 37.246443)
SL_4962,37.246296,127.042322,정상,2014,POINT (127.042322 37.246296)
SL_4963,37.246107,127.042263,정상,2014,POINT (127.042263 37.246107)
SL_4964,37.245949,127.042212,정상,2014,POINT (127.042212 37.245949)
SL_4965,37.245693,127.042119,정상,2014,POINT (127.042119 37.245693)
SL_4966,37.245522,127.042063,정상,2014,POINT (127.042063 37.245522)
SL_4967,37.245357,127.04197,정상,2014,POINT (127.04197 37.245357)
SL_4968,37.269068,127.058705,정상,2005,POINT (127.058705 37.269068)
SL_4969,37.270029,127.058909,정상,2005,POINT (127.058909 37.270029)
SL_4970,37.269264,127.05848,정상,2005,POINT (127.05848 37.269264)
SL_4971,37.269444,127.058224,정상,2005,POINT (127.058224 37.269444)
SL_4972,37.269613,127.057984,정상,2005,POINT (127.057984 37.269613)
SL_4973,37.269762,127.05777,정상,2005,POINT (127.05777 37.269762)
SL_4974,37.269649,127.058294,정상,2005,POINT (127.058294 37.269649)
SL_4975,37.269849,127.058624,정상,2005,POINT (127.058624 37.269849)
SL_4976,37.269498,127.059162,정상,2005,POINT (127.059162 37.269498)
SL_4977,37.269694,127.058993,정상,2005,POINT (127.058993 37.269694)
SL_4978,37.264156,127.065257,정상,2008,POINT (127.065257 37.264156)
SL_4979,37.263741,127.065243,정상,2008,POINT (127.065243 37.263741)
SL_4980,37.278469,127.046653,정상,1995,POINT (127.046653 37.278469)
SL_4981,37.279893,127.04379,정상,1995,POINT (127.04379 37.279893)
SL_4982,37.278216,127.047169,정상,1995,POINT (127.047169 37.278216)
SL_4983,37.278137,127.047324,정상,1995,POINT (127.047324 37.278137)
SL_4984,37.27795,127.047744,정상,1995,POINT (127.047744 37.27795)
SL_4985,37.27859,127.046408,정상,1995,POINT (127.046408 37.27859)
SL_4986,37.278712,127.046155,정상,1995,POINT (127.046155 37.278712)
SL_4987,37.278823,127.045932,정상,1995,POINT (127.045932 37.278823)
SL_4988,37.278951,127.045709,정상,1995,POINT (127.045709 37.278951)
SL_4989,37.279007,127.045551,정상,1995,POINT (127.045551 37.279007)
SL_4990,37.279177,127.045208,정상,1995,POINT (127.045208 37.279177)
SL_4991,37.279359,127.044844,정상,1995,POINT (127.044844 37.279359)
SL_4992,37.279598,127.044354,정상,1995,POINT (127.044354 37.279598)
SL_4993,37.252937,127.074383,정상,1997,POINT (127.074383 37.252937)
SL_4994,37.252303,127.075648,정상,1997,POINT (127.075648 37.252303)
SL_4995,37.252193,127.075834,정상,1997,POINT (127.075834 37.252193)
SL_4996,37.252055,127.076062,정상,1997,POINT (127.076062 37.252055)
SL_4997,37.251902,127.076313,정상,1997,POINT (127.076313 37.251902)
SL_4998,37.251687,127.076817,정상,1997,POINT (127.076817 37.251687)
SL_4999,37.251491,127.076882,정상,1997,POINT (127.076882 37.251491)
SL_5000,37.251347,127.077146,정상,1997,POINT (127.077146 37.251347)
SL_5001,37.25127,127.077518,정상,1997,POINT (127.077518 37.25127)
SL_5002,37.251158,127.077712,정상,1997,POINT (127.077712 37.251158)
SL_5003,37.251027,127.077912,정상,1997,POINT (127.077912 37.251027)
SL_5004,37.252822,127.074578,정상,1997,POINT (127.074578 37.252822)
SL_5005,37.250914,127.078081,정상,1997,POINT (127.078081 37.250914)
SL_5006,37.252669,127.074837,정상,1997,POINT (127.074837 37.252669)
SL_5007,37.252531,127.075065,정상,1997,POINT (127.075065 37.252531)
SL_5008,37.253126,127.074547,정상,1997,POINT (127.074547 37.253126)
SL_5009,37.253004,127.074733,고장,1997,POINT (127.074733 37.253004)
SL_5010,37.252847,127.074972,정상,1997,POINT (127.074972 37.252847)
SL_5011,37.252709,127.075189,정상,1997,POINT (127.075189 37.252709)
SL_5012,37.252398,127.075493,정상,1997,POINT (127.075493 37.252398)
SL_5013,37.252686,127.078847,정상,2015,POINT (127.078847 37.252686)
SL_5014,37.253847,127.078406,정상,2015,POINT (127.078406 37.253847)
SL_5015,37.253525,127.078109,정상,2015,POINT (127.078109 37.253525)
SL_5016,37.25314,127.077692,정상,2015,POINT (127.077692 37.25314)
SL_5017,37.253368,127.077332,정상,2015,POINT (127.077332 37.253368)
SL_5018,37.253653,127.077645,정상,2015,POINT (127.077645 37.253653)
SL_5019,37.25409,127.078014,정상,2015,POINT (127.078014 37.25409)
SL_5020,37.254307,127.077668,정상,2015,POINT (127.077668 37.254307)
SL_5021,37.254005,127.07736,정상,2015,POINT (127.07736 37.254005)
SL_5022,37.25373,127.077092,정상,2015,POINT (127.077092 37.25373)
SL_5023,37.253415,127.076658,정상,2015,POINT (127.076658 37.253415)
SL_5024,37.252898,127.079061,정상,2015,POINT (127.079061 37.252898)
SL_5025,37.253188,127.075852,정상,2015,POINT (127.075852 37.253188)
SL_5026,37.25298,127.077221,정상,2015,POINT (127.077221 37.25298)
SL_5027,37.252716,127.077666,고장,2015,POINT (127.077666 37.252716)
SL_5028,37.252525,127.078004,정상,2015,POINT (127.078004 37.252525)
SL_5029,37.252238,127.078455,정상,2015,POINT (127.078455 37.252238)
SL_5030,37.253199,127.079479,정상,2015,POINT (127.079479 37.253199)
SL_5031,37.253414,127.079118,정상,2015,POINT (127.079118 37.253414)
SL_5032,37.253031,127.078791,정상,2015,POINT (127.078791 37.253031)
SL_5033,37.252675,127.078469,정상,2015,POINT (127.078469 37.252675)
SL_5034,37.252849,127.078182,정상,2015,POINT (127.078182 37.252849)
SL_5035,37.253218,127.078411,정상,2015,POINT (127.078411 37.253218)
SL_5036,37.253585,127.078834,정상,2015,POINT (127.078834 37.253585)
SL_5037,37.261519,127.048635,정상,2007,POINT (127.048635 37.261519)
SL_5038,37.261704,127.048706,정상,2007,POINT (127.048706 37.261704)
SL_5039,37.26192,127.048808,정상,2007,POINT (127.048808 37.26192)
SL_5040,37.262152,127.048904,정상,2007,POINT (127.048904 37.262152)
SL_5041,37.262355,127.049045,정상,2007,POINT (127.049045 37.262355)
SL_5042,37.262479,127.049194,정상,2007,POINT (127.049194 37.262479)
SL_5043,37.262663,127.049369,정상,2007,POINT (127.049369 37.262663)
SL_5044,37.262916,127.049378,정상,2007,POINT (127.049378 37.262916)
SL_5045,37.244044,127.062834,정상,2016,POINT (127.062834 37.244044)
SL_5046,37.243915,127.063076,정상,2016,POINT (127.063076 37.243915)
SL_5047,37.243641,127.062828,정상,2016,POINT (127.062828 37.243641)
SL_5048,37.24351,127.06294,정상,2016,POINT (127.06294 37.24351)
SL_5049,37.243187,127.062759,정상,2016,POINT (127.062759 37.243187)
SL_5050,37.24312,127.062915,정상,2016,POINT (127.062915 37.24312)
SL_5051,37.24298,127.063188,정상,2016,POINT (127.063188 37.24298)
SL_5052,37.243041,127.063526,정상,2016,POINT (127.063526 37.243041)
SL_5053,37.241375,127.040962,정상,2019,POINT (127.040962 37.241375)
SL_5054,37.24078,127.042424,정상,2019,POINT (127.042424 37.24078)
SL_5055,37.240626,127.042356,정상,2019,POINT (127.042356 37.240626)
SL_5056,37.240482,127.042299,정상,2019,POINT (127.042299 37.240482)
SL_5057,37.240334,127.042266,정상,2019,POINT (127.042266 37.240334)
SL_5058,37.241357,127.041393,정상,2019,POINT (127.041393 37.241357)
SL_5059,37.241368,127.041838,정상,2019,POINT (127.041838 37.241368)
SL_5060,37.241363,127.042204,정상,2019,POINT (127.042204 37.241363)
SL_5061,37.241386,127.042542,정상,2019,POINT (127.042542 37.241386)
SL_5062,37.241376,127.042672,정상,2019,POINT (127.042672 37.241376)
SL_5063,37.24123,127.042582,정상,2019,POINT (127.042582 37.24123)
SL_5064,37.24109,127.042553,정상,2019,POINT (127.042553 37.24109)
SL_5065,37.240933,127.042491,정상,2019,POINT (127.042491 37.240933)
SL_5066,37.244694,127.043818,정상,2019,POINT (127.043818 37.244694)
SL_5067,37.242897,127.043278,정상,2019,POINT (127.043278 37.242897)
SL_5068,37.242491,127.04312,정상,2019,POINT (127.04312 37.242491)
SL_5069,37.242217,127.043002,정상,2019,POINT (127.043002 37.242217)
SL_5070,37.241978,127.042906,정상,2019,POINT (127.042906 37.241978)
SL_5071,37.241685,127.042782,정상,2019,POINT (127.042782 37.241685)
SL_5072,37.241541,127.042692,정상,2019,POINT (127.042692 37.241541)
SL_5073,37.241527,127.04259,정상,2019,POINT (127.04259 37.241527)
SL_5074,37.241541,127.042297,정상,2019,POINT (127.042297 37.241541)
SL_5075,37.24155,127.04188,정상,2019,POINT (127.04188 37.24155)
SL_5076,37.241568,127.041441,정상,2019,POINT (127.041441 37.241568)
SL_5077,37.244482,127.043799,정상,2019,POINT (127.043799 37.244482)
SL_5078,37.241573,127.040979,정상,2019,POINT (127.040979 37.241573)
SL_5079,37.241641,127.040764,정상,2019,POINT (127.040764 37.241641)
SL_5080,37.241753,127.04081,정상,2019,POINT (127.04081 37.241753)
SL_5081,37.241947,127.040889,정상,2019,POINT (127.040889 37.241947)
SL_5082,37.24219,127.040968,정상,2019,POINT (127.040968 37.24219)
SL_5083,37.242411,127.041047,정상,2019,POINT (127.041047 37.242411)
SL_5084,37.242632,127.041131,정상,2019,POINT (127.041131 37.242632)
SL_5085,37.244302,127.043779,정상,2019,POINT (127.043779 37.244302)
SL_5086,37.244032,127.043757,정상,2019,POINT (127.043757 37.244032)
SL_5087,37.243816,127.043696,정상,2019,POINT (127.043696 37.243816)
SL_5088,37.243627,127.043617,정상,2019,POINT (127.043617 37.243627)
SL_5089,37.243469,127.043544,정상,2019,POINT (127.043544 37.243469)
SL_5090,37.243271,127.043453,정상,2019,POINT (127.043453 37.243271)
SL_5091,37.243077,127.043374,정상,2019,POINT (127.043374 37.243077)
SL_5092,37.241395,127.046078,정상,2019,POINT (127.046078 37.241395)
SL_5093,37.241559,127.043002,정상,2019,POINT (127.043002 37.241559)
SL_5094,37.241672,127.042906,정상,2019,POINT (127.042906 37.241672)
SL_5095,37.241942,127.04303,정상,2019,POINT (127.04303 37.241942)
SL_5096,37.242208,127.04314,정상,2019,POINT (127.04314 37.242208)
SL_5097,37.242437,127.043236,정상,2019,POINT (127.043236 37.242437)
SL_5098,37.242735,127.043338,정상,2019,POINT (127.043338 37.242735)
SL_5099,37.242879,127.043422,정상,2019,POINT (127.043422 37.242879)
SL_5100,37.243023,127.043479,정상,2019,POINT (127.043479 37.243023)
SL_5101,37.243239,127.04358,정상,2019,POINT (127.04358 37.243239)
SL_5102,37.243424,127.043642,고장,2019,POINT (127.043642 37.243424)
SL_5103,37.241396,127.045853,정상,2019,POINT (127.045853 37.241396)
SL_5104,37.243572,127.043721,정상,2019,POINT (127.043721 37.243572)
SL_5105,37.243748,127.043783,정상,2019,POINT (127.043783 37.243748)
SL_5106,37.243964,127.043851,정상,2019,POINT (127.043851 37.243964)
SL_5107,37.244271,127.043879,정상,2019,POINT (127.043879 37.244271)
SL_5108,37.244433,127.043913,정상,2019,POINT (127.043913 37.244433)
SL_5109,37.244636,127.043919,정상,2019,POINT (127.043919 37.244636)
SL_5110,37.241432,127.045571,정상,2019,POINT (127.045571 37.241432)
SL_5111,37.241423,127.045301,정상,2019,POINT (127.045301 37.241423)
SL_5112,37.241427,127.045041,정상,2019,POINT (127.045041 37.241427)
SL_5113,37.24145,127.044568,정상,2019,POINT (127.044568 37.24145)
SL_5114,37.241495,127.044134,정상,2019,POINT (127.044134 37.241495)
SL_5115,37.241504,127.043774,정상,2019,POINT (127.043774 37.241504)
SL_5116,37.241532,127.043351,정상,2019,POINT (127.043351 37.241532)
SL_5117,37.2403,127.04248,정상,2019,POINT (127.04248 37.2403)
SL_5118,37.24139,127.043337,정상,2019,POINT (127.043337 37.24139)
SL_5119,37.241385,127.043765,정상,2019,POINT (127.043765 37.241385)
SL_5120,37.24138,127.044131,정상,2019,POINT (127.044131 37.24138)
SL_5121,37.241347,127.04456,정상,2019,POINT (127.04456 37.241347)
SL_5122,37.241326,127.045041,정상,2019,POINT (127.045041 37.241326)
SL_5123,37.241315,127.045301,정상,2019,POINT (127.045301 37.241315)
SL_5124,37.24131,127.045579,정상,2019,POINT (127.045579 37.24131)
SL_5125,37.241292,127.045858,정상,2019,POINT (127.045858 37.241292)
SL_5126,37.241287,127.046075,정상,2019,POINT (127.046075 37.241287)
SL_5127,37.240471,127.042553,정상,2019,POINT (127.042553 37.240471)
SL_5128,37.240615,127.042609,정상,2019,POINT (127.042609 37.240615)
SL_5129,37.240795,127.042655,정상,2019,POINT (127.042655 37.240795)
SL_5130,37.240928,127.042705,정상,2019,POINT (127.042705 37.240928)
SL_5131,37.241075,127.042734,정상,2019,POINT (127.042734 37.241075)
SL_5132,37.241232,127.042762,정상,2019,POINT (127.042762 37.241232)
SL_5133,37.24137,127.042821,정상,2019,POINT (127.042821 37.24137)
SL_5134,37.241376,127.042982,정상,2019,POINT (127.042982 37.241376)
SL_5135,37.244673,127.041986,정상,2019,POINT (127.041986 37.244673)
SL_5136,37.244852,127.044728,정상,2019,POINT (127.044728 37.244852)
SL_5137,37.244881,127.045024,정상,2019,POINT (127.045024 37.244881)
SL_5138,37.244908,127.045379,정상,2019,POINT (127.045379 37.244908)
SL_5139,37.244937,127.045694,정상,2019,POINT (127.045694 37.244937)
SL_5140,37.244988,127.046182,정상,2019,POINT (127.046182 37.244988)
SL_5141,37.245024,127.046667,정상,2019,POINT (127.046667 37.245024)
SL_5142,37.245013,127.046878,정상,2019,POINT (127.046878 37.245013)
SL_5143,37.244659,127.04231,정상,2019,POINT (127.04231 37.244659)
SL_5144,37.244683,127.042685,정상,2019,POINT (127.042685 37.244683)
SL_5145,37.244712,127.043102,정상,2019,POINT (127.043102 37.244712)
SL_5146,37.244733,127.043412,정상,2019,POINT (127.043412 37.244733)
SL_5147,37.24476,127.04377,정상,2019,POINT (127.04377 37.24476)
SL_5148,37.244782,127.043964,정상,2019,POINT (127.043964 37.244782)
SL_5149,37.2448,127.044195,정상,2019,POINT (127.044195 37.2448)
SL_5150,37.244827,127.04446,정상,2019,POINT (127.04446 37.244827)
SL_5167,37.287388,127.058672,정상,2019,POINT (127.058672 37.287388)
SL_5168,37.25547,127.045743,정상,2019,POINT (127.045743 37.25547)
SL_5169,37.251865,127.041841,정상,2019,POINT (127.041841 37.251865)
SL_5176,37.255177,127.044943,정상,2019,POINT (127.044943 37.255177)
SL_5180,37.255874,127.042288,정상,2019,POINT (127.042288 37.255874)
SL_5181,37.254591,127.039915,정상,2019,POINT (127.039915 37.254591)
SL_5193,37.244746,127.040504,정상,2020,POINT (127.040504 37.244746)
SL_5194,37.244706,127.041092,정상,2020,POINT (127.041092 37.244706)
SL_5195,37.244709,127.041251,정상,2020,POINT (127.041251 37.244709)
SL_5196,37.244705,127.041366,정상,2020,POINT (127.041366 37.244705)
SL_5197,37.244706,127.041679,정상,2020,POINT (127.041679 37.244706)
SL_5226,37.286221,127.054899,정상,2019,POINT (127.054899 37.286221)
SL_5227,37.284745,127.055608,정상,2019,POINT (127.055608 37.284745)
SL_5228,37.28721,127.059376,고장,2019,POINT (127.059376 37.28721)
SL_5229,37.286117,127.055062,정상,2019,POINT (127.055062 37.286117)
SL_5230,37.286009,127.055206,정상,2019,POINT (127.055206 37.286009)
SL_5231,37.285738,127.055564,정상,2019,POINT (127.055564 37.285738)
SL_5232,37.285576,127.055781,정상,2019,POINT (127.055781 37.285576)
SL_5233,37.285441,127.055961,정상,2019,POINT (127.055961 37.285441)
SL_5234,37.285319,127.05613,정상,2019,POINT (127.05613 37.285319)
SL_5235,37.285049,127.055887,정상,2019,POINT (127.055887 37.285049)
SL_5236,37.284885,127.055766,정상,2019,POINT (127.055766 37.284885)
