id,lat,lon,status,install_year,geometry,dong_name
SL_0000,37.280326,127.043026,정상,2014,POINT (203815.71085189248 520124.4791234945),원천동
SL_0001,37.274215,127.037039,정상,2019,POINT (203285.02623490992 519446.0382080167),매탄동
SL_0002,37.274221,127.037416,정상,2019,POINT (203318.4624827321 519446.71726218204),매탄동
SL_0003,37.274264,127.037758,정상,2019,POINT (203348.7929014889 519451.50157354743),매탄동
SL_0004,37.274327,127.03818,정상,2019,POINT (203386.21766225135 519458.5085110096),매탄동
SL_0005,37.274336,127.038521,정상,2019,POINT (203416.46084563126 519459.5196161902),매탄동
SL_0006,37.274304,127.038868,정상,2019,POINT (203447.2380364599 519455.9807542986),매탄동
SL_0007,37.274227,127.039189,정상,2019,POINT (203475.71135760858 519447.44682393066),매탄동
SL_0008,37.274144,127.039525,정상,2019,POINT (203505.5153812966 519438.2476491945),매탄동
SL_0009,37.268524,127.039263,정상,1997,POINT (203482.5371545443 518814.51496569824),매탄동
SL_0010,37.269992,127.041287,정상,1997,POINT (203661.99018090862 518977.5139905389),매탄동
SL_0011,37.269906,127.041851,정상,1997,POINT (203712.01892766985 518967.9914552951),매탄동
SL_0012,37.269775,127.042149,정상,1997,POINT (203738.45683241313 518953.46445277054),매탄동
SL_0013,37.269856,127.042172,정상,1997,POINT (203740.49283861739 518962.4549616454),매탄동
SL_0014,37.268699,127.039691,정상,1997,POINT (203520.49161747287 518833.95277557196),매탄동
SL_0015,37.268848,127.039843,정상,1997,POINT (203533.96667133225 518850.4948633321),매탄동
SL_0016,37.268848,127.039996,정상,1997,POINT (203547.5373593904 518850.5005889002),매탄동
SL_0017,37.269172,127.040537,정상,1997,POINT (203595.50719701152 518886.47940445284),매탄동
SL_0018,37.269159,127.040683,정상,1997,POINT (203608.45756882557 518885.0421874739),매탄동
SL_0019,37.269555,127.040875,고장,1997,POINT (203625.4683953857 518928.9986783951),매탄동
SL_0020,37.269969,127.040949,정상,1997,POINT (203632.01204915287 518974.94835951866),매탄동
SL_0021,37.2701,127.041073,정상,1997,POINT (203643.00404087093 518989.4918628087),매탄동
SL_0022,37.270692,127.049287,정상,2000,POINT (204371.51744986858 519055.5415328386),매탄동
SL_0023,37.273101,127.05242,정상,2000,POINT (204649.2512162806 519323.04835482396),매탄동
SL_0024,37.273164,127.052065,정상,2000,POINT (204617.761593847 519330.02288349805),매탄동
SL_0025,37.273195,127.051721,정상,2000,POINT (204587.24957939563 519333.4466146525),매탄동
SL_0026,37.273234,127.051293,정상,2000,POINT (204549.28696586902 519337.7542764762),매탄동
SL_0027,37.273239,127.050706,정상,2000,POINT (204497.22436682152 519338.28112541296),매탄동
SL_0028,37.273225,127.050224,정상,2000,POINT (204454.47557041555 519336.70456315496),매탄동
SL_0029,37.273223,127.049855,정상,2000,POINT (204421.74827424326 519336.4652874814),매탄동
SL_0030,37.273242,127.049359,정상,2000,POINT (204377.75585344995 519338.5508936413),매탄동
SL_0031,37.273264,127.048897,정상,2000,POINT (204336.77881532587 519340.971236789),매탄동
SL_0032,37.273274,127.048178,정상,2000,POINT (204273.00860851054 519342.0483480907),매탄동
SL_0033,37.27114,127.049496,정상,2000,POINT (204390.02872480024 519105.27147655486),매탄동
SL_0034,37.273231,127.047919,정상,2000,POINT (204250.03976703057 519337.2644220139),매탄동
SL_0035,37.273184,127.047608,정상,2000,POINT (204222.45912744317 519332.0343056467),매탄동
SL_0036,37.273078,127.047236,정상,2000,POINT (204189.47149388786 519320.253593124),매탄동
SL_0037,37.271656,127.049707,정상,2000,POINT (204408.71320302357 519162.54838535155),매탄동
SL_0038,37.272126,127.049933,정상,2000,POINT (204428.73052106937 519214.7208360268),매탄동
SL_0039,37.272507,127.050117,정상,2000,POINT (204445.02771960347 519257.01389828144),매탄동
SL_0040,37.272829,127.050269,정상,2000,POINT (204458.49007037465 519292.75750285166),매탄동
SL_0041,37.273061,127.050376,정상,2000,POINT (204467.9664729084 519318.51055479824),매탄동
SL_0042,37.2729,127.053339,정상,2000,POINT (204730.77203795256 519300.7863741029),매탄동
SL_0043,37.273003,127.052944,정상,2000,POINT (204695.73208008244 519312.1979217902),매탄동
SL_0044,37.272771,127.053742,정상,2000,POINT (204766.52327189068 519286.48982372123),매탄동
SL_0045,37.271095,127.058194,정상,2000,POINT (205161.49763468458 519100.71630562074),매탄동
SL_0046,37.270755,127.059042,정상,2019,POINT (205236.73426975255 519063.0287723012),원천동
SL_0047,37.270601,127.059465,정상,2019,POINT (205274.2630296533 519045.9609271806),원천동
SL_0048,37.270412,127.059969,정상,2019,POINT (205318.97873504998 519025.01340507215),원천동
SL_0049,37.270204,127.060524,정상,2019,POINT (205368.21949369521 519001.9603422152),원천동
SL_0050,37.272624,127.054162,정상,2000,POINT (204803.78355014036 519270.1965989996),매탄동
SL_0051,37.272527,127.054429,정상,2000,POINT (204827.47074330703 519259.44486060756),매탄동
SL_0052,37.272365,127.054841,정상,2000,POINT (204864.02267992563 519241.48675411893),매탄동
SL_0053,37.27227,127.055077,정상,2000,POINT (204884.96040996123 519230.95555054926),매탄동
SL_0054,37.272142,127.055444,정상,2000,POINT (204917.51917564383 519216.7687690623),매탄동
SL_0055,37.271862,127.056168,정상,2000,POINT (204981.75168155308 519185.73147285136),매탄동
SL_0056,37.271592,127.056884,정상,2000,POINT (205045.27444303222 519155.8040702017),매탄동
SL_0057,37.271346,127.057521,정상,2000,POINT (205101.78918024036 519128.5364724159),매탄동
SL_0058,37.267321,127.055108,정상,1993,POINT (204888.02981278516 518681.7036731011),매탄동
SL_0059,37.267908,127.052729,정상,1993,POINT (204676.97834103394 518746.7302594197),매탄동
SL_0060,37.268014,127.052332,정상,1993,POINT (204641.7585639625 518758.47487417737),매탄동
SL_0061,37.268141,127.051858,정상,1993,POINT (204599.70784954596 518772.54652727174),매탄동
SL_0062,37.267929,127.051858,정상,1993,POINT (204599.72074481516 518749.01819809875),매탄동
SL_0063,37.267805,127.05238,정상,1993,POINT (204646.02892259925 518735.28184934496),매탄동
SL_0064,37.267692,127.052876,정상,1993,POINT (204690.03040438588 518722.76527664583),매탄동
SL_0065,37.267577,127.053352,정상,1993,POINT (204732.25816687514 518710.0259689452),매탄동
SL_0066,37.267446,127.053896,정상,1993,POINT (204780.51859709402 518695.5145844664),매탄동
SL_0067,37.267326,127.054375,정상,1993,POINT (204823.0130508297 518682.22097187024),매탄동
SL_0068,37.267207,127.054916,정상,1993,POINT (204871.0069278622 518669.0417471704),매탄동
SL_0069,37.267421,127.054719,정상,1993,POINT (204853.51944323562 518692.7819158429),매탄동
SL_0070,37.267173,127.055093,정상,1993,POINT (204886.7088899938 518665.2774629246),매탄동
SL_0071,37.267094,127.054944,정상,1993,POINT (204873.49778881617 518656.50214729167),매탄동
SL_0072,37.26693,127.054625,정상,1993,POINT (204845.21319737815 518638.2846073081),매탄동
SL_0073,37.26681,127.054374,정상,1993,POINT (204822.95726038306 518624.953864302),매탄동
SL_0074,37.266651,127.053977,정상,1993,POINT (204787.75354466727 518607.28745946544),매탄동
SL_0075,37.266554,127.053692,정상,1993,POINT (204762.4801848813 518596.507758936),매탄동
SL_0076,37.266439,127.053357,정상,1993,POINT (204732.77288092035 518583.7279448935),매탄동
SL_0077,37.266297,127.052889,정상,1993,POINT (204691.27002527806 518567.9451024254),매탄동
SL_0078,37.266113,127.052269,정상,1993,POINT (204636.28711714965 518547.4937359829),매탄동
SL_0079,37.265978,127.051806,정상,1993,POINT (204595.22697957317 518532.48849317577),매탄동
SL_0080,37.267527,127.054234,정상,1993,POINT (204810.49369187947 518704.52131165576),매탄동
SL_0081,37.265848,127.051397,정상,1993,POINT (204558.95623915808 518518.0409652975),매탄동
SL_0082,37.26567,127.050972,정상,1993,POINT (204521.26902798557 518498.265663233),매탄동
SL_0083,37.265467,127.050681,정상,1993,POINT (204495.46909259903 518475.72232299735),매탄동
SL_0084,37.265138,127.050433,정상,1993,POINT (204473.49063682905 518439.19728349184),매탄동
SL_0085,37.264816,127.050289,정상,1993,POINT (204460.73658969873 518403.4540796973),매탄동
SL_0086,37.264544,127.05023,정상,1993,POINT (204455.51919355945 518373.2640271089),매탄동
SL_0087,37.264217,127.050139,정상,1993,POINT (204447.46650826684 518336.9684310046),매탄동
SL_0088,37.263875,127.050029,정상,1993,POINT (204437.72927377143 518299.00721440045),매탄동
SL_0089,37.263593,127.04995,정상,1993,POINT (204430.73824580412 518267.7064184159),매탄동
SL_0090,37.263296,127.04984,정상,1993,POINT (204420.9982243182 518234.7394421188),매탄동
SL_0091,37.267676,127.053794,정상,1993,POINT (204771.4567912182 518721.03545161925),매탄동
SL_0092,37.267766,127.05342,정상,1993,POINT (204738.27784304568 518731.0050983067),매탄동
SL_0093,37.267847,127.053067,정상,1993,POINT (204706.9622020674 518739.9770765698),매탄동
SL_0094,37.268027,127.052924,정상,1993,POINT (204694.2671446976 518759.9468554253),매탄동
SL_0095,37.268237,127.053,정상,1993,POINT (204700.99515865406 518783.25699298526),매탄동
SL_0096,37.268469,127.053082,정상,1993,POINT (204708.25395201822 518809.00905460544),매탄동
SL_0097,37.260141,127.048601,정상,2002,POINT (204311.27401732042 517884.5322850533),매탄동
SL_0098,37.257938,127.047373,정상,2002,POINT (204202.4635666777 517639.98257068027),매탄동
SL_0099,37.257771,127.047339,정상,2002,POINT (204199.4566937839 517621.44698539784),매탄동
SL_0100,37.257449,127.047074,정상,2002,POINT (204175.9662390219 517585.6988988548),매탄동
SL_0101,37.257263,127.046931,정상,2002,POINT (204163.29084829413 517565.0498570701),매탄동
SL_0102,37.25704,127.046722,정상,2002,POINT (204144.76248874044 517540.29159106617),매탄동
SL_0103,37.256841,127.046586,정상,2002,POINT (204132.70864237935 517518.20013144804),매탄동
SL_0104,37.256591,127.046366,정상,2002,POINT (204113.20572891278 517490.44493012823),매탄동
SL_0105,37.256495,127.04649,정상,2002,POINT (204124.21121133558 517479.79600960034),매탄동
SL_0106,37.256763,127.046716,정상,2002,POINT (204144.24539622248 517509.54918322305),매탄동
SL_0107,37.256952,127.046866,정상,2002,POINT (204157.54173178045 517530.5314492973),매탄동
SL_0108,37.259855,127.048468,정상,2002,POINT (204299.4921730529 517852.7852301154),매탄동
SL_0109,37.257197,127.047077,정상,2002,POINT (204176.24628277076 517557.73144593276),매탄동
SL_0110,37.257695,127.047478,정상,2002,POINT (204211.7916570377 517613.0184930564),매탄동
SL_0111,37.257373,127.047207,정상,2002,POINT (204187.76896649282 517577.27010692883),매탄동
SL_0112,37.257796,127.047681,정상,2002,POINT (204229.79421898426 517624.2367778842),매탄동
SL_0113,37.257958,127.0479,정상,2002,POINT (204249.2126688693 517642.2257518796),매탄동
SL_0114,37.258411,127.048256,정상,2002,POINT (204280.76782337192 517692.5168667478),매탄동
SL_0115,37.258575,127.048208,정상,2002,POINT (204276.50049350868 517710.7158273001),매탄동
SL_0116,37.258798,127.048188,정상,2002,POINT (204274.7137046465 517735.4640228974),매탄동
SL_0117,37.259012,127.048273,정상,2002,POINT (204282.2418634196 517759.2181231113),매탄동
SL_0118,37.259298,127.048406,정상,2002,POINT (204294.02390488124 517790.9651491361),매탄동
SL_0119,37.259609,127.048355,정상,2002,POINT (204289.4821350546 517825.4784006331),매탄동
SL_0120,37.259553,127.048519,정상,2002,POINT (204304.03345738997 517819.2708252867),매탄동
SL_0121,37.259816,127.048637,정상,2002,POINT (204314.48602549316 517848.4646028244),매탄동
SL_0122,37.260044,127.048747,정상,2002,POINT (204324.23086081469 517873.7736404884),매탄동
SL_0123,37.258035,127.048165,정상,2002,POINT (204272.71649154735 517650.7833349629),매탄동
SL_0124,37.259339,127.048234,고장,2002,POINT (204278.76372185838 517795.50764207664),매탄동
SL_0125,37.259051,127.048104,정상,2002,POINT (204267.24786834378 517763.53880753083),매탄동
SL_0126,37.258857,127.048017,정상,2002,POINT (204259.5411267712 517742.0042808294),매탄동
SL_0127,37.258663,127.047856,정상,2002,POINT (204245.26986066424 517720.46643991815),매탄동
SL_0128,37.25851,127.04754,정상,2002,POINT (204217.24626568737 517703.4719884252),매탄동
SL_0129,37.258033,127.04732,정상,2002,POINT (204197.75665944346 517650.52355547564),매탄동
SL_0130,37.261561,127.046378,정상,2002,POINT (204113.99996216013 518042.02854620654),매탄동
SL_0131,37.262402,127.049484,정상,2002,POINT (204389.47154692237 518135.5044373424),매탄동
SL_0132,37.262677,127.049597,정상,2002,POINT (204399.47920134716 518166.02989448607),매탄동
SL_0133,37.26287,127.049693,정상,2002,POINT (204407.98358993282 518187.4540008556),매탄동
SL_0134,37.26297,127.049674,정상,2002,POINT (204406.29238199367 518198.5513747449),매탄동
SL_0135,37.262807,127.050043,정상,2002,POINT (204439.03380027675 518180.4784588074),매탄동
SL_0136,37.262605,127.049947,정상,2002,POINT (204430.5300109934 518158.0554779045),매탄동
SL_0137,37.262348,127.049828,정상,2002,POINT (204419.98917825276 518129.5273901388),매탄동
SL_0138,37.262005,127.049693,정상,2002,POINT (204408.03400193216 518091.4540703692),매탄동
SL_0139,37.261713,127.049557,정상,2002,POINT (204395.98704702422 518059.04083427176),매탄동
SL_0140,37.261384,127.049416,정상,2002,POINT (204383.49861303676 518022.52103084594),매탄동
SL_0141,37.261439,127.046958,정상,2002,POINT (204165.4560775413 518028.5140461366),매탄동
SL_0142,37.261064,127.049275,정상,2002,POINT (204371.00955001506 517987.0000911044),매탄동
SL_0143,37.26069,127.049106,정상,2002,POINT (204356.03970000986 517945.4848252684),매탄동
SL_0144,37.260411,127.048981,정상,2002,POINT (204344.9673665536 517914.5149493787),매탄동
SL_0145,37.260456,127.048632,정상,2002,POINT (204314.00598524217 517919.4931972054),매탄동
SL_0146,37.260789,127.048773,정상,2002,POINT (204326.49464675243 517956.45682128676),매탄동
SL_0147,37.260929,127.048474,정상,2002,POINT (204299.96336604786 517971.98075026943),매탄동
SL_0148,37.261033,127.047995,정상,2002,POINT (204257.46705174274 517983.5012783365),매탄동
SL_0149,37.261146,127.047466,정상,2002,POINT (204210.53503565444 517996.0186387865),매탄동
SL_0150,37.261263,127.046868,정상,2002,POINT (204157.4822114608 518008.9771583827),매탄동
SL_0151,37.261367,127.04631,정상,2002,POINT (204107.97850025882 518020.4949757725),매탄동
SL_0152,37.26134,127.047522,정상,2002,POINT (204215.49177886153 518017.5517475746),매탄동
SL_0153,37.261222,127.048074,정상,2002,POINT (204264.4642076678 518004.4805379467),매탄동
SL_0154,37.261123,127.048576,정상,2002,POINT (204309.0003872972 517993.5160048088),매탄동
SL_0155,37.261105,127.048914,정상,2002,POINT (204338.9841731895 517991.53376272356),매탄동
SL_0156,37.261429,127.049055,정상,2002,POINT (204351.4731347528 518027.49858518626),매탄동
SL_0157,37.261776,127.049202,정상,2002,POINT (204364.49289565298 518066.0163040157),매탄동
SL_0158,37.262069,127.049338,정상,2002,POINT (204376.53990417818 518098.5404777333),매탄동
SL_0159,37.26495,127.062194,정상,2014,POINT (205516.7246313356 518418.95339342335),원천동
SL_0160,37.263699,127.061159,정상,2014,POINT (205425.00791208574 518280.0542967964),매탄동
SL_0161,37.263536,127.061069,정상,2014,POINT (205417.03628479346 518261.9589760455),매탄동
SL_0162,37.263392,127.060961,정상,2014,POINT (205407.4665973543 518245.97130409663),매탄동
SL_0163,37.263194,127.06086,정상,2014,POINT (205398.52165498395 518223.99098246626),매탄동
SL_0164,37.263,127.06073,정상,2014,POINT (205387.0039595594 518202.4529502499),매탄동
SL_0165,37.262807,127.060623,정상,2014,POINT (205377.52633506144 518181.0272239734),매탄동
SL_0166,37.262609,127.060504,정상,2014,POINT (205366.98456134167 518159.04591556365),매탄동
SL_0167,37.262298,127.060284,정상,2014,POINT (205347.4915301275 518124.51787720405),매탄동
SL_0168,37.262014,127.060075,정상,2014,POINT (205328.9721949892 518092.98703503003),매탄동
SL_0169,37.261807,127.059929,정상,2014,POINT (205316.03576548107 518070.00543057424),매탄동
SL_0170,37.26473,127.061955,정상,2014,POINT (205495.5408663655 518394.52330771985),원천동
SL_0171,37.261604,127.059861,정상,2014,POINT (205310.01803784026 518047.47215109353),매탄동
SL_0172,37.261537,127.060019,정상,2014,POINT (205324.0382720422 518040.04519646516),매탄동
SL_0173,37.261503,127.059666,정상,2014,POINT (205292.72747212378 518036.2519878139),매탄동
SL_0174,37.261395,127.059601,정상,2014,POINT (205286.96913571958 518024.2622373875),매탄동
SL_0175,37.26128,127.059517,정상,2014,POINT (205279.52585395728 518011.4945530469),매탄동
SL_0176,37.26115,127.059418,정상,2014,POINT (205270.75299987904 517997.06130163517),매탄동
SL_0177,37.260949,127.059315,정상,2014,POINT (205261.63022851705 517974.74807585345),매탄동
SL_0178,37.260762,127.059168,정상,2014,POINT (205248.60333723846 517953.98617529107),매탄동
SL_0179,37.260517,127.058937,정상,2014,POINT (205228.1290008167 517926.7826639968),매탄동
SL_0180,37.260319,127.058816,정상,2014,POINT (205217.4091007168 517904.80144223914),매탄동
SL_0181,37.264565,127.061813,정상,2014,POINT (205482.95712379838 518376.2029369568),원천동
SL_0182,37.263536,127.060885,정상,2014,POINT (205400.71483237503 518261.94845876),매탄동
SL_0183,37.263248,127.060725,정상,2014,POINT (205386.54277632484 518229.9763496922),매탄동
SL_0184,37.26305,127.060603,정상,2014,POINT (205375.7349756317 518207.9948577963),매탄동
SL_0185,37.264433,127.061847,정상,2014,POINT (205485.98257827165 518361.55520127184),원천동
SL_0186,37.264315,127.062061,정상,2014,POINT (205504.97350102285 518348.4716801171),원천동
SL_0187,37.264284,127.061588,정상,2014,POINT (205463.01939509183 518345.0038066511),원천동
SL_0188,37.264221,127.061481,정상,2014,POINT (205453.53275232753 518338.0057296811),원천동
SL_0189,37.26405,127.061379,정상,2014,POINT (205444.49738251674 518319.02182868996),매탄동
SL_0190,37.263874,127.061261,정상,2014,POINT (205434.0430806999 518299.48210603127),매탄동
SL_0191,37.25803,127.057798,정상,2004,POINT (205127.2602004029 517650.70681268576),매탄동
SL_0192,37.25824,127.058007,정상,2004,POINT (205145.786305772 517674.0244813885),매탄동
SL_0193,37.258424,127.058201,정상,2004,POINT (205162.98344005315 517694.4558282938),매탄동
SL_0194,37.258386,127.058413,정상,2004,POINT (205181.79246548144 517690.2500795879),매탄동
SL_0195,37.258176,127.058846,정상,2004,POINT (205220.21820716606 517666.9675494315),매탄동
SL_0196,37.258061,127.059075,정상,2004,POINT (205240.54072517183 517654.2172176096),매탄동
SL_0197,37.257969,127.059263,정상,2004,POINT (205257.2245923992 517644.0172543317),매탄동
SL_0198,37.257876,127.059458,정상,2004,POINT (205274.52954119243 517633.7067319277),매탄동
SL_0199,37.257752,127.059717,정상,2004,POINT (205297.51416208755 517619.9593684118),매탄동
SL_0200,37.253073,127.060119,정상,2006,POINT (205333.50556447284 517100.69505399273),매탄동
SL_0201,37.25588,127.060364,정상,2006,POINT (205355.0422550751 517412.2365809386),매탄동
SL_0202,37.256126,127.060214,정상,2006,POINT (205341.7180068706 517439.5297903237),매탄동
SL_0203,37.256243,127.059964,정상,2006,POINT (205319.5317211507 517452.5006581979),매탄동
SL_0204,37.256302,127.059789,정상,2006,POINT (205304.0029674953 517459.0388021716),매탄동
SL_0205,37.256275,127.059586,정상,2006,POINT (205285.99631222224 517456.03091840644),매탄동
SL_0206,37.256532,127.059468,정상,2006,POINT (205275.51036743363 517484.5468292885),매탄동
SL_0207,37.256978,127.05957,정상,2006,POINT (205284.52781182007 517534.05070435785),매탄동
SL_0208,37.257333,127.059677,정상,2006,POINT (205293.99507101646 517573.45546618616),매탄동
SL_0209,37.257635,127.059796,정상,2006,POINT (205304.53048217055 517606.97884149646),매탄동
SL_0210,37.257815,127.06001,정상,2006,POINT (205323.50185488546 517626.96770655893),매탄동
SL_0211,37.253267,127.060201,정상,2006,POINT (205340.76656717082 517122.23026526265),매탄동
SL_0212,37.25777,127.060151,정상,2006,POINT (205336.01317497023 517621.98143472115),원천동
SL_0213,37.258049,127.060174,정상,2006,POINT (205338.03382455523 517652.94684890506),매탄동
SL_0214,37.2585,127.060354,정상,2006,POINT (205353.96970096978 517703.0101267864),매탄동
SL_0215,37.25891,127.060501,정상,2006,POINT (205366.98090115335 517748.52128375054),매탄동
SL_0216,37.259203,127.060625,정상,2006,POINT (205377.95998262614 517781.0462015715),매탄동
SL_0217,37.259567,127.060767,정상,2006,POINT (205390.53066821344 517821.4519201891),매탄동
SL_0218,37.260169,127.060705,정상,2006,POINT (205384.98790317867 517888.2598770505),매탄동
SL_0219,37.260095,127.060733,정상,2006,POINT (205387.4769835729 517880.0487626614),매탄동
SL_0220,37.253443,127.060246,정상,2006,POINT (205344.74633572128 517141.7657101145),매탄동
SL_0221,37.25383,127.060249,정상,2006,POINT (205344.98514207714 517184.7160754936),매탄동
SL_0222,37.254225,127.060247,정상,2006,POINT (205344.77980794464 517228.55402077106),매탄동
SL_0223,37.254457,127.060252,정상,2006,POINT (205345.2069894424 517254.30222730024),매탄동
SL_0224,37.254871,127.060177,정상,2006,POINT (205338.52421205508 517300.2447235884),매탄동
SL_0225,37.255236,127.0602,정상,2006,POINT (205340.53886185342 517340.7546136073),매탄동
SL_0226,37.255522,127.060279,정상,2006,POINT (205347.52699541935 517372.5000552734),매탄동
SL_0227,37.255473,127.054958,정상,2014,POINT (204875.48858629452 517366.7745454012),매탄동
SL_0228,37.257391,127.05647,정상,2014,POINT (205009.495633667 517579.7178800412),매탄동
SL_0229,37.257601,127.056631,정상,2014,POINT (205023.76411857482 517603.0327368224),매탄동
SL_0230,37.257772,127.056755,정상,2014,POINT (205034.7528402286 517622.0173324805),매탄동
SL_0231,37.257956,127.05689,정상,2014,POINT (205046.71645597246 517642.4453021163),매탄동
SL_0232,37.258191,127.056905,정상,2014,POINT (205048.0314254484 517668.52698962134),매탄동
SL_0233,37.258123,127.057062,정상,2014,POINT (205061.96341624798 517660.98856533034),매탄동
SL_0234,37.258317,127.057158,정상,2014,POINT (205070.46656243474 517682.52430992876),매탄동
SL_0235,37.258515,127.057316,정상,2014,POINT (205084.4693811434 517704.50732306205),매탄동
SL_0236,37.258695,127.057446,정상,2014,POINT (205095.98948141473 517724.49116706545),매탄동
SL_0237,37.25883,127.057565,정상,2014,POINT (205106.53676543265 517739.48022076715),매탄동
SL_0238,37.255684,127.05513,정상,2014,POINT (204890.73358179108 517390.2007169371),매탄동
SL_0239,37.259046,127.057745,정상,2014,POINT (205122.4897698195 517763.4621720749),매탄동
SL_0240,37.259235,127.057897,정상,2014,POINT (205135.96067656786 517784.4461066356),매탄동
SL_0241,37.259434,127.058055,정상,2014,POINT (205149.96308527453 517806.5402153101),매탄동
SL_0242,37.259641,127.058213,정상,2014,POINT (205163.96487404144 517829.52220840025),매탄동
SL_0243,37.259861,127.058418,정상,2014,POINT (205182.13496531764 517853.94957128796),매탄동
SL_0244,37.260071,127.058578,정상,2014,POINT (205196.313795866 517877.26467730664),매탄동
SL_0245,37.260155,127.058456,정상,2014,POINT (205185.48570916837 517886.5805187404),매탄동
SL_0246,37.260338,127.058594,정상,2014,POINT (205197.71477061632 517906.8978944179),매탄동
SL_0247,37.260525,127.058754,정상,2014,POINT (205211.8950529495 517927.660430184),매탄동
SL_0248,37.260685,127.058899,정상,2014,POINT (205224.74652720202 517945.42563352507),매탄동
SL_0249,37.25591,127.055314,정상,2014,POINT (204907.04206923296 517415.29227604537),매탄동
SL_0250,37.256137,127.055491,정상,2014,POINT (204922.7294084681 517440.4944862398),매탄동
SL_0251,37.256362,127.055669,정상,2014,POINT (204938.50549591932 517465.4748140548),매탄동
SL_0252,37.256581,127.055835,정상,2014,POINT (204953.21734191023 517489.78864963434),매탄동
SL_0253,37.256788,127.055996,정상,2014,POINT (204967.4863333243 517512.77045982884),매탄동
SL_0254,37.256975,127.056148,정상,2014,POINT (204980.95816242797 517533.5321718746),매탄동
SL_0255,37.257191,127.056312,정상,2014,POINT (204995.49254205264 517557.51303159544),매탄동
SL_0256,37.260123,127.058259,정상,2014,POINT (205168.01251605657 517883.0183012042),매탄동
SL_0257,37.258466,127.056967,정상,2014,POINT (205053.51306261885 517699.0504873175),매탄동
SL_0258,37.258209,127.056775,정상,2014,POINT (205036.49795142107 517670.51774847315),매탄동
SL_0259,37.258033,127.056634,정상,2014,POINT (205024.00155964572 517650.9773339729),매탄동
SL_0260,37.257885,127.056527,정상,2014,POINT (205014.51940050663 517634.5462495517),매탄동
SL_0261,37.257655,127.056352,정상,2014,POINT (204999.01031950585 517609.01101790724),매탄동
SL_0262,37.257403,127.056149,정상,2014,POINT (204981.01869270843 517581.0327272669),매탄동
SL_0263,37.257191,127.05598,정상,2014,POINT (204966.04049512369 517557.4955593047),매탄동
SL_0264,37.25702,127.05585,정상,2014,POINT (204954.519266357 517538.5107415795),매탄동
SL_0265,37.256849,127.055714,정상,2014,POINT (204942.4657171034 517519.5256269153),매탄동
SL_0266,37.256678,127.055568,정상,2014,POINT (204929.52499740917 517500.5400092618),매탄동
SL_0267,37.259965,127.05814,정상,2014,POINT (205157.46709078693 517865.4765683395),매탄동
SL_0268,37.256511,127.055455,정상,2014,POINT (204919.5114479712 517482.0000568507),매탄동
SL_0269,37.256335,127.055303,고장,2014,POINT (204906.03867075927 517462.45925240195),매탄동
SL_0270,37.256128,127.055145,정상,2014,POINT (204892.03556220318 517439.4777037194),매탄동
SL_0271,37.255876,127.054953,정상,2014,POINT (204875.01905254187 517411.5002168227),매탄동
SL_0272,37.255705,127.054823,정상,2014,POINT (204863.49741709474 517392.51552863873),매탄동
SL_0273,37.257259,127.056171,정상,2014,POINT (204982.97981409414 517565.0524074102),매탄동
SL_0274,37.257441,127.056324,정상,2014,POINT (204996.5405616779 517585.25928645005),매탄동
SL_0275,37.257619,127.056462,정상,2014,POINT (205008.77085158217 517605.0214641568),매탄동
SL_0276,37.259839,127.05805,정상,2014,POINT (205149.49197254554 517851.4878679074),매탄동
SL_0277,37.259736,127.057949,정상,2014,POINT (205140.5394763392 517840.05117604655),매탄동
SL_0278,37.259605,127.057864,정상,2014,POINT (205133.00818570136 517825.5078508291),매탄동
SL_0279,37.259407,127.0577,정상,2014,POINT (205118.47344618101 517803.5244278103),매탄동
SL_0280,37.259191,127.057537,정상,2014,POINT (205104.0285536013 517779.54339931364),매탄동
SL_0281,37.259001,127.057384,정상,2014,POINT (205090.4689176614 517758.4484799326),매탄동
SL_0282,37.258767,127.057198,정상,2014,POINT (205073.9847650166 517732.4685828169),매탄동
SL_0283,37.251165,127.051557,정상,2014,POINT (204574.0361115824 516888.4925564577),매탄동
SL_0284,37.252728,127.052775,정상,2014,POINT (204681.9979779876 517062.0175737692),매탄동
SL_0285,37.252831,127.05286,정상,2014,POINT (204689.53247244892 517073.4529687789),매탄동
SL_0286,37.252949,127.052944,정상,2014,POINT (204696.97729920756 517086.55305717),매탄동
SL_0287,37.253043,127.053023,정상,2014,POINT (204703.98001572932 517096.9893262491),매탄동
SL_0288,37.253214,127.053159,정상,2014,POINT (204716.0347123361 517115.97408516536),매탄동
SL_0289,37.253484,127.053356,정상,2014,POINT (204733.49480290004 517145.9491695842),매탄동
SL_0290,37.253719,127.053548,고장,2014,POINT (204750.51339115982 517172.039656241),매탄동
SL_0291,37.253989,127.053762,정상,2014,POINT (204769.48139230366 517202.0156716646),매탄동
SL_0292,37.25421,127.053948,정상,2014,POINT (204785.96835368697 517226.55217633425),매탄동
SL_0293,37.254412,127.054112,정상,2014,POINT (204800.50471132802 517248.9789321624),매탄동
SL_0294,37.251368,127.051715,정상,2014,POINT (204588.0412542977 516911.0296242449),매탄동
SL_0295,37.254624,127.054264,정상,2014,POINT (204813.9757868664 517272.51492792653),매탄동
SL_0296,37.254804,127.054405,정상,2014,POINT (204826.4729770087 517292.4989472218),매탄동
SL_0297,37.254971,127.054558,고장,2014,POINT (204840.03550212207 517311.04082764144),매탄동
SL_0298,37.255146,127.054693,정상,2014,POINT (204852.00061317065 517330.4696671921),매탄동
SL_0299,37.255367,127.054874,정상,2014,POINT (204868.043515027 517355.00608200266),매탄동
SL_0300,37.254381,127.05392,정상,2014,POINT (204783.47353674183 517245.5287559859),매탄동
SL_0301,37.254561,127.054061,정상,2014,POINT (204795.97083971192 517265.51272894704),매탄동
SL_0302,37.254723,127.054174,정상,2014,POINT (204805.98523855663 517283.49761518603),매탄동
SL_0303,37.251516,127.05181,정상,2014,POINT (204596.46045576004 516927.45962445287),매탄동
SL_0304,37.251674,127.051946,정상,2014,POINT (204608.51643117203 516945.00145273324),매탄동
SL_0305,37.251917,127.052138,정상,2014,POINT (204625.53532687222 516971.97953638656),매탄동
SL_0306,37.252111,127.05229,정상,2014,POINT (204639.0084420305 516993.5175576427),매탄동
SL_0307,37.252259,127.052397,정상,2014,POINT (204648.4920620111 517009.9482004541),매탄동
SL_0308,37.252395,127.052516,정상,2014,POINT (204659.0409828618 517025.04765632807),매탄동
SL_0309,37.252588,127.052668,정상,2014,POINT (204672.51398848882 517046.47475085495),매탄동
SL_0310,37.255543,127.054693,정상,2014,POINT (204851.97515227474 517374.5296989301),매탄동
SL_0311,37.254385,127.053751,정상,2014,POINT (204768.48057150553 517245.9641579113),매탄동
SL_0312,37.254246,127.053644,정상,2014,POINT (204758.9968875099 517230.53221502755),매탄동
SL_0313,37.25412,127.053548,정상,2014,POINT (204750.4882129562 517216.54360680765),매탄동
SL_0314,37.253939,127.053418,정상,2014,POINT (204738.96665409827 517196.4492714887),매탄동
SL_0315,37.253782,127.053289,정상,2014,POINT (204727.53225540143 517179.0185806154),매탄동
SL_0316,37.253624,127.053153,정상,2014,POINT (204715.4768653445 517161.47657464194),매탄동
SL_0317,37.25339,127.052973,정상,2014,POINT (204699.52267004078 517135.4977377025),매탄동
SL_0318,37.253129,127.052787,정상,2014,POINT (204683.03775277405 517106.52211037505),매탄동
SL_0319,37.252985,127.052662,정상,2014,POINT (204671.95717623772 517090.53446694335),매탄동
SL_0320,37.252773,127.052493,정상,2014,POINT (204656.9772351577 517066.9978696748),매탄동
SL_0321,37.255394,127.054293,정상,2014,POINT (204816.49947164475 517357.97288304335),매탄동
SL_0322,37.252566,127.052341,정상,2014,POINT (204643.5050821598 517044.0170458901),매탄동
SL_0323,37.252368,127.052189,정상,2014,POINT (204630.03230458734 517022.03508610616),매탄동
SL_0324,37.252138,127.052002,정상,2014,POINT (204613.45631706636 516996.50000587874),매탄동
SL_0325,37.251944,127.051845,정상,2014,POINT (204599.5395555559 516974.96178259933),매탄동
SL_0326,37.251737,127.051698,정상,2014,POINT (204586.51068421942 516951.9812967443),매탄동
SL_0327,37.251471,127.051478,정상,2014,POINT (204567.00891626877 516922.44934722496),매탄동
SL_0328,37.252539,127.052476,정상,2014,POINT (204655.48345833513 517041.0271527024),매탄동
SL_0329,37.252719,127.052628,정상,2014,POINT (204668.95724951275 517061.01147089317),매탄동
SL_0330,37.252881,127.052758,정상,2014,POINT (204680.48033763072 517078.99704004364),매탄동
SL_0331,37.253061,127.052916,정상,2014,POINT (204694.48630322336 517098.98169718665),매탄동
SL_0332,37.255318,127.054468,정상,2014,POINT (204832.02911668498 517349.5471370463),매탄동
SL_0333,37.2552,127.054383,정상,2014,POINT (204824.49602116868 517336.44687225303),매탄동
SL_0334,37.255083,127.054304,정상,2014,POINT (204817.49511917555 517323.45790232986),매탄동
SL_0335,37.254948,127.054197,정상,2014,POINT (204808.01135880346 517308.4698318486),매탄동
SL_0336,37.254827,127.054095,정상,2014,POINT (204798.97024535458 517295.0357800865),매탄동
SL_0337,37.254714,127.054005,정상,2014,POINT (204790.99316311555 517282.49020521453),매탄동
SL_0338,37.254538,127.053864,정상,2014,POINT (204778.49562102547 517262.9501688564),매탄동
SL_0339,37.247197,127.048607,정상,2014,POINT (204312.54400000384 516447.9761999367),신동
SL_0340,37.249107,127.049949,정상,2014,POINT (204431.4980128766 516660.01439328265),매탄동
SL_0341,37.249292,127.050096,정상,2014,POINT (204444.52905480575 516680.5530162819),매탄동
SL_0342,37.249593,127.050338,정상,2014,POINT (204465.98158938077 516713.9700890863),매탄동
SL_0343,37.249868,127.050541,정상,2014,POINT (204483.97543172177 516744.49982947443),매탄동
SL_0344,37.250237,127.050823,정상,2014,POINT (204508.972362286 516785.4657109817),매탄동
SL_0345,37.250629,127.051128,정상,2014,POINT (204536.00820011055 516828.9853658242),매탄동
SL_0346,37.250931,127.051365,정상,2014,POINT (204557.0163388191 516862.51342219475),매탄동
SL_0347,37.251093,127.051506,정상,2014,POINT (204569.51583919025 516880.4993627758),매탄동
SL_0348,37.248967,127.049645,정상,2014,POINT (204404.53514145289 516644.46267906605),매탄동
SL_0349,37.249184,127.049831,정상,2014,POINT (204421.02449983623 516668.55451495823),매탄동
SL_0350,37.2474,127.04855,정상,2014,POINT (204307.47525147873 516470.5030103543),신동
SL_0351,37.249368,127.049977,정상,2014,POINT (204433.96689250402 516688.9820927867),매탄동
SL_0352,37.24958,127.050169,정상,2014,POINT (204450.9886923848 516712.5193586862),매탄동
SL_0353,37.249828,127.050367,정상,2014,POINT (204468.54058881258 516740.05230754195),매탄동
SL_0354,37.250156,127.050603,정상,2014,POINT (204489.45895798155 516776.4656837499),매탄동
SL_0355,37.250526,127.05088,정상,2014,POINT (204514.01211270737 516817.54232759256),매탄동
SL_0356,37.250895,127.051196,정상,2014,POINT (204542.025103166 516858.5099343417),매탄동
SL_0357,37.247643,127.048742,정상,2014,POINT (204324.4960780186 516497.4804626129),신동
SL_0358,37.247823,127.048906,정상,2014,POINT (204339.03619436978 516517.46478160174),신동
SL_0359,37.24803,127.049086,정상,2014,POINT (204354.99423573684 516540.44638470863),신동
SL_0360,37.248269,127.049278,정상,2014,POINT (204372.0149986904 516566.98000715784),매탄동
SL_0361,37.248467,127.04943,정상,2014,POINT (204385.48918350716 516588.96153642173),매탄동
SL_0362,37.248711,127.049628,정상,2014,POINT (204403.04178624484 516616.0504134846),매탄동
SL_0363,37.248936,127.049819,정상,2014,POINT (204419.9743409359 516641.03033740114),매탄동
SL_0364,37.264798,127.061301,정상,1995,POINT (205437.5247740768 518402.0323448102),원천동
SL_0365,37.266692,127.05796,정상,1995,POINT (205141.04241978892 518612.0467200166),원천동
SL_0366,37.266802,127.057447,정상,1995,POINT (205095.53198861916 518624.2270636507),원천동
SL_0367,37.266922,127.056928,정상,1995,POINT (205049.488824691 518637.5171606073),원천동
SL_0368,37.267032,127.056458,고장,1995,POINT (205007.79274131145 518649.70027578337),원천동
SL_0369,37.26712,127.056074,정상,1995,POINT (204973.72636726178 518659.44649659574),매탄동
SL_0370,37.266979,127.055837,정상,1995,POINT (204952.7138581056 518643.78550880833),매탄동
SL_0371,37.266891,127.056254,정상,1995,POINT (204989.70735823415 518634.04094259697),매탄동
SL_0372,37.266771,127.056787,정상,1995,POINT (205036.99224251366 518620.75126300147),매탄동
SL_0373,37.266611,127.057373,정상,1995,POINT (205088.98106286986 518603.02539263014),매탄동
SL_0374,37.266496,127.057886,정상,1995,POINT (205134.49193884313 518590.29010046175),매탄동
SL_0375,37.264949,127.061067,정상,1995,POINT (205416.75767559753 518418.7773011435),원천동
SL_0376,37.266381,127.058362,정상,1995,POINT (205176.7210456094 518577.5530302912),매탄동
SL_0377,37.266216,127.058709,정상,1995,POINT (205207.511379619 518559.2599327153),매탄동
SL_0378,37.266008,127.059067,정상,1995,POINT (205239.28053350476 518536.19530349335),매탄동
SL_0379,37.265747,127.059455,정상,1995,POINT (205273.71458464337 518507.25038649305),매탄동
SL_0380,37.265544,127.059777,정상,1995,POINT (205302.29052379983 518484.73890461173),매탄동
SL_0381,37.265332,127.060095,정상,1995,POINT (205330.51244491065 518461.22845154576),매탄동
SL_0382,37.2651,127.06045,정상,1995,POINT (205362.01790457705 518435.50053735723),매탄동
SL_0383,37.264902,127.060774,정상,1995,POINT (205390.7713724123 518413.54438514623),매탄동
SL_0384,37.264746,127.060996,정상,1995,POINT (205410.47436410742 518396.24376535683),매탄동
SL_0385,37.264313,127.061221,정상,1995,POINT (205430.46343341304 518348.2011779781),매탄동
SL_0386,37.265102,127.060833,정상,1995,POINT (205395.99051729072 518435.7442744634),원천동
SL_0387,37.265391,127.060388,정상,1995,POINT (205356.49778770283 518467.79297315225),원천동
SL_0388,37.265681,127.059951,정상,1995,POINT (205317.71489766712 518499.95329110237),원천동
SL_0389,37.265855,127.059681,정상,1995,POINT (205293.753439878 518519.2491320896),원천동
SL_0390,37.266137,127.059253,정상,1995,POINT (205255.76988840938 518550.5223806063),원천동
SL_0391,37.266374,127.058864,정상,1995,POINT (205221.24903327375 518576.8037339236),원천동
SL_0392,37.266563,127.058436,정상,1995,POINT (205183.2723867228 518597.75592523837),원천동
SL_0393,37.263244,127.050223,정상,2010,POINT (204454.97485137827 518228.9863094664),매탄동
SL_0394,37.265561,127.05153,고장,2010,POINT (204570.7707955004 518486.19536361634),매탄동
SL_0395,37.265696,127.05197,정상,2010,POINT (204609.79108005975 518501.1993647253),매탄동
SL_0396,37.265764,127.052195,정상,2010,POINT (204629.74464414435 518508.75716943253),매탄동
SL_0397,37.265899,127.05266,정상,2010,POINT (204670.98223799065 518523.7626792346),매탄동
SL_0398,37.266016,127.053015,정상,2010,POINT (204702.46373650225 518536.76523214707),매탄동
SL_0399,37.266153,127.053481,정상,2010,POINT (204743.78963818823 518551.9931155654),매탄동
SL_0400,37.266272,127.053861,정상,2010,POINT (204777.4883004014 518565.21916960424),매탄동
SL_0401,37.266392,127.054211,정상,2010,POINT (204808.5257871561 518578.55481700314),매탄동
SL_0402,37.26654,127.054557,정상,2010,POINT (204839.20658347837 518594.9978893842),매탄동
SL_0403,37.26672,127.054924,정상,2010,POINT (204871.74789498685 518614.9936006287),매탄동
SL_0404,37.263503,127.050314,정상,2010,POINT (204463.03162138892 518257.735089962),매탄동
SL_0405,37.266891,127.055254,정상,2010,POINT (204901.00774969568 518633.9886777218),매탄동
SL_0406,37.265746,127.052514,정상,2010,POINT (204658.0413491893 518506.77513762075),매탄동
SL_0407,37.265433,127.052773,정상,2010,POINT (204681.03426891533 518472.05035278865),매탄동
SL_0408,37.263805,127.050401,정상,2010,POINT (204470.7309811057 518291.25594249286),매탄동
SL_0409,37.264123,127.050506,정상,2010,POINT (204480.02598299604 518326.5533776643),매탄동
SL_0410,37.264413,127.050588,정상,2010,POINT (204487.28241068593 518358.74222091114),매탄동
SL_0411,37.264742,127.050689,정상,2010,POINT (204496.22180517903 518395.2602969537),매탄동
SL_0412,37.264974,127.050771,정상,2010,POINT (204503.48156461213 518421.01216530584),매탄동
SL_0413,37.26524,127.050955,정상,2010,POINT (204519.7868088471 518450.5423176565),매탄동
SL_0414,37.265451,127.051248,정상,2010,POINT (204545.76367831568 518473.97368892876),매탄동
SL_0415,37.27747,127.048166,정상,1995,POINT (204271.70720478575 519807.7317229729),원천동
SL_0416,37.277587,127.047921,정상,1995,POINT (204249.97226393715 519820.7056825826),원천동
SL_0417,37.277698,127.047699,정상,1995,POINT (204230.27752530068 519833.014829793),원천동
SL_0418,37.277917,127.047242,정상,1995,POINT (204189.73546109165 519857.2997390007),원천동
SL_0419,37.278174,127.046732,정상,1995,POINT (204144.49116836343 519885.79987061745),원천동
SL_0420,37.278381,127.046323,정상,1995,POINT (204108.20719340217 519908.7554848922),원천동
SL_0421,37.278595,127.045887,정상,1995,POINT (204069.52852139776 519932.48697500647),원천동
SL_0422,37.278699,127.045664,정상,1995,POINT (204049.74599947516 519944.0196244778),원천동
SL_0423,37.278825,127.045419,정상,1995,POINT (204028.0112757669 519957.99300718866),원천동
SL_0424,37.27908,127.044903,정상,1995,POINT (203982.23606957498 519986.271796063),원천동
SL_0425,37.279208,127.044635,정상,1995,POINT (203958.4617045156 520000.4663574566),원천동
SL_0426,37.279326,127.044396,정상,1995,POINT (203937.25980599006 520013.5523641971),원천동
SL_0427,37.279524,127.043993,고장,1995,POINT (203901.50952434918 520035.5102796758),원천동
SL_0428,37.279576,127.04388,정상,1995,POINT (203891.4854665904 520041.2767356635),원천동
SL_0429,37.279452,127.043866,정상,1995,POINT (203890.25026226623 520027.5142805785),원천동
SL_0430,37.279076,127.043843,정상,1995,POINT (203888.22985130246 519985.78376742604),원천동
SL_0431,37.27717,127.044096,정상,2016,POINT (203910.76584050254 519774.26084471453),원천동
SL_0432,37.277168,127.044313,정상,2016,POINT (203930.01114206685 519774.0478719832),원천동
SL_0433,37.27717,127.044519,정상,2016,POINT (203948.28067267875 519774.2784156457),원천동
SL_0434,37.277553,127.048502,정상,2012,POINT (204301.50137968204 519816.95852592395),원천동
SL_0435,37.2758,127.050824,정상,2012,POINT (204507.53734764247 519622.513707701),원천동
SL_0436,37.27548,127.050761,정상,2012,POINT (204501.96898696513 519586.99620307214),원천동
SL_0437,37.275633,127.050632,정상,2012,POINT (204490.518949365 519603.9704442901),원천동
SL_0438,37.275926,127.050373,정상,2012,POINT (204467.53109226527 519636.47615074535),원천동
SL_0439,37.276237,127.050085,정상,2012,POINT (204441.97038421975 519670.97825063125),원천동
SL_0440,37.276454,127.049905,정상,2012,POINT (204425.99372372634 519695.05309022585),원천동
SL_0441,37.276724,127.049595,정상,2012,POINT (204398.48461368738 519725.00399954413),원천동
SL_0442,37.276911,127.049311,정상,2012,POINT (204373.28638324674 519745.74462525774),원천동
SL_0443,37.277017,127.049102,정상,2012,POINT (204354.744515936 519757.4991659919),원천동
SL_0444,37.277391,127.048829,정상,2012,POINT (204330.5113413351 519798.99422176246),원천동
SL_0445,37.27726,127.049094,정상,2012,POINT (204354.02101808632 519784.46763141564),원천동
SL_0446,37.277107,127.049409,정상,2012,POINT (204381.9664313738 519767.50179930805),원천동
SL_0447,37.27694,127.049697,정상,2012,POINT (204407.51820335977 519748.9810423931),원천동
SL_0448,37.2768,127.049888,정상,2012,POINT (204424.4657705573 519733.4523594773),원천동
SL_0449,37.276575,127.050119,정상,2012,POINT (204444.96592424175 519708.49204799236),원천동
SL_0450,37.2763,127.050384,정상,2012,POINT (204468.48456464725 519677.98425089906),원천동
SL_0451,37.276084,127.050564,정상,2012,POINT (204484.46132027003 519654.0204755392),원천동
SL_0452,37.273238,127.046864,정상,2012,POINT (204156.4691443753 519337.9944294744),매탄동
SL_0453,37.274728,127.050344,정상,2012,POINT (204465.02986592698 519503.51736193907),원천동
SL_0454,37.274894,127.050609,정상,2012,POINT (204488.5229699171 519521.9530487822),원천동
SL_0455,37.275052,127.050868,정상,2012,POINT (204511.4843079396 519539.50065334165),원천동
SL_0456,37.275034,127.051274,정상,2012,POINT (204547.49354432058 519537.52240141475),원천동
SL_0457,37.274867,127.051528,정상,2012,POINT (204570.0309132939 519519.00051115744),원천동
SL_0458,37.274763,127.051776,정상,2012,POINT (204592.03241248053 519507.4703076798),원천동
SL_0459,37.274691,127.052035,정상,2012,POINT (204615.00761423568 519499.492148497),원천동
SL_0460,37.274623,127.052379,정상,2012,POINT (204645.52131004762 519491.96215403586),원천동
SL_0461,37.274601,127.052723,정상,2012,POINT (204676.03221565209 519489.5374797523),원천동
SL_0462,37.27456,127.053095,정상,2012,POINT (204709.02765901072 519485.00563641504),원천동
SL_0463,37.273369,127.047174,정상,2012,POINT (204183.9564645831 519352.546838433),매탄동
SL_0464,37.274443,127.053647,정상,2012,POINT (204757.99224000284 519472.04826714954),원천동
SL_0465,37.273499,127.047451,정상,2012,POINT (204208.51691403796 519366.9868865628),매탄동
SL_0466,37.273269,127.048573,정상,2012,POINT (204308.04228020358 519341.5113478013),매탄동
SL_0467,37.273656,127.048697,정상,2012,POINT (204319.01799578447 519384.46733940346),원천동
SL_0468,37.273809,127.048917,정상,2012,POINT (204338.52138343971 519401.45777258556),원천동
SL_0469,37.274016,127.04925,정상,2012,POINT (204368.04369043896 519424.44653391326),원천동
SL_0470,37.274282,127.049639,정상,2012,POINT (204402.52909630194 519453.9859898367),원천동
SL_0471,37.274548,127.050067,정상,2012,POINT (204440.4731937038 519483.5274188863),원천동
SL_0472,37.273616,127.048894,정상,2000,POINT (204336.49254917225 519380.0370395895),원천동
SL_0473,37.273593,127.049266,정상,2000,POINT (204369.48719734355 519377.50155175256),원천동
SL_0474,37.273584,127.049661,정상,2000,POINT (204404.52096078408 519376.5210232253),원천동
SL_0475,37.27357,127.050016,정상,2000,POINT (204436.00735535382 519374.9838507144),원천동
SL_0476,37.27357,127.050557,정상,2000,POINT (204483.98960395422 519375.00935485493),원천동
SL_0477,37.273592,127.051138,정상,2000,POINT (204535.51820377322 519377.47867161455),원천동
SL_0478,37.27356,127.051566,정상,2000,POINT (204573.4802070133 519373.9478269304),원천동
SL_0479,37.273533,127.051983,정상,2000,POINT (204610.46632751162 519370.9715318034),원천동
SL_0480,37.270648,127.060516,정상,2000,POINT (205367.4784100912 519051.2362222959),원천동
SL_0481,37.271699,127.057741,고장,2000,POINT (205121.2780350221 519167.7252701973),원천동
SL_0482,37.271814,127.057428,정상,2000,POINT (205093.50907546794 519180.4713905224),원천동
SL_0483,37.271954,127.057059,정상,2000,POINT (205060.77167987413 519195.98917496065),원천동
SL_0484,37.272051,127.056785,정상,2000,POINT (205036.4631528816 519206.73988155345),원천동
SL_0485,37.272164,127.056484,정상,2000,POINT (205009.75890517092 519219.2649528645),원천동
SL_0486,37.272247,127.056242,정상,2000,POINT (204988.2896207074 519228.463735476),원천동
SL_0487,37.272365,127.05596,정상,2000,POINT (204963.27035666464 519241.54487079225),원천동
SL_0488,37.272446,127.055732,정상,2000,POINT (204943.04301432468 519250.5225383757),원천동
SL_0489,37.272532,127.0555,정상,2000,POINT (204922.46061780627 519260.0549605257),원천동
SL_0490,37.272635,127.055244,정상,2000,POINT (204899.7485370464 519271.47289716906),원천동
SL_0491,37.270756,127.060232,정상,2000,POINT (205342.28134169188 519063.2062843426),원천동
SL_0492,37.272737,127.054985,정상,2000,POINT (204876.77050441154 519282.77975800075),원천동
SL_0493,37.272852,127.054666,정상,2000,POINT (204848.47014224343 519295.5263814206),원천동
SL_0494,37.272974,127.054348,정상,2000,POINT (204820.25811236585 519309.05003085424),원천동
SL_0495,37.270869,127.059933,정상,2000,POINT (205315.7535695003 519075.7304930253),원천동
SL_0496,37.270975,127.059654,정상,2000,POINT (205291.00026265465 519087.47902478586),원천동
SL_0497,37.271083,127.059381,정상,2000,POINT (205266.7790540693 519099.44992917485),원천동
SL_0498,37.271183,127.059105,정상,2000,POINT (205242.2923856265 519110.5328754086),원천동
SL_0499,37.271293,127.058817,정상,2000,POINT (205216.74075851028 519122.7250589767),원천동
SL_0500,37.271399,127.058521,정상,2000,POINT (205190.4799257832 519134.47295057116),원천동
SL_0501,37.271568,127.058079,정상,2000,POINT (205151.26552173146 519153.20487873495),원천동
SL_0502,37.273129,127.059289,정상,2013,POINT (205258.476844107 519326.515549028),원천동
SL_0503,37.273557,127.05969,정상,2013,POINT (205294.0124842064 519374.03854626813),원천동
SL_0504,37.274106,127.059938,정상,2013,POINT (205315.96944620617 519434.98200872843),원천동
SL_0505,37.274786,127.060288,정상,2013,POINT (205346.96325455786 519510.4700434875),원천동
SL_0506,37.275277,127.060548,정상,2013,POINT (205369.9878691243 519564.97733520035),원천동
SL_0507,37.275349,127.060373,정상,2013,POINT (205354.46205927254 519572.95817940816),원천동
SL_0508,37.274831,127.060108,정상,2013,POINT (205330.99581851283 519515.45411189867),원천동
SL_0509,37.273991,127.059611,정상,2013,POINT (205286.9754831533 519422.2006622038),원천동
SL_0510,37.274091,127.059287,정상,2013,POINT (205258.2325528642 519433.28088501695),원천동
SL_0511,37.274185,127.058977,정상,2013,POINT (205230.73178840146 519443.6960835443),원천동
SL_0512,37.27428,127.058726,정상,2013,POINT (205208.463789105 519454.2256017065),원천동
SL_0513,37.272832,127.059114,정상,2013,POINT (205242.97628850726 519293.5439504598),원천동
SL_0514,37.274438,127.058634,정상,2013,POINT (205200.29335443123 519471.7558241389),원천동
SL_0515,37.272449,127.058922,정상,2013,POINT (205225.97377430057 519251.026924743),원천동
SL_0516,37.27212,127.058725,정상,2013,POINT (205208.52389970908 519214.5027304243),원천동
SL_0517,37.271679,127.058465,정상,2013,POINT (205185.49384080703 519165.5450509208),원천동
SL_0518,37.271624,127.05864,정상,2013,POINT (205201.01907297125 519159.45060522406),원천동
SL_0519,37.272138,127.058916,정상,2013,POINT (205225.46310965793 519216.5109523734),원천동
SL_0520,37.272597,127.059182,정상,2013,POINT (205249.02370296596 519267.46676858),원천동
SL_0521,37.27307,127.059441,정상,2013,POINT (205271.96218665584 519319.97602408193),원천동
SL_0522,37.273289,127.059599,정상,2012,POINT (205285.9602685201 519344.29007025005),원천동
SL_0523,37.272285,127.062781,정상,2012,POINT (205568.25249124636 519233.0458924175),원천동
SL_0524,37.272165,127.063147,정상,2012,POINT (205600.7231224263 519219.7495638855),원천동
SL_0525,37.272063,127.063457,정상,2012,POINT (205628.22567707353 519208.4477181038),원천동
SL_0526,37.271957,127.063787,정상,2012,POINT (205657.5024785361 519196.7032272869),원천동
SL_0527,37.271867,127.063516,정상,2012,POINT (205633.47319976162 519186.6986076843),원천동
SL_0528,37.271983,127.063158,정상,2012,POINT (205601.71223411773 519199.5513516032),원천동
SL_0529,37.272111,127.062755,정상,2012,POINT (205565.95927493682 519213.7333607496),원천동
SL_0530,37.272235,127.06235,정상,2012,POINT (205530.02934271123 519227.4714744167),원천동
SL_0531,37.272357,127.061978,정상,2012,POINT (205497.02654927532 519240.98969340994),원천동
SL_0532,37.272465,127.061631,정상,2012,POINT (205466.24220092563 519252.95572767535),원천동
SL_0533,37.273185,127.059938,정상,2012,POINT (205316.03420474168 519332.7668551624),원천동
SL_0534,37.272558,127.061332,정상,2012,POINT (205439.71628114025 519263.25989215495),원천동
SL_0535,37.272671,127.06098,정상,2012,POINT (205408.48827466238 519275.7807649326),원천동
SL_0536,37.272772,127.060659,정상,2012,POINT (205380.0106890724 519286.9717231247),원천동
SL_0537,37.272892,127.060245,정상,2012,POINT (205343.2834256013 519300.26619437314),원천동
SL_0538,37.273014,127.059861,정상,2012,POINT (205309.21691120625 519313.7844752075),원천동
SL_0539,37.273124,127.059529,정상,2012,POINT (205279.76334356132 519325.97400179185),원천동
SL_0540,37.273068,127.060312,정상,2012,POINT (205349.21337571277 519319.8029501457),원천동
SL_0541,37.272928,127.060749,정상,2012,POINT (205387.98191608905 519304.2901585282),원천동
SL_0542,37.272831,127.061034,정상,2012,POINT (205413.26623192508 519293.54109781736),원천동
SL_0543,37.272727,127.06138,정상,2012,POINT (205443.9613748465 519282.0187422792),원천동
SL_0544,37.272632,127.061679,정상,2012,POINT (205470.48738533244 519271.4926254328),원천동
SL_0545,37.272531,127.061998,정상,2012,POINT (205498.78775862133 519260.30185812747),원천동
SL_0546,37.272411,127.062378,정상,2012,POINT (205532.4998777922 519247.0060790789),원천동
SL_0547,37.269061,127.063751,정상,2013,POINT (205654.52607192227 518875.29506728903),원천동
SL_0548,37.26962,127.066167,정상,2013,POINT (205868.77480091824 518937.4815286841),
SL_0549,37.269449,127.066508,정상,2013,POINT (205899.0336177424 518918.5246894297),
SL_0550,37.26937,127.066863,정상,2013,POINT (205930.527111273 518909.77924706344),
SL_0551,37.269315,127.067221,정상,2013,POINT (205962.28486866545 518903.69769717025),
SL_0552,37.269254,127.067576,정상,2013,POINT (205993.77705739316 518896.9501811113),
SL_0553,37.269205,127.06792,정상,2013,POINT (206024.29267489802 518891.53387538437),
SL_0554,37.269342,127.064191,정상,2013,POINT (205693.5316234955 518906.5075960292),
SL_0555,37.269587,127.064225,정상,2013,POINT (205696.52885546704 518933.7004084835),
SL_0556,37.269797,127.064309,정상,2013,POINT (205703.96351611993 518957.01184093166),
SL_0557,37.269876,127.064591,정상,2013,POINT (205728.9698601303 518965.7965142218),
SL_0558,37.269812,127.06489,정상,2013,POINT (205755.4948687897 518958.7117663163),
SL_0559,37.269814,127.065223,정상,2013,POINT (205785.0305458529 518958.9540404234),
SL_0560,37.269821,127.065538,정상,2013,POINT (205812.96930575222 518959.75022607064),
SL_0561,37.269758,127.065871,정상,2013,POINT (205842.51000019934 518952.77882532595),
SL_0562,37.267009,127.058087,정상,1999,POINT (205152.28570225416 518647.23513283965),원천동
SL_0563,37.268271,127.062462,정상,1999,POINT (205540.2534332586 518787.54247727373),원천동
SL_0564,37.268556,127.063079,정상,1999,POINT (205594.95900800396 518819.2088523132),원천동
SL_0565,37.268824,127.063646,정상,1999,POINT (205645.23057316168 518848.98589557246),원천동
SL_0566,37.268725,127.063903,정상,1999,POINT (205668.033211419 518838.0139724121),원천동
SL_0567,37.268507,127.063446,정상,1999,POINT (205627.514695366 518813.7924647395),원천동
SL_0568,37.268264,127.062893,정상,1999,POINT (205578.48278457898 518786.79092220194),원천동
SL_0569,37.267987,127.062315,정상,1999,POINT (205527.2355865771 518756.0147954622),원천동
SL_0570,37.267742,127.061748,정상,1999,POINT (205476.9613805053 518728.7910660881),원천동
SL_0571,37.267523,127.061286,정상,1999,POINT (205435.9983641126 518704.45921623544),원천동
SL_0572,37.267249,127.060621,정상,1999,POINT (205377.03309848256 518674.0119650536),원천동
SL_0573,37.266977,127.058315,정상,1999,POINT (205172.511370437 518643.69612685574),원천동
SL_0574,37.267033,127.060153,정상,1999,POINT (205335.53711714546 518650.0132152469),원천동
SL_0575,37.266783,127.059577,정상,1999,POINT (205284.46370729737 518622.23522400437),원천동
SL_0576,37.266533,127.059016,정상,1999,POINT (205234.72046013805 518594.4583748388),원천동
SL_0577,37.269099,127.063582,정상,1999,POINT (205639.5334336054 518879.5023237845),원천동
SL_0578,37.269192,127.063184,정상,1999,POINT (205604.22512630743 518889.80006770475),원천동
SL_0579,37.269311,127.062807,정상,1999,POINT (205570.77762331633 518902.98474703846),원천동
SL_0580,37.269446,127.062429,정상,1999,POINT (205537.24035732358 518917.9452247657),원천동
SL_0581,37.269589,127.062035,정상,1999,POINT (205502.2834856538 518933.7927678881),원천동
SL_0582,37.269715,127.061716,정상,1999,POINT (205473.98019777346 518947.7580871056),원천동
SL_0583,37.267254,127.059028,정상,1999,POINT (205235.73494208851 518674.4775416452),원천동
SL_0584,37.266743,127.058954,정상,1999,POINT (205229.20653726073 518617.761305684),원천동
SL_0585,37.267026,127.059645,정상,1999,POINT (205290.47828944426 518649.2078120756),원천동
SL_0586,37.267312,127.06028,정상,1999,POINT (205346.78222012473 518680.9845498991),원천동
SL_0587,37.26756,127.060858,정상,1999,POINT (205398.03260681045 518708.5410722165),원천동
SL_0588,37.267764,127.061365,정상,1999,POINT (205442.9882282772 518731.21058423107),원천동
SL_0589,37.268023,127.061912,정상,1999,POINT (205491.48754700585 518759.9867067908),원천동
SL_0590,37.26673,127.062125,정상,2005,POINT (205510.47450009675 518616.49848787516),원천동
SL_0591,37.266577,127.061787,정상,2005,POINT (205480.5050556946 518599.49850970105),원천동
SL_0592,37.266384,127.061341,정상,2005,POINT (205440.95875073667 518578.05311707925),원천동
SL_0593,37.266204,127.060907,정상,2005,POINT (205402.47572037566 518558.05137130315),원천동
SL_0594,37.266015,127.060484,정상,2005,POINT (205364.9688521637 518537.05158255715),원천동
SL_0595,37.265857,127.060112,정상,2005,POINT (205331.9833546201 518519.4952969894),원천동
SL_0596,37.264237,127.061731,정상,1999,POINT (205475.70727956863 518339.79588886653),원천동
SL_0597,37.264104,127.061985,정상,1999,POINT (205498.2474403909 518325.0499290401),원천동
SL_0598,37.263968,127.06223,정상,1999,POINT (205519.9895720811 518309.9705570999),원천동
SL_0599,37.26381,127.062444,정상,1999,POINT (205538.98359395307 518292.4478092751),원천동
SL_0600,37.263635,127.062644,정상,1999,POINT (205556.73709637087 518273.0375782756),원천동
SL_0601,37.263403,127.06285,정상,1999,POINT (205575.02710424887 518247.3017303509),원천동
SL_0602,37.263114,127.062996,정상,1999,POINT (205587.9991969858 518215.23637025984),원천동
SL_0603,37.267389,127.068417,정상,1998,POINT (206068.52076834042 518690.021054669),원천동
SL_0604,37.266527,127.070922,정상,1998,POINT (206290.78354657043 518594.51758986147),영통동
SL_0605,37.266484,127.071232,정상,1998,POINT (206318.28415234757 518589.7659900928),영통동
SL_0606,37.266448,127.071547,정상,1998,POINT (206346.22770273348 518585.79169442336),영통동
SL_0607,37.266297,127.071801,정상,1998,POINT (206368.7702537183 518569.05037787714),영통동
SL_0608,37.266123,127.072051,정상,1998,POINT (206390.96003639564 518549.75625082245),영통동
SL_0611,37.266043,127.073167,정상,1998,POINT (206489.95667897793 518540.9535980886),영통동
SL_0612,37.266009,127.073503,정상,1998,POINT (206519.763015596 518537.20328602294),영통동
SL_0613,37.265964,127.073852,정상,1998,POINT (206550.72344088674 518532.233170456),영통동
SL_0614,37.267179,127.068572,정상,1998,POINT (206082.28600832354 518666.7246442047),원천동
SL_0615,37.26593,127.074193,정상,1998,POINT (206580.97333979676 518528.4834218966),영통동
SL_0616,37.265901,127.074523,정상,1998,POINT (206610.24712029906 518525.28792713437),영통동
SL_0617,37.265873,127.074819,정상,1998,POINT (206636.5050079177 518522.20113194664),
SL_0619,37.266974,127.068712,정상,1998,POINT (206094.7204287814 518643.98220413504),원천동
SL_0620,37.266771,127.06889,정상,1998,POINT (206110.52534568027 518621.4642018481),원천동
SL_0621,37.266659,127.069112,정상,1998,POINT (206130.2257703404 518609.04850245087),원천동
SL_0622,37.266652,127.069481,정상,1998,POINT (206162.9565990395 518608.29559391766),원천동
SL_0623,37.26664,127.069865,정상,1998,POINT (206197.01834214723 518606.988881962),원천동
SL_0624,37.266608,127.070228,정상,1998,POINT (206229.21904516668 518603.46127216524),원천동
SL_0625,37.266568,127.070583,정상,1998,POINT (206260.71083792087 518599.04539519944),영통동
SL_0626,37.262179,127.063362,정상,1998,POINT (205620.53435711242 518111.48932465294),원천동
SL_0627,37.258808,127.064931,정상,1998,POINT (205759.96941272728 517737.4614915737),원천동
SL_0628,37.258484,127.065089,정상,1998,POINT (205774.01018007964 517701.51278460224),원천동
SL_0629,37.25815,127.065235,정상,1998,POINT (205786.9873140904 517664.45354404504),영통동
SL_0630,37.257844,127.065381,정상,1998,POINT (205799.96241551294 517630.50183551235),영통동
SL_0631,37.257592,127.065494,정상,1998,POINT (205810.00602501837 517602.5411770438),영통동
SL_0632,37.257785,127.065624,정상,1998,POINT (205821.52354009968 517623.96878770046),영통동
SL_0633,37.258092,127.065483,정상,1998,POINT (205808.9918142714 517658.0317520804),영통동
SL_0634,37.258317,127.065376,정상,1998,POINT (205799.48260183577 517682.9962539483),원천동
SL_0635,37.258623,127.06523,정상,1998,POINT (205786.50758293702 517716.94796584244),원천동
SL_0636,37.25893,127.065095,정상,1998,POINT (205774.508390784 517751.01135307),원천동
SL_0637,37.261828,127.063519,정상,1998,POINT (205634.48721127235 518072.5437763424),원천동
SL_0638,37.259146,127.064994,정상,1998,POINT (205765.53232364735 517774.9774200812),원천동
SL_0639,37.259444,127.064847,정상,1998,POINT (205752.46948338283 517808.0412678494),원천동
SL_0640,37.259827,127.064673,정상,1998,POINT (205737.00518308784 517850.5370159741),원천동
SL_0641,37.260214,127.064493,정상,1998,POINT (205721.0084916369 517893.47636259947),원천동
SL_0642,37.26062,127.064307,정상,1998,POINT (205704.47828848782 517938.524049122),원천동
SL_0643,37.260935,127.064167,정상,1998,POINT (205692.03560873182 517973.4751240528),원천동
SL_0644,37.261318,127.063981,정상,1998,POINT (205675.50744339544 518015.97027375695),원천동
SL_0645,37.261697,127.063801,정상,1998,POINT (205659.5119784039 518058.0218870891),원천동
SL_0646,37.262057,127.063632,정상,1998,POINT (205644.49384895217 518097.96552047913),원천동
SL_0647,37.261427,127.06371,정상,1998,POINT (205651.4599330456 518028.05115495605),원천동
SL_0648,37.26108,127.063874,정상,1998,POINT (205666.0337138803 517989.550012014),원천동
SL_0649,37.260742,127.064026,정상,1998,POINT (205679.54247020374 517952.0470192102),원천동
SL_0650,37.26035,127.064211,정상,1998,POINT (205695.98275146927 517908.55297831073),원천동
SL_0651,37.259903,127.064414,정상,1998,POINT (205714.02409667074 517858.95601930993),원천동
SL_0652,37.259579,127.064566,정상,1998,POINT (205727.53221614793 517823.00686616346),원천동
SL_0653,37.259047,127.064813,정상,1998,POINT (205749.48357432472 517763.9791386968),원천동
SL_0654,37.261405,127.061084,정상,2006,POINT (205418.51950102585 518025.4559462726),원천동
SL_0655,37.26113,127.061644,정상,2006,POINT (205468.21476713766 517994.96795314905),원천동
SL_0656,37.260812,127.062239,정상,2006,POINT (205521.0182672573 517959.71004672215),원천동
SL_0657,37.260614,127.062661,정상,2006,POINT (205558.46706216002 517937.7602044572),원천동
SL_0658,37.260375,127.062963,정상,2006,POINT (205585.27421577903 517911.25315630494),원천동
SL_0659,37.260075,127.063526,정상,2006,POINT (205635.23874953043 517877.99176931137),원천동
SL_0660,37.259904,127.063873,정상,2006,POINT (205666.03309769536 517859.034474071),원천동
SL_0661,37.268861,127.058204,정상,1993,POINT (205162.53710411536 518852.7814447499),원천동
SL_0662,37.270543,127.054549,정상,1993,POINT (204838.240855783 519039.2612107566),매탄동
SL_0663,37.270701,127.053943,정상,1993,POINT (204784.4814916561 519056.7656658448),매탄동
SL_0664,37.270746,127.053777,정상,1993,POINT (204769.7552599515 519061.7515074231),매탄동
SL_0665,37.270771,127.05367,정상,1993,POINT (204760.26331185363 519064.52068696666),매탄동
SL_0666,37.270863,127.053289,정상,1993,POINT (204726.46474447526 519074.7119975545),매탄동
SL_0667,37.27094,127.052985,정상,1993,POINT (204699.4966943807 519083.24252514803),매탄동
SL_0668,37.270755,127.052931,정상,1993,POINT (204694.71865857422 519062.7080377179),매탄동
SL_0669,37.270636,127.05341,정상,1993,POINT (204737.21105504487 519049.52496790944),매탄동
SL_0670,37.270532,127.053859,정상,1993,POINT (204777.04177700935 519038.00533926015),매탄동
SL_0671,37.270349,127.054572,정상,1993,POINT (204840.2932668989 519017.7317372662),매탄동
SL_0672,37.269055,127.058015,정상,1993,POINT (205145.76011293122 518874.3017939716),원천동
SL_0673,37.270248,127.054994,정상,1993,POINT (204877.72930521303 519006.5441540409),매탄동
SL_0674,37.270189,127.055237,정상,1993,POINT (204899.28617599135 519000.0087284489),매탄동
SL_0675,37.270087,127.055659,정상,1993,POINT (204936.72243767098 518988.71042581066),매탄동
SL_0676,37.269941,127.056245,정상,1993,POINT (204988.7078439519 518972.537685026),매탄동
SL_0677,37.269819,127.056747,정상,1993,POINT (205033.241372495 518959.02437988744),매탄동
SL_0678,37.269614,127.05717,정상,1993,POINT (205070.77360166545 518936.2955087934),매탄동
SL_0679,37.269345,127.057457,정상,1993,POINT (205096.24760244918 518906.456578532),매탄동
SL_0680,37.269111,127.057685,정상,1993,POINT (205116.48629031828 518880.4989294047),매탄동
SL_0681,37.268852,127.057944,정상,1993,POINT (205139.47641812672 518851.7684458306),매탄동
SL_0682,37.26871,127.058012,정상,1993,POINT (205145.51749772788 518836.01259801246),매탄동
SL_0683,37.269413,127.05768,정상,1993,POINT (205116.02237270356 518914.0154376769),원천동
SL_0684,37.26853,127.057735,고장,1993,POINT (205120.9604867147 518816.0206842503),매탄동
SL_0685,37.26835,127.057408,정상,1993,POINT (205091.96846382238 518796.0261510982),매탄동
SL_0686,37.268201,127.057118,정상,1993,POINT (205066.25605597763 518779.4741627446),매탄동
SL_0687,37.268057,127.056839,정상,1993,POINT (205041.51889413694 518763.47775318066),매탄동
SL_0688,37.267837,127.056385,정상,1993,POINT (205001.26444265226 518739.03746872256),매탄동
SL_0689,37.267713,127.056162,정상,1993,POINT (204981.49284580405 518725.26385237917),매탄동
SL_0690,37.267499,127.05575,정상,1993,POINT (204944.96299800093 518701.4919478365),매탄동
SL_0691,37.267308,127.055392,정상,1993,POINT (204913.22120293594 518680.2756074607),매탄동
SL_0692,37.267251,127.055931,정상,1993,POINT (204961.03376765898 518673.9777192682),매탄동
SL_0693,37.267409,127.056249,정상,1993,POINT (204989.22968471816 518691.52970216144),매탄동
SL_0694,37.269796,127.057277,정상,1993,POINT (205080.25189032237 518956.50010351365),매탄동
SL_0695,37.267589,127.056596,정상,1993,POINT (205019.99628914535 518711.52493748575),매탄동
SL_0696,37.267807,127.057011,정상,1993,POINT (205056.7917093504 518735.741260303),매탄동
SL_0697,37.267967,127.057318,정상,1993,POINT (205084.0114025762 518753.51494124485),매탄동
SL_0698,37.268136,127.057639,정상,1993,POINT (205112.47214633613 518772.28831163904),매탄동
SL_0699,37.268322,127.057997,정상,1993,POINT (205144.21343054305 518792.9504959892),매탄동
SL_0700,37.268469,127.058293,정상,1993,POINT (205170.45796697502 518809.2810861945),매탄동
SL_0701,37.269972,127.056883,정상,1993,POINT (205045.29384351132 518976.011979884),매탄동
SL_0702,37.270087,127.05644,정상,1993,POINT (205005.99390423013 518988.75146229373),매탄동
SL_0703,37.270207,127.055955,정상,1993,POINT (204962.96853589977 519002.0438385777),매탄동
SL_0704,37.27031,127.055521,정상,1993,POINT (204924.46788582168 519013.4523824201),매탄동
SL_0705,37.270403,127.055141,정상,1993,POINT (204890.75754324804 519023.75406568294),매탄동
SL_0706,37.259641,127.042936,정상,2002,POINT (203808.7710844997 517828.79798437003),매탄동
SL_0707,37.264042,127.044373,정상,2002,POINT (203936.01560737228 518317.29105502873),매탄동
SL_0708,37.264204,127.044579,정상,2002,POINT (203954.2799442117 518335.27882598346),매탄동
SL_0709,37.264091,127.044869,정상,2002,POINT (203980.00969000533 518322.74994917924),매탄동
SL_0710,37.263792,127.044477,정상,2002,POINT (203945.25375481092 518289.5497349344),매탄동
SL_0711,37.263461,127.044099,정상,2002,POINT (203911.74104993627 518252.7988020802),매탄동
SL_0712,37.263062,127.044206,정상,2002,POINT (203921.2530244546 518208.52117649827),매탄동
SL_0713,37.263001,127.044491,정상,2002,POINT (203946.5368745668 518201.7630865591),매탄동
SL_0714,37.26294,127.044784,정상,2002,POINT (203972.53039938814 518195.0054086269),매탄동
SL_0715,37.262877,127.045105,정상,2002,POINT (204001.00779263803 518188.0270295425),매탄동
SL_0716,37.262802,127.045522,정상,2002,POINT (204038.00149511904 518179.7210482446),매탄동
SL_0717,37.259996,127.043057,정상,2002,POINT (203819.48684005465 517868.2016579566),매탄동
SL_0718,37.262732,127.045835,정상,2002,POINT (204065.76973540912 518171.9656695216),매탄동
SL_0719,37.262667,127.046176,정상,2002,POINT (204096.02148416248 518164.766507215),매탄동
SL_0720,37.262619,127.046449,정상,2002,POINT (204120.24044364356 518159.45119492186),매탄동
SL_0721,37.263012,127.043918,정상,2002,POINT (203895.7088204185 518202.9601518584),매탄동
SL_0722,37.262582,127.043842,정상,2002,POINT (203888.98941454076 518155.2345151644),매탄동
SL_0723,37.262204,127.043783,정상,2002,POINT (203883.7752494421 518113.28067865426),매탄동
SL_0724,37.262111,127.043853,정상,2002,POINT (203889.9893895563 518102.96217474184),매탄동
SL_0725,37.262017,127.044374,정상,2002,POINT (203936.20969612314 518092.5513570593),매탄동
SL_0726,37.261892,127.044938,정상,2002,POINT (203986.2460849604 518078.7021448294),매탄동
SL_0727,37.261777,127.04551,정상,2002,POINT (204036.99175042965 518065.9633979023),매탄동
SL_0728,37.260379,127.043136,정상,2002,POINT (203826.4753727488 517910.7111596492),매탄동
SL_0729,37.261658,127.046082,정상,2002,POINT (204087.73778645718 518052.7810276135),매탄동
SL_0730,37.26148,127.045764,정상,2002,POINT (204059.53891377038 518033.01244291564),매탄동
SL_0731,37.261593,127.045231,정상,2002,POINT (204012.25264772004 518045.53074079007),매탄동
SL_0732,37.261726,127.044591,정상,2002,POINT (203955.47396874154 518060.2644786195),매탄동
SL_0733,37.261857,127.043923,정상,2002,POINT (203896.2118383851 518074.7754823375),매탄동
SL_0734,37.261823,127.043709,정상,2002,POINT (203877.23060247846 518070.993285737),매탄동
SL_0735,37.261555,127.043661,정상,2002,POINT (203872.9864589903 518041.2479935725),매탄동
SL_0736,37.261222,127.043576,정상,2002,POINT (203865.46347848987 518004.2873269587),매탄동
SL_0737,37.260868,127.043509,정상,2002,POINT (203859.53822258508 517964.9967697028),매탄동
SL_0738,37.260544,127.043449,정상,2002,POINT (203854.232331851 517929.0359802983),매탄동
SL_0739,37.260742,127.043196,정상,2002,POINT (203831.77941841705 517951.0002496027),매탄동
SL_0740,37.260258,127.043429,정상,2002,POINT (203852.47275714722 517897.2941601627),매탄동
SL_0741,37.261125,127.043252,정상,2002,POINT (203836.72757280077 517993.5088342639),매탄동
SL_0742,37.261517,127.043343,정상,2002,POINT (203844.7799263367 518037.01768908877),매탄동
SL_0743,37.263224,127.043589,정상,2002,POINT (203866.51431601375 518226.47496713157),매탄동
SL_0744,37.26351,127.043778,정상,2002,POINT (203883.26466975381 518258.2237281115),매탄동
SL_0745,37.263751,127.044006,정상,2002,POINT (203903.4766452775 518284.9799151698),매탄동
SL_0746,37.262532,127.046596,정상,2002,POINT (204133.28477648803 518149.8021210402),매탄동
SL_0747,37.259982,127.04614,정상,2002,POINT (204092.97340921647 517866.7767863701),매탄동
SL_0748,37.259916,127.046476,정상,2002,POINT (204122.78279637577 517859.46652414463),매탄동
SL_0749,37.259828,127.046895,정상,2002,POINT (204159.9561981036 517849.718397402),매탄동
SL_0750,37.25974,127.047344,정상,2002,POINT (204199.79092612892 517839.97176625725),매탄동
SL_0751,37.259659,127.047738,정상,2002,POINT (204234.7464097484 517830.99973935087),매탄동
SL_0752,37.262302,127.046525,정상,2002,POINT (204126.99929133407 518124.2730295852),매탄동
SL_0753,37.262043,127.046437,정상,2002,POINT (204119.20735779734 518095.52470920666),매탄동
SL_0754,37.261761,127.046341,정상,2002,POINT (204110.70697595947 518064.22345084045),매탄동
SL_0755,37.261245,127.04613,정상,2002,POINT (204092.01800533856 518006.94730543473),매탄동
SL_0756,37.260939,127.046028,정상,2002,POINT (204082.98648801912 517972.98223892634),매탄동
SL_0757,37.260651,127.045929,정상,2002,POINT (204074.2200486742 517941.0149988866),매탄동
SL_0758,37.260369,127.045853,정상,2002,POINT (204067.49348671924 517909.7146531538),매탄동
SL_0759,37.260068,127.04576,정상,2002,POINT (204059.2598650794 517876.30491690565),매탄동
SL_0760,37.257075,127.043396,정상,2002,POINT (203849.7073970938 517544.03550366237),매탄동
SL_0761,37.257266,127.04363,정상,2002,POINT (203870.4560261674 517565.24270070903),매탄동
SL_0762,37.257433,127.043876,정상,2002,POINT (203892.27031325584 517583.7868636744),매탄동
SL_0763,37.257588,127.044183,정상,2002,POINT (203919.4964662676 517601.00181862444),매탄동
SL_0764,37.257714,127.044547,정상,2002,POINT (203951.78051159272 517615.00074879767),매탄동
SL_0765,37.257806,127.044896,정상,2002,POINT (203982.73558612404 517625.22576750314),매탄동
SL_0766,37.258104,127.045018,정상,2002,POINT (203993.5425059143 517658.3036912824),매탄동
SL_0767,37.258378,127.045114,정상,2002,POINT (204002.04416146854 517688.7169509141),매탄동
SL_0768,37.265151,127.061899,정상,2014,POINT (205490.5429819642 518441.2437449019),원천동
SL_0769,37.263442,127.06068,정상,2014,POINT (205382.53729521547 518251.50441374467),매탄동
SL_0770,37.263253,127.060561,정상,2014,POINT (205371.99498431795 518230.521939961),매탄동
SL_0771,37.26307,127.060451,정상,2014,POINT (205362.25053211607 518210.2058856779),매탄동
SL_0772,37.26289,127.060349,정상,2014,POINT (205353.2154547672 518190.22324369266),매탄동
SL_0773,37.262717,127.060239,정상,2014,POINT (205343.47020364838 518171.01703845226),매탄동
SL_0774,37.262541,127.060112,정상,2014,POINT (205332.21713930045 518151.47693932755),매탄동
SL_0775,37.262357,127.059974,정상,2014,POINT (205319.98883107296 518131.048376815),매탄동
SL_0776,37.262149,127.059827,정상,2014,POINT (205306.96380089133 518107.9557461729),매탄동
SL_0777,37.261879,127.059624,정상,2014,POINT (205288.97553105472 518077.9790857567),매탄동
SL_0778,37.261697,127.059463,정상,2014,POINT (205274.70663953887 518057.77127165254),매탄동
SL_0779,37.264942,127.061681,정상,2014,POINT (205471.2211416558 518418.0357474257),원천동
SL_0780,37.261355,127.05919,정상,2014,POINT (205250.51372334317 518019.8000522151),매탄동
SL_0781,37.261136,127.059029,정상,2014,POINT (205236.2472015243 517995.4859508034),매탄동
SL_0782,37.260927,127.058863,정상,2014,POINT (205221.53637354088 517972.2814242811),매탄동
SL_0783,37.26072,127.058693,정상,2014,POINT (205206.4704990621 517949.29866947467),매탄동
SL_0784,37.260497,127.058524,정상,2014,POINT (205191.49434721618 517924.54027671315),매탄동
SL_0785,37.260319,127.058389,정상,2014,POINT (205179.53107612146 517904.77798644366),매탄동
SL_0786,37.259392,127.057869,정상,2014,POINT (205133.4661814972 517801.868843704),매탄동
SL_0787,37.259552,127.058006,정상,2014,POINT (205145.6083489685 517819.6334881813),매탄동
SL_0788,37.259727,127.058128,정상,2014,POINT (205156.41882203385 517839.06207132974),매탄동
SL_0789,37.259892,127.058281,정상,2014,POINT (205169.9798704632 517857.3825367565),매탄동
SL_0790,37.264735,127.061481,정상,2014,POINT (205453.49568876153 518395.05079785653),원천동
SL_0791,37.264602,127.061213,정상,2014,POINT (205429.73306394333 518380.2746967672),매탄동
SL_0792,37.264453,127.061303,정상,2014,POINT (205437.72698356264 518363.74345391424),매탄동
SL_0793,37.264223,127.061148,정상,2014,POINT (205423.9945956384 518338.20855544094),매탄동
SL_0794,37.264054,127.061049,정상,2014,POINT (205415.22512492098 518319.4468232188),매탄동
SL_0795,37.263863,127.060936,정상,2014,POINT (205405.2153432965 518298.24268350593),매탄동
SL_0796,37.263667,127.060815,정상,2014,POINT (205394.49624053136 518276.4831873475),매탄동
SL_0797,37.251736,127.042193,정상,2002,POINT (203743.2520695283 516951.4520836579),매탄동
SL_0798,37.25391,127.044113,정상,2002,POINT (203913.47698420662 517192.8054688545),매탄동
SL_0799,37.254198,127.044395,정상,2002,POINT (203938.47957343512 517224.78010263504),매탄동
SL_0800,37.254441,127.044652,정상,2002,POINT (203961.2664744296 517251.7595567742),매탄동
SL_0801,37.254713,127.044973,정상,2002,POINT (203989.72939051004 517281.96026039205),매탄동
SL_0802,37.25497,127.045233,정상,2002,POINT (204012.7813697517 517310.4937375211),매탄동
SL_0803,37.255159,127.045438,정상,2002,POINT (204030.95758470296 517331.47812949895),매탄동
SL_0804,37.255349,127.045143,정상,2002,POINT (204004.77708486747 517352.55227027007),매탄동
SL_0805,37.254909,127.044677,정상,2002,POINT (203963.45981215456 517303.7003808936),매탄동
SL_0806,37.254599,127.044364,정상,2002,POINT (203935.7085641197 517269.2827656566),매탄동
SL_0807,37.254358,127.044097,정상,2002,POINT (203912.0343822871 517242.5249316633),매탄동
SL_0808,37.251874,127.04228,정상,2002,POINT (203750.9636400941 516966.77109561686),매탄동
SL_0809,37.254119,127.04386,정상,2002,POINT (203891.02138419356 517215.99036335375),매탄동
SL_0810,37.253802,127.04353,정상,2002,POINT (203861.76175223547 517180.7954219647),매탄동
SL_0811,37.253612,127.043293,정상,2002,POINT (203840.74595320717 517159.6991202814),매탄동
SL_0812,37.253297,127.042966,정상,2002,POINT (203811.75196007022 517124.726443048),매탄동
SL_0813,37.253142,127.042833,정상,2002,POINT (203799.96057711297 517107.51882279536),매탄동
SL_0814,37.252914,127.042647,정상,2002,POINT (203783.4708529737 517082.20738471486),매탄동
SL_0815,37.252597,127.042405,정상,2002,POINT (203762.01734382843 517047.0163199966),매탄동
SL_0816,37.252291,127.042188,정상,2002,POINT (203742.78102901237 517013.0471066105),매탄동
SL_0817,37.252027,127.041993,정상,2002,POINT (203725.49426627337 516983.7400647821),매탄동
SL_0818,37.25348,127.042898,정상,2002,POINT (203805.7100980197 517145.0334869734),매탄동
SL_0819,37.252158,127.042489,정상,2002,POINT (203769.4913893266 516998.2983942501),매탄동
SL_0820,37.25377,127.042896,정상,2002,POINT (203805.5180809325 517177.21830550086),매탄동
SL_0821,37.253858,127.042507,정상,2002,POINT (203771.00356317929 517186.9691885192),매탄동
SL_0822,37.254149,127.042513,정상,2002,POINT (203771.52134634226 517219.2653109643),매탄동
SL_0823,37.254313,127.042341,정상,2002,POINT (203756.25430201457 517237.4595881451),매탄동
SL_0824,37.254503,127.042195,정상,2002,POINT (203743.29260563155 517258.54046458966),매탄동
SL_0825,37.254696,127.042107,정상,2002,POINT (203735.47623286032 517279.95659648377),매탄동
SL_0826,37.254883,127.042079,정상,2002,POINT (203732.98301667505 517300.70920649706),매탄동
SL_0827,37.255055,127.042088,정상,2002,POINT (203733.7729512829 517319.79854033916),매탄동
SL_0828,37.255219,127.042136,정상,2002,POINT (203738.02309552577 517338.0015548715),매탄동
SL_0829,37.255381,127.042192,정상,2002,POINT (203742.9830250233 517355.9829235384),매탄동
SL_0830,37.252455,127.042718,정상,2002,POINT (203789.79267911514 517031.2693070241),매탄동
SL_0831,37.25581,127.042259,정상,2002,POINT (203748.905544481 517403.5970450287),매탄동
SL_0832,37.25277,127.042963,정상,2002,POINT (203811.51236152634 517066.23859793256),매탄동
SL_0833,37.253018,127.04316,정상,2002,POINT (203828.9768953769 517093.7701834105),매탄동
SL_0834,37.253326,127.043459,정상,2002,POINT (203855.48724654873 517127.96490069164),매탄동
SL_0835,37.253455,127.043617,정상,2002,POINT (203869.49770001695 517142.28807872755),매탄동
SL_0836,37.253653,127.043845,정상,2002,POINT (203889.714623022 517164.2719412205),매탄동
SL_0837,37.274717,127.063121,정상,2013,POINT (205598.2281256327 519502.9761108885),원천동
SL_0838,37.277643,127.060082,정상,2013,POINT (205328.49166295805 519827.53640188323),원천동
SL_0839,37.277203,127.060116,정상,2013,POINT (205331.5380533048 519778.70585679694),원천동
SL_0840,37.276762,127.060222,정상,2013,POINT (205340.97008725555 519729.7683961579),원천동
SL_0841,37.276244,127.060416,정상,2013,POINT (205358.21228049145 519672.2902513765),원천동
SL_0842,37.275949,127.060467,정상,2013,POINT (205362.75632775397 519639.5532032515),원천동
SL_0843,37.275638,127.060441,정상,2013,POINT (205360.47246617847 519605.0360680118),원천동
SL_0844,37.27564,127.060672,정상,2013,POINT (205380.95956367656 519605.27114792925),원천동
SL_0845,37.276086,127.060664,정상,2013,POINT (205380.2183076999 519654.769037948),원천동
SL_0846,37.276586,127.060496,정상,2013,POINT (205365.28309904883 519710.25091915723),원천동
SL_0847,37.277095,127.060344,정상,2013,POINT (205351.7664523554 519766.7325822202),원천동
SL_0848,37.274742,127.062811,정상,2013,POINT (205570.7322497118 519505.7323819837),원천동
SL_0849,37.277469,127.060302,정상,2013,POINT (205348.01511235663 519808.2377976779),원천동
SL_0850,37.277823,127.060288,정상,2013,POINT (205346.74845296924 519847.5249421622),원천동
SL_0851,37.274783,127.062504,정상,2013,POINT (205543.50128993034 519510.2646440332),원천동
SL_0852,37.274848,127.062197,정상,2013,POINT (205516.26860855118 519517.4605820891),원천동
SL_0853,37.274936,127.061892,정상,2013,POINT (205489.2116844561 519527.2093294517),원천동
SL_0854,37.275051,127.061602,정상,2013,POINT (205463.4832231954 519539.9555664855),원천동
SL_0855,37.275175,127.061298,정상,2013,POINT (205436.51253434463 519553.69992336025),원천동
SL_0856,37.275304,127.060971,정상,2013,POINT (205407.50171211292 519567.9979663225),원천동
SL_0857,37.275399,127.060723,정상,2013,POINT (205385.49988858882 519578.5271880045),원천동
SL_0858,37.284812,127.056333,정상,2013,POINT (204995.5302710496 520622.96847723436),원천동
SL_0859,37.282486,127.059054,정상,2013,POINT (205236.98587498625 520364.96924693405),원천동
SL_0860,37.282067,127.059119,정상,2013,POINT (205242.77922495492 520318.47098915756),원천동
SL_0861,37.281572,127.059121,정상,2013,POINT (205242.99092570762 520263.53454100905),원천동
SL_0862,37.281114,127.059132,정상,2013,POINT (205243.99820805658 520212.70496493846),원천동
SL_0863,37.280668,127.059137,정상,2013,POINT (205244.4725684981 520163.2068553451),원천동
SL_0864,37.280213,127.059253,정상,2013,POINT (205254.79148036148 520112.71606376104),원천동
SL_0865,37.279754,127.059441,정상,2013,POINT (205271.496079854 520061.78536698496),원천동
SL_0866,37.279346,127.05968,정상,2013,POINT (205292.72024851685 520016.5176874823),원천동
SL_0867,37.279265,127.059962,정상,2013,POINT (205317.73511676426 520007.54388825636),원천동
SL_0868,37.279594,127.059774,정상,2013,POINT (205301.03924614022 520044.04671122227),원천동
SL_0869,37.284612,127.056609,정상,2013,POINT (205020.01884540325 520600.786490284),원천동
SL_0870,37.280046,127.05954,정상,2013,POINT (205280.2554493004 520094.1978988595),원천동
SL_0871,37.28047,127.059391,정상,2013,POINT (205267.011961509 520141.2463492806),원천동
SL_0872,37.280896,127.059343,정상,2013,POINT (205262.72548390966 520188.52240422275),원천동
SL_0873,37.281344,127.059349,정상,2013,POINT (205263.22638680477 520238.2430927),원천동
SL_0874,37.281822,127.059336,정상,2013,POINT (205262.04023400537 520291.29221625207),원천동
SL_0875,37.282304,127.059299,정상,2013,POINT (205258.72546030927 520344.78394149616),원천동
SL_0876,37.282768,127.059156,정상,2013,POINT (205246.01179540428 520396.27209469373),원천동
SL_0877,37.283167,127.058829,정상,2013,POINT (205216.9855717772 520440.53621316736),원천동
SL_0878,37.283523,127.058409,정상,2013,POINT (205179.71535672602 520480.0230696528),원천동
SL_0879,37.283896,127.05799,정상,2013,POINT (205142.53301536271 520521.3968588743),하동
SL_0880,37.28442,127.056893,정상,2013,POINT (205045.21644764364 520579.4928661139),원천동
SL_0881,37.283983,127.057815,정상,2013,POINT (205127.00817287082 520531.0428783318),원천동
SL_0882,37.284174,127.057547,고장,2013,POINT (205103.22915415472 520552.22613574326),원천동
SL_0883,37.28437,127.057274,정상,2013,POINT (205079.00652396772 520573.9641075952),원천동
SL_0884,37.284546,127.057034,정상,2013,POINT (205057.71176061628 520593.48425416136),원천동
SL_0885,37.284749,127.056753,정상,2013,POINT (205032.77947202625 520615.9988138764),원천동
SL_0886,37.285013,127.0564,정상,2013,POINT (205001.45843402197 520645.27960190724),원천동
SL_0887,37.284233,127.057141,정상,2013,POINT (205067.22138885426 520558.7523038842),원천동
SL_0888,37.284041,127.057415,정상,2013,POINT (205091.53244230052 520537.45828427473),원천동
SL_0889,37.283839,127.057688,정상,2013,POINT (205115.7556163592 520515.054451757),원천동
SL_0890,37.283552,127.058065,정상,2013,POINT (205149.2074272503 520483.2227932005),원천동
SL_0891,37.283243,127.05846,정상,2013,POINT (205184.2572482829 520448.95063033747),원천동
SL_0892,37.282872,127.058835,정상,2013,POINT (205217.53801999037 520407.7965680048),원천동
SL_0894,37.267392,127.067174,정상,2014,POINT (205958.267637884 518690.27500616846),원천동
SL_0895,37.267313,127.06694,정상,2014,POINT (205937.51826856832 518681.49266500276),원천동
SL_0896,37.267241,127.066717,정상,2014,POINT (205917.74399944715 518673.4879419557),원천동
SL_0897,37.267153,127.066458,정상,2014,POINT (205894.77776553752 518663.70529944653),원천동
SL_0898,37.267072,127.066235,정상,2014,POINT (205875.00411308897 518654.7018333476),원천동
SL_0899,37.266971,127.06595,정상,2014,POINT (205849.7325966212 518643.4749257421),원천동
SL_0900,37.266863,127.065637,정상,2014,POINT (205821.97796170658 518631.4694926224),원천동
SL_0901,37.266771,127.0654,정상,2014,POINT (205800.96320287357 518621.2445309259),원천동
SL_0902,37.266679,127.065169,정상,2014,POINT (205780.4805920739 518611.01998859586),원천동
SL_0903,37.266596,127.06493,정상,2014,POINT (205759.28764626678 518601.7938534897),원천동
SL_0905,37.266501,127.064681,정상,2014,POINT (205737.20856375634 518591.2353737531),원천동
SL_0906,37.266398,127.064419,정상,2014,POINT (205713.97692787414 518579.7883059338),원천동
SL_0907,37.266314,127.064191,정상,2014,POINT (205693.75960877843 518570.4520185684),원천동
SL_0908,37.266211,127.063948,정상,2014,POINT (205672.21316404484 518559.00621031236),원천동
SL_0909,37.266128,127.063723,정상,2014,POINT (205652.26177534426 518549.7811858131),원천동
SL_0910,37.266031,127.063492,정상,2014,POINT (205631.77918179423 518539.0020946481),원천동
SL_0911,37.265912,127.063232,정상,2014,POINT (205608.72584600947 518525.7797160336),원천동
SL_0912,37.265837,127.063041,정상,2014,POINT (205591.78954635977 518517.4447129807),원천동
SL_0913,37.265725,127.062826,정상,2014,POINT (205572.7271171019 518505.00197257544),원천동
SL_0914,37.265628,127.062646,정상,2014,POINT (205556.76806807632 518494.2260702356),원천동
SL_0916,37.265507,127.062429,정상,2014,POINT (205537.52879076955 518480.78444910026),원천동
SL_0917,37.265347,127.062164,정상,2014,POINT (205514.0346293112 518463.0117512712),원천동
SL_0918,37.26608,127.064027,정상,2014,POINT (205679.2303341299 518544.47222105414),원천동
SL_0919,37.266181,127.064258,정상,2014,POINT (205699.71255211334 518555.69535882084),원천동
SL_0920,37.266283,127.064492,정상,2014,POINT (205720.46074071244 518567.0297108478),원천동
SL_0921,37.266364,127.064695,정상,2014,POINT (205738.46076044347 518576.0315980851),원천동
SL_0922,37.267886,127.068815,정상,2014,POINT (206103.78286667113 518745.2050501909),원천동
SL_0923,37.267812,127.068561,정상,2014,POINT (206081.2594119937 518736.97597601323),원천동
SL_0924,37.267738,127.068299,정상,2014,POINT (206058.02632428086 518728.7464502123),원천동
SL_0925,37.267659,127.068031,정상,2014,POINT (206034.26139784657 518719.96169278957),원천동
SL_0926,37.267585,127.067825,정상,2014,POINT (206015.9953499564 518711.73585647903),원천동
SL_0927,37.267495,127.067518,정상,2014,POINT (205988.77194587467 518701.72793975985),원천동
SL_0928,37.280211,127.04942,정상,2013,POINT (204382.76202119846 520111.99317867093),원천동
SL_0929,37.278438,127.04943,정상,2013,POINT (204383.7516842663 519915.2209677737),원천동
SL_0930,37.278294,127.049689,정상,2013,POINT (204406.7297686813 519899.2514673307),원천동
SL_0931,37.278202,127.049602,정상,2013,POINT (204399.019420576 519889.0369934585),원천동
SL_0932,37.277859,127.049291,정상,2013,POINT (204371.45780500333 519850.95545147354),원천동
SL_0933,37.277515,127.049277,정상,2013,POINT (204370.23607805886 519812.7766990576),원천동
SL_0934,37.2779,127.049576,정상,2013,POINT (204396.73114118728 519855.51895737124),원천동
SL_0935,37.278123,127.049791,정상,2013,POINT (204415.78575324203 519880.27815220744),원천동
SL_0936,37.278199,127.049853,정상,2013,POINT (204421.27986678382 519888.7157466146),원천동
SL_0937,37.278431,127.049977,정상,2013,POINT (204432.26336992494 519914.46957685443),원천동
SL_0938,37.278798,127.050118,정상,2013,POINT (204444.7465259966 519955.2069106592),원천동
SL_0939,37.280164,127.04982,정상,2013,POINT (204418.23836068073 520106.7955900999),원천동
SL_0940,37.279048,127.050285,정상,2013,POINT (204459.54227850027 519982.9604927279),원천동
SL_0941,37.278999,127.050606,정상,2013,POINT (204488.0131836407 519977.5375125094),원천동
SL_0942,37.278951,127.050947,정상,2013,POINT (204518.25777515574 519972.226566915),원천동
SL_0943,37.278908,127.051282,정상,2013,POINT (204547.96999119475 519967.47035632125),원천동
SL_0944,37.278861,127.051598,정상,2013,POINT (204575.99745757328 519962.26940012304),원천동
SL_0945,37.27937,127.050279,정상,2013,POINT (204458.9911716872 520018.6967017587),원천동
SL_0946,37.279787,127.050358,정상,2013,POINT (204465.9726464782 520064.9802983238),원천동
SL_0947,37.279929,127.050398,정상,2013,POINT (204469.51162909446 520080.741760264),원천동
SL_0948,37.279904,127.050674,정상,2013,POINT (204493.98998548381 520077.9802642943),원천동
SL_0949,37.279827,127.05126,정상,2013,POINT (204545.9636403436 520069.46258158865),원천동
SL_0950,37.279983,127.050051,정상,2013,POINT (204438.735001907 520086.7184979765),원천동
SL_0951,37.279764,127.051785,정상,2013,POINT (204592.5267947421 520062.4960182575),원천동
SL_0952,37.279949,127.051576,정상,2013,POINT (204573.98053823522 520083.0177294727),원천동
SL_0953,37.280019,127.05101,정상,2013,POINT (204523.78104152746 520090.75931464555),원천동
SL_0954,37.280089,127.050429,정상,2013,POINT (204472.2513760418 520098.5004909256),원천동
SL_0955,37.280362,127.050474,정상,2013,POINT (204476.22599454474 520128.80095474806),원천동
SL_0956,37.280821,127.050562,정상,2013,POINT (204484.0029396408 520179.7462830136),원천동
SL_0957,37.281285,127.050652,정상,2013,POINT (204491.9568579698 520231.24663217633),원천동
SL_0958,37.281452,127.050475,정상,2013,POINT (204476.25012619348 520249.7723914413),이의동
SL_0959,37.281055,127.050404,정상,2013,POINT (204469.97714524993 520205.7088096706),원천동
SL_0960,37.28063,127.050319,정상,2013,POINT (204462.46418264598 520158.537053267),원천동
SL_0961,37.279918,127.049721,정상,2013,POINT (204409.47299188082 520079.489174863),원천동
SL_0962,37.280202,127.050229,정상,2013,POINT (204454.50789188748 520111.0321228563),원천동
SL_0963,37.279927,127.050184,정상,2013,POINT (204450.53330416558 520080.5097044102),원천동
SL_0964,37.27954,127.050099,정상,2013,POINT (204443.0178851132 520037.5553248259),원천동
SL_0965,37.279127,127.050022,정상,2013,POINT (204436.2133963424 519991.7157747995),원천동
SL_0966,37.278729,127.049876,정상,2013,POINT (204423.28863912402 519947.53774815815),원천동
SL_0967,37.279625,127.04967,정상,2013,POINT (204404.96716624653 520046.96880773467),원천동
SL_0968,37.27935,127.049594,정상,2013,POINT (204398.2431327836 520016.4449741107),원천동
SL_0969,37.279076,127.049504,정상,2013,POINT (204390.27739771197 519986.0314803824),원천동
SL_0970,37.278794,127.049399,정상,2013,POINT (204380.9817838287 519954.72943779104),원천동
SL_0971,37.278569,127.04932,정상,2013,POINT (204373.9886374428 519929.75463316904),원천동
SL_0972,37.27715,127.050046,정상,2013,POINT (204438.4579220779 519772.303759093),원천동
SL_0973,37.277386,127.051143,정상,2013,POINT (204535.73402851948 519798.5477475462),원천동
SL_0974,37.277766,127.051451,정상,2013,POINT (204563.02677773486 519840.73604806274),원천동
SL_0975,37.27794,127.051239,정상,2013,POINT (204544.21470569982 519860.03686225176),원천동
SL_0976,37.278205,127.051279,정상,2013,POINT (204547.74622871116 519889.44924588304),원천동
SL_0977,37.278546,127.051336,정상,2013,POINT (204552.78081175007 519927.29714938125),원천동
SL_0978,37.278674,127.051059,정상,2013,POINT (204528.20714013948 519941.4896627137),원천동
SL_0979,37.278737,127.050611,정상,2013,POINT (204488.47216793493 519948.4602331491),원천동
SL_0980,37.278237,127.050518,정상,2013,POINT (204480.25403153122 519892.9643841444),원천동
SL_0981,37.276983,127.050266,정상,2013,POINT (204457.97903619148 519753.7799673283),원천동
SL_0982,37.276791,127.050444,정상,2013,POINT (204473.7768215106 519732.4796631297),원천동
SL_0983,37.276638,127.050596,정상,2013,POINT (204487.26647832335 519715.5064866632),원천동
SL_0984,37.276469,127.050751,정상,2013,POINT (204501.02320737607 519696.75774952525),원천동
SL_0985,37.276417,127.050906,정상,2013,POINT (204514.77301043662 519690.99402779154),원천동
SL_0986,37.276512,127.051002,정상,2013,POINT (204523.28141566712 519701.54198374494),원천동
SL_0987,37.276775,127.051038,정상,2013,POINT (204526.4584476108 519730.73219422187),원천동
SL_0988,37.277081,127.051092,정상,2013,POINT (204531.22925845563 519764.695531986),원천동
SL_0989,37.2789,127.050501,정상,2013,POINT (204478.70708208965 519966.5452299569),원천동
SL_0990,37.277154,127.050684,정상,2013,POINT (204495.04035520926 519772.7778154854),원천동
SL_0991,37.276865,127.050647,정상,2013,POINT (204491.77608719154 519740.7020135245),원천동
SL_0992,37.277356,127.050858,정상,2013,POINT (204510.45993932497 519795.2046348449),원천동
SL_0993,37.277746,127.0508,정상,2013,POINT (204505.29283059397 519838.48518758634),원천동
SL_0994,37.277825,127.05045,정상,2013,POINT (204474.24774917317 519847.2362224622),원천동
SL_0995,37.278566,127.05042,정상,2013,POINT (204471.54331271048 519929.47311435605),원천동
SL_0996,37.278318,127.050326,정상,2013,POINT (204463.2214800008 519901.9449209664),원천동
SL_0997,37.277864,127.049971,정상,2013,POINT (204431.76449506634 519851.54200621997),원천동
SL_0998,37.277647,127.049762,정상,2013,POINT (204413.2416363695 519827.4489532784),원천동
SL_0999,37.277454,127.049644,정상,2013,POINT (204402.78781252564 519806.02376230893),원천동
SL_1000,37.277557,127.049934,정상,2013,POINT (204428.50107090577 519817.46853368497),원천동
SL_1001,37.277449,127.050252,정상,2013,POINT (204456.70993418412 519805.4973188285),원천동
SL_1002,37.277402,127.050517,정상,2013,POINT (204480.2148333566 519800.2936419848),원천동
SL_1003,37.265146,127.062471,정상,2014,POINT (205541.28069333915 518440.7221749978),원천동
SL_1004,37.266156,127.064676,정상,2014,POINT (205736.79123462958 518552.9460530679),원천동
SL_1005,37.266242,127.064901,정상,2014,POINT (205756.7422948949 518562.50422663946),원천동
SL_1006,37.266325,127.065129,정상,2014,POINT (205776.95963976978 518571.72968300775),원천동
SL_1007,37.266408,127.065361,정상,2014,POINT (205797.53174097912 518580.9554333304),원천동
SL_1008,37.266485,127.065564,정상,2014,POINT (205815.53195605773 518589.51355552603),원천동
SL_1009,37.266548,127.065736,정상,2014,POINT (205830.78351394407 518596.5160484499),원천동
SL_1010,37.266638,127.065981,정상,2014,POINT (205852.5080526219 518606.5196138471),원천동
SL_1011,37.266744,127.06628,정상,2014,POINT (205879.02108517534 518618.3023121465),원천동
SL_1012,37.266831,127.066531,정상,2014,POINT (205901.2779423233 518627.9734290505),원천동
SL_1013,37.266941,127.066841,정상,2014,POINT (205928.7662204086 518640.2009018348),원천동
SL_1014,37.265295,127.062713,정상,2014,POINT (205562.73553502478 518457.27278709),원천동
SL_1015,37.267022,127.067072,정상,2014,POINT (205949.24944531472 518649.2049973931),원천동
SL_1016,37.267101,127.067298,정상,2014,POINT (205969.28928738338 518657.986862325),원천동
SL_1017,37.267202,127.067577,정상,2014,POINT (205994.02840537168 518669.2137503158),원천동
SL_1018,37.267315,127.067878,정상,2014,POINT (206020.7178827581 518681.77390330436),원천동
SL_1019,37.267452,127.068236,정상,2014,POINT (206052.4612016137 518697.0013704322),원천동
SL_1020,37.267558,127.068516,정상,2014,POINT (206077.28839069276 518708.78348218824),원천동
SL_1021,37.267661,127.068781,정상,2014,POINT (206100.78527157707 518720.2317523614),원천동
SL_1022,37.267765,127.069048,정상,2014,POINT (206124.45940463638 518731.79120074253),원천동
SL_1023,37.267843,127.069291,정상,2014,POINT (206146.00682248708 518740.4636070228),원천동
SL_1025,37.265425,127.062942,정상,2014,POINT (205583.038577746 518471.7140172408),원천동
SL_1027,37.267164,127.066988,정상,2014,POINT (205941.7875334917 518664.9592591155),원천동
SL_1028,37.267072,127.066725,정상,2014,POINT (205918.4668195841 518654.73237002717),원천동
SL_1029,37.26698,127.066452,정상,2014,POINT (205894.25905384435 518644.5049229899),원천동
SL_1030,37.266714,127.066894,정상,2014,POINT (205933.48510746995 518615.01115788973),원천동
SL_1031,37.266419,127.067057,정상,2014,POINT (205947.9663805774 518582.2815053898),원천동
SL_1032,37.26613,127.067218,정상,2014,POINT (205962.26989227437 518550.2176492921),원천동
SL_1033,37.265828,127.067381,정상,2014,POINT (205976.75194206613 518516.7111708557),원천동
SL_1034,37.265662,127.067141,정상,2014,POINT (205955.47680784302 518498.2729186838),원천동
SL_1035,37.26552,127.066904,정상,2014,POINT (205934.46580060403 518482.4984927068),원천동
SL_1036,37.265545,127.063164,정상,2014,POINT (205602.72138321406 518485.0450559651),원천동
SL_1037,37.265644,127.063404,정상,2014,POINT (205624.00230676366 518496.04657530796),원천동
SL_1038,37.265722,127.06361,정상,2014,POINT (205642.2689087523 518504.71548534255),원천동
SL_1039,37.265828,127.063864,정상,2014,POINT (205664.7910185092 518516.4948219941),원천동
SL_1040,37.265923,127.064083,정상,2014,POINT (205684.20936619368 518527.05130710115),원천동
SL_1041,37.266037,127.064385,정상,2014,POINT (205710.9883830697 518539.7215140363),원천동
SL_1042,37.268638,127.058626,정상,2012,POINT (205199.98269917408 518828.0554111794),원천동
SL_1043,37.269914,127.060366,정상,2012,POINT (205354.2261039827 518969.7663984042),원천동
SL_1044,37.269682,127.059938,정상,2012,POINT (205316.28049959225 518943.9942722745),원천동
SL_1045,37.269495,127.059785,정상,2012,POINT (205302.72307389288 518923.2319181302),원천동
SL_1046,37.269347,127.059498,정상,2012,POINT (205277.2774913453 518906.79043003847),원천동
SL_1047,37.269196,127.059216,정상,2012,POINT (205252.2755020417 518890.0163490355),원천동
SL_1048,37.269034,127.0589,정상,2012,POINT (205224.25847197478 518872.01965542097),원천동
SL_1049,37.268973,127.058607,정상,2012,POINT (205198.27441621604 518865.2335725314),원천동
SL_1050,37.268845,127.058364,정상,2012,POINT (205176.72976728462 518851.01446350827),원천동
SL_1051,37.268935,127.058984,정상,2012,POINT (205231.71587754204 518861.0370088845),원천동
SL_1052,37.269097,127.059292,정상,2012,POINT (205259.0233521991 518879.0332823826),원천동
SL_1053,37.269243,127.059579,정상,2012,POINT (205284.46919447434 518895.25274887646),원천동
SL_1054,37.269394,127.059873,정상,2012,POINT (205310.53546406145 518912.0275994742),원천동
SL_1055,37.269574,127.060436,정상,2012,POINT (205360.45893148135 518932.0362367616),원천동
SL_1056,37.269754,127.060786,정상,2012,POINT (205391.4898594518 518952.03301314765),원천동
SL_1057,37.269931,127.061153,정상,2012,POINT (205424.02868753232 518971.69793130923),원천동
SL_1058,37.270141,127.06064,정상,2012,POINT (205378.51267900472 518994.9750181971),원천동
SL_1059,37.272762,127.05337,정상,1993,POINT (204733.53014707263 519285.47230163874),매탄동
SL_1060,37.269296,127.052017,정상,1993,POINT (204613.7403825384 518900.73928447306),매탄동
SL_1061,37.268927,127.051876,정상,1993,POINT (204601.25658911554 518859.77980007586),매탄동
SL_1062,37.268645,127.051769,정상,1993,POINT (204591.78311069572 518828.477480901),매탄동
SL_1063,37.268352,127.051653,정상,1993,POINT (204581.51194691236 518795.9539285547),매탄동
SL_1064,37.268325,127.05189,정상,1993,POINT (204602.53499097505 518792.96889806306),매탄동
SL_1065,37.268697,127.052036,정상,1993,POINT (204615.46218256737 518834.26157208276),매탄동
SL_1066,37.269066,127.052178,정상,1993,POINT (204628.03464196192 518875.2211249583),매탄동
SL_1067,37.269373,127.052299,정상,1993,POINT (204638.74815261198 518909.2987415039),매탄동
SL_1068,37.269706,127.052437,정상,1993,POINT (204650.9678144806 518946.2627597287),매탄동
SL_1069,37.270062,127.052567,정상,1993,POINT (204662.4763828662 518985.77900630323),매탄동
SL_1070,37.272328,127.053197,정상,1993,POINT (204718.21338961826 519237.29713772197),매탄동
SL_1071,37.270391,127.052697,정상,1993,POINT (204673.98651148647 519022.2987374453),매탄동
SL_1072,37.270688,127.052813,정상,1993,POINT (204684.2567904214 519055.2663457447),매탄동
SL_1073,37.271172,127.052994,정상,1993,POINT (204700.28052615828 519108.9909683896),매탄동
SL_1074,37.271535,127.05314,정상,1993,POINT (204713.2073080177 519149.2849690438),매탄동
SL_1075,37.271967,127.053307,정상,1993,POINT (204727.99221907253 519197.2378517966),매탄동
SL_1076,37.271843,127.053011,정상,1993,POINT (204701.74660856224 519183.4612387186),매탄동
SL_1077,37.271364,127.052825,정상,1993,POINT (204685.27924374506 519130.2912731441),매탄동
SL_1078,37.271039,127.052706,정상,1993,POINT (204674.74470825552 519094.2159947221),매탄동
SL_1079,37.270607,127.052531,정상,1993,POINT (204659.24974832503 519046.2628198001),매탄동
SL_1080,37.270262,127.052401,정상,1993,POINT (204647.7405721588 519007.96738393605),매탄동
SL_1081,37.269936,127.052266,정상,1993,POINT (204635.78664546862 518971.7803928857),매탄동
SL_1082,37.269609,127.052136,정상,1993,POINT (204624.27615863114 518935.48268260644),매탄동
SL_1083,37.25483,127.03978,정상,2002,POINT (203529.03272532803 517294.7389396427),매탄동
SL_1084,37.257524,127.041748,정상,2002,POINT (203703.48949685242 517593.8008748247),매탄동
SL_1085,37.257888,127.041963,정상,2002,POINT (203722.54436155965 517634.2069349012),매탄동
SL_1086,37.258325,127.042208,정상,2002,POINT (203744.25672139856 517682.7159496496),매탄동
SL_1087,37.258749,127.042479,정상,2002,POINT (203768.27591509654 517729.78328668396),매탄동
SL_1088,37.258501,127.042611,정상,2002,POINT (203779.99791573326 517702.2648897728),매탄동
SL_1089,37.258062,127.042352,정상,2002,POINT (203757.04397298803 517653.5332600924),매탄동
SL_1090,37.257697,127.042123,정상,2002,POINT (203736.74742224603 517613.0155850203),매탄동
SL_1091,37.257388,127.041957,정상,2002,POINT (203722.03670136209 517578.71545632556),매탄동
SL_1092,37.257287,127.041993,정상,2002,POINT (203725.2352619008 517567.50764229416),매탄동
SL_1093,37.257107,127.04241,정상,2002,POINT (203762.23664531184 517547.5472916079),매탄동
SL_1094,37.25506,127.040045,정상,2002,POINT (203552.53106845173 517320.27481317474),매탄동
SL_1095,37.25694,127.042796,정상,2002,POINT (203796.48750240402 517529.0286326209),매탄동
SL_1096,37.256811,127.0431,정상,2002,POINT (203823.46224958272 517514.72413176385),매탄동
SL_1097,37.25671,127.043329,정상,2002,POINT (203843.7822978078 517503.5241782757),매탄동
SL_1098,37.25657,127.043692,정상,2002,POINT (203875.99176124 517488.0014373047),매탄동
SL_1099,37.25646,127.043937,정상,2002,POINT (203897.73179724085 517475.80342793546),매탄동
SL_1100,37.256326,127.044261,정상,2002,POINT (203926.481387454 517460.945170493),매탄동
SL_1101,37.256069,127.044856,정상,2002,POINT (203979.27854240217 517432.44752905134),매탄동
SL_1102,37.255925,127.045205,정상,2002,POINT (204010.2467670268 517416.48078603746),매탄동
SL_1103,37.255853,127.045647,정상,2002,POINT (204049.46153060754 517408.50886913395),매탄동
SL_1104,37.256062,127.045836,정상,2002,POINT (204066.21696914872 517431.71230551606),매탄동
SL_1105,37.255296,127.040304,정상,2002,POINT (203575.49670578568 517346.4764215305),매탄동
SL_1106,37.256389,127.046099,정상,2002,POINT (204089.53062869402 517468.01490172755),매탄동
SL_1107,37.256251,127.046431,정상,2002,POINT (204118.9905002354 517452.71371921076),매탄동
SL_1108,37.2559,127.046135,정상,2002,POINT (204092.7507123209 517413.74603552977),매탄동
SL_1109,37.25567,127.045938,정상,2002,POINT (204075.2867403915 517388.21157085575),매탄동
SL_1110,37.255777,127.044974,정상,2002,POINT (203989.76199268558 517400.0456202116),매탄동
SL_1111,37.255905,127.044664,정상,2002,POINT (203962.25437085365 517414.2383511387),매탄동
SL_1112,37.256063,127.044315,정상,2002,POINT (203931.28550195394 517431.7590254344),매탄동
SL_1113,37.256241,127.043898,정상,2002,POINT (203894.2833088597 517451.4966633809),매탄동
SL_1114,37.256419,127.043467,정상,2002,POINT (203856.03932346636 517471.2338943629),매탄동
SL_1115,37.256575,127.043075,정상,2002,POINT (203821.25638465435 517488.5312596713),매탄동
SL_1116,37.255931,127.040527,정상,2002,POINT (203595.2495729469 517416.9587228084),매탄동
SL_1117,37.256554,127.042971,정상,2002,POINT (203812.03142578813 517486.1964339389),매탄동
SL_1118,37.256318,127.042801,정상,2002,POINT (203796.9622770247 517459.99773900805),매탄동
SL_1119,37.255901,127.042522,정상,2002,POINT (203772.2324206232 517413.70689803525),매탄동
SL_1120,37.256419,127.042635,정상,2002,POINT (203782.23103491575 517471.2003208976),매탄동
SL_1121,37.256613,127.042768,정상,2002,POINT (203794.01998629305 517492.7362423352),매탄동
SL_1122,37.25673,127.042703,정상,2002,POINT (203788.24786974207 517505.7185873008),매탄동
SL_1123,37.256877,127.042387,정상,2002,POINT (203760.20772267508 517522.02040871826),매탄동
SL_1124,37.257073,127.041923,정상,2002,POINT (203719.03602169387 517543.7546393109),매탄동
SL_1125,37.257001,127.041765,정상,2002,POINT (203705.02319130133 517535.75770418136),매탄동
SL_1126,37.256798,127.04161,정상,2002,POINT (203691.28286007704 517513.2222059221),매탄동
SL_1127,37.256357,127.040899,정상,2002,POINT (203628.2301762523 517464.25144528924),매탄동
SL_1128,37.256465,127.041325,정상,2002,POINT (203666.01623652098 517476.25396717986),매탄동
SL_1129,37.256222,127.041119,정상,2002,POINT (203647.75331621344 517449.2772697624),매탄동
SL_1130,37.25606,127.040978,정상,2002,POINT (203635.25269230132 517431.2926867123),매탄동
SL_1131,37.255738,127.040735,정상,2002,POINT (203613.71098290215 517395.5470313151),매탄동
SL_1132,37.25526,127.040555,정상,2002,POINT (203597.7654312927 517342.4905653529),매탄동
SL_1133,37.254925,127.040276,고장,2002,POINT (203573.03025756625 517305.30087997916),매탄동
SL_1134,37.256641,127.041147,정상,2002,POINT (203650.21703855623 517495.78000096406),매탄동
SL_1135,37.256972,127.041424,정상,2002,POINT (203674.7740800003 517532.52591765445),매탄동
SL_1136,37.257186,127.041506,정상,2002,POINT (203682.03798555885 517556.27935423807),매탄동
SL_1137,37.257321,127.041632,정상,2002,POINT (203693.20897901824 517571.26689819724),매탄동
SL_1138,37.258909,127.042394,정상,2002,POINT (203760.72768265227 517747.5371068227),매탄동
SL_1139,37.259737,127.038787,정상,2002,POINT (203440.7167849971 517839.29339298175),매탄동
SL_1140,37.259818,127.038424,정상,2002,POINT (203408.51213361655 517848.26984154654),매탄동
SL_1141,37.258997,127.042011,정상,2002,POINT (203726.74781358812 517757.28841684246),매탄동
SL_1142,37.259082,127.041648,정상,2002,POINT (203694.54234530247 517766.7076975301),매탄동
SL_1143,37.259179,127.041225,정상,2002,POINT (203657.01384954582 517777.4565717877),매탄동
SL_1144,37.259274,127.040813,정상,2002,POINT (203620.46133966715 517787.9840696412),매탄동
SL_1145,37.259382,127.040323,정상,2002,POINT (203576.9890497378 517799.95154846716),매탄동
SL_1146,37.259464,127.039974,정상,2002,POINT (203546.02597072872 517809.0389809473),매탄동
SL_1147,37.259547,127.039616,정상,2002,POINT (203514.2645384523 517818.2371759774),매탄동
SL_1148,37.259637,127.03921,정상,2002,POINT (203478.24486432652 517828.2106036487),매탄동
SL_1149,37.258796,127.042879,정상,2002,POINT (203803.7572128856 517735.0154664847),매탄동
SL_1150,37.258351,127.045888,정상,2002,POINT (204070.70683614965 517685.7534344861),매탄동
SL_1151,37.258283,127.046317,정상,2002,POINT (204108.76695686008 517678.2251632189),매탄동
SL_1152,37.258229,127.046723,정상,2002,POINT (204144.78605402083 517672.2498119554),매탄동
SL_1153,37.258179,127.047016,정상,2002,POINT (204170.78077161618 517666.713559334),매탄동
SL_1154,37.258136,127.047224,정상,2002,POINT (204189.23479602803 517661.9504987882),매탄동
SL_1155,37.25854,127.047301,정상,2002,POINT (204196.04304671587 517706.79084017326),매탄동
SL_1156,37.258594,127.04692,정상,2002,POINT (204162.2417943221 517712.7670709572),매탄동
SL_1157,37.258668,127.046418,정상,2002,POINT (204117.70567957097 517720.9578164421),매탄동
SL_1158,37.258729,127.046035,정상,2002,POINT (204083.72674412423 517727.71115390764),매탄동
SL_1159,37.258793,127.045525,정상,2002,POINT (204038.48164693013 517734.7921494618),매탄동
SL_1160,37.258751,127.043192,정상,2002,POINT (203831.525439813 517730.0338798156),매탄동
SL_1161,37.259029,127.045568,정상,2002,POINT (204042.28352704574 517760.9858577417),매탄동
SL_1162,37.259534,127.04572,정상,2002,POINT (204055.74019226417 517817.03853232344),매탄동
SL_1163,37.259917,127.045771,정상,2002,POINT (204060.2437539868 517859.5470266163),매탄동
SL_1164,37.26009,127.045337,정상,2002,POINT (204021.73537763342 517878.7284725474),매탄동
SL_1165,37.260217,127.044762,정상,2002,POINT (203970.72185183212 517892.7989735117),매탄동
SL_1166,37.260314,127.044289,정상,2002,POINT (203928.75819842936 517903.5445381588),매탄동
SL_1167,37.260433,127.043728,정상,2002,POINT (203878.98729054112 517916.7283178509),매탄동
SL_1168,37.260228,127.043689,고장,2002,POINT (203875.53821392567 517893.9753000241),매탄동
SL_1169,37.2601,127.044269,정상,2002,POINT (203926.99516205792 517879.7934456986),매탄동
SL_1170,37.259996,127.044771,정상,2002,POINT (203971.53182219798 517868.2722114506),매탄동
SL_1171,37.258701,127.043513,정상,2002,POINT (203860.0036285677 517724.4977987416),매탄동
SL_1172,37.259881,127.045309,정상,2002,POINT (204019.26267062427 517855.53193409916),매탄동
SL_1173,37.25968,127.045481,정상,2002,POINT (204034.5311374029 517833.23176501686),매탄동
SL_1174,37.259182,127.045311,고장,2002,POINT (204019.47722903968 517777.95523609716),매탄동
SL_1175,37.258899,127.044922,정상,2002,POINT (203984.98447430698 517746.5307342297),매탄동
SL_1176,37.258953,127.044528,정상,2002,POINT (203950.03031735963 517752.5072722027),매탄동
SL_1177,37.259014,127.04413,정상,2002,POINT (203914.72101269802 517759.26066783635),매탄동
SL_1178,37.259068,127.043739,정상,2002,POINT (203880.03308547166 517765.23762137967),매탄동
SL_1179,37.25912,127.043392,정상,2002,POINT (203849.24849306967 517770.99454195966),매탄동
SL_1180,37.259165,127.043059,정상,2002,POINT (203819.70621769194 517775.97526280535),매탄동
SL_1181,37.258663,127.043817,정상,2002,POINT (203886.97318083106 517720.2929059915),매탄동
SL_1182,37.258606,127.044167,정상,2002,POINT (203918.02437204774 517713.9813356955),매탄동
SL_1183,37.258561,127.044513,정상,2002,POINT (203948.7201461394 517709.00150340446),매탄동
SL_1184,37.258511,127.044843,정상,2002,POINT (203977.99686889243 517703.4661981913),매탄동
SL_1185,37.25845,127.045223,정상,2002,POINT (204011.70968830318 517696.7123058663),매탄동
SL_1186,37.258416,127.045488,정상,2002,POINT (204035.21952062406 517692.9501669257),매탄동
SL_1188,37.254184,127.039895,정상,1999,POINT (203539.2650262626 517223.04858682276),매탄동
SL_1189,37.25392,127.040072,정상,1999,POINT (203554.9798982827 517193.75586207764),매탄동
SL_1190,37.253559,127.040295,정상,1999,POINT (203574.7803586139 517153.69961067487),매탄동
SL_1191,37.253273,127.040469,정상,1999,POINT (203590.23038131086 517121.96522865264),매탄동
SL_1192,37.252922,127.040694,정상,1999,POINT (203610.20813347553 517083.0189647525),매탄동
SL_1193,37.252629,127.040894,정상,1999,POINT (203627.96537973773 517050.5087706566),매탄동
SL_1194,37.252338,127.041131,정상,1999,POINT (203649.0051837585 517018.22200615756),매탄동
SL_1195,37.252086,127.041401,정상,1999,POINT (203672.97091761575 516990.26488871383),매탄동
SL_1196,37.251876,127.041624,정상,1999,POINT (203692.76504991789 516966.96726588375),매탄동
SL_1204,37.254051,127.039531,정상,1999,POINT (203506.97911136204 517208.2743759924),매탄동
SL_1205,37.2647,127.061983,정상,2003,POINT (205498.0267073651 518391.19545540225),원천동
SL_1206,37.264806,127.062118,정상,2003,POINT (205509.99377910333 518402.96746644157),원천동
SL_1207,37.264939,127.062256,정상,2003,POINT (205522.2249515809 518417.7362009201),원천동
SL_1208,37.265063,127.062431,정상,2003,POINT (205537.73870455407 518431.50827460206),원천동
SL_1209,37.265182,127.062629,정상,2003,POINT (205555.2929109228 518444.726814175),원천동
SL_1210,37.265292,127.06282,정상,2003,POINT (205572.2268148011 518456.9461347993),원천동
SL_1211,37.265394,127.062981,정상,2003,POINT (205586.5002195958 518468.27585716115),원천동
SL_1212,37.270217,127.061533,정상,2012,POINT (205457.7125416465 519003.46084375354),원천동
SL_1213,37.272056,127.064396,정상,2012,POINT (205711.50944498673 519207.7271120203),원천동
SL_1214,37.272268,127.064605,정상,2012,POINT (205730.0303312089 519231.26809668087),원천동
SL_1215,37.272502,127.064816,정상,2012,POINT (205748.72682679436 519257.25086577266),원천동
SL_1216,37.272738,127.065036,정상,2012,POINT (205768.22128869078 519283.45619193284),원천동
SL_1217,37.272961,127.065239,정상,2012,POINT (205786.20885148452 519308.2177485231),원천동
SL_1218,37.273182,127.065445,정상,2012,POINT (205804.46253823658 519332.7575632105),원천동
SL_1219,37.273254,127.065299,정상,2012,POINT (205791.50795684973 519340.7393764729),원천동
SL_1220,37.273038,127.065096,정상,2012,POINT (205773.51994509617 519316.75468669436),원천동
SL_1221,37.27282,127.064879,정상,2012,POINT (205754.29028544392 519292.54721930984),원천동
SL_1222,37.272585,127.064673,정상,2012,POINT (205736.03742651144 519266.45375666756),원천동
SL_1223,37.270458,127.061889,정상,2012,POINT (205489.27071859213 519030.22827740386),원천동
SL_1224,37.272356,127.064464,정상,2012,POINT (205717.51792057877 519241.02605023625),원천동
SL_1225,37.272144,127.064258,정상,2012,POINT (205699.26310126318 519217.48527357186),원천동
SL_1226,37.271822,127.063635,정상,2012,POINT (205644.03111812504 519181.71147574397),원천동
SL_1227,37.271649,127.06331,정상,2012,POINT (205615.2184720253 519162.49211966875),원천동
SL_1228,37.271458,127.062955,정상,2012,POINT (205583.74619628917 519141.2734026904),원천동
SL_1229,37.271267,127.062603,정상,2012,POINT (205552.53984490442 519120.05498067825),원천동
SL_1230,37.271062,127.06223,정상,2012,POINT (205519.47176900133 519097.2816918194),원천동
SL_1231,37.27083,127.061844,정상,2012,POINT (205485.25243793186 519071.5112464414),원천동
SL_1232,37.270612,127.061511,정상,2012,POINT (205455.73273552483 519047.297755045),원천동
SL_1233,37.270366,127.061176,정상,2012,POINT (205426.03748106005 519019.9767373351),원천동
SL_1234,37.270672,127.062233,정상,2012,POINT (205519.766323497 519053.99859691726),원천동
SL_1235,37.270886,127.062628,정상,2012,POINT (205554.78519686806 519077.77202135045),원천동
SL_1236,37.271091,127.062997,정상,2012,POINT (205587.49847545967 519100.54521247523),원천동
SL_1237,37.271293,127.063364,정상,2012,POINT (205620.03441066828 519122.98546506325),원천동
SL_1238,37.271482,127.063702,정상,2012,POINT (205649.99901123627 519143.98133671784),원천동
SL_1239,37.271653,127.064007,정상,2012,POINT (205677.03791124356 519162.97764590353),원천동
SL_1240,37.271831,127.06432,정상,2012,POINT (205704.78571133636 519182.7514045943),원천동
SL_1241,37.281676,127.052911,정상,2012,POINT (204692.2668514258 520274.7506302944),원천동
SL_1242,37.27957,127.052202,정상,2012,POINT (204629.52011553684 520040.9856619689),원천동
SL_1243,37.279325,127.052162,정상,2012,POINT (204625.98772006299 520013.7928947221),원천동
SL_1244,37.279063,127.052108,정상,2012,POINT (204621.21474649347 519984.7127369122),원천동
SL_1245,37.281476,127.052778,정상,2012,POINT (204680.48449551436 520252.5474529317),원천동
SL_1246,37.281268,127.052662,정상,2012,POINT (204670.21017788633 520229.45726866915),원천동
SL_1247,37.281057,127.052578,정상,2012,POINT (204662.77384418744 520206.0357260097),원천동
SL_1248,37.280845,127.052513,정상,2012,POINT (204657.02251194412 520182.5041431588),원천동
SL_1249,37.280633,127.052456,정상,2012,POINT (204651.9806151945 520158.9729585343),원천동
SL_1250,37.280422,127.052386,정상,2012,POINT (204645.78574000546 520135.55212216976),원천동
SL_1251,37.280154,127.052304,정상,2012,POINT (204638.53012024288 520105.8046766771),원천동
SL_1252,37.279888,127.052258,정상,2012,POINT (204634.46696324757 520076.2809678471),원천동
SL_1253,37.278951,127.051719,정상,2012,POINT (204586.7229498558 519972.26372032164),원천동
SL_1254,37.281111,127.052211,정상,2012,POINT (204630.2238792468 520212.01077633054),원천동
SL_1255,37.281359,127.052304,정상,2012,POINT (204638.45617191234 520239.5391001635),원천동
SL_1256,37.281577,127.052434,정상,2012,POINT (204649.9715027339 520263.739763353),이의동
SL_1257,37.281789,127.052559,정상,2012,POINT (204661.04372638505 520287.2742992522),이의동
SL_1258,37.279185,127.051762,정상,2012,POINT (204590.52221388806 519998.2358029181),원천동
SL_1259,37.279431,127.051799,정상,2012,POINT (204593.7886154883 520025.5393916761),원천동
SL_1260,37.279663,127.051844,정상,2012,POINT (204597.76532408287 520051.28961102915),원천동
SL_1261,37.279955,127.0519,정상,2012,POINT (204602.7138824159 520083.69934298116),원천동
SL_1262,37.28021,127.051943,정상,2012,POINT (204606.51176596188 520112.0020785124),원천동
SL_1263,37.280453,127.052016,정상,2012,POINT (204612.97086654266 520138.97448458447),원천동
SL_1264,37.280676,127.052081,정상,2012,POINT (204618.7216802423 520163.7268476686),원천동
SL_1265,37.280895,127.052146,정상,2012,POINT (204624.4727045906 520188.0352839577),원천동
SL_1266,37.273156,127.053827,정상,2012,POINT (204774.03784205063 519329.222479209),원천동
SL_1267,37.273841,127.053903,정상,2012,POINT (204780.7351388465 519405.2495270693),원천동
SL_1268,37.274395,127.053811,정상,2012,POINT (204772.54055293827 519466.72935320414),원천동
SL_1269,37.274105,127.053686,정상,2012,POINT (204761.47246644602 519434.5380419264),원천동
SL_1270,37.273825,127.053565,정상,2012,POINT (204750.75843235524 519403.45677571115),원천동
SL_1271,37.273526,127.053418,정상,2012,POINT (204737.73952242706 519370.2655493889),원천동
SL_1272,37.273321,127.053232,정상,2012,POINT (204721.25564449976 519347.5047797726),원천동
SL_1273,37.274519,127.05334,정상,2012,POINT (204730.75942441187 519480.46756455017),원천동
SL_1274,37.274274,127.053202,정상,2012,POINT (204718.53540439368 519453.26988548314),원천동
SL_1275,37.274274,127.05281,정상,2012,POINT (204683.76855314747 519453.2504060604),원천동
SL_1276,37.274272,127.052426,정상,2012,POINT (204649.71135253916 519453.0094982473),원천동
SL_1277,37.273373,127.053751,정상,2012,POINT (204767.28354749418 519353.30191096),원천동
SL_1278,37.274274,127.052015,정상,2012,POINT (204613.25925041654 519453.21134293295),원천동
SL_1279,37.274286,127.051733,정상,2012,POINT (204588.247675202 519454.5294225655),원천동
SL_1280,37.274293,127.051361,정상,2012,POINT (204555.25422657284 519455.2883254214),원천동
SL_1281,37.274304,127.050924,정상,2012,POINT (204516.49563561942 519456.4881841016),원천동
SL_1282,37.27432,127.050462,정상,2012,POINT (204475.51948757554 519458.24195284),원천동
SL_1283,37.274149,127.049985,정상,2012,POINT (204433.22395920096 519439.24143496517),원천동
SL_1284,37.274455,127.050363,정상,2012,POINT (204466.7311132047 519473.21995246294),원천동
SL_1285,37.274635,127.050648,정상,2012,POINT (204491.99727737936 519493.2103519075),원천동
SL_1286,37.274766,127.050913,정상,2012,POINT (204515.4924415978 519507.7617156062),원천동
SL_1287,37.274901,127.051204,정상,2012,POINT (204541.29322969483 519522.75832451816),원천동
SL_1288,37.273647,127.053816,정상,2012,POINT (204773.03122978273 519383.714472392),원천동
SL_1289,37.274815,127.051488,정상,2012,POINT (204566.48644417955 519513.2274733733),원천동
SL_1290,37.274702,127.051719,정상,2012,POINT (204586.98076228285 519500.6975910047),원천동
SL_1291,37.274556,127.05177,정상,2012,POINT (204591.51284193614 519484.49657495046),원천동
SL_1292,37.272861,127.053311,정상,2012,POINT (204728.2910852827 519296.45664607605),매탄동
SL_1293,37.272701,127.053581,정상,2012,POINT (204752.24814532296 519278.71293024917),매탄동
SL_1294,37.272764,127.053711,정상,2012,POINT (204763.77423891524 519285.711382919),매탄동
SL_1295,37.273656,127.05416,정상,2012,POINT (204803.5405969102 519384.730728289),원천동
SL_1296,37.273616,127.054374,정상,2012,POINT (204822.52316627777 519380.3023037326),원천동
SL_1297,37.273971,127.054304,정상,2012,POINT (204816.2921309055 519419.69762974186),원천동
SL_1298,37.274147,127.054371,정상,2012,POINT (204822.22322235935 519439.23401541426),원천동
SL_1299,37.273426,127.054103,정상,2012,POINT (204798.49976923902 519359.2017941511),원천동
SL_1300,37.27371,127.053934,정상,2012,POINT (204783.49286235543 519390.7123480787),원천동
SL_1301,37.248266,127.046331,정상,2014,POINT (204110.55306936507 516566.5150206608),신동
SL_1302,37.249419,127.044603,정상,2014,POINT (203957.18211655505 516694.40399989375),신동
SL_1303,37.24964,127.044286,정상,2014,POINT (203929.04637194556 516718.9178906846),신동
SL_1304,37.249792,127.044043,정상,2014,POINT (203907.47960319289 516735.7771472631),신동
SL_1305,37.249926,127.043816,정상,2014,POINT (203887.33335739354 516750.6394344037),신동
SL_1306,37.250108,127.043561,정상,2014,POINT (203864.7005898148 516770.82777910074),신동
SL_1307,37.250251,127.043381,정상,2014,POINT (203848.7238450898 516786.6909206208),신동
SL_1308,37.250385,127.043178,정상,2014,POINT (203830.70708048582 516801.55432068167),신동
SL_1309,37.250494,127.043017,정상,2014,POINT (203816.41783030608 516813.644893447),신동
SL_1310,37.250798,127.042533,정상,2014,POINT (203773.4627551825 516847.3641246847),신동
SL_1311,37.25092,127.042343,정상,2014,POINT (203756.60018787437 516860.89641492197),신동
SL_1312,37.247906,127.046872,정상,2014,POINT (204158.5711547657 516526.58501926594),신동
SL_1313,37.251051,127.042145,정상,2014,POINT (203739.02748466696 516875.4272644685),매탄동
SL_1314,37.251193,127.04194,정상,2014,POINT (203720.8332751769 516891.178681876),매탄동
SL_1315,37.247624,127.047289,정상,2014,POINT (204195.58380834636 516495.30641069345),신동
SL_1316,37.24746,127.04757,정상,2014,POINT (204220.52389265771 516477.11780514504),신동
SL_1317,37.247332,127.047789,정상,2014,POINT (204239.96126785406 516462.9218578711),신동
SL_1318,37.248708,127.045688,정상,2014,POINT (204053.48150377956 516615.541476089),신동
SL_1319,37.248914,127.045379,정상,2014,POINT (204026.05577726383 516638.3906471361),신동
SL_1320,37.24913,127.045028,정상,2014,POINT (203994.90341340334 516662.3479583373),신동
SL_1321,37.249281,127.044816,정상,2014,POINT (203976.08674757864 516679.0973639143),신동
SL_1322,37.241236,127.049394,정상,2017,POINT (204382.7139349653 515786.44723359164),망포동
SL_1323,37.241289,127.046639,정상,2017,POINT (204138.26074721455 515792.2053131308),망포동
SL_1324,37.24128,127.046957,정상,2017,POINT (204166.47726347373 515791.2204204866),망포동
SL_1325,37.241271,127.047349,정상,2017,POINT (204201.25978032663 515790.2389037835),망포동
SL_1326,37.241253,127.047774,정상,2017,POINT (204238.97088821168 515788.2601684722),망포동
SL_1327,37.241237,127.048107,정상,2017,POINT (204268.51876991047 515786.4994149977),망포동
SL_1328,37.241212,127.048439,정상,2017,POINT (204297.97844546402 515783.7398804363),망포동
SL_1329,37.241189,127.048755,정상,2017,POINT (204326.01835028292 515781.2016823392),망포동
SL_1330,37.241162,127.049076,정상,2017,POINT (204354.50215113864 515778.2198790703),망포동
SL_1331,37.241151,127.049394,정상,2017,POINT (204382.71885652107 515777.01374834875),망포동
SL_1332,37.241045,127.04962,정상,2017,POINT (204402.7779541629 515765.26012328506),망포동
SL_1333,37.24127,127.049087,정상,2017,POINT (204355.4719642576 515790.20646044996),망포동
SL_1334,37.240769,127.049652,정상,2017,POINT (204405.63337530493 515734.6305318212),망포동
SL_1335,37.2407,127.049346,정상,2017,POINT (204378.48591435296 515726.95856685267),망포동
SL_1336,37.240489,127.048663,정상,2017,POINT (204317.89514421273 515703.5099619657),망포동
SL_1337,37.240837,127.049097,정상,2017,POINT (204356.38418089543 515742.1516380817),망포동
SL_1338,37.24084,127.048845,정상,2017,POINT (204334.02400982488 515742.47301913187),망포동
SL_1339,37.240685,127.04866,정상,2017,POINT (204317.61777278903 515725.262330001),망포동
SL_1340,37.241284,127.048786,정상,2017,POINT (204328.76353946564 515791.7464063425),망포동
SL_1341,37.241304,127.048507,정상,2017,POINT (204304.00683495632 515793.95333012636),망포동
SL_1342,37.241325,127.048132,정상,2017,POINT (204270.73204699374 515796.2669742971),망포동
SL_1343,37.241348,127.047786,정상,2017,POINT (204240.03032271907 515798.8040129756),망포동
SL_1344,37.241363,127.047343,정상,2017,POINT (204200.7222967585 515800.44899817894),망포동
SL_1345,37.241364,127.046949,정상,2017,POINT (204165.76280346749 515800.54257163196),망포동
SL_1346,37.241375,127.046639,정상,2017,POINT (204138.2560454774 515801.7497806717),망포동
SL_1347,37.243245,127.051416,정상,2017,POINT (204562.00427849428 516009.5059901343),망포동
SL_1348,37.242696,127.049748,정상,2017,POINT (204414.03910234835 515948.4976826781),망포동
SL_1349,37.242496,127.049581,정상,2017,POINT (204399.2331545363 515926.2934684283),망포동
SL_1350,37.242182,127.049615,정상,2017,POINT (204402.268176361 515891.446637759),망포동
SL_1351,37.241964,127.049654,정상,2017,POINT (204405.74128000595 515867.2543332061),망포동
SL_1352,37.241685,127.049688,정상,2017,POINT (204408.77431107077 515836.29188457294),망포동
SL_1353,37.241437,127.049755,정상,2017,POINT (204414.73362936996 515808.7714244456),망포동
SL_1354,37.243184,127.051213,정상,2017,POINT (204543.9962918611 516002.7263121256),망포동
SL_1355,37.243333,127.051723,정상,2017,POINT (204589.23823431018 516019.2872631262),망포동
SL_1356,37.243432,127.052033,정상,2017,POINT (204616.73763722496 516030.2895753616),망포동
SL_1357,37.243553,127.052245,정상,2017,POINT (204635.5403748793 516043.72878381656),망포동
SL_1358,37.243702,127.052529,정상,2017,POINT (204660.7296600462 516060.27907923603),망포동
SL_1359,37.243076,127.050807,정상,2017,POINT (204507.97939769807 515990.7208232291),망포동
SL_1360,37.24298,127.050556,정상,2017,POINT (204485.71447665035 515980.0546084548),망포동
SL_1361,37.24289,127.050244,정상,2017,POINT (204458.0367525586 515970.0514720361),망포동
SL_1362,37.2428,127.049962,정상,2017,POINT (204433.02079831003 515960.04983133567),망포동
SL_1363,37.239882,127.056866,정상,2013,POINT (205045.7924328324 515636.54942471324),망포동
SL_1364,37.241356,127.058509,정상,2013,POINT (205191.47683028164 515800.22597352916),망포동
SL_1365,37.240847,127.058703,정상,2013,POINT (205208.72538891959 515743.74669819546),망포동
SL_1366,37.240554,127.058734,정상,2013,POINT (205211.49619609624 515711.23062694166),망포동
SL_1367,37.240304,127.058508,정상,2013,POINT (205191.46025079116 515683.47266850487),망포동
SL_1368,37.240248,127.058196,정상,2013,POINT (205163.78006621005 515677.24060510914),망포동
SL_1369,37.24021,127.057897,정상,2013,POINT (205137.25212100885 515673.0070172838),망포동
SL_1370,37.240174,127.057576,정상,2013,POINT (205108.7719335731 515668.99429029087),망포동
SL_1371,37.240102,127.057009,정상,2013,POINT (205058.4663040956 515660.9731305337),망포동
SL_1372,37.239906,127.056753,정상,2013,POINT (205035.7642017675 515639.2069803588),망포동
SL_1373,37.239607,127.05675,정상,2013,POINT (205035.5178978884 515606.023156189),망포동
SL_1374,37.239996,127.057083,정상,2013,POINT (205065.03949230688 515649.2129776015),망포동
SL_1375,37.24003,127.057347,정상,2013,POINT (205088.46222904843 515653.00052686513),망포동
SL_1376,37.240068,127.057632,정상,2013,POINT (205113.74802692633 515657.23320415383),망포동
SL_1377,37.240104,127.057934,정상,2013,POINT (205140.5423625427 515661.24491614616),망포동
SL_1378,37.240144,127.058207,정상,2013,POINT (205164.76320146583 515665.69905995514),망포동
SL_1379,37.240194,127.058534,정상,2013,POINT (205193.77479864447 515671.26605619426),망포동
SL_1380,37.240484,127.058855,정상,2013,POINT (205222.23741487163 515703.468542167),망포동
SL_1381,37.241142,127.058734,정상,2013,POINT (205211.45571308723 515776.48814727995),망포동
SL_1382,37.298626,127.048896,정상,2013,POINT (204335.2349480514 522155.7225443334),이의동
SL_1383,37.300747,127.044989,정상,2013,POINT (203988.71906564676 522390.94609439524),이의동
SL_1384,37.300599,127.044961,정상,2013,POINT (203986.24439999126 522374.51938583155),이의동
SL_1385,37.300403,127.045274,정상,2013,POINT (204014.00541263173 522352.77990294126),이의동
SL_1386,37.300198,127.045654,정상,2013,POINT (204047.70730594778 522330.04452922725),이의동
SL_1387,37.30008,127.045863,정상,2013,POINT (204066.24370785416 522316.9574694666),이의동
SL_1388,37.299941,127.046142,정상,2013,POINT (204090.9875611012 522301.542828467),이의동
SL_1389,37.299706,127.046556,정상,2013,POINT (204127.7059850305 522275.4797511205),이의동
SL_1390,37.299469,127.046985,정상,2013,POINT (204165.75466830595 522249.1955296771),이의동
SL_1391,37.299377,127.047132,고장,2013,POINT (204178.7929808669 522238.99155534006),이의동
SL_1392,37.299237,127.047433,정상,2013,POINT (204205.4878833798 522223.467243051),이의동
SL_1393,37.298874,127.048643,정상,2013,POINT (204312.78920866307 522183.2348228749),이의동
SL_1394,37.299125,127.04769,정상,2013,POINT (204228.28019751652 522211.0485789599),이의동
SL_1395,37.298958,127.048059,정상,2013,POINT (204261.0058163356 522192.530938905),이의동
SL_1396,37.298827,127.048361,정상,2013,POINT (204287.7891704979 522178.0057839599),이의동
SL_1397,37.298674,127.048626,정상,2013,POINT (204311.29336858343 522161.0373953863),이의동
SL_1398,37.298514,127.0488,정상,2013,POINT (204326.72977594603 522143.2880222261),이의동
SL_1399,37.300402,127.046117,정상,2013,POINT (204088.74608515686 522352.7050419929),이의동
SL_1400,37.300605,127.045987,정상,2013,POINT (204077.2092901196 522375.2290364223),이의동
SL_1401,37.300731,127.045748,정상,2013,POINT (204056.0127729311 522389.2026519799),이의동
SL_1402,37.300768,127.045443,정상,2013,POINT (204028.96953044477 522393.2959933473),이의동
SL_1403,37.299014,127.048355,정상,2013,POINT (204287.24658388106 522198.7593821872),이의동
SL_1404,37.299122,127.048022,정상,2013,POINT (204257.7160787904 522210.7305277079),이의동
SL_1405,37.299323,127.047585,정상,2013,POINT (204218.9596509611 522233.0185758491),이의동
SL_1406,37.299704,127.046853,정상,2013,POINT (204154.0384421029 522275.2707918657),이의동
SL_1407,37.299907,127.046497,정상,2013,POINT (204122.4640097611 522297.78481620585),이의동
SL_1408,37.300281,127.045812,정상,2013,POINT (204061.71120531874 522339.2629178817),이의동
SL_1409,37.300522,127.045378,정상,2013,POINT (204023.21974338667 522365.99133495544),이의동
SL_1410,37.289556,127.079565,정상,2012,POINT (207055.26834013683 521150.9521789844),하동
SL_1411,37.290974,127.082349,정상,2012,POINT (207301.9970187364 521308.5375708842),하동
SL_1412,37.291046,127.082544,정상,2012,POINT (207319.28096050577 521316.5434311059),하동
SL_1413,37.291138,127.082713,정상,2012,POINT (207334.2574767909 521326.76697310316),하동
SL_1414,37.290918,127.081698,정상,2012,POINT (207244.27732838507 521302.2724480336),하동
SL_1415,37.291188,127.081986,정상,2012,POINT (207269.78872234942 521332.25999526115),하동
SL_1416,37.291375,127.082183,정상,2012,POINT (207287.23889624942 521353.0290047185),하동
SL_1417,37.291559,127.082361,정상,2012,POINT (207303.00453074384 521373.46363438974),하동
SL_1418,37.289273,127.079314,정상,2012,POINT (207033.037750706 521119.5252652418),하동
SL_1419,37.289059,127.079354,정상,2012,POINT (207036.6046136012 521095.7778576268),하동
SL_1420,37.288797,127.079347,정상,2012,POINT (207036.00829441537 521066.6997662472),하동
SL_1421,37.2897,127.079726,정상,2012,POINT (207069.53122501838 521166.94576953084),하동
SL_1422,37.288585,127.079335,정상,2012,POINT (207034.96394464193 521043.1704586073),하동
SL_1423,37.288395,127.079276,정상,2012,POINT (207029.7498445237 521022.07928522787),하동
SL_1424,37.288133,127.079126,정상,2012,POINT (207016.47301360508 520992.990578954),하동
SL_1425,37.287936,127.078937,정상,2012,POINT (206999.7317440247 520971.112907761),하동
SL_1426,37.287497,127.078518,정상,2012,POINT (206962.6173977108 520922.36041102774),하동
SL_1427,37.287318,127.078423,정상,2012,POINT (206954.20970335617 520902.4874528947),하동
SL_1428,37.287167,127.078189,정상,2012,POINT (206933.47345477573 520885.7118303257),하동
SL_1429,37.287005,127.078116,정상,2012,POINT (206927.01496901092 520867.72722572624),하동
SL_1430,37.286789,127.07829,정상,2012,POINT (206942.46444077662 520843.7676441341),하동
SL_1431,37.286593,127.078231,정상,2012,POINT (206937.25053342787 520822.0106368981),하동
SL_1432,37.289926,127.079997,정상,2012,POINT (207093.54035336117 521192.04824516014),하동
SL_1433,37.286287,127.078259,정상,2012,POINT (206939.76157642066 520788.0518788891),하동
SL_1434,37.286014,127.078295,정상,2012,POINT (206942.97902526852 520757.7561508579),하동
SL_1435,37.285726,127.078371,정상,2012,POINT (206949.7449766721 520725.7986183793),하동
SL_1436,37.285419,127.078343,정상,2012,POINT (206947.29022840437 520691.7247710926),하동
SL_1437,37.285271,127.078218,정상,2012,POINT (206936.21907682228 520675.29010893434),하동
SL_1438,37.28514,127.07795,정상,2012,POINT (206912.4653399177 520660.73171251826),하동
SL_1439,37.28503,127.077601,정상,2012,POINT (206881.52666095222 520648.49813078577),하동
SL_1440,37.284938,127.077299,정상,2012,POINT (206854.75414727017 520638.2657630966),하동
SL_1441,37.284814,127.077028,정상,2012,POINT (206830.7334959347 520624.4842630065),하동
SL_1442,37.285228,127.077635,정상,2012,POINT (206884.52368710935 520670.4752432772),하동
SL_1443,37.290119,127.080287,정상,2012,POINT (207119.23722143745 521213.48977797275),하동
SL_1444,37.285385,127.077401,정상,2012,POINT (206863.7587508295 520687.8825710218),하동
SL_1445,37.290297,127.080569,정상,2012,POINT (207144.22599925325 521233.2660392327),하동
SL_1446,37.290479,127.080877,정상,2012,POINT (207171.51975031308 521253.48827956273),하동
SL_1447,37.290632,127.081198,정상,2012,POINT (207199.9688657505 521270.4930885132),하동
SL_1448,37.290754,127.081486,정상,2012,POINT (207225.49466802346 521284.0549957126),하동
SL_1449,37.290931,127.082154,정상,2012,POINT (207284.7102480387 521303.750257297),하동
SL_1450,37.273601,127.057266,정상,2012,POINT (205079.02062842512 519378.7889006798),원천동
SL_1451,37.273571,127.058887,정상,2012,POINT (205222.79200911868 519375.54767318803),원천동
SL_1452,37.273683,127.058486,정상,2012,POINT (205187.21892341 519387.95568403683),원천동
SL_1453,37.27374,127.058188,정상,2012,POINT (205160.78492309107 519394.2654057563),원천동
SL_1454,37.27379,127.057796,정상,2012,POINT (205126.0144354567 519399.7932338828),원천동
SL_1455,37.273819,127.057427,정상,2012,POINT (205093.28531212924 519402.99180536915),원천동
SL_1456,37.273878,127.057032,정상,2012,POINT (205058.24822916524 519409.51859796664),원천동
SL_1457,37.273916,127.056578,정상,2012,POINT (205017.97980546893 519413.7117670752),원천동
SL_1458,37.273973,127.056319,정상,2012,POINT (204995.00497515997 519420.0240804059),원천동
SL_1459,37.274045,127.055969,정상,2012,POINT (204963.9582923043 519427.99642000685),원천동
SL_1460,37.274135,127.055645,정상,2012,POINT (204935.21646305275 519437.96792094916),원천동
SL_1461,37.27351,127.057694,정상,2012,POINT (205116.98685138708 519368.7125300281),원천동
SL_1462,37.274156,127.055323,정상,2012,POINT (204906.65656237787 519440.2818108091),원천동
SL_1463,37.274264,127.055011,정상,2012,POINT (204878.9779737407 519452.251817365),원천동
SL_1464,37.274408,127.05456,정상,2012,POINT (204838.9691342396 519468.2101775537),원천동
SL_1465,37.274521,127.05416,정상,2012,POINT (204803.48563848145 519480.7308499793),원천동
SL_1466,37.274298,127.054084,정상,2012,POINT (204796.7592971909 519455.9778281765),원천동
SL_1467,37.274264,127.054388,정상,2012,POINT (204823.72350600283 519452.2198699042),원천동
SL_1468,37.274179,127.054738,정상,2012,POINT (204854.77079998152 519442.80423491995),원천동
SL_1469,37.274102,127.055045,정상,2012,POINT (204882.00392737164 519434.2743574572),원천동
SL_1470,37.274027,127.055358,정상,2012,POINT (204909.7691278091 519425.96684540133),원천동
SL_1471,37.273962,127.055645,정상,2012,POINT (204935.22775610673 519418.76789661276),원천동
SL_1472,37.273456,127.057951,정상,2012,POINT (205139.78432664895 519362.7333906627),원천동
SL_1473,37.273912,127.055882,정상,2012,POINT (204956.25087534566 519413.231146466),원천동
SL_1474,37.273851,127.056096,정상,2012,POINT (204975.23484334777 519406.4724284588),원천동
SL_1475,37.273804,127.056305,정상,2012,POINT (204993.77445968945 519401.267248638),원천동
SL_1476,37.273743,127.056536,정상,2012,POINT (205014.26624181596 519394.50951648044),원천동
SL_1477,37.274365,127.055316,정상,2019,POINT (204906.0221623172 519463.47685370187),원천동
SL_1478,37.27462,127.055417,정상,2019,POINT (204914.9633594848 519491.78271215106),원천동
SL_1479,37.274872,127.055511,정상,2019,POINT (204923.28385979528 519519.7552686552),원천동
SL_1480,37.275041,127.055612,정상,2019,POINT (204932.23054906304 519538.5166256087),원천동
SL_1481,37.275235,127.055688,정상,2019,POINT (204938.95831874438 519560.05125774787),원천동
SL_1482,37.273409,127.05819,정상,2012,POINT (205160.98490116082 519357.5302106924),원천동
SL_1483,37.273303,127.058672,정상,2012,POINT (205203.74172353875 519345.79243805143),원천동
SL_1484,37.273248,127.058937,정상,2012,POINT (205227.24892960457 519339.7029936715),원천동
SL_1485,37.273208,127.059239,정상,2012,POINT (205254.03673955763 519335.2804111108),원천동
SL_1486,37.273435,127.05934,정상,2012,POINT (205262.9788500186 519360.47911780205),원천동
SL_1487,37.273474,127.059211,정상,2012,POINT (205251.53488160623 519364.80027815595),원천동
SL_1488,37.302549,127.04629,정상,2013,POINT (204103.96765125348 522590.9937056742),이의동
SL_1489,37.30168,127.044626,정상,2013,POINT (203956.48665531777 522494.47826588305),이의동
SL_1490,37.301545,127.044454,정상,2013,POINT (203941.24438923225 522479.48833480437),이의동
SL_1491,37.301743,127.044764,정상,2013,POINT (203968.71825699307 522501.47599857085),이의동
SL_1492,37.301441,127.045328,정상,2013,POINT (204018.73783822113 522467.98286223557),이의동
SL_1493,37.301308,127.045227,정상,2013,POINT (204009.79033367496 522453.217793932),이의동
SL_1494,37.301243,127.045145,정상,2013,POINT (204002.523722182 522446.00040447444),이의동
SL_1495,37.301404,127.045241,정상,2013,POINT (204011.02646456577 522463.8727853532),이의동
SL_1496,37.301655,127.04554,정상,2013,POINT (204037.52211995877 522491.7423232205),이의동
SL_1497,37.301946,127.045813,정상,2013,POINT (204061.71032649156 522524.0501616419),이의동
SL_1498,37.302279,127.046316,정상,2013,POINT (204106.2874328544 522561.0293359244),이의동
SL_1499,37.302414,127.046101,정상,2013,POINT (204087.21863969168 522576.00276878546),이의동
SL_1500,37.302448,127.046491,정상,2013,POINT (204121.79337387276 522579.7931333108),이의동
SL_1501,37.303344,127.047348,정상,2013,POINT (204197.72337832596 522679.2719107322),이의동
SL_1502,37.303965,127.047543,정상,2013,POINT (204214.9768015287 522748.20124844665),이의동
SL_1503,37.304157,127.047563,정상,2013,POINT (204216.73920317984 522769.5109454136),이의동
SL_1504,37.304463,127.047572,정상,2013,POINT (204217.52001712075 522803.47225644864),이의동
SL_1505,37.304749,127.047566,정상,2013,POINT (204216.97211389613 522835.21323267),이의동
SL_1506,37.304988,127.047561,정상,2013,POINT (204216.5154936504 522861.7380363046),이의동
SL_1507,37.304851,127.047338,정상,2013,POINT (204196.75306411088 522846.52339107776),이의동
SL_1508,37.3044,127.047332,정상,2013,POINT (204196.24619351106 522796.46962467325),이의동
SL_1509,37.304171,127.047332,정상,2013,POINT (204196.2589177741 522771.0544343045),이의동
SL_1510,37.302072,127.045633,정상,2013,POINT (204045.74505215185 522538.02634231804),이의동
SL_1511,37.304051,127.047321,정상,2013,POINT (204195.29036947255 522757.73594282445),이의동
SL_1512,37.303826,127.047168,정상,2013,POINT (204181.73845990523 522732.7579089063),이의동
SL_1513,37.303616,127.04703,정상,2013,POINT (204169.5154892573 522709.4453096227),이의동
SL_1514,37.30388,127.047797,정상,2013,POINT (204237.50022080485 522738.77901758294),이의동
SL_1515,37.303769,127.048085,정상,2013,POINT (204263.03947268875 522726.4728126942),이의동
SL_1516,37.303672,127.048361,정상,2013,POINT (204287.51412728548 522715.71990845166),이의동
SL_1517,37.301804,127.045362,정상,2013,POINT (204021.7329171793 522508.2712506457),이의동
SL_1518,37.301444,127.045018,정상,2013,POINT (203991.25336979388 522468.30268049764),이의동
SL_1519,37.30129,127.044905,정상,2013,POINT (203981.24301356205 522451.20648674306),이의동
SL_1520,37.301295,127.04422,정상,2013,POINT (203920.51117378593 522451.7327787222),이의동
SL_1521,37.301327,127.044149,정상,2013,POINT (203914.214709707 522455.28130278265),이의동
SL_1522,37.301523,127.044336,정상,2013,POINT (203930.78377906396 522477.0417895394),이의동
SL_1523,37.251219,127.051249,정상,2014,POINT (204546.7077077463 516894.4707652602),매탄동
SL_1524,37.248848,127.049388,정상,2014,POINT (204381.74083135367 516631.2438552074),매탄동
SL_1525,37.248724,127.049301,정상,2014,POINT (204374.0292922513 516617.47802368),매탄동
SL_1526,37.248616,127.049233,정상,2014,POINT (204368.0025043394 516605.4887932029),매탄동
SL_1527,37.248407,127.049019,정상,2014,POINT (204349.02821391297 516582.2836357249),매탄동
SL_1528,37.24831,127.048943,정상,2014,POINT (204342.29096252113 516571.5148623247),매탄동
SL_1529,37.248159,127.04883,정상,2014,POINT (204332.27408943448 516554.75135577976),신동
SL_1530,37.247772,127.048511,정상,2014,POINT (204303.993918336 516511.7866516816),신동
SL_1531,37.247574,127.048331,정상,2014,POINT (204288.03517297754 516489.803987349),신동
SL_1532,37.247562,127.048066,정상,2014,POINT (204264.52445086732 516488.460228733),신동
SL_1533,37.24833,127.048562,정상,2014,POINT (204308.4869722615 516573.71709944576),매탄동
SL_1534,37.251017,127.051069,정상,2014,POINT (204530.75056570294 516872.0436961965),매탄동
SL_1535,37.248306,127.047849,정상,2014,POINT (204245.22998072568 516571.02131017693),신동
SL_1536,37.248457,127.047393,정상,2014,POINT (204204.76463236034 516587.75928697025),신동
SL_1537,37.248552,127.047083,정상,2014,POINT (204177.25580935154 516598.28888205637),신동
SL_1538,37.248586,127.0469,정상,2014,POINT (204161.0179765251 516602.05422098207),신동
SL_1539,37.248707,127.046573,정상,2014,POINT (204131.999579353 516615.4687576013),신동
SL_1540,37.249165,127.046246,정상,2014,POINT (204102.96300274073 516666.2844380504),신동
SL_1541,37.249458,127.046094,정상,2014,POINT (204089.4616687344 516698.7956833338),신동
SL_1542,37.249724,127.045686,정상,2014,POINT (204053.24964090338 516728.2994361369),신동
SL_1543,37.25005,127.045402,정상,2014,POINT (204028.03588222302 516764.4675562574),신동
SL_1544,37.250411,127.045055,정상,2014,POINT (203997.23119642976 516804.51747389033),매탄동
SL_1545,37.250755,127.050883,정상,2014,POINT (204514.26460715992 516842.9574305247),매탄동
SL_1546,37.2506,127.044472,정상,2014,POINT (203945.49820506028 516825.46867842786),매탄동
SL_1547,37.250742,127.044021,정상,2014,POINT (203905.4787382778 516841.2094694554),매탄동
SL_1548,37.250984,127.043494,정상,2014,POINT (203858.71172556817 516868.0455865278),매탄동
SL_1549,37.250357,127.050564,정상,2014,POINT (204485.9869917517 516798.77128712623),매탄동
SL_1550,37.249999,127.050296,정상,2014,POINT (204462.23141222788 516759.02693894564),매탄동
SL_1551,37.249729,127.050073,정상,2014,POINT (204442.46283383903 516729.0512173935),매탄동
SL_1552,37.249438,127.049837,정상,2014,POINT (204421.54198060816 516696.74430753663),매탄동
SL_1553,37.249242,127.049707,정상,2014,POINT (204410.0197937053 516674.9857059546),매탄동
SL_1554,37.249051,127.049554,정상,2014,POINT (204396.45668426732 516653.780964112),매탄동
SL_1555,37.24826,127.049799,정상,2005,POINT (204418.23939623524 516566.0053563422),신동
SL_1556,37.247748,127.050892,정상,2005,POINT (204515.24249488316 516509.23398927896),신동
SL_1557,37.247726,127.051067,정상,2005,POINT (204530.77017164687 516506.8007401598),신동
SL_1558,37.247687,127.051588,정상,2005,POINT (204576.9967345304 516502.4974937971),신동
SL_1559,37.247649,127.05198,정상,2005,POINT (204611.77812396103 516498.2991917417),신동
SL_1560,37.247768,127.052628,정상,2005,POINT (204669.26274865164 516511.53785182326),신동
SL_1561,37.247567,127.052766,정상,2005,POINT (204681.51882347272 516489.23722483456),망포동
SL_1562,37.247655,127.053405,정상,2005,POINT (204738.20684281952 516499.0354602075),망포동
SL_1563,37.247709,127.053662,정상,2005,POINT (204761.00504188932 516505.04139928496),망포동
SL_1564,37.247742,127.054009,정상,2005,POINT (204791.78952161613 516508.72132390825),망포동
SL_1565,37.247559,127.054682,정상,2005,POINT (204851.51120209458 516488.44584170985),망포동
SL_1566,37.248107,127.049822,정상,2005,POINT (204420.2889266894 516549.02613653656),신동
SL_1567,37.247541,127.054966,정상,2005,POINT (204876.70948898455 516486.4627531739),망포동
SL_1568,37.247586,127.055217,정상,2005,POINT (204898.97587295252 516491.4699169179),망포동
SL_1569,37.246955,127.055442,정상,2005,POINT (204918.9793930272 516421.4517557677),망포동
SL_1570,37.246777,127.055507,정상,2005,POINT (204924.75797048592 516401.70028788946),망포동
SL_1571,37.248078,127.049762,정상,2005,POINT (204414.96732057427 516545.80484952574),신동
SL_1572,37.247722,127.049703,정상,2005,POINT (204409.7534869892 516506.2923986922),신동
SL_1573,37.247411,127.049655,정상,2005,POINT (204405.5129318361 516471.7746687049),신동
SL_1574,37.247116,127.049601,정상,2005,POINT (204400.73907424847 516439.0323804108),신동
SL_1575,37.24674,127.049542,정상,2005,POINT (204395.5262680988 516397.3002992931),망포동
SL_1576,37.248084,127.050134,정상,2005,POINT (204447.9714282605 516546.4881580551),신동
SL_1577,37.248043,127.050532,정상,2005,POINT (204483.28507823212 516541.95665883925),신동
SL_1578,37.274917,127.049422,정상,2006,POINT (204383.2463469324 519524.4499960751),원천동
SL_1579,37.274683,127.049306,정상,2006,POINT (204372.97181985743 519498.4746500734),원천동
SL_1580,37.274438,127.049148,정상,2006,POINT (204358.97285215443 519471.2765708921),원천동
SL_1581,37.308282,127.038527,정상,2012,POINT (203415.458140751 523226.95271277765),이의동
SL_1582,37.308408,127.038843,정상,2012,POINT (203443.46612061103 523240.9480898838),이의동
SL_1583,37.308048,127.0393,정상,2012,POINT (203483.99618460645 523201.01079826325),이의동
SL_1584,37.307881,127.039514,정상,2012,POINT (203502.9753113586 523182.4844739307),이의동
SL_1585,37.307485,127.040033,정상,2012,POINT (203549.0040529217 523138.554395927),이의동
SL_1586,37.307155,127.04045,정상,2012,POINT (203585.98759462516 523101.94560461055),이의동
SL_1587,37.306903,127.040771,정상,2012,POINT (203614.4570626167 523073.9900094685),이의동
SL_1588,37.306705,127.041189,정상,2012,POINT (203651.523445133 523052.0313583776),이의동
SL_1589,37.306461,127.04182,정상,2012,POINT (203707.4753941211 523024.97596741124),이의동
SL_1590,37.308336,127.039018,정상,2012,POINT (203458.98332343038 523232.9636714278),이의동
SL_1591,37.308458,127.039171,정상,2012,POINT (203472.5413109441 523246.5092602666),이의동
SL_1592,37.307985,127.038945,정상,2012,POINT (203452.52785147564 523194.00581759174),이의동
SL_1593,37.308611,127.039436,정상,2012,POINT (203496.02669566456 523263.49949426576),이의동
SL_1594,37.308688,127.039701,정상,2012,POINT (203519.51552761073 523272.0550528073),이의동
SL_1595,37.307791,127.039193,정상,2012,POINT (203474.52232037426 523172.4841188195),이의동
SL_1596,37.307561,127.03948,정상,2012,POINT (203499.97599242112 523146.9685183979),이의동
SL_1597,37.307232,127.039892,정상,2012,POINT (203536.51597446963 523110.4703067839),이의동
SL_1598,37.306966,127.040241,정상,2012,POINT (203567.46818141875 523080.9618318776),이의동
SL_1599,37.306804,127.040444,정상,2012,POINT (203585.47234645937 523062.9901994292),이의동
SL_1600,37.306597,127.040777,정상,2012,POINT (203615.00362737576 523040.02931611484),이의동
SL_1601,37.306326,127.041403,정상,2012,POINT (203670.5135841363 523009.97693590674),이의동
SL_1602,37.305803,127.043055,정상,2012,POINT (203816.9953184221 522951.9980414443),이의동
SL_1603,37.305695,127.044093,정상,2012,POINT (203909.02370180518 522940.05425058224),이의동
SL_1604,37.305519,127.044583,정상,2012,POINT (203952.4734077969 522920.54154800967),이의동
SL_1605,37.305473,127.045113,정상,2012,POINT (203999.46261073952 522915.45860252855),이의동
SL_1606,37.3055,127.045305,정상,2012,POINT (204016.48280625587 522918.46329390595),이의동
SL_1607,37.305721,127.045319,정상,2012,POINT (204017.71220859015 522942.9912175688),이의동
SL_1608,37.306005,127.045303,정상,2012,POINT (204016.27863955603 522974.5098212786),이의동
SL_1609,37.306277,127.0453,정상,2012,POINT (204015.99821311745 523004.697178109),이의동
SL_1610,37.306498,127.045317,정상,2012,POINT (204017.49356314953 523029.22523242555),이의동
SL_1611,37.306742,127.04532,정상,2012,POINT (204017.74654041987 523056.30531125306),이의동
SL_1612,37.307023,127.045315,정상,2012,POINT (204017.28832706006 523087.49143754377),이의동
SL_1613,37.305677,127.04345,정상,2012,POINT (203852.02005301925 522938.0301559321),이의동
SL_1614,37.307273,127.045318,정상,2012,POINT (204017.54098367173 523115.23741928884),이의동
SL_1615,37.307503,127.045306,정상,2012,POINT (204016.464923383 523140.76309632586),이의동
SL_1616,37.307721,127.045211,정상,2012,POINT (204008.03141720034 523164.9534510531),이의동
SL_1617,37.307924,127.045064,정상,2012,POINT (203994.98887852166 523187.47686482285),이의동
SL_1618,37.308127,127.044808,정상,2012,POINT (203972.2834274248 523209.99571378867),이의동
SL_1619,37.308463,127.04461,정상,2012,POINT (203954.71288922615 523247.27784734557),이의동
SL_1620,37.308584,127.044557,정상,2012,POINT (203950.0080659957 523260.7046279537),이의동
SL_1621,37.305478,127.044008,정상,2012,POINT (203901.49931691578 522915.96734428324),이의동
SL_1622,37.305356,127.044437,정상,2012,POINT (203939.53838666287 522902.4451622744),이의동
SL_1623,37.305257,127.045006,정상,2012,POINT (203989.98800973778 522891.4816703892),이의동
SL_1624,37.305167,127.045108,정상,2012,POINT (203999.03554328743 522881.49747594696),이의동
SL_1625,37.305983,127.043219,정상,2012,POINT (203831.52543222375 522971.9816863547),이의동
SL_1626,37.305798,127.043743,정상,2012,POINT (203877.98948796763 522951.4711249873),이의동
SL_1627,37.305753,127.043918,정상,2012,POINT (203893.50624917305 522946.4840654412),이의동
SL_1628,37.308997,127.04445,정상,2013,POINT (203940.50089032968 523306.53632611124),이의동
SL_1629,37.310946,127.043456,정상,2013,POINT (203852.2831581873 523522.8021359934),이의동
SL_1630,37.312313,127.043544,정상,2013,POINT (203860.014284196 523674.52017122),이의동
SL_1631,37.312151,127.043572,정상,2013,POINT (203862.5046684905 523656.5419860957),이의동
SL_1632,37.311961,127.043611,정상,2013,POINT (203865.97161064149 523635.45671383676),이의동
SL_1633,37.311709,127.0436,정상,2013,POINT (203865.0093972496 523607.488420881),이의동
SL_1634,37.311416,127.043555,정상,2013,POINT (203861.03526560115 523574.9684165209),이의동
SL_1635,37.310939,127.043052,정상,2013,POINT (203816.46975845934 523522.0088635501),이의동
SL_1636,37.310898,127.042827,정상,2013,POINT (203796.52603966798 523517.44947995426),이의동
SL_1637,37.310547,127.04334,정상,2013,POINT (203842.02030462155 523478.5150047878),이의동
SL_1638,37.310425,127.043035,정상,2013,POINT (203814.98871509626 523464.9626672852),이의동
SL_1639,37.309263,127.044315,정상,2013,POINT (203928.519274617 523336.0523058738),이의동
SL_1640,37.310583,127.042897,정상,2013,POINT (203802.74726210313 523482.4924963991),이의동
SL_1641,37.310633,127.043047,정상,2013,POINT (203816.04198467144 523488.0477154305),이의동
SL_1642,37.310367,127.043396,정상,2013,POINT (203846.99378473233 523458.54025625414),이의동
SL_1643,37.310299,127.04317,정상,2013,POINT (203826.96265122044 523450.9842062273),이의동
SL_1644,37.310137,127.043255,정상,2013,POINT (203834.50601492112 523433.00832810136),이의동
SL_1645,37.3102,127.043469,정상,2013,POINT (203853.4736545354 523440.00898929976),이의동
SL_1646,37.309686,127.043712,정상,2013,POINT (203875.04168754848 523382.97342004924),이의동
SL_1647,37.309605,127.043435,정상,2013,POINT (203850.48993876702 523373.97244031925),이의동
SL_1648,37.309479,127.043102,정상,2013,POINT (203820.97603836958 523359.97501190816),이의동
SL_1649,37.309371,127.042724,정상,2013,POINT (203787.47189669326 523347.97358610167),이의동
SL_1650,37.30949,127.044092,정상,2013,POINT (203908.73860001075 523361.23630664137),이의동
SL_1651,37.309335,127.042352,정상,2013,POINT (203754.49597833707 523343.9633416857),이의동
SL_1652,37.309331,127.041997,정상,2013,POINT (203723.0254979937 523343.5053670973),이의동
SL_1653,37.309309,127.04167,정상,2013,POINT (203694.0380895213 523341.0509023074),이의동
SL_1654,37.30967,127.043965,정상,2013,POINT (203897.47080769372 523381.2080859826),이의동
SL_1655,37.309882,127.043909,정상,2013,POINT (203892.4955119541 523404.7342732947),이의동
SL_1656,37.310166,127.043912,정상,2013,POINT (203892.7468173863 523436.25370245887),이의동
SL_1657,37.310348,127.04383,정상,2013,POINT (203885.46824827307 523456.44932117633),이의동
SL_1658,37.310533,127.043687,정상,2013,POINT (203872.78200829274 523476.975396318),이의동
SL_1659,37.3107,127.043582,정상,2013,POINT (203863.46538201472 523495.50534101407),이의동
SL_1660,37.305437,127.04561,정상,2012,POINT (204043.52574086285 522911.4843423604),이의동
SL_1661,37.305222,127.047378,정상,2012,POINT (204200.2786317782 522887.70000081277),이의동
SL_1662,37.305247,127.047567,정상,2012,POINT (204217.03296013104 522890.4829992946),이의동
SL_1663,37.305425,127.047685,정상,2012,POINT (204227.48423810923 522910.24331176863),이의동
SL_1664,37.305416,127.047993,정상,2012,POINT (204254.79029676036 522909.25827877445),이의동
SL_1665,37.305413,127.048492,정상,2012,POINT (204299.02901260694 522908.9479035429),이의동
SL_1666,37.305422,127.048954,정상,2012,POINT (204339.9868293849 522909.967863225),이의동
SL_1667,37.305427,127.049639,정상,2012,POINT (204400.71479670945 522910.5544468456),이의동
SL_1668,37.305426,127.050085,정상,2012,POINT (204440.25471192412 522910.4643179962),이의동
SL_1669,37.305247,127.048088,정상,2012,POINT (204263.2220052626 522890.5063667074),이의동
SL_1670,37.305247,127.048765,정상,2012,POINT (204323.24116769634 522890.537111177),이의동
SL_1671,37.305464,127.046191,정상,2012,POINT (204095.03246773584 522914.5059023807),이의동
SL_1672,37.305253,127.049174,정상,2012,POINT (204359.50055173747 522891.22179357853),이의동
SL_1673,37.305249,127.049479,정상,2012,POINT (204386.54043423594 522890.7919683703),이의동
SL_1674,37.305246,127.049761,정상,2012,POINT (204411.54120540866 522890.47214025276),이의동
SL_1675,37.305257,127.050381,정상,2012,POINT (204466.50640628673 522891.72206955095),이의동
SL_1676,37.305243,127.051066,정상,2012,POINT (204527.23563731066 522890.20088547695),이의동
SL_1677,37.305234,127.051359,정상,2012,POINT (204553.2119786564 522889.21610647324),이의동
SL_1678,37.305422,127.050767,정상,2012,POINT (204500.71724291157 522910.0526348341),이의동
SL_1679,37.30545,127.046681,정상,2012,POINT (204138.47386252167 522912.97347265074),이의동
SL_1680,37.305486,127.047251,정상,2012,POINT (204189.00484995474 522916.9939792246),이의동
SL_1681,37.305488,127.047547,정상,2012,POINT (204215.24641598927 522917.2291030077),이의동
SL_1682,37.305295,127.045827,정상,2012,POINT (204062.77137935738 522895.7340053998),이의동
SL_1683,37.305281,127.046374,정상,2012,POINT (204111.2661750465 522894.20388571743),이의동
SL_1684,37.305241,127.046848,정상,2012,POINT (204153.29063489413 522889.78526911454),이의동
SL_1685,37.305247,127.047251,정상,2012,POINT (204189.018107467 522890.46895036753),이의동
SL_1686,37.305783,127.047494,정상,2011,POINT (204210.53128920626 522949.9668410545),이의동
SL_1687,37.307533,127.047878,정상,2011,POINT (204244.4760479803 523144.2049785563),이의동
SL_1688,37.307763,127.048076,정상,2011,POINT (204262.01614513432 523169.74007537134),이의동
SL_1689,37.30793,127.0482,정상,2011,POINT (204272.99949872144 523188.2799061869),이의동
SL_1690,37.308119,127.048347,정상,2011,POINT (204286.02053369672 523209.26243012294),이의동
SL_1691,37.308268,127.048465,정상,2011,POINT (204296.4729002742 523225.80431897764),이의동
SL_1692,37.308479,127.048652,정상,2011,POINT (204313.03859456905 523249.23034072015),이의동
SL_1693,37.308749,127.048849,정상,2011,POINT (204330.48731800454 523279.2048776214),이의동
SL_1694,37.309038,127.049075,정상,2011,POINT (204350.50567664485 523311.2894722235),이의동
SL_1695,37.309308,127.049289,정상,2011,POINT (204369.46118363988 523341.2648758736),이의동
SL_1696,37.30618,127.047522,정상,2011,POINT (204212.9914517962 522994.02849672217),이의동
SL_1697,37.306369,127.047533,정상,2011,POINT (204213.9560935501 523015.0048498795),이의동
SL_1698,37.306765,127.047534,정상,2011,POINT (204214.02264823273 523058.95432364),이의동
SL_1699,37.306952,127.047545,정상,2011,POINT (204214.98739126293 523079.70871217863),이의동
SL_1700,37.30734,127.047698,정상,2011,POINT (204228.5295112149 523122.77711112786),이의동
SL_1701,37.30597,127.047364,정상,2011,POINT (204198.99587542997 522970.7149536396),이의동
SL_1702,37.306529,127.047364,정상,2011,POINT (204198.9647924847 523032.75467478903),이의동
SL_1703,37.306984,127.047376,정상,2011,POINT (204200.00332281055 523083.25265964854),이의동
SL_1704,37.307405,127.047833,정상,2011,POINT (204240.49389993655 523129.9970807457),이의동
SL_1705,37.307143,127.050653,정상,2011,POINT (204490.50830143839 523101.0496503243),이의동
SL_1706,37.307156,127.051025,정상,2011,POINT (204523.48620521658 523102.5101702683),이의동
SL_1707,37.307066,127.05138,정상,2011,POINT (204554.963220886 523092.5387085726),이의동
SL_1708,37.307268,127.051589,정상,2011,POINT (204573.47935134324 523114.967450239),이의동
SL_1709,37.307624,127.051685,정상,2011,POINT (204581.9683633031 523154.4821984356),이의동
SL_1710,37.308052,127.051759,정상,2011,POINT (204588.50258905784 523201.98669700493),이의동
SL_1711,37.308403,127.051827,정상,2011,POINT (204594.50952060218 523240.9451873412),이의동
SL_1712,37.307256,127.048126,정상,2011,POINT (204266.47737320315 523113.47373432823),이의동
SL_1713,37.307134,127.048465,정상,2011,POINT (204296.5374237578 523099.9491107742),이의동
SL_1714,37.307125,127.048707,정상,2011,POINT (204317.9918148764 523098.96128631034),이의동
SL_1715,37.307139,127.049029,정상,2011,POINT (204346.5370795167 523100.5298106733),이의동
SL_1716,37.30713,127.049305,정상,2011,POINT (204371.0056563839 523099.5436857312),이의동
SL_1717,37.307143,127.049751,정상,2011,POINT (204410.5438617562 523101.0071853592),이의동
SL_1718,37.307116,127.050061,정상,2011,POINT (204438.02768393417 523098.02514139476),이의동
SL_1719,37.307134,127.050371,정상,2011,POINT (204465.50886468333 523100.037441385),이의동
SL_1720,37.303363,127.038206,정상,2014,POINT (203387.2217905072 522681.0138707241),이의동
SL_1721,37.302353,127.040552,정상,2014,POINT (203595.25873754203 522569.0073351878),이의동
SL_1722,37.302209,127.040845,정상,2014,POINT (203621.2424336243 522553.03691881016),이의동
SL_1723,37.3021,127.041065,정상,2014,POINT (203640.7524834676 522540.9481859015),이의동
SL_1724,37.301974,127.041319,정상,2014,POINT (203663.27780035502 522526.9740990074),이의동
SL_1725,37.301749,127.041273,정상,2014,POINT (203659.2104132441 522502.0010715547),이의동
SL_1726,37.301506,127.041296,정상,2014,POINT (203661.26134295767 522475.0330172402),이의동
SL_1727,37.301285,127.041487,정상,2014,POINT (203678.20597202634 522450.5131198231),이의동
SL_1728,37.301109,127.04164,정상,2014,POINT (203691.77943938665 522430.9860216103),이의동
SL_1729,37.30101,127.041735,정상,2014,POINT (203700.20693744405 522420.0023884998),이의동
SL_1730,37.300767,127.041995,정상,2014,POINT (203723.27040416596 522393.0436541665),이의동
SL_1731,37.303219,127.038488,정상,2014,POINT (203412.2295158644 522665.0424101849),이의동
SL_1732,37.300505,127.042198,정상,2014,POINT (203741.28133233575 522363.974044734),이의동
SL_1733,37.300438,127.042068,정상,2014,POINT (203729.75881978168 522356.533028099),이의동
SL_1734,37.300388,127.042265,정상,2014,POINT (203747.22736776414 522350.9916531255),이의동
SL_1735,37.300293,127.042333,정상,2014,POINT (203753.26098880547 522340.4509379833),이의동
SL_1736,37.300082,127.042451,정상,2014,POINT (203763.7334313746 522317.0381555688),이의동
SL_1737,37.299811,127.042598,정상,2014,POINT (203776.78009874577 522286.9675483252),이의동
SL_1738,37.299627,127.042755,정상,2014,POINT (203790.70910633393 522266.55290838785),이의동
SL_1739,37.299451,127.042919,정상,2014,POINT (203805.25840854124 522247.0264400473),이의동
SL_1740,37.300546,127.042435,정상,2014,POINT (203762.2917484575 522368.5337641295),이의동
SL_1741,37.300726,127.042604,정상,2014,POINT (203777.26630592637 522388.517495265),이의동
SL_1742,37.303061,127.038804,정상,2014,POINT (203440.2523171868 522647.51849451347),이의동
SL_1743,37.300883,127.042908,정상,2014,POINT (203804.2110087367 522405.9540612681),이의동
SL_1744,37.300712,127.043219,정상,2014,POINT (203831.79285636288 522386.9884762723),이의동
SL_1745,37.300545,127.043551,정상,2014,POINT (203861.23648687583 522368.4677730573),이의동
SL_1746,37.300487,127.043692,정상,2014,POINT (203873.740537792 522362.0365097411),이의동
SL_1747,37.300212,127.043483,정상,2014,POINT (203855.22459581503 522331.5075629386),이의동
SL_1748,37.299942,127.043286,정상,2014,POINT (203837.7721947339 522301.53406198206),이의동
SL_1749,37.299626,127.043032,정상,2014,POINT (203815.2683072405 522266.4530665942),이의동
SL_1750,37.299613,127.042857,정상,2014,POINT (203799.75325227343 522265.0032368157),이의동
SL_1751,37.302939,127.03908,정상,2014,POINT (203464.7272903643 522633.9886063476),이의동
SL_1752,37.30284,127.03934,정상,2014,POINT (203487.78276128494 522623.01081616606),이의동
SL_1753,37.302772,127.039599,정상,2014,POINT (203510.7481940824 522615.47353570804),이의동
SL_1754,37.302673,127.039887,정상,2014,POINT (203536.28618956803 522604.4969192838),이의동
SL_1755,37.302565,127.040152,정상,2014,POINT (203559.7855483612 522592.52066459256),이의동
SL_1756,37.302457,127.040371,정상,2014,POINT (203579.206712333 522580.5427335088),이의동
SL_1757,37.29714,127.041006,정상,2013,POINT (203635.76038406743 521990.46887740935),이의동
SL_1758,37.299295,127.043105,정상,2013,POINT (203821.75732188675 522229.7205518683),이의동
SL_1759,37.299372,127.043175,정상,2013,POINT (203827.95973040932 522238.2690953097),이의동
SL_1760,37.299811,127.043604,정상,2013,POINT (203865.9730414631 522287.0082074217),이의동
SL_1761,37.300302,127.043997,정상,2013,POINT (203900.79144806965 522341.51714096684),이의동
SL_1762,37.300588,127.044245,정상,2013,POINT (203922.76437379673 522373.26862264104),이의동
SL_1763,37.300856,127.044473,정상,2013,POINT (203942.96487801333 522403.02162995294),이의동
SL_1764,37.300989,127.044614,정상,2013,POINT (203955.45893769263 522417.7882983368),이의동
SL_1765,37.300853,127.044795,정상,2013,POINT (203971.5134754838 522402.70215721865),이의동
SL_1766,37.300741,127.044685,정상,2013,POINT (203961.7667772372 522390.2674129798),이의동
SL_1767,37.300477,127.044442,정상,2013,POINT (203940.23619720966 522360.9576688546),이의동
SL_1768,37.297354,127.041226,정상,2013,POINT (203655.25613341838 522014.22777040844),이의동
SL_1769,37.300207,127.044197,정상,2013,POINT (203918.52845677268 522330.9819988561),이의동
SL_1770,37.29971,127.043762,정상,2013,POINT (203879.9866640192 522275.8053684445),이의동
SL_1771,37.299273,127.043378,정상,2013,POINT (203845.9630541035 522227.2899896068),이의동
SL_1772,37.299174,127.043302,정상,2013,POINT (203839.2298037917 522216.29955747264),이의동
SL_1773,37.299011,127.043141,정상,2013,POINT (203824.9635202006 522198.20276009856),이의동
SL_1774,37.298836,127.042981,정상,2013,POINT (203810.78644248642 522178.7742287374),이의동
SL_1775,37.29843,127.042591,정상,2013,POINT (203776.22851210553 522133.6993797282),이의동
SL_1776,37.298023,127.04216,정상,2013,POINT (203738.03507331698 522088.51207166107),이의동
SL_1777,37.297597,127.041767,정상,2013,POINT (203703.2113690658 522041.21774712775),이의동
SL_1778,37.29748,127.041652,정상,2013,POINT (203693.02077792533 522028.22821088287),이의동
SL_1779,37.297474,127.041325,정상,2013,POINT (203664.02803498894 522027.5495899893),이의동
SL_1780,37.297368,127.041539,정상,2013,POINT (203683.00723910762 522015.793681368),이의동
SL_1781,37.297232,127.041409,정상,2013,POINT (203671.48754946876 522000.6949063357),이의동
SL_1782,37.29757,127.041412,정상,2013,POINT (203671.73711228746 522038.2073553317),이의동
SL_1783,37.297692,127.041559,정상,2013,POINT (203684.76471134444 522051.7530286274),이의동
SL_1784,37.298109,127.042002,정상,2013,POINT (203724.02206759417 522098.0503961361),이의동
SL_1785,37.298518,127.042419,정상,2013,POINT (203760.9741637625 522143.4590505393),이의동
SL_1786,37.298942,127.042806,정상,2013,POINT (203795.2652453011 522190.53141558997),이의동
SL_1787,37.299216,127.043029,정상,2013,POINT (203815.02303168233 522220.9498044942),이의동
SL_1788,37.299011,127.043618,정상,2013,POINT (203867.25525412182 522198.2221632367),이의동
SL_1789,37.299344,127.046294,정상,2013,POINT (204104.4964475855 522235.2924001018),이의동
SL_1790,37.299107,127.046457,정상,2013,POINT (204118.96120016102 522208.99645382713),이의동
SL_1791,37.29888,127.046096,정상,2013,POINT (204086.96657109467 522183.7875876448),이의동
SL_1792,37.298605,127.046,정상,2013,POINT (204078.46986063413 522153.26304608805),이의동
SL_1793,37.298596,127.045851,정상,2013,POINT (204065.25964839006 522152.2577801429),이의동
SL_1794,37.298375,127.045614,정상,2013,POINT (204044.258491123 522127.72031750635),이의동
SL_1795,37.298357,127.045467,정상,2013,POINT (204031.22604025307 522125.716341545),이의동
SL_1796,37.298236,127.04549,정상,2013,POINT (204033.27174275287 522112.28834905603),이의동
SL_1797,37.298369,127.045208,정상,2013,POINT (204008.26176826312 522127.0371296469),이의동
SL_1798,37.298436,127.044954,정상,2013,POINT (203985.7379147591 522134.46227030084),이의동
SL_1799,37.299385,127.043976,정상,2013,POINT (203898.9769147002 522239.7446077829),이의동
SL_1800,37.298531,127.04448,정상,2013,POINT (203943.7068865709 522144.98580392933),이의동
SL_1801,37.298734,127.044433,정상,2013,POINT (203939.52916267407 522167.5134457205),이의동
SL_1802,37.298944,127.044035,정상,2013,POINT (203904.2307362194 522190.8034219007),이의동
SL_1803,37.298939,127.044266,정상,2013,POINT (203924.711916828 522190.258069078),이의동
SL_1804,37.299144,127.044436,정상,2013,POINT (203939.77376448308 522213.0167082821),이의동
SL_1805,37.299324,127.044611,정상,2013,POINT (203955.28014698674 522233.0010028063),이의동
SL_1806,37.299536,127.044794,정상,2013,POINT (203971.4940636786 522256.53712743183),이의동
SL_1807,37.299281,127.0452,고장,2013,POINT (204007.5040807779 522228.2535241308),이의동
SL_1808,37.29915,127.045076,정상,2013,POINT (203996.5169736218 522213.7094675611),이의동
SL_1809,37.298916,127.044853,정상,2013,POINT (203976.75772224052 522187.7299811984),이의동
SL_1810,37.299788,127.044335,정상,2013,POINT (203930.78541268225 522284.4857318825),이의동
SL_1811,37.298702,127.044667,정상,2013,POINT (203960.27780491867 522163.9717567841),이의동
SL_1812,37.298475,127.045121,정상,2013,POINT (204000.54250201947 522138.7976699183),이의동
SL_1813,37.298792,127.045417,정상,2013,POINT (204026.76971646593 522173.9919272983),이의동
SL_1814,37.299013,127.045631,정상,2013,POINT (204045.7315846736 522198.52836352366),이의동
SL_1815,37.299229,127.045829,정상,2013,POINT (204063.2750242972 522222.50923959346),이의동
SL_1816,37.298767,127.04591,정상,2013,POINT (204070.48151534674 522171.23845560657),이의동
SL_1817,37.298821,127.045817,정상,2013,POINT (204062.23302637535 522177.2275520411),이의동
SL_1818,37.298873,127.045733,정상,2013,POINT (204054.78261524226 522182.99507603474),이의동
SL_1819,37.29899,127.045513,정상,2013,POINT (204035.27070749982 522195.9707059153),이의동
SL_1820,37.299026,127.045462,정상,2013,POINT (204030.7470274354 522199.96392805927),이의동
SL_1821,37.300022,127.044538,정상,2013,POINT (203948.77136321436 522310.46427831904),이의동
SL_1822,37.299053,127.045403,정상,2013,POINT (204025.51453646738 522202.9579626553),이의동
SL_1823,37.29908,127.045341,정상,2013,POINT (204020.0160637314 522205.9518729699),이의동
SL_1824,37.299256,127.045087,정상,2013,POINT (203997.48664309306 522225.4741589306),이의동
SL_1825,37.299362,127.044873,정상,2013,POINT (203978.5074713022 522237.22935933166),이의동
SL_1826,37.299488,127.044715,정상,2013,POINT (203964.4923403163 522251.20661492425),이의동
SL_1827,37.299545,127.044608,정상,2013,POINT (203955.00259059816 522257.52818036405),이의동
SL_1828,37.29961,127.044492,정상,2013,POINT (203944.71448639897 522264.7372472699),이의동
SL_1829,37.299952,127.0452,정상,2013,POINT (204007.4684802493 522302.7233019194),이의동
SL_1830,37.300013,127.045282,정상,2013,POINT (204014.7354245272 522309.49676085595),이의동
SL_1831,37.299914,127.04526,정상,2013,POINT (204012.79014778812 522298.5084820095),이의동
SL_1832,37.299729,127.045615,정상,2013,POINT (204044.27465743036 522277.9917010219),이의동
SL_1833,37.299535,127.045956,정상,2013,POINT (204074.51854866365 522256.4755859291),이의동
SL_1834,37.298565,127.04326,정상,2013,POINT (203835.53693508348 522148.70904720965),이의동
SL_1835,37.297232,127.041911,정상,2013,POINT (203715.99687926468 522000.71451665),이의동
SL_1836,37.297122,127.042069,고장,2013,POINT (203730.0112234211 521988.51258259907),이의동
SL_1837,37.29725,127.042162,정상,2013,POINT (203738.2506534217 522002.72210855264),이의동
SL_1838,37.296955,127.042323,정상,2013,POINT (203752.54020904814 521969.9884338925),이의동
SL_1839,37.297216,127.04263,정상,2013,POINT (203779.74709855366 521998.96728386113),이의동
SL_1840,37.297311,127.042895,정상,2013,POINT (203803.23828154843 522009.5213167488),이의동
SL_1841,37.297435,127.043152,정상,2013,POINT (203826.01862622474 522023.29360570497),이의동
SL_1842,37.297574,127.043459,정상,2013,POINT (203853.23131196006 522038.73274184857),이의동
SL_1843,37.297592,127.042825,정상,2013,POINT (203797.0176831185 522040.7047921597),이의동
SL_1844,37.297874,127.042884,정상,2013,POINT (203802.2346398942 522072.00443646533),이의동
SL_1845,37.298306,127.042963,정상,2013,POINT (203809.21725162747 522119.95237835456),이의동
SL_1846,37.29793,127.043189,정상,2013,POINT (203829.2740924506 522078.23180642154),이의동
SL_1847,37.298221,127.042492,정상,2013,POINT (203767.4613389719 522110.4999312186),이의동
SL_1848,37.29816,127.042622,정상,2013,POINT (203778.99056028467 522103.7351408807),이의동
SL_1849,37.298063,127.042681,정상,2013,POINT (203784.22653169418 522092.97212568205),이의동
SL_1850,37.297872,127.042526,정상,2013,POINT (203770.49329609764 522071.76813404745),이의동
SL_1851,37.297707,127.042368,정상,2013,POINT (203756.49270757198 522053.4496106535),이의동
SL_1852,37.297552,127.042216,정상,2013,POINT (203743.02354415084 522036.2411810482),이의동
SL_1853,37.297385,127.042044,정상,2013,POINT (203727.78164139012 522017.70018611284),이의동
SL_1854,37.297862,127.045664,정상,2013,POINT (204048.7191204305 522070.78805137303),이의동
SL_1855,37.297842,127.043865,정상,2013,POINT (203889.21493626977 522068.4928722553),이의동
SL_1856,37.298076,127.044083,정상,2013,POINT (203908.5314253033 522094.4719404078),이의동
SL_1857,37.297599,127.044457,정상,2013,POINT (203941.71628309094 522041.5484596654),이의동
SL_1858,37.297835,127.044652,정상,2013,POINT (203958.99331111525 522067.74865101906),이의동
SL_1859,37.297429,127.044846,정상,2013,POINT (203976.2153617144 522022.69759687793),이의동
SL_1860,37.29777,127.04514,정상,2013,POINT (204002.26444387762 522060.5552846474),이의동
SL_1861,37.297528,127.045684,정상,2013,POINT (204050.5102953748 522033.72050596203),이의동
SL_1862,37.297301,127.045498,정상,2013,POINT (204034.03097758308 522008.51936020673),이의동
SL_1863,37.297116,127.045342,정상,2013,POINT (204020.20925111132 521987.98081856425),이의동
SL_1864,37.297085,127.045015,정상,2013,POINT (203991.21771496453 521984.5264855964),이의동
SL_1865,37.297229,127.044725,정상,2013,POINT (203965.49754425985 522000.495869017),이의동
SL_1866,37.297349,127.044488,정상,2013,POINT (203944.4779082745 522013.80394371145),이의동
SL_1867,37.297479,127.044218,정상,2013,POINT (203920.5319170806 522028.2205348787),이의동
SL_1868,37.297664,127.043806,정상,2013,POINT (203883.99295456507 522048.7354303992),이의동
SL_1869,37.297263,127.036165,정상,2013,POINT (203206.53220315848 522003.9446601678),이의동
SL_1870,37.296808,127.037966,정상,2013,POINT (203366.23628141172 521953.5098889853),이의동
SL_1871,37.296968,127.038502,정상,2013,POINT (203413.7532229927 521971.2864209338),이의동
SL_1872,37.297073,127.039015,정상,2013,POINT (203459.23320707062 521982.95830372116),이의동
SL_1873,37.29713,127.039427,정상,2013,POINT (203495.76021535762 521989.2994998343),이의동
SL_1874,37.297147,127.039906,정상,2013,POINT (203538.22953386983 521991.20403111447),이의동
SL_1875,37.297132,127.040259,정상,2013,POINT (203569.5286709896 521989.55255025835),이의동
SL_1876,37.297104,127.040521,정상,2013,POINT (203592.760002286 521986.4549427587),이의동
SL_1877,37.297057,127.040913,정상,2013,POINT (203627.5186074592 521981.2536977252),이의동
SL_1878,37.296987,127.041178,정상,2013,POINT (203651.01800603044 521973.49507131486),이의동
SL_1879,37.296789,127.042074,정상,2013,POINT (203730.47098881807 521951.555366212),이의동
SL_1880,37.296973,127.035936,정상,2013,POINT (203186.24038705288 521971.75178370986),이의동
SL_1881,37.296707,127.042466,정상,2013,POINT (203765.23156928385 521942.47027953),이의동
SL_1882,37.296631,127.042807,정상,2013,POINT (203795.47002324407 521934.04918800347),이의동
SL_1883,37.296543,127.043208,정상,2013,POINT (203831.0290345621 521924.29883624945),이의동
SL_1884,37.29638,127.043853,정상,2013,POINT (203888.2262286381 521906.23489976185),이의동
SL_1885,37.296355,127.043952,정상,2013,POINT (203897.0053537424 521903.4643949314),이의동
SL_1886,37.296308,127.044192,정상,2013,POINT (203918.28739965917 521898.25810208765),이의동
SL_1887,37.296294,127.044248,정상,2013,POINT (203923.25337171968 521896.70665912284),이의동
SL_1888,37.296285,127.044296,정상,2013,POINT (203927.50976469473 521895.7098028446),이의동
SL_1889,37.296233,127.044544,정상,2013,POINT (203949.5014321103 521889.94900552364),이의동
SL_1890,37.296215,127.0446,정상,2013,POINT (203954.46762427973 521887.9536482126),이의동
SL_1891,37.296631,127.036023,정상,2013,POINT (203193.96864183794 521933.79845795553),이의동
SL_1892,37.296204,127.04466,정상,2013,POINT (203959.7881127668 521886.7353438251),이의동
SL_1893,37.296195,127.044719,정상,2013,POINT (203965.0198326077 521885.73896730284),이의동
SL_1894,37.296184,127.044772,정상,2013,POINT (203969.71966740143 521884.5203757179),이의동
SL_1895,37.296507,127.036505,정상,2013,POINT (203236.7103438257 521920.05292941607),이의동
SL_1896,37.296394,127.036923,정상,2013,POINT (203273.77714953444 521907.52621655667),이의동
SL_1897,37.296351,127.037143,정상,2013,POINT (203293.28532101904 521902.7615780493),이의동
SL_1898,37.296432,127.037267,정상,2013,POINT (203304.2762425142 521911.755544147),이의동
SL_1899,37.296547,127.037444,정상,2013,POINT (203319.96488302626 521924.52481364226),이의동
SL_1900,37.296673,127.037647,정상,2013,POINT (203337.95827115 521938.51584567834),이의동
SL_1901,37.295893,127.046021,정상,2013,POINT (204080.47826410527 521852.27742902795),이의동
SL_1902,37.295493,127.048843,정상,2013,POINT (204330.7154533238 521808.00965950603),이의동
SL_1903,37.295416,127.049382,정상,2013,POINT (204378.51091557898 521799.4887750904),이의동
SL_1904,37.295796,127.046644,정상,2013,POINT (204135.72222875227 521841.5391244875),이의동
SL_1905,37.295719,127.047203,정상,2013,POINT (204185.29061583348 521833.0180134218),이의동
SL_1906,37.295692,127.047448,정상,2013,POINT (204207.0152358575 521830.0323391222),이의동
SL_1907,37.295658,127.04771,정상,2013,POINT (204230.24758276867 521826.27059909137),이의동
SL_1908,37.295617,127.047933,정상,2013,POINT (204250.0223746006 521821.73028742685),이의동
SL_1909,37.295588,127.048155,정상,2013,POINT (204269.7078437268 521818.5217756728),이의동
SL_1910,37.295554,127.048415,정상,2013,POINT (204292.76291894293 521814.76011857926),이의동
SL_1911,37.295518,127.048683,정상,2013,POINT (204316.5274573305 521810.77692364756),이의동
SL_1912,37.295121,127.054175,정상,2013,POINT (204803.50647471697 521766.9814395298),이의동
SL_1913,37.295195,127.054367,정상,2013,POINT (204820.52571805206 521775.2039666263),이의동
SL_1914,37.295306,127.054635,정상,2013,POINT (204844.2811951612 521787.5367975144),이의동
SL_1915,37.295407,127.054835,정상,2013,POINT (204862.00794862275 521798.7563654388),이의동
SL_1916,37.295533,127.055072,정상,2013,POINT (204883.01368190427 521812.7524611901),이의동
SL_1917,37.295688,127.055312,정상,2013,POINT (204904.28345998528 521829.96727849887),이의동
SL_1918,37.29437,127.05096,정상,2013,POINT (204518.48864295907 521683.47459512914),이의동
SL_1919,37.29468,127.053879,정상,2013,POINT (204777.28908228254 521718.02285714936),이의동
SL_1920,37.294741,127.054053,정상,2013,POINT (204792.71327096212 521724.80163638317),이의동
SL_1921,37.294849,127.054358,정상,2013,POINT (204819.74979486916 521736.80332302046),이의동
SL_1922,37.294993,127.054646,정상,2013,POINT (204845.27659902044 521752.79962084524),이의동
SL_1923,37.295062,127.054801,정상,2013,POINT (204859.01548961434 521760.4654146867),이의동
SL_1924,37.295211,127.055083,정상,2013,POINT (204884.00982533133 521777.0164388533),이의동
SL_1925,37.295285,127.055261,정상,2013,POINT (204899.78764147166 521785.23840405664),이의동
SL_1926,37.295416,127.055593,정상,2013,POINT (204929.21630336205 521799.79445816984),이의동
SL_1927,37.294147,127.052108,정상,2013,POINT (204620.29241719094 521658.7808199642),이의동
SL_1928,37.294149,127.052725,정상,2013,POINT (204675.00021996893 521659.0331113883),이의동
SL_1929,37.294384,127.051239,정상,2013,POINT (204543.22599611752 521685.0417277663),이의동
SL_1930,37.293955,127.052733,정상,2013,POINT (204675.72156768493 521637.5027711426),이의동
SL_1931,37.294261,127.053199,정상,2013,POINT (204717.02168168995 521671.4867664218),이의동
SL_1932,37.294,127.05323,정상,2013,POINT (204719.7866796501 521642.5217043455),이의동
SL_1933,37.294556,127.054081,정상,2013,POINT (204795.20768758873 521704.27116649144),이의동
SL_1934,37.294517,127.054409,정상,2013,POINT (204824.29300285416 521699.95950568764),이의동
SL_1935,37.294238,127.054507,정상,2013,POINT (204833.00023633632 521669.00020239287),이의동
SL_1936,37.294693,127.054817,정상,2013,POINT (204860.45789498504 521719.51343961665),이의동
SL_1937,37.29431,127.054975,정상,2013,POINT (204874.49199115185 521677.0150132258),이의동
SL_1938,37.294756,127.053927,정상,2013,POINT (204781.54028819583 521726.460005458),이의동
SL_1939,37.294828,127.053921,정상,2013,POINT (204781.00373014694 521734.4504916618),이의동
SL_1940,37.294363,127.051541,정상,2013,POINT (204570.00480601037 521682.72563341266),이의동
SL_1941,37.294114,127.054236,정상,2013,POINT (204808.97923101037 521655.22447218676),이의동
SL_1942,37.294361,127.051876,정상,2013,POINT (204599.70849817956 521682.51990968327),이의동
SL_1943,37.294372,127.052291,정상,2013,POINT (204636.50478446748 521683.7609920497),이의동
SL_1944,37.294408,127.052658,정상,2013,POINT (204669.04348217518 521687.7744443101),이의동
SL_1945,37.29445,127.052962,정상,2013,POINT (204695.9957373407 521692.4507914951),이의동
SL_1946,37.294518,127.053261,정상,2013,POINT (204722.503001176 521700.0125384212),이의동
SL_1947,37.294592,127.053554,정상,2013,POINT (204748.4778375059 521708.23996707663),이의동
SL_1948,37.293726,127.052009,정상,2013,POINT (204611.5400200133 521612.05207216844),이의동
SL_1949,37.293925,127.054854,정상,2013,POINT (204863.78801735406 521634.2802598242),이의동
SL_1950,37.293983,127.05509,정상,2013,POINT (204884.70988923922 521640.72944858106),이의동
SL_1951,37.294057,127.055401,정상,2013,POINT (204912.28077019303 521648.95831388165),이의동
SL_1952,37.294129,127.055705,정상,2013,POINT (204939.23105437375 521656.9649379928),이의동
SL_1953,37.294201,127.055965,정상,2013,POINT (204962.27991429894 521664.9693390038),이의동
SL_1954,37.293919,127.053619,정상,2013,POINT (204754.2835515727 521633.5515540392),이의동
SL_1955,37.294198,127.053571,정상,2013,POINT (204750.0099507738 521664.5134475729),이의동
SL_1956,37.294359,127.055516,정상,2013,POINT (204922.45788236396 521682.4812139516),이의동
SL_1957,37.294544,127.055452,정상,2013,POINT (204916.77112984227 521703.00977316377),이의동
SL_1958,37.294675,127.055088,정상,2013,POINT (204884.48781259928 521717.529706178),이의동
SL_1959,37.293825,127.052285,정상,2013,POINT (204636.00634667533 521623.0529012581),이의동
SL_1960,37.294801,127.055336,정상,2013,POINT (204906.46904772057 521731.52642704936),이의동
SL_1961,37.294934,127.055582,고장,2013,POINT (204928.27241941934 521746.29998402647),이의동
SL_1962,37.294535,127.056018,정상,2013,POINT (204966.95733607706 521702.04050426773),이의동
SL_1963,37.294769,127.055985,정상,2013,POINT (204964.01594368808 521728.00883717055),이의동
SL_1964,37.295224,127.055692,정상,2013,POINT (204938.00680129929 521778.49084918154),이의동
SL_1965,37.293761,127.052508,정상,2013,POINT (204655.78325606714 521615.96093449375),이의동
SL_1966,37.293705,127.052863,정상,2013,POINT (204687.26389927889 521609.76341452496),이의동
SL_1967,37.293675,127.053198,정상,2013,POINT (204716.9696016193 521606.4505772843),이의동
SL_1968,37.293716,127.053556,정상,2013,POINT (204748.7102338487 521611.0188049327),이의동
SL_1969,37.293754,127.053889,정상,2013,POINT (204778.23431925185 521615.25293975667),이의동
SL_1970,37.293808,127.05429,정상,2013,POINT (204813.78678261017 521621.2663687427),이의동
SL_1971,37.293857,127.054555,정상,2013,POINT (204837.28067231126 521626.7180670728),이의동
SL_1972,37.295364,127.049748,정상,2013,POINT (204410.96575817597 521793.7346590278),이의동
SL_1973,37.295102,127.052297,정상,2013,POINT (204636.99198161112 521764.77901262883),이의동
SL_1974,37.295122,127.052588,정상,2013,POINT (204662.79270079255 521767.0129861597),이의동
SL_1975,37.295156,127.052878,정상,2013,POINT (204688.5038710152 521770.8007542523),이의동
SL_1976,37.295196,127.053166,정상,2013,POINT (204714.03731091364 521775.2544007015),이의동
SL_1977,37.29525,127.05349,정상,2013,POINT (204742.7618334868 521781.263694745),이의동
SL_1978,37.295338,127.05378,정상,2013,POINT (204768.46951571363 521791.0448009382),이의동
SL_1979,37.295335,127.049951,정상,2013,POINT (204428.9666967099 521790.52563509386),이의동
SL_1980,37.295312,127.050183,정상,2013,POINT (204449.5386174254 521787.98391320393),이의동
SL_1981,37.295278,127.050428,정상,2013,POINT (204471.26386347 521784.22204125754),이의동
SL_1982,37.295208,127.050684,정상,2013,POINT (204493.9666003631 521776.46535330266),이의동
SL_1983,37.29515,127.051009,정상,2013,POINT (204522.78664696254 521770.04382323095),이의동
SL_1984,37.29512,127.051338,정상,2013,POINT (204551.95971679487 521766.7301142089),이의동
SL_1985,37.295098,127.051634,정상,2013,POINT (204578.20632982507 521764.30277399527),이의동
SL_1986,37.295093,127.051984,정상,2013,POINT (204609.23991398944 521763.7648610434),이의동
SL_1987,37.300047,127.050767,정상,2013,POINT (204501.0375648953 522313.5172015524),이의동
SL_1988,37.302797,127.051203,정상,2013,POINT (204539.5283430442 522618.74215444754),이의동
SL_1989,37.30313,127.051254,정상,2013,POINT (204544.02983870334 522655.70205698913),이의동
SL_1990,37.303403,127.051296,정상,2013,POINT (204547.7369971061 522686.00253011764),이의동
SL_1991,37.3037,127.051336,정상,2013,POINT (204551.2653692647 522718.96651054116),이의동
SL_1992,37.303912,127.051356,정상,2013,POINT (204553.02571656322 522742.49594518787),이의동
SL_1993,37.304196,127.05137,정상,2013,POINT (204554.24977641078 522774.0158941797),이의동
SL_1994,37.304439,127.051384,정상,2013,POINT (204555.4762999917 522800.98552674055),이의동
SL_1995,37.304707,127.05139,정상,2013,POINT (204555.9920651873 522830.72935937287),이의동
SL_1996,37.304892,127.05141,정상,2013,POINT (204557.75400462773 522851.2622478677),이의동
SL_1997,37.305083,127.051433,정상,2013,POINT (204559.78153744718 522872.46118236263),이의동
SL_1998,37.300448,127.05086,정상,2013,POINT (204509.2590703114 522358.02593207185),이의동
SL_1999,37.305237,127.05145,정상,2013,POINT (204561.2793673036 522889.55344332324),이의동
SL_2000,37.305412,127.051808,정상,2013,POINT (204593.00707420925 522908.99286873126),이의동
SL_2001,37.305223,127.051782,정상,2013,POINT (204590.71354897652 522888.0157460167),이의동
SL_2002,37.305079,127.05176,정상,2013,POINT (204588.77189718056 522872.0330708809),이의동
SL_2003,37.304878,127.051729,정상,2013,POINT (204586.03580468058 522849.7239074415),이의동
SL_2004,37.30473,127.051723,정상,2013,POINT (204585.51286103908 522833.29807678517),이의동
SL_2005,37.304525,127.051703,정상,2013,POINT (204583.75219964943 522810.5455155434),이의동
SL_2006,37.304281,127.051694,정상,2013,POINT (204582.969107851 522783.46513737005),이의동
SL_2007,37.304034,127.05168,정상,2013,POINT (204581.742912726 522756.0515679837),이의동
SL_2008,37.303824,127.051671,정상,2013,POINT (204580.95774662978 522732.74462639884),이의동
SL_2009,37.300867,127.050925,정상,2013,POINT (204514.9969386485 522404.53103570885),이의동
SL_2010,37.303597,127.051646,정상,2013,POINT (204578.75510245957 522707.55019369913),이의동
SL_2011,37.303259,127.051595,정상,2013,POINT (204574.25409104244 522670.0353526799),이의동
SL_2012,37.303031,127.051555,정상,2013,POINT (204570.72161239776 522644.72921555385),이의동
SL_2013,37.302702,127.05151,정상,2013,POINT (204566.75193210004 522608.21352234035),이의동
SL_2014,37.302457,127.05147,정상,2013,POINT (204563.22043150914 522581.0206741708),이의동
SL_2015,37.302146,127.051417,정상,2013,POINT (204558.54033529697 522546.5023022216),이의동
SL_2016,37.301774,127.051366,정상,2013,POINT (204554.04119555297 522505.2140486006),이의동
SL_2017,37.301454,127.051312,정상,2013,POINT (204549.27290164088 522469.6967879119),이의동
SL_2018,37.301238,127.051286,정상,2013,POINT (204546.98076996856 522445.72314210515),이의동
SL_2019,37.300984,127.051241,정상,2013,POINT (204543.00637909718 522417.53121913667),이의동
SL_2020,37.301162,127.050968,정상,2013,POINT (204518.79165809895 522437.2731647244),이의동
SL_2021,37.3007,127.051201,정상,2013,POINT (204539.47706385047 522386.0100403813),이의동
SL_2022,37.300331,127.051142,정상,2013,POINT (204534.2682794003 522345.0543734628),이의동
SL_2023,37.299864,127.051026,정상,2013,POINT (204524.01164762265 522293.219621736),이의동
SL_2024,37.301403,127.050999,정상,2013,POINT (204521.52567181064 522464.02162432345),이의동
SL_2025,37.301651,127.05105,정상,2013,POINT (204526.0324249807 522491.54792637425),이의동
SL_2026,37.301901,127.051072,정상,2013,POINT (204527.96793113867 522519.2948094087),이의동
SL_2027,37.302238,127.051129,정상,2013,POINT (204533.00124079484 522556.6989210029),이의동
SL_2028,37.302545,127.051166,정상,2013,POINT (204536.2631523826 522590.7725779942),이의동
SL_2029,37.305687,127.051845,정상,2013,POINT (204596.27054953968 522939.51509918604),이의동
SL_2030,37.308018,127.052126,정상,2013,POINT (204621.03969893508 523198.2311372089),이의동
SL_2031,37.308243,127.052202,정상,2013,POINT (204627.7634116375 523223.20612872666),이의동
SL_2032,37.308489,127.052304,정상,2013,POINT (204636.79071582056 523250.5130539689),이의동
SL_2033,37.308746,127.052431,정상,2013,POINT (204648.03354647564 523279.04203703185),이의동
SL_2034,37.309011,127.052592,정상,2013,POINT (204662.28991287263 523308.46058050357),이의동
SL_2035,37.309228,127.052758,정상,2013,POINT (204676.992401524 523332.55219094106),이의동
SL_2036,37.30955,127.053009,정상,2013,POINT (204699.22349271335 523368.30131407164),이의동
SL_2037,37.309822,127.053275,정상,2013,POINT (204722.787258995 523398.5020740647),이의동
SL_2038,37.310058,127.053523,정상,2013,POINT (204744.7574372071 523424.7065930986),이의동
SL_2039,37.31029,127.053799,정상,2013,POINT (204769.209893463 523450.4686493195),이의동
SL_2040,37.305968,127.051856,정상,2013,POINT (204597.22863786505 522970.7019680654),이의동
SL_2041,37.310412,127.053974,정상,2013,POINT (204784.715681042 523464.01747772633),이의동
SL_2042,37.31061,127.054248,정상,2013,POINT (204808.99276869127 523486.006112038),이의동
SL_2043,37.310828,127.054527,정상,2013,POINT (204833.7116888581 523510.21474302124),이의동
SL_2044,37.311033,127.054767,정상,2013,POINT (204854.97403822924 523532.97865871445),이의동
SL_2045,37.311247,127.055002,정상,2013,POINT (204875.79245298536 523556.741222827),이의동
SL_2046,37.311479,127.05523,정상,2013,POINT (204895.98905122848 523582.50118009734),이의동
SL_2047,37.311704,127.055431,정상,2013,POINT (204913.79251148415 523607.48289870843),이의동
SL_2048,37.311898,127.055594,정상,2013,POINT (204928.22931230778 523629.02218544553),이의동
SL_2049,37.306223,127.051879,정상,2013,POINT (204599.25214342377 522999.003853817),이의동
SL_2050,37.306459,127.051896,정상,2013,POINT (204600.74487377921 523025.19676453585),이의동
SL_2051,37.306732,127.051927,정상,2013,POINT (204603.47647962157 523055.49674446834),이의동
SL_2052,37.307047,127.051978,정상,2013,POINT (204607.978553246 523090.45900494664),이의동
SL_2053,37.307277,127.052007,정상,2013,POINT (204610.5354322959 523115.98660557286),이의동
SL_2054,37.307507,127.052035,정상,2013,POINT (204613.00364366669 523141.51415919367),이의동
SL_2055,37.307761,127.052072,정상,2013,POINT (204616.2682377089 523169.70575635333),이의동
SL_2056,37.308458,127.051731,정상,2013,POINT (204585.99569443805 523247.04461517616),이의동
SL_2057,37.310273,127.053018,정상,2013,POINT (204699.97633368045 523448.54281206185),이의동
SL_2058,37.310484,127.053157,정상,2013,POINT (204712.28533396317 523471.9672468808),이의동
SL_2059,37.310646,127.053492,정상,2013,POINT (204741.9723905768 523489.96332429256),이의동
SL_2060,37.310876,127.053828,정상,2013,POINT (204771.74367023737 523515.5064353168),이의동
SL_2061,37.311076,127.05411,정상,2013,POINT (204796.72969740917 523537.71740680863),이의동
SL_2062,37.311292,127.054311,정상,2013,POINT (204814.53412260578 523561.70006093296),이의동
SL_2063,37.311504,127.05437,정상,2013,POINT (204819.750791796 523585.2315698885),이의동
SL_2064,37.311693,127.054291,정상,2013,POINT (204812.73561102938 523606.2034270374),이의동
SL_2065,37.311844,127.054235,정상,2013,POINT (204807.76176171133 523622.9590869309),이의동
SL_2066,37.312187,127.054235,정상,2013,POINT (204807.73991965273 523661.0264317328),이의동
SL_2067,37.308665,127.051793,정상,2013,POINT (204591.47945870165 523270.0211982068),이의동
SL_2068,37.312407,127.054331,정상,2013,POINT (204816.23594463838 523685.4476928604),이의동
SL_2069,37.312475,127.054385,정상,2013,POINT (204821.01849685595 523692.99732511153),이의동
SL_2070,37.312786,127.05458,정상,2013,POINT (204838.28455842586 523727.52316478186),이의동
SL_2071,37.312725,127.054856,정상,2013,POINT (204862.75471400525 523720.767333008),이의동
SL_2072,37.312635,127.055203,정상,2013,POINT (204893.52064716537 523710.7967239017),이의동
SL_2073,37.312362,127.055411,정상,2013,POINT (204911.97676143082 523680.50901105546),이의동
SL_2074,37.312347,127.054636,정상,2013,POINT (204843.27688267938 523678.8042660911),이의동
SL_2075,37.312263,127.055014,정상,2013,POINT (204876.79059641634 523669.5010860393),이의동
SL_2076,37.312193,127.055183,정상,2013,POINT (204891.7763672186 523661.7409726021),이의동
SL_2077,37.311977,127.054988,정상,2013,POINT (204874.50425621768 523637.75845965964),이의동
SL_2078,37.308849,127.051864,정상,2013,POINT (204597.7624463542 523290.44560396834),이의동
SL_2079,37.311788,127.054805,정상,2013,POINT (204858.29407227316 523616.77315472625),이의동
SL_2080,37.311849,127.054531,정상,2013,POINT (204834.00091048365 523623.52910103434),이의동
SL_2081,37.309102,127.051819,정상,2013,POINT (204593.7577875751 523318.5222301254),이의동
SL_2082,37.309397,127.051794,정상,2013,POINT (204591.52359694877 523351.26113603165),이의동
SL_2083,37.30948,127.052028,정상,2013,POINT (204612.26256293614 523360.48415515013),이의동
SL_2084,37.309122,127.052076,정상,2013,POINT (204616.5396334926 523320.754419405),이의동
SL_2085,37.309361,127.052214,정상,2013,POINT (204628.75868899492 523347.28621464444),이의동
SL_2086,37.309487,127.05229,정상,2013,POINT (204635.4883360263 523361.2738551333),이의동
SL_2087,37.309723,127.052474,정상,2013,POINT (204651.78532671303 523387.47499204346),이의동
SL_2088,37.309946,127.05268,정상,2013,POINT (204670.03329890064 523412.23446330096),이의동
SL_2089,37.310108,127.05284,정상,2013,POINT (204684.2071017916 523430.22170278674),이의동
SL_2090,37.292288,127.047322,정상,2013,POINT (204196.03239998248 521452.24002823024),이의동
SL_2091,37.293936,127.048817,정상,2013,POINT (204328.49934456486 521635.2076503254),이의동
SL_2092,37.294141,127.048936,정상,2013,POINT (204339.03904768208 521657.96465435857),이의동
SL_2093,37.294367,127.049034,정상,2013,POINT (204347.7154696904 521683.0513534856),이의동
SL_2094,37.294448,127.04919,정상,2013,POINT (204361.54290287333 521692.0481749244),이의동
SL_2095,37.294592,127.049125,정상,2013,POINT (204355.77122757788 521708.0267569503),이의동
SL_2096,37.29488,127.049235,정상,2013,POINT (204365.5079667979 521739.9949869517),이의동
SL_2097,37.292475,127.047536,정상,2013,POINT (204214.99730643802 521473.0033924489),이의동
SL_2098,37.292642,127.047725,정상,2013,POINT (204231.74650491992 521491.5460183583),이의동
SL_2099,37.292855,127.047934,정상,2013,POINT (204250.26642543887 521515.19480189105),이의동
SL_2100,37.29277,127.048382,정상,2013,POINT (204289.9950279288 521505.7814639469),이의동
SL_2101,37.293069,127.048148,정상,2013,POINT (204269.22952937588 521538.954836145),이의동
SL_2102,37.293263,127.048329,정상,2013,POINT (204285.2675950441 521560.49375514925),이의동
SL_2103,37.293502,127.048518,정상,2013,POINT (204302.01236333058 521587.0273117933),이의동
SL_2104,37.293752,127.048701,정상,2013,POINT (204318.22438816968 521614.7814438687),이의동
SL_2105,37.290726,127.0446,정상,2013,POINT (203954.75494170433 521278.76708504744),이의동
SL_2106,37.292174,127.046442,정상,2013,POINT (204118.0091825511 521439.5492667619),이의동
SL_2107,37.292338,127.046653,정상,2013,POINT (204136.70956086693 521457.75971047697),이의동
SL_2108,37.292597,127.046967,정상,2013,POINT (204164.53758578651 521486.5181260964),이의동
SL_2109,37.292775,127.047175,정상,2013,POINT (204182.97097538222 521506.28230641806),이의동
SL_2110,37.292939,127.047359,정상,2013,POINT (204199.27699952654 521524.49169779354),이의동
SL_2111,37.293207,127.047621,정상,2013,POINT (204222.49331075253 521554.24684958486),이의동
SL_2112,37.293405,127.047819,고장,2013,POINT (204240.03860707194 521576.2303743649),이의동
SL_2113,37.293592,127.047985,정상,2013,POINT (204254.74704634162 521596.9916816001),이의동
SL_2114,37.293813,127.048163,정상,2013,POINT (204270.51750751745 521621.52698490734),이의동
SL_2115,37.294022,127.048287,정상,2013,POINT (204281.50049737154 521644.72807448433),이의동
SL_2116,37.290886,127.044797,정상,2013,POINT (203972.2148432929 521296.53263903665),이의동
SL_2117,37.294524,127.048555,정상,2013,POINT (204305.23485314753 521700.45379695576),이의동
SL_2118,37.294691,127.04862,정상,2013,POINT (204310.98869047777 521718.99094980536),이의동
SL_2119,37.291034,127.044989,정상,2013,POINT (203989.23194813114 521312.96622162405),이의동
SL_2120,37.291176,127.045173,고장,2013,POINT (204005.5399355009 521328.73360163276),이의동
SL_2121,37.291332,127.045373,정상,2013,POINT (204023.26585117864 521346.0554580391),이의동
SL_2122,37.291516,127.045613,정상,2013,POINT (204044.537024603 521366.48658987635),이의동
SL_2123,37.291689,127.045835,정상,2013,POINT (204064.21261710065 521385.69618826575),이의동
SL_2124,37.291856,127.046047,정상,2013,POINT (204083.0017405999 521404.2395028748),이의동
SL_2125,37.292009,127.046236,정상,2013,POINT (204099.75212792307 521421.228098947),이의동
SL_2126,37.289362,127.047168,정상,2013,POINT (204182.5392175219 521127.4966234528),이의동
SL_2127,37.289364,127.046855,정상,2013,POINT (204154.78438286873 521127.70479286497),이의동
SL_2128,37.290007,127.045812,정상,2013,POINT (204062.26362542002 521199.02160763176),이의동
SL_2129,37.290162,127.045995,정상,2013,POINT (204078.48232361226 521216.2318640028),이의동
SL_2130,37.290295,127.046159,정상,2013,POINT (204093.0173766549 521230.99970154127),이의동
SL_2131,37.290484,127.046373,정상,2013,POINT (204111.98293042282 521251.9847913251),이의동
SL_2132,37.29068,127.046613,정상,2013,POINT (204133.25347059112 521273.7479425511),이의동
SL_2133,37.290867,127.046825,정상,2013,POINT (204152.04159387178 521294.5110708363),이의동
SL_2134,37.290804,127.047047,정상,2013,POINT (204171.73013985448 521287.52890482044),이의동
SL_2135,37.290657,127.047256,정상,2013,POINT (204190.27064602711 521271.22362785763),이의동
SL_2136,37.290502,127.047456,정상,2013,POINT (204208.01362278516 521254.03012688475),이의동
SL_2137,37.289632,127.047481,정상,2013,POINT (204210.27889773823 521157.4759453231),이의동
SL_2138,37.289909,127.047808,정상,2013,POINT (204239.25940332873 521188.23286962794),이의동
SL_2139,37.29015,127.048082,정상,2013,POINT (204263.54209703061 521214.9921134225),이의동
SL_2140,37.290441,127.048434,정상,2013,POINT (204294.73821240675 521247.30412333645),이의동
SL_2141,37.2904,127.048093,정상,2013,POINT (204264.50338263036 521242.73838465085),이의동
SL_2142,37.290267,127.047774,정상,2013,POINT (204236.2244636669 521227.9632949416),이의동
SL_2143,37.289957,127.04756,정상,2013,POINT (204217.26591945096 521193.54897010885),이의동
SL_2144,37.289603,127.047145,정상,2013,POINT (204180.48639938395 521154.24253016606),이의동
SL_2145,37.290269,127.049449,정상,2013,POINT (204384.75024959628 521228.26160711836),이의동
SL_2146,37.290116,127.049669,정상,2013,POINT (204404.26704703303 521211.29141577135),이의동
SL_2147,37.289962,127.049875,정상,2013,POINT (204422.54256646388 521194.2096323306),이의동
SL_2148,37.289823,127.050061,정상,2013,POINT (204439.04382471976 521178.79169653275),이의동
SL_2149,37.289656,127.050283,정상,2013,POINT (204458.7390190319 521160.26796364854),이의동
SL_2150,37.289543,127.050438,정상,2013,POINT (204472.4900067586 521147.7341935435),이의동
SL_2151,37.289455,127.050568,정상,2013,POINT (204484.02272292553 521137.9738377149),이의동
SL_2152,37.289192,127.0509,정상,2013,POINT (204513.47791303255 521108.801079569),이의동
SL_2153,37.287774,127.052292,고장,2011,POINT (204636.9983608457 520951.4944288994),이의동
SL_2154,37.287578,127.052563,정상,2011,POINT (204661.04140452176 520929.7550716846),이의동
SL_2155,37.287366,127.052839,정상,2011,POINT (204685.52894274806 520906.24030291906),이의동
SL_2156,37.287722,127.052876,정상,2011,POINT (204688.7878500795 520945.75210309506),이의동
SL_2157,37.287564,127.053107,정상,2011,POINT (204709.28166056063 520928.228257886),이의동
SL_2158,37.287391,127.053335,정상,2011,POINT (204729.51046887608 520909.03956737655),이의동
SL_2159,37.287242,127.053535,정상,2011,POINT (204747.25494073494 520892.513113427),이의동
SL_2160,37.290241,127.045149,정상,2013,POINT (204003.4613699356 521224.9633794439),이의동
SL_2161,37.28824,127.048109,정상,2013,POINT (204266.04408236197 521003.015646801),이의동
SL_2162,37.28808,127.048579,정상,2013,POINT (204307.73024620413 520985.27966111293),이의동
SL_2163,37.287931,127.048991,정상,2013,POINT (204344.27280797611 520968.7620308102),이의동
SL_2164,37.287771,127.049329,정상,2013,POINT (204374.25419344846 520951.02032126137),이의동
SL_2165,37.287687,127.049464,정상,2013,POINT (204386.2302090426 520941.7039972172),이의동
SL_2166,37.287295,127.049957,정상,2013,POINT (204429.9700671 520898.2216200245),이의동
SL_2167,37.286822,127.05034,정상,2013,POINT (204463.9607892718 520845.744649816),이의동
SL_2168,37.286545,127.05029,정상,2013,POINT (204459.5433246843 520814.99999048933),이의동
SL_2169,37.286991,127.049937,정상,2013,POINT (204428.2143679355 520864.48183834576),이의동
SL_2170,37.287307,127.049639,정상,2013,POINT (204401.77050555183 520899.5385688858),이의동
SL_2171,37.289971,127.045564,정상,2013,POINT (204040.2747742531 521195.0155923001),이의동
SL_2172,37.287615,127.049205,정상,2013,POINT (204363.26748746907 520933.70123703853),이의동
SL_2173,37.287827,127.048731,정상,2013,POINT (204321.22327558123 520957.2078816847),이의동
SL_2174,37.288021,127.04817,정상,2013,POINT (204271.46560989678 520978.7131098054),이의동
SL_2175,37.288152,127.047804,정상,2013,POINT (204239.0032785301 520993.2354231406),이의동
SL_2176,37.288305,127.047477,정상,2013,POINT (204209.99813982425 521010.20122512773),이의동
SL_2177,37.288438,127.047237,정상,2013,POINT (204188.7088915359 521024.9513161365),이의동
SL_2178,37.288587,127.047015,정상,2013,POINT (204169.01497046635 521041.477983881),이의동
SL_2179,37.2889,127.046601,정상,2013,POINT (204132.28675493257 521076.19751568045),이의동
SL_2180,37.289013,127.046446,정상,2013,POINT (204118.5361593711 521088.7318419111),이의동
SL_2181,37.289293,127.046076,정상,2013,POINT (204085.71176855083 521119.79105520947),이의동
SL_2182,37.289903,127.045648,정상,2013,POINT (204047.72690923858 521187.47233390104),이의동
SL_2183,37.289588,127.045685,정상,2013,POINT (204051.02468377395 521152.51424480905),이의동
SL_2184,37.289716,127.04551,정상,2013,POINT (204035.50007679345 521166.71259825863),이의동
SL_2185,37.289854,127.045324,정상,2013,POINT (204018.99959105166 521182.02034410706),이의동
SL_2186,37.289525,127.046102,정상,2013,POINT (204088.0047232843 521145.5402542411),이의동
SL_2187,37.289234,127.046482,정상,2013,POINT (204121.71635580753 521113.26067066303),이의동
SL_2188,37.289171,127.046595,정상,2013,POINT (204131.73989394202 521106.2736674256),이의동
SL_2189,37.289042,127.046761,정상,2013,POINT (204146.46676813284 521091.96411550813),이의동
SL_2190,37.2887,127.047207,정상,2013,POINT (204186.0341475732 521054.0275518238),이의동
SL_2191,37.288456,127.047604,정상,2013,POINT (204221.2513637325 521026.96532895253),이의동
SL_2192,37.290021,127.043717,정상,2013,POINT (203876.49405294887 521200.4874385458),이의동
SL_2193,37.290199,127.043948,정상,2013,POINT (203896.96821256305 521220.25192345487),이의동
SL_2194,37.290375,127.044166,정상,2013,POINT (203916.28964266455 521239.7939543929),이의동
SL_2195,37.290613,127.044386,정상,2013,POINT (203935.7850968278 521266.21706626663),이의동
SL_2196,37.290415,127.044947,정상,2013,POINT (203985.54040550845 521244.26590680145),이의동
SL_2197,37.290257,127.044789,정상,2013,POINT (203971.53853349673 521226.7239298635),이의동
SL_2198,37.290106,127.044563,정상,2013,POINT (203951.5065152194 521209.95601504063),이의동
SL_2199,37.289935,127.044343,정상,2013,POINT (203932.0074928734 521190.96873614617),이의동
SL_2200,37.289746,127.0441,정상,2013,POINT (203910.46984007393 521169.98285631934),이의동
SL_2201,37.286425,127.04012,정상,2014,POINT (203557.70849180224 520801.2509808585),이의동
SL_2202,37.286003,127.042381,정상,2014,POINT (203758.22746665927 520754.5035926209),이의동
SL_2203,37.286167,127.042734,정상,2014,POINT (203789.52228804008 520772.71889318083),이의동
SL_2204,37.285996,127.043069,정상,2014,POINT (203819.23772172717 520753.75427184737),이의동
SL_2205,37.286131,127.043461,정상,2014,POINT (203853.99229557556 520768.7528810028),이의동
SL_2206,37.28589,127.043577,정상,2014,POINT (203864.29115478907 520742.0107065912),이의동
SL_2207,37.285728,127.044008,정상,2014,POINT (203902.51944330338 520724.04915474134),이의동
SL_2208,37.285966,127.043943,정상,2014,POINT (203896.74313321774 520750.46043255134),이의동
SL_2209,37.286203,127.043923,정상,2014,POINT (203894.95737351128 520776.7625845912),이의동
SL_2210,37.286439,127.044079,정상,2014,POINT (203908.77877045868 520802.96101429674),이의동
SL_2211,37.28668,127.04424,정상,2014,POINT (203923.04320334597 520829.7145904392),이의동
SL_2212,37.286184,127.040089,정상,2014,POINT (203554.97085169202 520774.50290661165),이의동
SL_2213,37.286838,127.04435,정상,2014,POINT (203932.7893832912 520847.2544781172),이의동
SL_2214,37.286231,127.040416,정상,2014,POINT (203583.96599153752 520779.73144977284),이의동
SL_2215,37.286033,127.040636,정상,2014,POINT (203603.4843539984 520757.7651711172),이의동
SL_2216,37.286188,127.041113,정상,2014,POINT (203645.77587505977 520774.9858195889),이의동
SL_2217,37.286028,127.041225,정상,2014,POINT (203655.71543508398 520757.23285958095),이의동
SL_2218,37.286179,127.041527,정상,2014,POINT (203682.4885769691 520774.0030113384),이의동
SL_2219,37.28601,127.041724,정상,2014,POINT (203699.9662154204 520755.25456946756),이의동
SL_2220,37.286174,127.042167,정상,2014,POINT (203739.24208857954 520773.4732069621),이의동
SL_2221,37.290645,127.059066,고장,2013,POINT (205237.48454215055 521270.48050743225),이의동
SL_2222,37.290266,127.060972,정상,2013,POINT (205406.5199998328 521228.52517037594),이의동
SL_2223,37.29041,127.060656,정상,2013,POINT (205378.48933860523 521244.48871930264),이의동
SL_2224,37.290554,127.060329,정상,2013,POINT (205349.4833938596 521260.45173991215),이의동
SL_2225,37.290676,127.059991,정상,2013,POINT (205319.5037200518 521273.97261379304),이의동
SL_2226,37.290789,127.059681,정상,2013,POINT (205292.00757713127 521286.4963134703),이의동
SL_2227,37.290888,127.059393,정상,2013,POINT (205266.46326394117 521297.4675647325),이의동
SL_2228,37.29105,127.059467,정상,2013,POINT (205273.0136459012 521315.45095367334),이의동
SL_2229,37.291334,127.059743,정상,2013,POINT (205297.46700316505 521346.98558596097),이의동
SL_2230,37.291586,127.059992,정상,2013,POINT (205319.52832315429 521374.9673119349),이의동
SL_2231,37.291645,127.059823,정상,2013,POINT (205304.53884329123 521381.5058236705),이의동
SL_2232,37.290744,127.059196,정상,2013,POINT (205249.00499090602 521281.4750433823),이의동
SL_2233,37.291087,127.059281,정상,2013,POINT (205256.51821638783 521319.5469742883),이의동
SL_2234,37.29101,127.059016,정상,2013,POINT (205233.02567551847 521310.98657709046),이의동
SL_2235,37.291145,127.058644,정상,2013,POINT (205200.03065622976 521325.9487784585),이의동
SL_2236,37.291294,127.058418,정상,2013,POINT (205179.98076034148 521342.4728607956),이의동
SL_2237,37.291533,127.058165,정상,2013,POINT (205157.53068823557 521368.9840001203),이의동
SL_2238,37.29184,127.058007,정상,2013,POINT (205143.4998184676 521403.04721644137),이의동
SL_2239,37.292083,127.057934,정상,2013,POINT (205137.01036195358 521430.01215087005),이의동
SL_2240,37.292304,127.057872,정상,2013,POINT (205131.49780864647 521454.53605906223),이의동
SL_2241,37.292515,127.057821,정상,2013,POINT (205126.96133088987 521477.95073660254),이의동
SL_2242,37.291898,127.057753,정상,2013,POINT (205120.97362149684 521409.4704534827),이의동
SL_2243,37.290645,127.059512,정상,2013,POINT (205277.03213857612 521270.50530122395),이의동
SL_2244,37.291574,127.057894,정상,2013,POINT (205133.49814333764 521373.5195630656),이의동
SL_2245,37.291281,127.058091,정상,2013,POINT (205150.98623654744 521341.01221883623),이의동
SL_2246,37.291046,127.058412,정상,2013,POINT (205179.4657350845 521314.9487176982),이의동
SL_2247,37.290875,127.05883,정상,2013,POINT (205216.54213196342 521295.99357983784),이의동
SL_2248,37.290528,127.059816,정상,2013,POINT (205303.99656097195 521257.53728374315),이의동
SL_2249,37.29041,127.060166,정상,2013,POINT (205335.04005020554 521244.46096405736),이의동
SL_2250,37.290271,127.060521,정상,2013,POINT (205366.5284886977 521229.0543979164),이의동
SL_2251,37.290113,127.060853,정상,2013,POINT (205395.9789359905 521211.5379586915),이의동
SL_2252,37.289887,127.061287,정상,2013,POINT (205434.47899741208 521186.4806288611),이의동
SL_2253,37.290045,127.061411,정상,2013,POINT (205445.46301688804 521204.02309175103),이의동
SL_2254,37.292759,127.057754,정상,2012,POINT (205121.00393278198 521505.0269948498),이의동
SL_2255,37.295134,127.056267,정상,2012,POINT (204988.99590500924 521768.532543587),이의동
SL_2256,37.295616,127.055517,정상,2012,POINT (204922.4646447438 521821.987139727),이의동
SL_2257,37.295355,127.055743,정상,2012,POINT (204942.52021528108 521793.0323127316),이의동
SL_2258,37.295156,127.055923,정상,2012,POINT (204958.49319494978 521770.95607987023),이의동
SL_2259,37.29503,127.056058,정상,2012,POINT (204970.4714551327 521756.9792848855),이의동
SL_2260,37.29476,127.056289,정상,2012,POINT (204990.971275735 521727.0259904588),이의동
SL_2261,37.294534,127.056487,정상,2012,POINT (205008.54230709194 521701.95425910444),이의동
SL_2262,37.294219,127.056695,정상,2012,POINT (205027.00603994532 521667.00559396064),이의동
SL_2263,37.293935,127.056886,정상,2012,POINT (205043.96050221595 521635.49654265324),이의동
SL_2264,37.293687,127.05696,정상,2012,POINT (205050.5385042656 521607.97666579566),이의동
SL_2265,37.2932,127.057596,정상,2012,POINT (205106.96437996434 521553.96202231484),이의동
SL_2266,37.293687,127.057067,정상,2012,POINT (205060.02599843638 521607.98238595657),이의동
SL_2267,37.293444,127.057202,정상,2012,POINT (205072.01251506418 521581.02070866287),이의동
SL_2268,37.293169,127.057365,정상,2012,POINT (205086.4839877469 521550.5090941241),이의동
SL_2269,37.292874,127.057455,정상,2012,POINT (205094.48406979823 521517.77390755457),이의동
SL_2270,37.292554,127.057548,정상,2012,POINT (205102.75191092605 521482.2643133515),이의동
SL_2271,37.292227,127.057641,정상,2012,POINT (205111.0202952829 521445.9778471497),이의동
SL_2272,37.293453,127.057473,정상,2012,POINT (205096.04105933223 521582.0341269529),이의동
SL_2273,37.293692,127.057337,정상,2012,POINT (205083.96606783933 521608.55178357824),이의동
SL_2274,37.293831,127.05723,정상,2012,POINT (205074.46923797115 521623.9726970865),이의동
SL_2275,37.294048,127.057101,정상,2012,POINT (205063.01652325792 521648.0491312254),이의동
SL_2276,37.294386,127.056864,정상,2012,POINT (205041.9797096932 521685.5487827864),이의동
SL_2277,37.294665,127.056684,정상,2012,POINT (205026.00102547935 521716.50350905943),이의동
SL_2278,37.294881,127.056487,정상,2012,POINT (205008.51930198073 521740.4654254526),이의동
SL_2279,37.295165,127.056464,정상,2013,POINT (205006.46114544864 521771.98343464074),이의동
SL_2280,37.29621,127.057531,정상,2013,POINT (205100.99766915516 521888.0179122896),이의동
SL_2281,37.296545,127.057545,정상,2013,POINT (205102.21635567702 521925.1980464138),이의동
SL_2282,37.296512,127.057306,정상,2013,POINT (205081.0276843704 521921.5227305628),이의동
SL_2283,37.296438,127.057159,정상,2013,POINT (205067.9989153529 521913.30208320194),이의동
SL_2284,37.296152,127.05704,정상,2013,POINT (205057.46693468204 521881.5545112852),이의동
SL_2285,37.29587,127.056908,정상,2013,POINT (205045.78195386365 521850.250193281),이의동
SL_2286,37.295566,127.056761,정상,2013,POINT (205032.76836211473 521816.5034641832),이의동
SL_2287,37.295339,127.056532,정상,2013,POINT (205012.47891798525 521791.2981136199),이의동
SL_2288,37.295899,127.057049,정상,2013,POINT (205058.28186274748 521853.4762397065),이의동
SL_2289,37.295913,127.057181,정상,2013,POINT (205069.98477888285 521855.0370740249),이의동
SL_2290,37.294994,127.056715,정상,2013,POINT (205028.72780329234 521753.0186269426),이의동
SL_2291,37.295595,127.057054,정상,2013,POINT (205058.74554773874 521819.73761190905),이의동
SL_2292,37.295374,127.057285,정상,2013,POINT (205079.24223660928 521795.2227071202),이의동
SL_2293,37.295852,127.056676,정상,2013,POINT (205025.21273027713 521848.24014083366),이의동
SL_2294,37.295958,127.05644,정상,2013,POINT (205004.2806200797 521859.9918452836),이의동
SL_2295,37.296062,127.056065,정상,2013,POINT (204971.02421245034 521871.5143192513),이의동
SL_2296,37.295911,127.055887,정상,2013,POINT (204955.2516793003 521854.74651139707),이의동
SL_2297,37.295611,127.056016,정상,2013,POINT (204966.70926021185 521821.4583169885),이의동
SL_2298,37.295679,127.056112,정상,2013,POINT (204975.21670931965 521829.0102217103),이의동
SL_2299,37.295744,127.056239,정상,2013,POINT (204986.47297942618 521836.2308198564),이의동
SL_2300,37.295814,127.056361,정상,2013,POINT (204997.28557100578 521844.006085005),이의동
SL_2301,37.29496,127.057313,정상,2013,POINT (205081.7527385979 521749.2771677866),이의동
SL_2302,37.295309,127.056115,정상,2013,POINT (204975.50707565906 521787.9465944799),이의동
SL_2303,37.295478,127.05598,정상,2013,POINT (204963.52602595577 521806.6956605871),이의동
SL_2304,37.295713,127.055737,정상,2013,POINT (204941.9647983158 521832.7639859783),이의동
SL_2305,37.294998,127.05768,정상,2013,POINT (205114.29083615151 521753.5143152311),이의동
SL_2306,37.295146,127.058049,정상,2013,POINT (205146.99873978435 521769.95984947117),이의동
SL_2307,37.295419,127.058083,정상,2013,POINT (205149.9947886029 521800.2601142629),이의동
SL_2308,37.295581,127.05788,정상,2013,POINT (205131.98455751053 521818.22835659294),이의동
SL_2309,37.295723,127.057593,정상,2013,POINT (205106.52783193951 521833.9724342258),이의동
SL_2310,37.295885,127.05748,정상,2013,POINT (205096.49766953092 521851.9456177047),이의동
SL_2311,37.291748,127.046952,정상,2013,POINT (204163.2543265266 521392.29278298526),이의동
SL_2312,37.290357,127.048834,정상,2013,POINT (204330.2118168328 521237.9997829716),이의동
SL_2313,37.290256,127.048967,정상,2013,POINT (204342.0110067725 521226.7965878137),이의동
SL_2314,37.290057,127.049235,정상,2013,POINT (204365.78665273913 521204.72328940895),이의동
SL_2315,37.289933,127.049406,정상,2013,POINT (204380.9568272847 521190.96929325035),이의동
SL_2316,37.289798,127.04959,정상,2013,POINT (204397.2804370744 521175.9951151382),이의동
SL_2317,37.289636,127.049815,정상,2013,POINT (204417.24127203375 521158.0263398939),이의동
SL_2318,37.289458,127.050043,정상,2013,POINT (204437.46915149238 521138.2820239492),이의동
SL_2319,37.289293,127.050272,정상,2013,POINT (204457.78503257933 521119.9805845282),이의동
SL_2320,37.289196,127.050401,정상,2013,POINT (204469.22962859744 521109.2213138738),이의동
SL_2321,37.289016,127.050649,정상,2013,POINT (204491.23133994493 521089.2561080286),이의동
SL_2322,37.29159,127.047172,정상,2013,POINT (204182.7705706593 521374.7671569877),이의동
SL_2323,37.291428,127.047389,정상,2013,POINT (204202.02110638717 521356.79751101485),이의동
SL_2324,37.291254,127.047625,정상,2013,POINT (204222.9571444549 521337.4969605033),이의동
SL_2325,37.291121,127.047814,정상,2013,POINT (204239.72343062333 521322.7446623687),이의동
SL_2326,37.290986,127.047989,정상,2013,POINT (204255.24848974508 521307.76980176923),이의동
SL_2327,37.290853,127.048167,정상,2013,POINT (204271.03950573606 521293.0170719172),이의동
SL_2328,37.290688,127.048384,정상,2013,POINT (204290.29058858627 521274.71468117286),이의동
SL_2329,37.290562,127.048561,정상,2013,POINT (204305.99265768702 521260.73885415785),이의동
SL_2330,37.291636,127.06461,정상,2011,POINT (205729.0055375573 521380.78623446904),이의동
SL_2331,37.289545,127.061233,정상,2011,POINT (205429.71525114233 521148.52130796056),이의동
SL_2332,37.289101,127.060717,정상,2011,POINT (205383.99160266801 521099.2153156772),이의동
SL_2333,37.288845,127.060435,정상,2011,POINT (205359.00381649964 521070.7876296674),이의동
SL_2334,37.288638,127.06019,정상,2011,POINT (205337.29334348836 521047.80027770397),이의동
SL_2335,37.288446,127.059953,정상,2011,POINT (205316.29109079618 521026.4781786386),이의동
SL_2336,37.28823,127.059704,정상,2011,POINT (205294.2263182047 521002.4918675178),이의동
SL_2337,37.288007,127.059445,정상,2011,POINT (205271.27515935438 520977.7281766074),이의동
SL_2338,37.287708,127.059095,정상,2011,POINT (205240.25970132436 520944.52479110507),이의동
SL_2339,37.287611,127.058971,정상,2011,POINT (205229.27069061444 520933.7525711773),이의동
SL_2340,37.291431,127.064063,정상,2011,POINT (205680.51814282624 521358.0016945988),이의동
SL_2341,37.291105,127.063298,정상,2011,POINT (205612.7091821751 521321.7755172683),이의동
SL_2342,37.290643,127.062534,정상,2011,POINT (205544.99828855036 521270.4562457469),이의동
SL_2343,37.290173,127.061958,정상,2011,POINT (205493.95753792257 521218.26056613785),이의동
SL_2344,37.289932,127.061657,정상,2011,POINT (205467.28461495662 521191.49619442475),이의동
SL_2345,37.289831,127.061397,정상,2011,POINT (205444.23702176125 521180.2719020319),이의동
SL_2346,37.289765,127.061479,정상,2011,POINT (205451.5129446855 521172.95174120786),이의동
SL_2347,37.289666,127.061389,정상,2011,POINT (205443.53952715435 521161.95923039503),이의동
SL_2348,37.282863,127.053411,정상,2013,POINT (204736.5335948761 520406.51231617987),이의동
SL_2349,37.283079,127.053659,정상,2013,POINT (204758.5128511607 520430.49708465056),이의동
SL_2350,37.283336,127.053949,정상,2013,POINT (204784.21396159293 520459.0343371751),이의동
SL_2351,37.283615,127.054229,정상,2013,POINT (204809.02669704522 520490.01278690906),이의동
SL_2352,37.283865,127.05457,정상,2013,POINT (204839.25056530948 520517.7759243819),이의동
SL_2353,37.284079,127.054827,정상,2013,POINT (204862.02747970936 520541.53946327977),이의동
SL_2354,37.284317,127.0551,정상,2013,POINT (204886.22158039556 520567.9674832787),이의동
SL_2355,37.284482,127.055289,정상,2013,POINT (204902.97123808504 520586.28945787373),이의동
SL_2356,37.28463,127.055461,정상,2013,POINT (204918.21438966226 520602.72387140413),이의동
SL_2357,37.284797,127.056127,정상,2011,POINT (204977.2634705359 520621.29287182994),원천동
SL_2358,37.283081,127.054118,정상,2011,POINT (204799.21712738532 520430.7422411295),원천동
SL_2359,37.282887,127.05389,정상,2011,POINT (204779.0102142322 520409.20000141714),원천동
SL_2360,37.282656,127.053644,정상,2011,POINT (204757.20926687794 520383.55053619377),원천동
SL_2361,37.284614,127.055918,정상,2011,POINT (204958.74165010522 520600.9720049513),원천동
SL_2362,37.284441,127.055707,정상,2011,POINT (204940.04172816064 520581.7609051815),원천동
SL_2363,37.284252,127.055478,정상,2011,POINT (204919.74653607194 520560.77318346995),원천동
SL_2364,37.284049,127.055255,정상,2011,POINT (204899.9842268532 520538.23206063337),원천동
SL_2365,37.28382,127.054984,정상,2011,POINT (204875.96686235518 520512.8029521236),원천동
SL_2366,37.283585,127.054711,정상,2011,POINT (204851.77237731684 520486.7079130577),원천동
SL_2367,37.283446,127.054547,정상,2011,POINT (204837.23774995535 520471.27287940716),원천동
SL_2368,37.283261,127.054333,정상,2011,POINT (204818.27198419842 520450.730106408),원천동
SL_2369,37.286419,127.05065,정상,2012,POINT (204491.47437105523 520801.0331640035),이의동
SL_2370,37.284023,127.053888,정상,2012,POINT (204778.76102287485 520535.27656057436),이의동
SL_2371,37.28391,127.054063,정상,2012,POINT (204794.28710533827 520522.7443393111),이의동
SL_2372,37.283917,127.053792,정상,2012,POINT (204770.25448053 520523.5075181611),이의동
SL_2373,37.284154,127.053403,정상,2012,POINT (204735.7432521235 520549.79093800863),이의동
SL_2374,37.284406,127.053006,정상,2012,POINT (204700.52187447777 520577.7388479786),이의동
SL_2375,37.284949,127.052048,정상,2012,POINT (204615.53417284472 520637.9554359241),이의동
SL_2376,37.28517,127.051709,정상,2012,POINT (204585.45877841313 520662.46619084483),이의동
SL_2377,37.285542,127.051168,정상,2012,POINT (204537.46155705847 520703.7257792087),이의동
SL_2378,37.285718,127.050977,정상,2012,POINT (204520.5135834984 520723.2496438158),이의동
SL_2379,37.285986,127.050735,정상,2012,POINT (204499.03766871028 520752.98155386146),이의동
SL_2380,37.286133,127.050893,정상,2012,POINT (204513.0398882731 520769.30358582165),이의동
SL_2381,37.286218,127.05052,정상,2012,POINT (204479.95831624887 520778.71940974036),이의동
SL_2382,37.286142,127.050365,정상,2012,POINT (204466.21788334308 520770.27736916614),이의동
SL_2383,37.28598,127.050024,정상,2012,POINT (204435.98852839987 520752.28207132226),이의동
SL_2384,37.285067,127.051647,정상,2012,POINT (204579.9669744552 520651.03193719755),이의동
SL_2385,37.284968,127.051543,정상,2012,POINT (204570.75042059043 520640.03958885756),이의동
SL_2386,37.28479,127.051388,정상,2012,POINT (204557.01600185898 520620.2771354142),이의동
SL_2387,37.284625,127.051193,정상,2012,POINT (204539.73358474753 520601.955563414),이의동
SL_2388,37.28447,127.05103,정상,2012,POINT (204525.2882211804 520584.74538808747),이의동
SL_2389,37.28581,127.051225,정상,2012,POINT (204542.5000782917 520733.47196356894),이의동
SL_2390,37.285567,127.05147,정상,2012,POINT (204564.24072040932 520706.5148856239),이의동
SL_2391,37.285323,127.051848,정상,2012,POINT (204597.77573463097 520679.4533391069),이의동
SL_2392,37.285107,127.052197,정상,2012,POINT (204628.73758049763 520655.4980321111),이의동
SL_2393,37.284834,127.052645,정상,2012,POINT (204668.48229491332 520625.22169099224),이의동
SL_2394,37.284476,127.053166,정상,2012,POINT (204714.7061571042 520585.5156211058),이의동
SL_2395,37.284271,127.053488,정상,2012,POINT (204743.27365417575 520562.78020707093),이의동
SL_2396,37.299181,127.046895,정상,2013,POINT (204157.79099715198 522217.2283862668),이의동
SL_2397,37.29834,127.044557,정상,2013,POINT (203950.54388676406 522123.7912170084),이의동
SL_2398,37.298466,127.044311,정상,2013,POINT (203928.7263082176 522137.7648569556),이의동
SL_2399,37.298597,127.044066,정상,2013,POINT (203906.99720622855 522152.29351152416),이의동
SL_2400,37.298777,127.043731,정상,2013,POINT (203877.2860620361 522172.2567079204),이의동
SL_2401,37.298917,127.043463,정상,2013,POINT (203853.51745266758 522187.7834081646),이의동
SL_2402,37.29857,127.043829,정상,2013,POINT (203885.98560595582 522149.28719688125),이의동
SL_2403,37.29834,127.044235,정상,2013,POINT (203921.9944961071 522123.7778120358),이의동
SL_2404,37.298099,127.044675,정상,2013,POINT (203961.0187233905 522097.04919074377),이의동
SL_2405,37.297943,127.045115,정상,2013,POINT (204000.03869850526 522079.7543276589),이의동
SL_2406,37.297959,127.045526,정상,2013,POINT (204036.4784064707 522081.5475258726),이의동
SL_2407,37.298983,127.046722,정상,2013,POINT (204142.46337868788 522195.2461061293),이의동
SL_2408,37.298089,127.045944,정상,2013,POINT (204073.53259327586 522095.9932740776),이의동
SL_2409,37.298285,127.046305,정상,2013,POINT (204105.5292831153 522117.7616045138),이의동
SL_2410,37.298587,127.046652,정상,2013,POINT (204136.2787268533 522151.29367049964),이의동
SL_2411,37.298877,127.046883,정상,2013,POINT (204156.74378587288 522183.48894606973),이의동
SL_2412,37.298972,127.047097,정상,2013,POINT (204175.71221803938 522194.041785552),이의동
SL_2413,37.2991,127.047394,정상,2013,POINT (204202.03770035377 522208.2608013998),이의동
SL_2414,37.298962,127.047721,정상,2013,POINT (204231.03784314662 522192.9596934093),이의동
SL_2415,37.298816,127.048042,정상,2013,POINT (204259.50657019322 522176.7705496018),이의동
SL_2416,37.298602,127.047574,정상,2013,POINT (204218.02463576364 522152.9991516605),이의동
SL_2417,37.298771,127.047207,정상,2013,POINT (204185.47617154042 522171.7390134854),이의동
SL_2418,37.298796,127.04657,정상,2013,POINT (204128.9969843062 522174.48558752856),이의동
SL_2419,37.298497,127.046299,정상,2013,POINT (204104.9857854874 522141.2897936038),이의동
SL_2420,37.298294,127.046009,정상,2013,POINT (204079.2846174429 522118.7476424087),이의동
SL_2421,37.29815,127.045662,정상,2013,POINT (204048.52635818344 522102.75114038616),이의동
SL_2422,37.298107,127.045414,정상,2013,POINT (204026.54024433985 522097.9682708628),이의동
SL_2423,37.298121,127.045117,정상,2013,POINT (204000.20659857732 522099.509429983),이의동
SL_2424,37.298209,127.04479,정상,2013,POINT (203971.20918386715 522109.2621717591),이의동
SL_2425,37.305421,127.051168,정상,2013,POINT (204536.267714519 522909.96081754565),이의동
SL_2426,37.307552,127.05177,고장,2013,POINT (204589.50814307312 523146.49551491725),이의동
SL_2427,37.307743,127.051798,정상,2013,POINT (204591.97878097885 523167.69470965455),이의동
SL_2428,37.307948,127.051835,정상,2013,POINT (204595.24641729277 523190.44811135996),이의동
SL_2429,37.308171,127.05188,정상,2013,POINT (204599.2221488736 523215.1996062393),이의동
SL_2430,37.308381,127.051928,정상,2013,POINT (204603.46460208882 523238.50846529106),이의동
SL_2431,37.308602,127.052005,정상,2013,POINT (204610.27722946534 523263.0395592024),이의동
SL_2432,37.308822,127.052098,정상,2013,POINT (204618.5082843923 523287.4604577551),이의동
SL_2433,37.309043,127.052183,정상,2013,POINT (204626.03002879603 523311.99195727776),이의동
SL_2434,37.309221,127.052273,정상,2013,POINT (204633.99761743055 523331.75142084877),이의동
SL_2435,37.309406,127.052389,정상,2013,POINT (204644.26963068297 523352.2890539487),이의동
SL_2436,37.305518,127.051506,정상,2013,POINT (204566.22703453797 522920.7424782825),이의동
SL_2437,37.30957,127.052502,정상,2013,POINT (204654.27693946633 523370.49589983036),이의동
SL_2438,37.309746,127.052648,정상,2013,POINT (204667.20889087295 523390.0361886606),이의동
SL_2439,37.309928,127.052832,정상,2013,POINT (204683.50907592717 523410.24428100954),이의동
SL_2440,37.310124,127.053013,정상,2013,POINT (204699.54236425832 523432.00602527877),이의동
SL_2441,37.310288,127.053202,정상,2013,POINT (204716.28675723713 523450.2167287893),이의동
SL_2442,37.310453,127.053427,정상,2013,POINT (204736.22236026218 523468.54025297886),이의동
SL_2443,37.310617,127.053664,정상,2013,POINT (204757.22171862057 523486.753445562),이의동
SL_2444,37.310811,127.053932,정상,2013,POINT (204780.9671772079 523508.29776352947),이의동
SL_2445,37.310941,127.054124,정상,2013,POINT (204797.979344929 523522.7353457074),이의동
SL_2446,37.311108,127.054342,정상,2013,POINT (204817.29393510168 523541.2806768444),이의동
SL_2447,37.305793,127.051532,정상,2013,POINT (204568.51540918037 522951.2641671338),이의동
SL_2448,37.306088,127.051563,정상,2013,POINT (204571.24582442967 522984.0057678003),이의동
SL_2449,37.306322,127.051569,정상,2013,POINT (204571.76357948055 523009.97617402265),이의동
SL_2450,37.30657,127.051597,정상,2013,POINT (204574.23085047645 523037.50141330686),이의동
SL_2451,37.306838,127.05164,정상,2013,POINT (204578.02668388782 523067.247049066),이의동
SL_2452,37.307108,127.051677,정상,2013,POINT (204581.29045430606 523097.2143639706),이의동
SL_2453,37.307385,127.051733,정상,2013,POINT (204586.23816585867 523127.95948711643),이의동
SL_2454,37.296758,127.056012,정상,2013,POINT (204966.2791906088 521948.75585546985),이의동
SL_2455,37.2983,127.05786,정상,2013,POINT (205130.02658555846 522119.9906764376),이의동
SL_2456,37.298381,127.058091,정상,2013,POINT (205150.50215915244 522128.9928783515),이의동
SL_2457,37.298462,127.058339,정상,2013,POINT (205172.48495245085 522137.9960602936),이의동
SL_2458,37.298529,127.058604,정상,2013,POINT (205195.97592364516 522145.4464684663),이의동
SL_2459,37.298574,127.058869,정상,2013,POINT (205219.46837335988 522150.4553108186),이의동
SL_2460,37.298617,127.059123,정상,2013,POINT (205241.9856476981 522155.2416426462),이의동
SL_2461,37.298646,127.059397,정상,2013,POINT (205266.27711916665 522158.4753830754),이의동
SL_2462,37.298786,127.059628,정상,2013,POINT (205286.74832349672 522174.02593125595),이의동
SL_2463,37.298892,127.05949,정상,2013,POINT (205274.50554000676 522185.7824504512),이의동
SL_2464,37.299047,127.05927,정상,2013,POINT (205254.98910304997 522202.97260741476),이의동
SL_2465,37.296954,127.056198,정상,2013,POINT (204982.75787130574 521970.5183535662),이의동
SL_2466,37.299144,127.058963,정상,2013,POINT (205227.7631926363 522213.7209665021),이의동
SL_2467,37.299122,127.058633,정상,2013,POINT (205198.50632409932 522211.2611397479),이의동
SL_2468,37.299043,127.05834,정상,2013,POINT (205172.5338290909 522202.4773921516),이의동
SL_2469,37.298951,127.058052,정상,2013,POINT (205147.00547547996 522192.2512148665),이의동
SL_2470,37.298827,127.057767,정상,2013,POINT (205121.74521577658 522178.47381351434),이의동
SL_2471,37.298712,127.057519,정상,2013,POINT (205099.76476994675 522165.6973330231),이의동
SL_2472,37.298584,127.057214,정상,2013,POINT (205072.7313730077 522151.47506850585),이의동
SL_2473,37.298656,127.056913,정상,2013,POINT (205046.03917410583 522159.44975720835),이의동
SL_2474,37.29881,127.05665,정상,2013,POINT (205022.71073915946 522176.52717658033),이의동
SL_2475,37.298947,127.056402,정상,2013,POINT (205000.71345439076 522191.71873888467),이의동
SL_2476,37.297165,127.056364,정상,2013,POINT (204997.46219193214 521993.94457614725),이의동
SL_2477,37.299031,127.056112,정상,2013,POINT (204974.9959430857 522201.02603513945),이의동
SL_2478,37.299227,127.055904,정상,2013,POINT (204956.54140705706 522222.7678322608),이의동
SL_2479,37.29945,127.056031,정상,2013,POINT (204967.78677228044 522247.5237677612),이의동
SL_2480,37.29904,127.056586,정상,2013,POINT (205017.021084574 522202.0499303007),이의동
SL_2481,37.299051,127.056865,정상,2013,POINT (205041.75701676463 522203.28558688186),이의동
SL_2482,37.299215,127.057023,정상,2013,POINT (205055.75461582493 522221.4952801878),이의동
SL_2483,37.299434,127.057003,정상,2013,POINT (205053.9667289278 522245.7995482594),이의동
SL_2484,37.299654,127.056989,정상,2013,POINT (205052.71075235153 522270.21512150206),이의동
SL_2485,37.297377,127.056537,정상,2013,POINT (205012.78701079605 522017.48217975907),이의동
SL_2486,37.297571,127.056734,정상,2013,POINT (205030.24086831068 522039.0233904664),이의동
SL_2487,37.297805,127.056991,정상,2013,POINT (205053.0117633364 522065.0071729089),이의동
SL_2488,37.297951,127.057197,정상,2013,POINT (205071.2666089002 522081.2217557932),이의동
SL_2489,37.298089,127.057408,정상,2013,POINT (205089.96523788062 522096.5487820273),이의동
SL_2490,37.298194,127.057623,정상,2013,POINT (205109.02068184683 522108.213619119),이의동
SL_2491,37.295909,127.055633,정상,2013,POINT (204932.7307578957 521854.5112645351),이의동
SL_2492,37.297433,127.057126,정상,2013,POINT (205065.0062569752 522023.7286293806),이의동
SL_2493,37.29758,127.057304,정상,2013,POINT (205080.7785213346 522040.05271562055),이의동
SL_2494,37.297699,127.057476,정상,2013,POINT (205096.0206326299 522053.26897774544),이의동
SL_2495,37.297836,127.05771,정상,2013,POINT (205116.75860252912 522068.48631966003),이의동
SL_2496,37.297962,127.057955,정상,2013,POINT (205138.47253997886 522082.4834952888),이의동
SL_2497,37.298061,127.058198,정상,2013,POINT (205160.0109233371 522093.48407056934),이의동
SL_2498,37.298147,127.058452,정상,2013,POINT (205182.52543426972 522103.0425219863),이의동
SL_2499,37.298212,127.058745,정상,2013,POINT (205208.49919251114 522110.2725333137),이의동
SL_2500,37.298261,127.059019,정상,2013,POINT (205232.7894215813 522115.72584146215),이의동
SL_2501,37.298299,127.059303,정상,2013,POINT (205257.9670122981 522119.9589602785),이의동
SL_2502,37.296066,127.055831,정상,2013,POINT (204950.2762509704 521871.94597609923),이의동
SL_2503,37.298331,127.059585,정상,2013,POINT (205282.96767191982 522123.526143468),이의동
SL_2504,37.298367,127.059896,정상,2013,POINT (205310.53924697477 522127.5389626767),이의동
SL_2505,37.296247,127.056031,정상,2013,POINT (204967.9974230981 521892.04442719975),이의동
SL_2506,37.296413,127.056192,정상,2013,POINT (204982.26156636945 521910.47611250996),이의동
SL_2507,37.296575,127.05635,정상,2013,POINT (204996.25991710636 521928.46373125596),이의동
SL_2508,37.296742,127.056508,정상,2013,POINT (205010.2578761014 521947.0062900665),이의동
SL_2509,37.296922,127.056666,정상,2013,POINT (205024.25490848813 521966.99165482225),이의동
SL_2510,37.297089,127.05681,정상,2013,POINT (205037.01144264784 521985.53351571417),이의동
SL_2511,37.297264,127.056962,정상,2013,POINT (205050.47669730225 522004.9636897665),이의동
SL_2512,37.290494,127.058671,정상,2013,POINT (205202.46960151274 521253.7002546784),이의동
SL_2513,37.287896,127.056016,정상,2013,POINT (204967.2164432905 520965.2234492629),이의동
SL_2514,37.287608,127.055737,정상,2013,POINT (204942.49496496687 520933.2457118662),이의동
SL_2515,37.287302,127.055421,정상,2013,POINT (204914.4934698708 520899.26843094476),이의동
SL_2516,37.287268,127.055658,고장,2013,POINT (204935.51182249407 520895.50734886434),이의동
SL_2517,37.287507,127.055915,정상,2013,POINT (204958.28579608488 520922.0457404818),이의동
SL_2518,37.287757,127.05616,정상,2013,POINT (204979.99479883185 520949.8043768555),이의동
SL_2519,37.287979,127.056386,정상,2013,POINT (205000.02068859292 520974.4545403424),이의동
SL_2520,37.288157,127.056564,정상,2013,POINT (205015.79299998278 520994.2189510424),이의동
SL_2521,37.288286,127.056682,정상,2013,POINT (205026.24802923168 521008.54203129606),이의동
SL_2522,37.288184,127.056809,정상,2013,POINT (205037.5164916102 520997.22851555917),이의동
SL_2523,37.290337,127.058496,정상,2013,POINT (205186.9627936802 521236.266293883),이의동
SL_2524,37.288022,127.057003,정상,2013,POINT (205054.73020601977 520979.2596101442),이의동
SL_2525,37.28788,127.0572,정상,2013,POINT (205072.20867672574 520963.5105625697),이의동
SL_2526,37.287706,127.057429,정상,2013,POINT (205092.5269744568 520944.2118164822),이의동
SL_2527,37.287517,127.057725,정상,2013,POINT (205118.78763311944 520923.25199844316),이의동
SL_2528,37.287724,127.058021,정상,2013,POINT (205145.0214608966 520946.2415526067),이의동
SL_2529,37.288657,127.05706,정상,2013,POINT (205059.74215116663 521049.73690689966),이의동
SL_2530,37.289006,127.057413,정상,2013,POINT (205091.0205851154 521088.4889453224),이의동
SL_2531,37.289333,127.057749,정상,2013,POINT (205120.79277539867 521124.79855442606),이의동
SL_2532,37.289657,127.058087,정상,2013,POINT (205150.74225797883 521160.7754311537),이의동
SL_2533,37.289967,127.0584,정상,2013,POINT (205178.47562990725 521195.19728445046),이의동
SL_2534,37.290096,127.058259,정상,2013,POINT (205165.9639826459 521209.50639303314),이의동
SL_2535,37.290229,127.058663,정상,2013,POINT (205201.77846987033 521224.2892910522),이의동
SL_2536,37.290488,127.058928,정상,2013,POINT (205225.25869933623 521253.0485250463),이의동
SL_2537,37.289826,127.057983,정상,2013,POINT (205141.50877676683 521179.5259151623),이의동
SL_2538,37.289533,127.057689,정상,2013,POINT (205115.45883867246 521146.9919252671),이의동
SL_2539,37.289243,127.057399,정상,2013,POINT (205089.76318977692 521114.7911826463),이의동
SL_2540,37.288664,127.056809,정상,2013,POINT (205037.48449221766 521050.5003893464),이의동
SL_2541,37.288407,127.05655,정상,2013,POINT (205014.53496444057 521021.9639755393),이의동
SL_2542,37.288153,127.056293,정상,2013,POINT (204991.76243152373 520993.7606806919),이의동
SL_2543,37.290125,127.05502,고장,2013,POINT (204878.75225825756 521212.5528896769),이의동
SL_2544,37.287949,127.058396,정상,2013,POINT (205178.25923046292 520971.2332074478),이의동
SL_2545,37.287476,127.058649,정상,2013,POINT (205200.7265347901 520918.7521034688),이의동
SL_2546,37.287724,127.05832,정상,2013,POINT (205171.53533620454 520946.2578604178),이의동
SL_2547,37.288028,127.057919,정상,2013,POINT (205135.95593173703 520979.97485902626),이의동
SL_2548,37.28831,127.057525,정상,2013,POINT (205100.99901960054 521011.2507600301),이의동
SL_2549,37.288578,127.057181,정상,2013,POINT (205070.4770150692 521040.97572445386),이의동
SL_2550,37.288783,127.056916,정상,2013,POINT (205046.9646689511 521063.7130801335),이의동
SL_2551,37.289117,127.056457,정상,2013,POINT (205006.24120887544 521100.7570328958),이의동
SL_2552,37.289469,127.055995,정상,2013,POINT (204965.2509062986 521139.7987232362),이의동
SL_2553,37.289689,127.05564,정상,2013,POINT (204933.7575839025 521164.1964241348),이의동
SL_2554,37.289964,127.055417,정상,2013,POINT (204913.96565150446 521194.7051650518),이의동
SL_2555,37.289823,127.055087,정상,2013,POINT (204884.71282904065 521179.0394524143),이의동
SL_2556,37.289773,127.055975,정상,2013,POINT (204963.45747459793 521173.53653348394),이의동
SL_2557,37.289484,127.05637,정상,2013,POINT (204998.50233389298 521141.48322387156),이의동
SL_2558,37.289142,127.056821,정상,2013,POINT (205038.51670784707 521103.55094054976),이의동
SL_2559,37.288941,127.057088,정상,2013,POINT (205062.2059990847 521081.2575993128),이의동
SL_2560,37.288821,127.057232,정상,2013,POINT (205074.98307709946 521067.9473473956),이의동
SL_2561,37.288643,127.05748,정상,2013,POINT (205096.9862061703 521048.20569673297),이의동
SL_2562,37.288299,127.057942,정상,2013,POINT (205137.9770258701 521010.05251921027),이의동
SL_2563,37.291523,127.051251,고장,2013,POINT (204544.4620916559 521367.51950422203),이의동
SL_2564,37.290242,127.053757,정상,2013,POINT (204766.75170023527 521225.47350425005),이의동
SL_2565,37.290004,127.0529,정상,2013,POINT (204690.77439027233 521199.01667422964),이의동
SL_2566,37.290281,127.052564,정상,2013,POINT (204660.96334636566 521229.74238021806),이의동
SL_2567,37.29123,127.05166,정상,2013,POINT (204580.74617471456 521335.0211820627),이의동
SL_2568,37.290831,127.052224,고장,2013,POINT (204630.7811018291 521290.76638678584),이의동
SL_2569,37.290671,127.052438,정상,2013,POINT (204649.7666533531 521273.0195893141),이의동
SL_2570,37.29029,127.052914,정상,2013,POINT (204691.9980453744 521230.75853556907),이의동
SL_2571,37.290089,127.053159,정상,2013,POINT (204713.73526265047 521208.463115655),이의동
SL_2572,37.2904,127.053588,정상,2013,POINT (204751.75616013707 521243.00032982),이의동
SL_2573,37.290558,127.053963,정상,2013,POINT (204784.99816401396 521260.5545689511),이의동
SL_2574,37.290386,127.054222,정상,2013,POINT (204807.9751155879 521241.47861066635),이의동
SL_2575,37.292375,127.050719,정상,2013,POINT (204497.2385613287 521462.0517014564),이의동
SL_2576,37.293224,127.055079,정상,2013,POINT (204883.78360721839 521556.4926567738),이의동
SL_2577,37.293327,127.055592,정상,2013,POINT (204929.26393655015 521567.9505397742),이의동
SL_2578,37.29344,127.056043,정상,2013,POINT (204969.24603899947 521580.5152415711),이의동
SL_2579,37.293548,127.055586,정상,2013,POINT (204928.71750745506 521592.477506276),이의동
SL_2580,37.293427,127.055028,정상,2013,POINT (204879.248392595 521579.0196058892),이의동
SL_2581,37.293335,127.054568,정상,2013,POINT (204838.46678647856 521568.78551926254),이의동
SL_2582,37.293258,127.054044,정상,2013,POINT (204792.00933353667 521560.2131335313),이의동
SL_2583,37.293232,127.053604,정상,2013,POINT (204752.99675354548 521557.305365221),이의동
SL_2584,37.293254,127.052913,정상,2013,POINT (204691.72531403988 521559.71248735534),이의동
SL_2585,37.293345,127.052417,정상,2013,POINT (204647.74005244722 521569.78746152483),이의동
SL_2586,37.292701,127.051106,정상,2013,POINT (204531.5341849927 521498.25068136666),이의동
SL_2587,37.293455,127.051952,고장,2013,POINT (204606.50246073355 521581.97285623424),이의동
SL_2588,37.293642,127.051684,정상,2013,POINT (204582.72797568582 521602.71368643467),이의동
SL_2589,37.293361,127.051481,정상,2013,POINT (204564.74530496539 521571.51759907673),이의동
SL_2590,37.293086,127.051199,정상,2013,POINT (204539.75729821032 521540.98365534074),이의동
SL_2591,37.292814,127.05088,정상,2013,POINT (204511.48816997535 521510.78097128187),이의동
SL_2592,37.29255,127.050564,정상,2013,POINT (204483.4843718024 521481.4663914986),이의동
SL_2593,37.292303,127.050276,정상,2013,POINT (204457.9621294052 521454.0399397006),이의동
SL_2594,37.29303,127.051486,정상,2013,POINT (204565.20864856156 521534.78241532913),이의동
SL_2595,37.293275,127.051732,정상,2013,POINT (204587.00633252683 521561.9851930533),이의동
SL_2596,37.293198,127.052087,정상,2013,POINT (204618.488410828 521553.4567689097),이의동
SL_2597,37.29307,127.052758,정상,2013,POINT (204677.99306217942 521539.28390742885),이의동
SL_2598,37.293026,127.053666,정상,2013,POINT (204758.50718778593 521534.4459528891),이의동
SL_2599,37.293053,127.054106,정상,2013,POINT (204797.51980878352 521537.46472979186),이의동
SL_2600,37.293134,127.054647,정상,2013,POINT (204845.48449567164 521546.4819492157),이의동
SL_2601,37.287021,127.058229,정상,2019,POINT (205163.5139319601 520868.23180318426),이의동
SL_2602,37.287138,127.05839,정상,2019,POINT (205177.78275020127 520881.22562161146),이의동
SL_2603,37.287278,127.058534,정상,2019,POINT (205190.54245718135 520896.77114163485),이의동
SL_2604,37.295592,127.048984,정상,2013,POINT (204343.2116742301 521819.00346333697),이의동
SL_2605,37.298009,127.049874,정상,2013,POINT (204421.982865331 522087.2911671387),이의동
SL_2606,37.298506,127.050461,정상,2013,POINT (204473.99866470657 522142.4774571983),이의동
SL_2607,37.298229,127.050334,정상,2013,POINT (204462.75489110348 522111.7290940277),이의동
SL_2608,37.297774,127.050114,정상,2013,POINT (204443.27583106433 522061.22135561565),이의동
SL_2609,37.297162,127.049831,정상,2013,POINT (204418.21989252482 521993.28635341447),이의동
SL_2610,37.297436,127.049956,정상,2013,POINT (204429.28683748082 522023.7016076056),이의동
SL_2611,37.296898,127.049721,정상,2013,POINT (204408.48224963038 521963.9816468184),이의동
SL_2612,37.296646,127.049614,정상,2013,POINT (204399.00983380424 521936.0088911243),이의동
SL_2613,37.296358,127.049529,정상,2013,POINT (204391.49007716097 521904.04177310696),이의동
SL_2614,37.296036,127.04943,정상,2013,POINT (204382.73092031915 521868.3005853122),이의동
SL_2615,37.295822,127.049027,정상,2013,POINT (204347.0110743937 521844.5315760652),이의동
SL_2616,37.295795,127.049351,정상,2013,POINT (204375.74031248846 521841.5499735775),이의동
SL_2617,37.296076,127.049098,정상,2013,POINT (204353.29169918035 521872.72457728535),이의동
SL_2618,37.296493,127.04923,정상,2013,POINT (204364.97143201885 521919.0106629676),이의동
SL_2619,37.297011,127.049425,정상,2013,POINT (204382.23103243604 521976.50899216294),이의동
SL_2620,37.297216,127.049513,정상,2013,POINT (204390.02157419207 521999.2646363857),이의동
SL_2621,37.297466,127.04942,정상,2013,POINT (204381.7613182876 522027.00613123726),이의동
SL_2622,37.297824,127.049395,정상,2013,POINT (204379.52396909133 522066.73697297234),이의동
SL_2623,37.297669,127.049713,정상,2013,POINT (204407.72794646485 522049.5493468786),이의동
SL_2624,37.294772,127.048637,정상,2013,POINT (204312.49140548456 521727.9813629515),이의동
SL_2625,37.295255,127.04745,정상,2013,POINT (204207.21690474107 521781.5327703784),이의동
SL_2626,37.295322,127.047078,정상,2013,POINT (204174.2293294661 521788.9521579993),이의동
SL_2627,37.295359,127.046878,정상,2013,POINT (204156.49404430474 521793.04972619563),이의동
SL_2628,37.295429,127.046562,정상,2013,POINT (204128.47169852516 521800.80470653076),이의동
SL_2629,37.29548,127.046297,정상,2013,POINT (204104.97240512088 521806.45331258187),이의동
SL_2630,37.295532,127.046041,정상,2013,POINT (204082.27108343787 521812.2133562279),이의동
SL_2631,37.295598,127.045742,정상,2013,POINT (204055.75640601842 521819.52538096684),이의동
SL_2632,37.295665,127.045412,정상,2013,POINT (204026.49308044504 521826.94715231255),이의동
SL_2633,37.29574,127.045108,정상,2013,POINT (203999.53469315355 521835.2579908604),이의동
SL_2634,37.295814,127.044772,정상,2013,POINT (203969.73911058807 521843.4565890461),이의동
SL_2635,37.294856,127.048663,정상,2013,POINT (204314.79194709312 521737.30513668753),이의동
SL_2636,37.295889,127.044437,정상,2013,POINT (203940.03219984483 521851.7663180492),이의동
SL_2637,37.296056,127.043673,정상,2013,POINT (203872.28313595496 521870.26895295206),이의동
SL_2638,37.29618,127.043083,정상,2013,POINT (203819.96428885794 521884.0068726699),이의동
SL_2639,37.294941,127.048691,정상,2013,POINT (204317.26975980675 521746.73998569214),이의동
SL_2640,37.295072,127.048533,정상,2013,POINT (204303.25295998366 521761.2715816115),이의동
SL_2641,37.295097,127.048384,정상,2013,POINT (204290.04022568784 521764.0393910869),이의동
SL_2642,37.295119,127.048226,정상,2013,POINT (204276.02967160774 521766.47386479116),이의동
SL_2643,37.295146,127.048057,정상,2013,POINT (204261.043512621 521769.4627821349),이의동
SL_2644,37.295178,127.04789,정상,2013,POINT (204246.2344161565 521773.0067320421),이의동
SL_2645,37.295219,127.047653,정상,2013,POINT (204225.21818236663 521777.5464267454),이의동
SL_2646,37.296241,127.042816,정상,2013,POINT (203796.2876046463 521890.76609558327),이의동
SL_2647,37.296721,127.040594,정상,2013,POINT (203599.2507340652 521943.9511446642),이의동
SL_2648,37.296753,127.04036,정상,2013,POINT (203578.5017010738 521947.49372624164),이의동
SL_2649,37.29678,127.04003,정상,2013,POINT (203549.24112592873 521950.4778353214),이의동
SL_2650,37.296774,127.039692,정상,2013,POINT (203519.27279310735 521949.79930247774),이의동
SL_2651,37.29674,127.039345,정상,2013,POINT (203488.50776767448 521946.01301454124),이의동
SL_2652,37.296688,127.039032,정상,2013,POINT (203460.75813629944 521940.23038546846),이의동
SL_2653,37.296632,127.038722,정상,2013,POINT (203433.2746426456 521934.0040243806),이의동
SL_2654,37.296544,127.038445,정상,2013,POINT (203408.71848971394 521924.2274797036),이의동
SL_2655,37.296468,127.038189,정상,2013,POINT (203386.02370488073 521915.7835574875),이의동
SL_2656,37.296373,127.037949,정상,2013,POINT (203364.74836048743 521905.2315850515),이의동
SL_2657,37.296293,127.042584,정상,2013,POINT (203775.71468685626 521896.5279334834),이의동
SL_2658,37.296338,127.042376,정상,2013,POINT (203757.27010663948 521901.51389278524),이의동
SL_2659,37.296376,127.042184,정상,2013,POINT (203740.24453499014 521905.7236429624),이의동
SL_2660,37.296419,127.042006,정상,2013,POINT (203724.46004345722 521910.4888951418),이의동
SL_2661,37.296478,127.041744,정상,2013,POINT (203701.22693374497 521917.0266171912),이의동
SL_2662,37.296536,127.041462,정상,2013,POINT (203676.22061261782 521923.45264269),이의동
SL_2663,37.296593,127.041175,정상,2013,POINT (203650.77105447266 521929.7675665322),이의동
SL_2664,37.296665,127.04087,정상,2013,POINT (203623.7248508411 521937.74662595906),이의동
SL_2665,37.296258,127.03774,정상,2013,POINT (203346.22246728718 521892.4610992044),이의동
SL_2666,37.294531,127.036203,정상,2013,POINT (203210.01752080896 521700.73984120577),이의동
SL_2667,37.294297,127.035935,정상,2013,POINT (203186.2645877478 521674.76071446296),이의동
SL_2668,37.294101,127.035684,정상,2013,POINT (203164.01726724624 521652.99958519556),이의동
SL_2669,37.293964,127.035489,정상,2013,POINT (203146.73277657627 521637.788384522),이의동
SL_2670,37.293842,127.035684,정상,2013,POINT (203164.02811430887 521624.2549452563),이의동
SL_2671,37.293646,127.03596,정상,2013,POINT (203188.50874903478 521602.51151614543),이의동
SL_2672,37.293475,127.036225,정상,2013,POINT (203212.0130949928 521583.54236437),이의동
SL_2673,37.293321,127.036524,정상,2013,POINT (203238.53155141236 521566.461156431),이의동
SL_2674,37.293224,127.036803,정상,2013,POINT (203263.27427844336 521555.7053820145),이의동
SL_2675,37.293157,127.037065,정상,2013,POINT (203286.50839404826 521548.2785843067),이의동
SL_2676,37.296101,127.037517,정상,2013,POINT (203326.4570531639 521875.02886729344),이의동
SL_2677,37.293118,127.037336,정상,2013,POINT (203310.53934372385 521543.95969427645),이의동
SL_2678,37.293114,127.037584,정상,2013,POINT (203332.5293902288 521543.5244725877),이의동
SL_2679,37.293098,127.03784,정상,2013,POINT (203355.22932272108 521541.75779458304),이의동
SL_2680,37.293069,127.03806,정상,2013,POINT (203374.73776609343 521538.5471117371),이의동
SL_2681,37.295916,127.037306,정상,2013,POINT (203307.75676902797 521854.4895725192),이의동
SL_2682,37.295689,127.037123,정상,2013,POINT (203291.54086461954 521829.29000010795),이의동
SL_2683,37.295452,127.036934,정상,2013,POINT (203274.79329967033 521802.98042033985),이의동
SL_2684,37.295274,127.036801,정상,2013,POINT (203263.00839784864 521783.22081431584),이의동
SL_2685,37.295126,127.036674,정상,2013,POINT (203251.75414817556 521766.7909274297),이의동
SL_2686,37.29495,127.036547,정상,2013,POINT (203240.5010554047 521747.25352691667),이의동
SL_2687,37.294768,127.036406,정상,2013,POINT (203228.00683009464 521727.04976503225),이의동
SL_2688,37.239764,127.053918,정상,2002,POINT (204784.22008353018 515623.30049411167),망포동
SL_2689,37.239556,127.053915,정상,2002,POINT (204783.96703447207 515600.21605477214),망포동
SL_2690,37.239376,127.053918,정상,2002,POINT (204784.24460567816 515580.2394195391),망포동
SL_2691,37.240095,127.053921,정상,2002,POINT (204784.46535677032 515660.03573991),망포동
SL_2692,37.240378,127.053941,정상,2002,POINT (204786.22208341715 515691.4447030334),망포동
SL_2693,37.240647,127.05397,정상,2002,POINT (204788.7782556512 515721.30037282343),망포동
SL_2694,37.240993,127.054,정상,2002,POINT (204791.41826548832 515759.7017230032),망포동
SL_2695,37.241228,127.05399,정상,2002,POINT (204790.5160930445 515785.7820292561),망포동
SL_2696,37.293919,127.08271,정상,2013,POINT (207333.7215130137 521635.41091935267),하동
SL_2697,37.293862,127.080159,정상,2013,POINT (207107.53503763958 521628.8900875811),하동
SL_2698,37.293933,127.079751,정상,2013,POINT (207071.3518579295 521636.7393057253),하동
SL_2699,37.294022,127.079534,정상,2013,POINT (207052.1026175745 521646.6006043956),하동
SL_2700,37.294368,127.079595,정상,2013,POINT (207057.47903025412 521685.0053400647),하동
SL_2701,37.294592,127.079649,정상,2013,POINT (207062.2461290631 521709.8696080901),하동
SL_2702,37.294886,127.079717,정상,2013,POINT (207068.2479860271 521742.5037505729),하동
SL_2703,37.295099,127.079815,정상,2013,POINT (207076.91737661985 521766.1505037645),하동
SL_2704,37.293557,127.079497,정상,2013,POINT (207048.86529457074 521594.9906645644),하동
SL_2705,37.293581,127.079718,정상,2013,POINT (207068.45875084423 521597.67075744586),하동
SL_2706,37.293551,127.080014,정상,2013,POINT (207094.70738651865 521594.3634286566),하동
SL_2707,37.293874,127.082424,정상,2013,POINT (207308.3668437835 521630.39453364257),하동
SL_2708,37.293524,127.080567,정상,2013,POINT (207143.74353212648 521591.4085155637),하동
SL_2709,37.293505,127.080869,정상,2013,POINT (207170.52318406623 521589.3226923551),하동
SL_2710,37.293499,127.081177,정상,2013,POINT (207197.8336214921 521588.6801926964),하동
SL_2711,37.293511,127.081417,정상,2013,POINT (207219.1128914739 521590.0302858505),하동
SL_2712,37.293513,127.081719,정상,2013,POINT (207245.89055304564 521590.27535014064),하동
SL_2713,37.293544,127.081992,정상,2013,POINT (207270.0940394659 521593.7367822967),하동
SL_2714,37.293581,127.082295,정상,2013,POINT (207296.9569759766 521597.86649799143),하동
SL_2715,37.293621,127.08258,정상,2013,POINT (207322.22356671872 521602.327855437),하동
SL_2716,37.293681,127.082852,정상,2013,POINT (207346.33549919803 521609.00794278865),하동
SL_2717,37.293753,127.083116,정상,2013,POINT (207369.7368778631 521617.01927434094),하동
SL_2718,37.293835,127.082134,정상,2013,POINT (207282.6568939471 521626.04381575086),하동
SL_2719,37.293833,127.083467,정상,2013,POINT (207400.85154610546 521625.92534230795),하동
SL_2720,37.29381,127.081815,정상,2013,POINT (207254.37419972674 521623.2447162559),하동
SL_2721,37.293785,127.081508,정상,2013,POINT (207227.15550364813 521620.4466292585),하동
SL_2722,37.293777,127.081205,정상,2013,POINT (207200.28984179397 521619.5356493861),하동
SL_2723,37.293778,127.080899,정상,2013,POINT (207173.15731552732 521619.62337670947),하동
SL_2724,37.293795,127.080621,정상,2013,POINT (207148.50598216435 521621.48903911025),하동
SL_2725,37.293817,127.080378,정상,2013,POINT (207126.95756947866 521623.91232720116),하동
SL_2726,37.294002,127.083092,정상,2013,POINT (207367.5845606356 521644.65221837815),하동
SL_2727,37.294927,127.085748,정상,2013,POINT (207602.99318357787 521747.52192391484),하동
SL_2728,37.295015,127.086142,정상,2013,POINT (207637.91897791837 521757.3201984614),하동
SL_2729,37.29509,127.086508,정상,2013,POINT (207670.3633482257 521765.67356534646),하동
SL_2730,37.29514,127.086847,정상,2013,POINT (207700.4162082744 521771.25027850165),하동
SL_2731,37.295189,127.087247,정상,2013,POINT (207735.87778271723 521776.72110491234),하동
SL_2732,37.295215,127.087626,정상,2013,POINT (207769.47968301474 521779.6377417314),하동
SL_2733,37.295236,127.087998,정상,2013,POINT (207802.46141214523 521781.9990195557),하동
SL_2734,37.293942,127.083834,정상,2013,POINT (207433.38198182633 521638.05129611155),하동
SL_2735,37.294094,127.084189,고장,2013,POINT (207464.844061847 521654.9487064755),하동
SL_2736,37.294242,127.084508,정상,2013,POINT (207493.114380961 521671.3994494705),하동
SL_2737,37.294061,127.083339,정상,2013,POINT (207389.47973969913 521651.21949975344),하동
SL_2738,37.294335,127.084744,정상,2013,POINT (207514.03066881644 521681.7396138041),하동
SL_2739,37.2945,127.085141,정상,2013,POINT (207549.21514806643 521700.0834622632),하동
SL_2740,37.294601,127.08549,정상,2013,POINT (207580.14987739516 521711.3206851276),하동
SL_2741,37.294697,127.085823,정상,2013,POINT (207609.66635578225 521722.0018187077),하동
SL_2742,37.29477,127.086144,정상,2013,POINT (207638.1210819463 521730.1294733148),하동
SL_2743,37.294834,127.08657,정상,2013,POINT (207675.88668458586 521737.2668939366),하동
SL_2744,37.294894,127.086951,정상,2013,POINT (207709.6626271545 521743.9568821175),하동
SL_2745,37.294939,127.087161,정상,2013,POINT (207728.27804517015 521748.9682690055),하동
SL_2746,37.294975,127.087433,정상,2013,POINT (207752.3916977278 521752.9859295705),하동
SL_2747,37.294982,127.08776,정상,2013,POINT (207781.38497916405 521753.78967088833),하동
SL_2748,37.294177,127.083713,고장,2013,POINT (207422.6300790669 521664.1228418398),하동
SL_2749,37.294978,127.088031,정상,2013,POINT (207805.41405896802 521753.3680731582),하동
SL_2750,37.294994,127.088379,정상,2013,POINT (207836.2684008288 521755.1725868508),하동
SL_2751,37.295228,127.088392,정상,2013,POINT (207837.3967911769 521781.1437370008),하동
SL_2752,37.294302,127.084036,정상,2013,POINT (207451.25738789054 521678.02114427066),하동
SL_2753,37.294383,127.08424,정상,2013,POINT (207469.3375417076 521687.0268777),하동
SL_2754,37.294496,127.084507,정상,2013,POINT (207493.0005210245 521699.5891030033),하동
SL_2755,37.29459,127.084721,고장,2013,POINT (207511.96596238617 521710.03850289254),하동
SL_2756,37.294713,127.085056,정상,2013,POINT (207541.65717023326 521723.716102359),하동
SL_2757,37.294848,127.085483,정상,2013,POINT (207579.50442634878 521738.73297622876),하동
SL_2758,37.295852,127.083372,정상,2013,POINT (207392.23052249145 521849.9930082523),하동
SL_2759,37.296072,127.084004,정상,2013,POINT (207448.24551737893 521874.4589135541),하동
SL_2760,37.296216,127.084438,정상,2013,POINT (207486.71202302896 521890.4747733168),하동
SL_2761,37.296351,127.085025,정상,2013,POINT (207538.74503237894 521905.5041482887),하동
SL_2762,37.296549,127.08551,정상,2013,POINT (207581.72771314788 521927.5176075895),하동
SL_2763,37.296572,127.085178,정상,2013,POINT (207552.2886917037 521930.0436534588),하동
SL_2764,37.296405,127.084675,정상,2013,POINT (207507.70689551425 521911.46939615026),하동
SL_2765,37.29627,127.084162,정상,2013,POINT (207462.23508930692 521896.4460510364),하동
SL_2766,37.296122,127.083638,정상,2013,POINT (207415.78907840108 521879.97930837807),하동
SL_2767,37.286832,127.077476,정상,2012,POINT (206870.2780434465 520848.4804745526),하동
SL_2768,37.285756,127.076837,정상,2012,POINT (206813.71095243865 520729.01649425563),하동
SL_2769,37.285488,127.07675,정상,2012,POINT (206806.02014727716 520699.2667781823),하동
SL_2770,37.285209,127.076642,정상,2012,POINT (206796.46803608388 520668.2947481111),하동
SL_2771,37.284947,127.076428,정상,2012,POINT (206777.51441312506 520639.2018407844),하동
SL_2772,37.284644,127.07616,정상,2012,POINT (206753.7756703502 520605.5548169931),하동
SL_2773,37.284353,127.075903,정상,2012,POINT (206731.01113869937 520573.2404412038),하동
SL_2774,37.284076,127.075629,정상,2012,POINT (206706.73763796428 520542.47868546186),하동
SL_2775,37.28386,127.075375,정상,2012,POINT (206684.23215960292 520518.4883775675),하동
SL_2776,37.283662,127.075099,정상,2012,POINT (206659.7740070787 520496.4942757017),하동
SL_2777,37.283487,127.074819,정상,2012,POINT (206634.95898639833 520477.0525741947),하동
SL_2778,37.286589,127.077425,정상,2012,POINT (206865.77763369848 520821.50788971747),하동
SL_2779,37.283302,127.074509,정상,2012,POINT (206607.48431436924 520456.49902084656),하동
SL_2780,37.283111,127.074207,정상,2012,POINT (206580.71947482185 520435.2802169959),하동
SL_2781,37.282922,127.073829,정상,2012,POINT (206547.214584854 520414.2782019809),하동
SL_2782,37.282749,127.073482,정상,2012,POINT (206516.45725971356 520395.05418453953),하동
SL_2783,37.282577,127.073198,정상,2012,POINT (206491.28662443272 520375.9455852856),하동
SL_2784,37.282431,127.072839,정상,2012,POINT (206459.46254617473 520359.7174949496),하동
SL_2785,37.282258,127.072411,정상,2012,POINT (206421.5216114783 520340.4882992773),하동
SL_2786,37.286258,127.077317,정상,2012,POINT (206856.23060143078 520784.7646670878),하동
SL_2787,37.285963,127.077162,정상,2012,POINT (206842.5123929889 520752.0134454825),하동
SL_2788,37.285614,127.07695,정상,2012,POINT (206823.74433036605 520713.2650505304),하동
SL_2789,37.286844,127.077166,정상,2012,POINT (206842.7873272683 520849.7897973497),하동
SL_2790,37.28656,127.0771,정상,2012,POINT (206836.96039182247 520818.2658379269),하동
SL_2791,37.286317,127.077021,정상,2012,POINT (206829.9769072541 520791.29125001095),하동
SL_2792,37.286085,127.076948,정상,2012,POINT (206823.52444696185 520765.53791536554),하동
SL_2793,37.292999,127.078988,정상,2012,POINT (207003.78484110814 521533.0242326812),하동
SL_2794,37.291152,127.07854,정상,2012,POINT (206964.23138089725 521328.00526382634),하동
SL_2795,37.290832,127.078452,정상,2012,POINT (206956.45778128636 521292.48418471566),하동
SL_2796,37.290573,127.078399,정상,2012,POINT (206951.78201974207 521263.7356576227),하동
SL_2797,37.290271,127.078319,정상,2012,POINT (206944.71603027743 521230.212877266),하동
SL_2798,37.290006,127.078249,정상,2012,POINT (206938.53331169597 521200.79721347603),하동
SL_2799,37.289699,127.078155,정상,2012,POINT (206930.22625410472 521166.718506102),하동
SL_2800,37.289434,127.078025,정상,2012,POINT (206918.72304693644 521137.29846480745),하동
SL_2801,37.289166,127.077924,정상,2012,POINT (206909.7915640923 521107.54760987626),하동
SL_2802,37.288936,127.077839,정상,2012,POINT (206902.27532726023 521082.01529102644),하동
SL_2803,37.288702,127.077751,정상,2012,POINT (206894.4933873267 521056.0388289129),하동
SL_2804,37.292674,127.078897,정상,2012,POINT (206995.7460566187 521496.94796751736),하동
SL_2805,37.288449,127.077661,정상,2012,POINT (206886.5357819136 521027.9535508929),하동
SL_2806,37.288213,127.077576,정상,2012,POINT (206879.019948452 521001.7553577135),하동
SL_2807,37.287963,127.077499,정상,2012,POINT (206872.21474006548 520974.00399062503),하동
SL_2808,37.287711,127.077409,정상,2012,POINT (206864.2568905673 520946.0297205445),하동
SL_2809,37.287477,127.077333,정상,2012,POINT (206857.53881107984 520920.05416947114),하동
SL_2810,37.287213,127.077245,정상,2012,POINT (206849.75930017818 520890.7482638883),하동
SL_2811,37.288438,127.077864,정상,2012,POINT (206904.53767543135 521026.74753797555),하동
SL_2812,37.288197,127.077815,정상,2012,POINT (206900.2146398663 520999.99703920656),하동
SL_2813,37.287895,127.07775,정상,2012,POINT (206894.47834353364 520966.4754097839),하동
SL_2814,37.287625,127.077685,정상,2012,POINT (206888.7390837672 520936.5052442359),하동
SL_2815,37.293139,127.078548,정상,2012,POINT (206964.7575803486 521548.52937938226),하동
SL_2816,37.287314,127.077603,정상,2012,POINT (206881.49603093418 520901.98354140436),하동
SL_2817,37.287006,127.077521,정상,2012,POINT (206874.252645148 520867.794795898),하동
SL_2818,37.292819,127.0787,정상,2012,POINT (206978.26479809772 521513.0259709663),하동
SL_2819,37.29256,127.078745,정상,2012,POINT (206982.2788479232 521484.2846531316),하동
SL_2820,37.292334,127.078795,정상,2012,POINT (206986.73322234585 521459.2061520236),하동
SL_2821,37.292033,127.078738,정상,2012,POINT (206981.70686009998 521425.7960127437),하동
SL_2822,37.291724,127.078665,정상,2012,POINT (206975.26246835652 521391.4968327906),하동
SL_2823,37.291411,127.078594,정상,2012,POINT (206968.99573410762 521356.7538744862),하동
SL_2824,37.29144,127.079085,정상,2012,POINT (207012.53043072525 521360.0086818919),하동
SL_2825,37.293473,127.080234,정상,2012,POINT (207114.22176644928 521585.72326900385),하동
SL_2826,37.293667,127.080319,정상,2012,POINT (207121.74029567878 521607.26040439704),하동
SL_2827,37.293933,127.080297,정상,2012,POINT (207119.76452724627 521636.78027524473),하동
SL_2828,37.294149,127.080218,정상,2012,POINT (207112.73942772945 521660.7466992751),하동
SL_2829,37.294325,127.080094,정상,2012,POINT (207101.72809594977 521680.2704216395),하동
SL_2830,37.294438,127.079936,정상,2012,POINT (207087.7080402024 521692.7996685084),하동
SL_2831,37.29451,127.079722,정상,2012,POINT (207068.72650124447 521700.77444018645),하동
SL_2832,37.294505,127.07955,정상,2012,POINT (207053.47620707433 521700.2066805456),하동
SL_2834,37.29176,127.079186,정상,2012,POINT (207021.45644519082 521395.5307822226),하동
SL_2835,37.292052,127.079277,정상,2012,POINT (207029.4982880151 521427.94462242967),하동
SL_2836,37.292273,127.079373,정상,2012,POINT (207037.99003091737 521452.4790399779),하동
SL_2837,37.292557,127.079486,정상,2012,POINT (207047.98322979858 521484.0066731695),하동
SL_2838,37.292751,127.079605,정상,2012,POINT (207058.5167765666 521505.54628273216),하동
SL_2839,37.292953,127.079785,정상,2012,POINT (207074.4583321409 521527.97833339096),하동
SL_2840,37.293131,127.079952,정상,2012,POINT (207089.2493598429 521547.7458444293),하동
SL_2841,37.293289,127.080104,정상,2012,POINT (207102.71216859983 521565.29259196727),하동
SL_2842,37.278672,127.06885,정상,2013,POINT (206106.01615640245 519942.2677101465),하동
SL_2843,37.279734,127.070088,정상,2013,POINT (206215.72184116545 520060.2121847532),하동
SL_2844,37.279487,127.069967,정상,2013,POINT (206205.01128687197 520032.79146135296),하동
SL_2845,37.279311,127.069783,정상,2013,POINT (206188.70768624992 520013.2464156254),하동
SL_2846,37.279156,127.069442,정상,2013,POINT (206158.47871417465 519996.02181034617),하동
SL_2847,37.279014,127.069107,정상,2013,POINT (206128.78067650847 519980.2404810266),하동
SL_2848,37.278773,127.068732,정상,2013,POINT (206095.54308812512 519953.4693723073),하동
SL_2849,37.278375,127.068551,정상,2013,POINT (206079.52299049258 519909.2865333572),하동
SL_2850,37.277834,127.068714,정상,2013,POINT (206094.0224454168 519849.2552816934),하동
SL_2851,37.277336,127.068854,정상,2013,POINT (206106.47882272137 519793.9948387372),하동
SL_2852,37.276899,127.068707,정상,2013,POINT (206093.4770056525 519745.48584790825),하동
SL_2853,37.278985,127.069436,정상,2013,POINT (206157.96053343354 519977.04334352014),하동
SL_2854,37.276629,127.068357,정상,2013,POINT (206062.45790237602 519715.4979889761),하동
SL_2855,37.276411,127.06805,정상,2013,POINT (206035.24803172846 519691.28409701935),하동
SL_2856,37.276318,127.067847,정상,2013,POINT (206017.2516795255 519680.9497604356),하동
SL_2857,37.276321,127.067528,정상,2013,POINT (205988.95979262816 519681.26246607513),하동
SL_2858,37.276328,127.067272,정상,2013,POINT (205966.2549708836 519682.02316992567),하동
SL_2859,37.27655,127.068493,정상,2013,POINT (206074.5258443812 519706.7390677235),하동
SL_2860,37.276906,127.068921,정상,2013,POINT (206112.45564480044 519746.2765338982),하동
SL_2861,37.27728,127.069046,정상,2013,POINT (206123.51133247334 519787.7922092962),하동
SL_2862,37.277735,127.068936,정상,2013,POINT (206113.71891682228 519838.282301328),하동
SL_2863,37.278012,127.068841,정상,2013,POINT (206105.27128992736 519869.01842330606),하동
SL_2864,37.279552,127.070212,정상,2013,POINT (206226.73371789456 520040.02144982305),하동
SL_2865,37.278253,127.068762,정상,2013,POINT (206098.2456087798 519895.76020257786),하동
SL_2866,37.279867,127.070303,정상,2013,POINT (206234.77804882498 520074.98706192797),하동
SL_2867,37.280182,127.070388,정상,2013,POINT (206242.29020816786 520109.9522877311),하동
SL_2868,37.280664,127.070416,정상,2013,POINT (206244.73353896348 520163.4479071068),하동
SL_2869,37.280676,127.070219,정상,2013,POINT (206227.26190908178 520164.7667149093),하동
SL_2870,37.280315,127.070238,정상,2013,POINT (206228.9766442655 520124.70312849677),하동
SL_2871,37.280047,127.070159,정상,2013,POINT (206221.9926794202 520094.95450577774),하동
SL_2872,37.273398,127.065778,정상,2013,POINT (205833.98038467125 519356.7503286429),원천동
SL_2873,37.276011,127.066969,정상,2013,POINT (205939.40724758367 519646.822541279),하동
SL_2874,37.276077,127.067094,정상,2013,POINT (205950.4881669951 519654.155264227),하동
SL_2875,37.276118,127.067468,정상,2013,POINT (205983.65454725278 519658.7291513395),하동
SL_2876,37.276121,127.067644,정상,2013,POINT (205999.26353624792 519659.0732466573),하동
SL_2877,37.276112,127.068072,정상,2013,POINT (206037.22305572988 519658.10162917175),하동
SL_2878,37.276134,127.068236,정상,2013,POINT (206051.7662573696 519660.5537304933),하동
SL_2879,37.276384,127.066956,정상,2013,POINT (205938.22499225612 519688.2183268516),하동
SL_2880,37.276605,127.067007,정상,2013,POINT (205942.73073156804 519712.74873970315),하동
SL_2881,37.27695,127.067117,정상,2013,POINT (205952.4592700776 519751.044741304),하동
SL_2882,37.277229,127.067191,정상,2013,POINT (205959.00017527357 519782.01361901016),하동
SL_2883,37.273687,127.066015,정상,2013,POINT (205854.9780032456 519388.83899769536),원천동
SL_2884,37.27758,127.067282,정상,2013,POINT (205967.0430302291 519820.97434229864),하동
SL_2885,37.277927,127.067395,정상,2013,POINT (205977.03723288138 519859.49253401184),하동
SL_2886,37.278251,127.067479,정상,2013,POINT (205984.4612626182 519895.4562986173),하동
SL_2887,37.278594,127.067581,정상,2013,POINT (205993.48006816328 519933.52988709335),하동
SL_2888,37.278923,127.067683,정상,2013,POINT (206002.49990312543 519970.0497270034),하동
SL_2889,37.279215,127.067841,정상,2013,POINT (206016.48897050208 520002.4667716021),하동
SL_2890,37.273851,127.066131,정상,2013,POINT (205865.2535107618 519407.04736222053),원천동
SL_2891,37.27411,127.066271,정상,2013,POINT (205877.65017814838 519435.80059724394),원천동
SL_2892,37.274462,127.066405,정상,2013,POINT (205889.5073704994 519474.87487996696),원천동
SL_2893,37.274753,127.066507,정상,2013,POINT (205898.53112105184 519507.1772342502),원천동
SL_2894,37.275041,127.066583,정상,2013,POINT (205905.24909485466 519539.145028175),하동
SL_2895,37.275378,127.066675,정상,2013,POINT (205913.38221984808 519576.5519877848),하동
SL_2896,37.275786,127.066825,정상,2013,POINT (205926.6536829867 519621.8423710176),하동
SL_2897,37.28197,127.071638,정상,2012,POINT (206352.99495129386 520308.473008104),하동
SL_2898,37.281372,127.070048,정상,2012,POINT (206212.03983778652 520241.99959660304),하동
SL_2899,37.281214,127.069751,정상,2012,POINT (206185.7140281541 520224.44482777256),하동
SL_2900,37.281077,127.069475,정상,2012,POINT (206161.24873953586 520209.2221515528),하동
SL_2901,37.280931,127.069216,정상,2012,POINT (206138.2917063609 520193.00180376956),하동
SL_2902,37.280807,127.068987,정상,2012,POINT (206117.9933031833 520179.2250838093),하동
SL_2903,37.280663,127.068781,정상,2012,POINT (206099.73616637493 520163.2302376205),하동
SL_2904,37.280515,127.068564,정상,2012,POINT (206080.50376182154 520146.7907927761),하동
SL_2905,37.280357,127.068369,정상,2012,POINT (206063.2231277697 520129.24297322147),하동
SL_2906,37.280326,127.068113,정상,2012,POINT (206040.52254795845 520125.7861239738),하동
SL_2907,37.280531,127.067983,정상,2012,POINT (206028.97729551373 520148.5293301805),하동
SL_2908,37.281889,127.071455,정상,2012,POINT (206336.77294981308 520299.4711131582),하동
SL_2909,37.280695,127.067879,정상,2012,POINT (206019.74113853657 520166.72390709724),하동
SL_2910,37.280905,127.067798,정상,2012,POINT (206012.5410766094 520190.0251713644),하동
SL_2911,37.281117,127.067691,정상,2012,POINT (206003.0351395592 520213.5467580957),하동
SL_2912,37.279902,127.067969,정상,2012,POINT (206027.78588552654 520078.72017971973),하동
SL_2913,37.27974,127.067813,정상,2012,POINT (206013.96401596768 520060.73101803893),하동
SL_2914,37.281838,127.071286,정상,2012,POINT (206321.7899539351 520293.799673988),하동
SL_2915,37.281768,127.071108,정상,2012,POINT (206306.01038379045 520286.0189854873),하동
SL_2916,37.281703,127.070919,정상,2012,POINT (206289.25486366684 520278.7925101075),하동
SL_2917,37.281635,127.07073,정상,2012,POINT (206272.4995636889 520271.23311946105),하동
SL_2918,37.281572,127.070561,정상,2012,POINT (206257.5174675834 520264.2300000632),하동
SL_2919,37.281511,127.070392,정상,2012,POINT (206242.53518131882 520257.44887342805),하동
SL_2920,37.281439,127.070189,정상,2012,POINT (206224.53857054102 520249.444723296),하동
SL_2921,37.292384,127.071873,정상,2013,POINT (206372.9568808888 521464.266360377),하동
SL_2922,37.290267,127.070885,정상,2013,POINT (206285.52732314263 521229.2489421668),하동
SL_2923,37.292003,127.071772,정상,2013,POINT (206364.0333329184 521421.9749784471),하동
SL_2924,37.291767,127.071707,고장,2013,POINT (206358.28963354244 521395.7785841161),하동
SL_2925,37.291542,127.071656,정상,2013,POINT (206353.78636291134 521370.8039498645),하동
SL_2926,37.291391,127.071599,정상,2013,POINT (206348.74482148737 521354.0416681164),하동
SL_2927,37.291235,127.071554,정상,2013,POINT (206344.7677322724 521336.7252792338),하동
SL_2928,37.290884,127.071458,정상,2013,POINT (206336.28474632345 521297.7637646384),하동
SL_2929,37.290672,127.071325,정상,2013,POINT (206324.5091866858 521274.226439612),하동
SL_2930,37.290416,127.071099,정상,2013,POINT (206304.490739476 521245.7996710372),하동
SL_2931,37.292296,127.072102,정상,2011,POINT (206393.26969008188 521454.51530022995),하동
SL_2932,37.290139,127.071045,정상,2011,POINT (206299.72554551542 521215.053750069),하동
SL_2933,37.293045,127.069743,정상,2011,POINT (206184.0363044072 521537.48481057095),하동
SL_2934,37.293027,127.070118,정상,2011,POINT (206217.28863412712 521535.51170267165),하동
SL_2935,37.292952,127.070518,정상,2011,POINT (206252.76242147438 521527.2143390327),하동
SL_2936,37.292878,127.070994,정상,2011,POINT (206294.97504963115 521519.0331651041),하동
SL_2937,37.292803,127.071372,정상,2011,POINT (206328.49826148097 521510.7346576314),하동
SL_2938,37.292701,127.071981,정상,2011,POINT (206382.50642967233 521499.4553048248),하동
SL_2939,37.292591,127.072184,정상,2011,POINT (206400.51562327394 521487.2608778209),하동
SL_2940,37.292514,127.072536,정상,2011,POINT (206431.73382930606 521478.73905741825),하동
SL_2941,37.29241,127.073165,정상,2011,POINT (206487.5159089181 521467.2397752196),하동
SL_2942,37.292035,127.072025,정상,2011,POINT (206386.464176755 521425.543495263),하동
SL_2943,37.292308,127.073751,정상,2011,POINT (206539.48516781908 521455.9598559879),하동
SL_2944,37.292229,127.074194,정상,2011,POINT (206578.77276645927 521447.2229135451),하동
SL_2945,37.292141,127.074679,정상,2011,POINT (206621.78537537772 521437.4902469533),하동
SL_2946,37.292073,127.075059,정상,2011,POINT (206655.48596270068 521429.97006904427),하동
SL_2947,37.292035,127.075412,정상,2011,POINT (206686.78986152387 521425.77761154715),하동
SL_2948,37.29226,127.074887,정상,2011,POINT (206640.21827523323 521450.7118270685),하동
SL_2949,37.292438,127.074955,정상,2011,POINT (206646.23216698904 521470.471605639),하동
SL_2950,37.292571,127.074981,정상,2011,POINT (206648.52587392705 521485.2341932895),하동
SL_2951,37.292875,127.075066,정상,2011,POINT (206656.0359983984 521518.97905398504),하동
SL_2952,37.293067,127.075114,정상,2011,POINT (206660.2751908288 521540.2912016249),하동
SL_2953,37.291744,127.071941,정상,2011,POINT (206379.04045605307 521393.2417306941),하동
SL_2954,37.293224,127.075156,정상,2011,POINT (206663.98543666166 521557.71851827204),하동
SL_2955,37.293382,127.075213,정상,2011,POINT (206669.02560675822 521575.25787797914),하동
SL_2956,37.291465,127.071881,정상,2011,POINT (206373.74376468325 521362.2733892983),하동
SL_2957,37.291312,127.07183,정상,2011,POINT (206369.23445232044 521345.2895335464),하동
SL_2958,37.291246,127.071816,정상,2011,POINT (206367.9986214135 521337.96370396076),하동
SL_2959,37.290827,127.071661,정상,2011,POINT (206354.28984760688 521291.45134719554),하동
SL_2960,37.290557,127.071508,정상,2011,POINT (206340.74576119677 521261.4756349651),하동
SL_2961,37.290341,127.07133,정상,2011,POINT (206324.98025322074 521237.49136195425),하동
SL_2962,37.293289,127.068686,정상,2011,POINT (206090.29357728854 521564.49610439513),하동
SL_2963,37.291166,127.069978,정상,2011,POINT (206205.02781795574 521328.96287077246),하동
SL_2964,37.290975,127.070087,정상,2011,POINT (206214.70868178175 521307.7722508835),하동
SL_2965,37.290702,127.070268,정상,2011,POINT (206230.78071042433 521277.48576816276),하동
SL_2966,37.290432,127.070428,정상,2011,POINT (206244.99049497463 521247.5308798892),하동
SL_2967,37.291959,127.070035,정상,2011,POINT (206210.0168942871 521416.97623994143),하동
SL_2968,37.292051,127.070297,정상,2011,POINT (206233.24089766713 521427.2039265597),하동
SL_2969,37.292159,127.070528,정상,2011,POINT (206253.7147505106 521439.2053576091),하동
SL_2970,37.292328,127.070622,정상,2011,POINT (206262.03572052333 521457.96773040097),하동
SL_2971,37.292499,127.070675,정상,2011,POINT (206266.7210348263 521476.94936054305),하동
SL_2972,37.292677,127.070715,정상,2011,POINT (206270.2530450493 521496.7070139295),하동
SL_2973,37.293064,127.068826,정상,2011,POINT (206102.72536185963 521539.5339176774),하동
SL_2974,37.292752,127.070354,정상,2011,POINT (206238.23721292362 521505.0068754025),하동
SL_2975,37.292806,127.070016,정상,2011,POINT (206208.26256127763 521510.97772249306),하동
SL_2976,37.29254,127.070033,정상,2011,POINT (206209.79180087685 521481.457318702),하동
SL_2977,37.292356,127.069925,정상,2011,POINT (206200.23059240996 521461.0293319164),하동
SL_2978,37.292119,127.069677,정상,2011,POINT (206178.2598776952 521434.7100941489),하동
SL_2979,37.292394,127.069502,정상,2011,POINT (206162.72019375852 521465.2190414773),하동
SL_2980,37.29268,127.069328,정상,2011,POINT (206147.2683970163 521496.94889861695),하동
SL_2981,37.292791,127.06961,정상,2011,POINT (206172.2640875888 521509.28639812296),하동
SL_2982,37.293566,127.06925,정상,2011,POINT (206140.28017859856 521595.2749159482),하동
SL_2983,37.29346,127.068956,정상,2011,POINT (206114.22027182017 521583.49164980743),하동
SL_2984,37.292811,127.068984,정상,2011,POINT (206116.75553226416 521511.4653859152),하동
SL_2985,37.292687,127.069054,정상,2011,POINT (206122.97242583695 521497.70800436137),하동
SL_2986,37.292397,127.069229,정상,2011,POINT (206138.51312383646 521465.5342348341),하동
SL_2987,37.292187,127.069358,정상,2011,POINT (206149.96860754752 521442.23615481064),하동
SL_2988,37.29189,127.06955,정상,2011,POINT (206167.01747752127 521409.28666427324),하동
SL_2989,37.291727,127.069634,정상,2011,POINT (206174.47910210188 521391.2018934591),하동
SL_2990,37.291383,127.069848,고장,2011,POINT (206193.48278253738 521353.0376883787),하동
SL_2991,37.293037,127.069072,정상,2013,POINT (206124.5401015902 521536.55327627447),하동
SL_2992,37.294288,127.070048,정상,2013,POINT (206210.97813911075 521675.4568881161),하동
SL_2993,37.294243,127.070325,정상,2013,POINT (206235.54274263539 521670.4808744912),하동
SL_2994,37.294189,127.070635,정상,2013,POINT (206263.0341515866 521664.5082693051),하동
SL_2995,37.294117,127.07099,정상,2013,POINT (206294.51714386785 521656.54105139273),하동
SL_2996,37.294076,127.071238,정상,2013,POINT (206316.51015440666 521652.00727774267),하동
SL_2997,37.294026,127.071531,정상,2013,POINT (206342.4939939827 521646.47773042304),하동
SL_2998,37.293976,127.071807,정상,2013,POINT (206366.97051474696 521640.9471188675),하동
SL_2999,37.293814,127.071954,정상,2013,POINT (206380.01836756838 521622.97775115573),하동
SL_3000,37.293517,127.071875,정상,2013,POINT (206373.03864699148 521590.0104202755),하동
SL_3001,37.293251,127.071795,정상,2013,POINT (206365.96759035756 521560.48350787384),하동
SL_3002,37.293375,127.068852,정상,2013,POINT (206105.00562250026 521574.0513609672),하동
SL_3003,37.293625,127.07139,정상,2013,POINT (206330.02543564915 521601.9640272237),하동
SL_3004,37.29368,127.071125,정상,2013,POINT (206306.52375847023 521608.05039585254),하동
SL_3005,37.293842,127.071052,정상,2013,POINT (206300.037471838 521626.0248048789),하동
SL_3006,37.293774,127.070567,정상,2013,POINT (206257.03912641897 521618.4457468235),하동
SL_3007,37.293833,127.070268,정상,2013,POINT (206230.5225066075 521624.97401204344),하동
SL_3008,37.294041,127.070099,정상,2013,POINT (206215.52050132465 521648.0473921788),하동
SL_3009,37.293788,127.069901,정상,2013,POINT (206197.98504072323 521619.9556513023),하동
SL_3010,37.293915,127.069794,정상,2013,POINT (206188.48715558066 521634.0435073409),하동
SL_3011,37.293969,127.069484,정상,2013,POINT (206160.99570040006 521640.01635673334),하동
SL_3012,37.294014,127.069191,정상,2013,POINT (206135.01236769097 521644.99155041855),하동
SL_3013,37.293654,127.068728,정상,2013,POINT (206093.98821871477 521605.0076679904),하동
SL_3014,37.294458,127.068757,정상,2019,POINT (206096.4947166134 521694.24001642765),하동
SL_3015,37.293969,127.068762,정상,2013,POINT (206096.97751675997 521639.96956083283),하동
SL_3016,37.294258,127.068858,정상,2013,POINT (206105.4662741128 521672.0498950612),하동
SL_3017,37.294447,127.068932,정상,2013,POINT (206112.01237885267 521693.0304981809),하동
SL_3018,37.29446,127.069135,정상,2013,POINT (206130.01078252934 521694.48641998216),하동
SL_3019,37.29441,127.069366,정상,2013,POINT (206150.4969920954 521688.9522602378),하동
SL_3020,37.294343,127.069699,정상,2013,POINT (206180.02869279202 521681.53809763584),하동
SL_3021,37.290155,127.0706,정상,2011,POINT (206260.2650285176 521216.7999294511),하동
SL_3022,37.289091,127.067957,정상,2011,POINT (206025.98893904756 521098.54222872725),하동
SL_3023,37.288942,127.067602,정상,2011,POINT (205994.52164272428 521081.9831878829),하동
SL_3024,37.288798,127.067235,정상,2011,POINT (205961.9897407562 521065.9784245471),하동
SL_3025,37.289952,127.070667,정상,2011,POINT (206266.22290901846 521194.2747956045),하동
SL_3026,37.289905,127.070543,정상,2011,POINT (206255.23140254564 521189.0503806296),하동
SL_3027,37.289801,127.070292,정상,2011,POINT (206232.98315530506 521177.49156531075),하동
SL_3028,37.289693,127.070019,정상,2011,POINT (206208.78437260276 521165.48743232933),하동
SL_3029,37.289572,127.069711,정상,2011,POINT (206181.48302957945 521152.03830091865),하동
SL_3030,37.289446,127.069412,정상,2011,POINT (206154.98006471072 521138.03492899565),하동
SL_3031,37.289306,127.069079,정상,2011,POINT (206125.46325414575 521122.4756752019),하동
SL_3032,37.290094,127.070507,정상,2011,POINT (206252.02354998604 521210.0238074814),하동
SL_3033,37.289176,127.068724,정상,2011,POINT (206093.99471110813 521108.0249388738),하동
SL_3034,37.289027,127.068391,정상,2011,POINT (206064.47840436388 521091.4670529219),하동
SL_3035,37.288883,127.068042,정상,2011,POINT (206033.5428008416 521075.4631659696),하동
SL_3036,37.288757,127.067714,정상,2011,POINT (206004.46780266642 521061.4584222407),하동
SL_3037,37.289963,127.070137,정상,2011,POINT (206219.22554715845 521195.4606239634),하동
SL_3038,37.289851,127.069903,정상,2011,POINT (206198.48535914507 521183.0151533566),하동
SL_3039,37.28972,127.069565,정상,2011,POINT (206168.5246885979 521168.4542668398),하동
SL_3040,37.289612,127.069271,정상,2011,POINT (206142.4636557732 521156.4489560145),하동
SL_3041,37.289514,127.068956,정상,2011,POINT (206114.53960445357 521145.55219951225),하동
SL_3042,37.289338,127.068617,정상,2011,POINT (206084.49360507575 521125.9973104941),하동
SL_3043,37.289226,127.068307,정상,2011,POINT (206057.01386651408 521113.54730468115),하동
SL_3044,37.288022,127.065695,정상,2013,POINT (205825.4917410502 520979.75958729966),하동
SL_3045,37.287395,127.062427,정상,2013,POINT (205535.74835756814 520909.9769184322),하동
SL_3046,37.287326,127.062122,정상,2013,POINT (205508.70734294248 520902.3012791319),하동
SL_3047,37.287283,127.061922,정상,2013,POINT (205490.97534008385 520897.5173774602),하동
SL_3048,37.287175,127.061561,정상,2013,POINT (205458.97121887354 520885.5103100306),하동
SL_3049,37.287002,127.061124,정상,2013,POINT (205420.2322969601 520866.28510875616),하동
SL_3050,37.286813,127.060791,정상,2013,POINT (205390.71666586245 520845.29028119164),하동
SL_3051,37.286669,127.060554,정상,2013,POINT (205369.71062963517 520829.29524120514),하동
SL_3052,37.286522,127.060329,정상,2013,POINT (205349.76884459823 520812.96798390377),하동
SL_3053,37.286498,127.060157,정상,2013,POINT (205334.51816708734 520810.2946758384),하동
SL_3054,37.286522,127.059974,정상,2013,POINT (205318.28865883924 520812.9479626417),하동
SL_3055,37.287945,127.065396,정상,2013,POINT (205798.98387840658 520971.19551573816),하동
SL_3056,37.286637,127.059785,정상,2013,POINT (205301.52071751808 520825.7004009244),하동
SL_3057,37.286822,127.059537,정상,2013,POINT (205279.51603445964 520846.2183906764),하동
SL_3058,37.287,127.059297,정상,2013,POINT (205258.2213542078 520865.9600021179),하동
SL_3059,37.287518,127.063718,정상,2013,POINT (205650.21930409665 520923.704180378),하동
SL_3060,37.287106,127.063774,정상,2013,POINT (205655.21596000483 520877.9825094633),하동
SL_3061,37.286626,127.063613,정상,2013,POINT (205640.974971432 520824.70103314624),하동
SL_3062,37.28646,127.063703,정상,2013,POINT (205648.96826163298 520806.28322041465),하동
SL_3063,37.286818,127.063878,정상,2013,POINT (205664.45984119183 520846.025615707),하동
SL_3064,37.287149,127.063929,정상,2013,POINT (205668.95749808586 520882.7640600529),하동
SL_3065,37.287844,127.064984,정상,2013,POINT (205762.45751668364 520959.96104355966),하동
SL_3066,37.287788,127.064626,정상,2013,POINT (205730.7161027095 520953.7242392863),하동
SL_3067,37.287725,127.064237,정상,2013,POINT (205696.22623939658 520946.70880627906),하동
SL_3068,37.287651,127.063868,정상,2013,POINT (205663.51064792473 520938.4738990712),하동
SL_3069,37.28762,127.063654,정상,2013,POINT (205644.53645865363 520935.0206307032),하동
SL_3070,37.287523,127.063211,정상,2013,POINT (205605.26049916568 520924.2289267486),하동
SL_3071,37.287451,127.062825,정상,2013,POINT (205571.0371004513 520916.2153394684),하동
SL_3072,37.291956,127.067176,정상,2013,POINT (205956.50902011702 521416.45937741606),하동
SL_3073,37.290747,127.066879,정상,2013,POINT (205930.26886081675 521282.2621060511),하동
SL_3074,37.290886,127.067209,정상,2013,POINT (205959.51953346332 521297.70950465504),하동
SL_3075,37.290979,127.06744,정상,2013,POINT (205979.99528059227 521308.0455172468),하동
SL_3076,37.291102,127.067725,정상,2013,POINT (206005.25684005523 521321.7145015824),하동
SL_3077,37.291249,127.067626,정상,2013,POINT (205996.46672388448 521338.02273936),하동
SL_3078,37.291463,127.067483,정상,2013,POINT (205983.76981766085 521361.76407161774),하동
SL_3079,37.291706,127.067328,정상,2013,POINT (205970.0066453432 521388.7231772429),하동
SL_3080,37.291911,127.067057,정상,2013,POINT (205945.96080701688 521411.457647158),하동
SL_3081,37.29183,127.066849,정상,2013,POINT (205927.52374796633 521402.4549548714),하동
SL_3082,37.291736,127.066623,정상,2013,POINT (205907.4915977488 521392.00839790923),하동
SL_3083,37.291637,127.066375,정상,2013,POINT (205885.50903453093 521381.0056039245),하동
SL_3084,37.291457,127.066098,정상,2013,POINT (205860.961246812 521361.0114363137),하동
SL_3085,37.291162,127.066284,정상,2013,POINT (205877.47696185744 521328.28295680275),하동
SL_3086,37.290968,127.066405,정상,2013,POINT (205888.22128810763 521306.75975755585),하동
SL_3087,37.290774,127.066535,정상,2013,POINT (205899.7637137254 521285.237134147),하동
SL_3088,37.288207,127.065602,정상,2013,POINT (205817.23074067238 521000.2857307391),하동
SL_3089,37.287584,127.062385,정상,2013,POINT (205532.01014803373 520930.95025847474),하동
SL_3090,37.287522,127.06208,정상,2013,POINT (205504.9686877343 520924.0515123011),하동
SL_3091,37.287441,127.06177,정상,2013,POINT (205477.48518291663 520915.04388581),하동
SL_3092,37.287312,127.06135,정상,2013,POINT (205440.25075919143 520900.7028299563),하동
SL_3093,37.288558,127.060773,정상,2013,POINT (205388.99604724246 521038.9546926927),하동
SL_3094,37.288401,127.061007,정상,2013,POINT (205409.75704779543 521021.54370952654),하동
SL_3095,37.288252,127.061176,정상,2013,POINT (205424.75371387965 521005.01691233495),하동
SL_3096,37.287991,127.061091,정상,2013,POINT (205417.2350881822 520976.04545968096),하동
SL_3097,37.287671,127.06095,정상,2013,POINT (205404.75482110935 520940.52281290956),하동
SL_3098,37.287378,127.060845,정상,2013,POINT (205395.46484203855 520907.9987823155),하동
SL_3099,37.288124,127.065289,정상,2013,POINT (205789.48194854442 520991.0549294247),하동
SL_3100,37.28713,127.060916,정상,2013,POINT (205401.77853569196 520880.47903858154),하동
SL_3101,37.286997,127.060682,정상,2013,POINT (205381.0378536289 520865.7049540939),하동
SL_3102,37.286865,127.060456,정상,2013,POINT (205361.00643700507 520851.0423577918),하동
SL_3103,37.286694,127.06018,정상,2013,POINT (205336.54388788168 520832.0486487699),하동
SL_3104,37.286689,127.060112,정상,2013,POINT (205330.5142468852 520831.48989886086),하동
SL_3105,37.286804,127.059915,정상,2013,POINT (205313.03691394947 520844.241863597),하동
SL_3106,37.28698,127.059675,정상,2013,POINT (205291.74228969176 520863.7614238705),하동
SL_3107,37.288045,127.064869,정상,2013,POINT (205752.24458746225 520982.2616390818),하동
SL_3108,37.287982,127.064536,정상,2013,POINT (205722.72065204018 520975.249504145),하동
SL_3109,37.287919,127.064184,정상,2013,POINT (205691.51184352385 520968.236329696),하동
SL_3110,37.287849,127.063837,정상,2013,POINT (205660.74688247757 520960.44668933563),하동
SL_3111,37.287809,127.063578,정상,2013,POINT (205637.7830355699 520955.9918960262),하동
SL_3112,37.28773,127.063155,정상,2013,POINT (205600.2793354162 520947.19910244615),하동
SL_3113,37.287647,127.062785,정상,2013,POINT (205567.47564018 520937.96566322533),하동
SL_3114,37.29272,127.067137,정상,2012,POINT (205952.99068465398 521501.2480480403),하동
SL_3115,37.292344,127.066277,정상,2012,POINT (205876.76432545745 521459.46459118207),하동
SL_3116,37.292218,127.065975,정상,2012,POINT (205849.9958169462 521445.4619895981),하동
SL_3117,37.29207,127.065656,정상,2012,POINT (205821.72152354542 521429.016798013),하동
SL_3118,37.291921,127.065236,정상,2012,POINT (205784.49150116055 521412.45453638624),하동
SL_3119,37.29295,127.066751,정상,2012,POINT (205918.74631303383 521526.7499452333),하동
SL_3120,37.293191,127.066607,정상,2012,POINT (205905.9591320091 521553.48788440065),하동
SL_3121,37.293257,127.066317,정상,2012,POINT (205880.24005583095 521560.7947009391),하동
SL_3122,37.293047,127.066455,정상,2012,POINT (205892.492712126 521537.4968265085),하동
SL_3123,37.292826,127.066593,정상,2012,POINT (205904.74629607587 521512.9781559836),하동
SL_3124,37.292635,127.066711,정상,2012,POINT (205915.2242138644 521491.78774761653),하동
SL_3125,37.292545,127.06677,정상,2012,POINT (205920.4627615831 521481.8029559207),하동
SL_3126,37.292439,127.066522,정상,2012,POINT (205898.4809975297 521470.0232440607),하동
SL_3127,37.291642,127.065275,정상,2012,POINT (205787.97101388956 521381.49262710975),하동
SL_3128,37.291757,127.06554,정상,2012,POINT (205811.4598704263 521394.2719400218),하동
SL_3129,37.291878,127.065848,정상,2012,POINT (205838.76101483437 521407.71987195284),하동
SL_3130,37.291986,127.066116,정상,2012,POINT (205862.5162743043 521419.7226318099),하동
SL_3131,37.292112,127.066423,정상,2012,POINT (205889.72819437966 521433.7255841341),하동
SL_3132,37.292209,127.066666,정상,2012,POINT (205911.26742063693 521444.50611138484),하동
SL_3133,37.292317,127.066934,정상,2012,POINT (205935.0224723596 521456.509077574),하동
SL_3134,37.292508,127.067317,정상,2012,POINT (205968.96790922087 521477.73096558964),하동
SL_3135,37.261925,127.081483,정상,1997,POINT (207227.98452451837 518084.5299299609),영통동
SL_3136,37.259183,127.078986,정상,1997,POINT (207006.7410211056 517780.02795058675),영통동
SL_3137,37.258888,127.078687,정상,1997,POINT (206980.24435339807 517747.2660084455),영통동
SL_3138,37.258584,127.078399,정상,1997,POINT (206954.72410898737 517713.5061174556),영통동
SL_3139,37.258298,127.078123,정상,1997,POINT (206930.26652665978 517681.7448700535),영통동
SL_3140,37.258023,127.07786,정상,1997,POINT (206906.96098513802 517651.20545201143),영통동
SL_3141,37.25776,127.077618,정상,1997,POINT (206885.51709880942 517621.99941803684),영통동
SL_3142,37.257995,127.077097,정상,1997,POINT (206839.2777717701 517648.0425298811),영통동
SL_3143,37.258285,127.077376,정상,1997,POINT (206864.00156249892 517680.247657601),영통동
SL_3144,37.258578,127.077658,정상,1997,POINT (206888.99101823976 517712.7860259178),영통동
SL_3145,37.258825,127.077884,정상,1997,POINT (206909.01677602748 517740.21518452885),영통동
SL_3146,37.261632,127.081255,정상,1997,POINT (207207.78760408855 518051.99464224663),영통동
SL_3147,37.259127,127.078163,정상,1997,POINT (206933.7389272218 517773.7523133065),영통동
SL_3148,37.259424,127.078451,정상,1997,POINT (206959.25971599203 517806.7352659764),영통동
SL_3149,37.259676,127.078694,정상,1997,POINT (206980.79259558054 517834.720763352),영통동
SL_3150,37.26003,127.079032,정상,1997,POINT (207010.74311745187 517874.03357089777),영통동
SL_3151,37.260352,127.079354,정상,1997,POINT (207039.27702042737 517909.7938559751),영통동
SL_3152,37.260725,127.079695,정상,1997,POINT (207069.4913447982 517951.2157702772),영통동
SL_3153,37.260932,127.079907,정상,1997,POINT (207088.2777992258 517974.2050196211),영통동
SL_3154,37.261232,127.080186,정상,1997,POINT (207112.99873158836 518007.5207251309),영통동
SL_3155,37.261497,127.080437,정상,1997,POINT (207135.23900380815 518036.95000358904),영통동
SL_3156,37.261819,127.080705,정상,1997,POINT (207158.9817207143 518072.7066357834),영통동
SL_3157,37.261186,127.080879,정상,1997,POINT (207174.47653153457 518002.46784032695),영통동
SL_3158,37.262112,127.080948,정상,1997,POINT (207180.5093583338 518105.2429449684),영통동
SL_3159,37.260939,127.080645,정상,1997,POINT (207153.74261509205 517975.0374305892),영통동
SL_3160,37.26068,127.080391,정상,1997,POINT (207131.23555649852 517946.27377534384),영통동
SL_3161,37.260405,127.08014,정상,1997,POINT (207108.9959688597 517915.7346863496),영통동
SL_3162,37.260076,127.07981,정상,1997,POINT (207079.7533769292 517879.19668713806),영통동
SL_3163,37.259725,127.079485,정상,1997,POINT (207050.95612088306 517840.21754871734),영통동
SL_3164,37.259417,127.079189,정상,1997,POINT (207024.7271484795 517806.0129131618),영통동
SL_3165,37.259889,127.074376,정상,1997,POINT (206597.73252575807 517858.05026996636),영통동
SL_3166,37.261103,127.077478,정상,1997,POINT (206872.7939091017 517993.00386689766),영통동
SL_3167,37.260848,127.077908,정상,1997,POINT (206910.96096299787 517964.7346277243),영통동
SL_3168,37.260634,127.078261,정상,1997,POINT (206942.29407158538 517941.0101965227),영통동
SL_3169,37.260442,127.078584,정상,1997,POINT (206970.9641135646 517919.72528887494),영통동
SL_3170,37.260192,127.078996,정상,1997,POINT (207007.53463356267 517892.01007801644),영통동
SL_3171,37.260433,127.079061,정상,1997,POINT (207013.27827452536 517918.7616890599),영통동
SL_3172,37.260665,127.078666,정상,1997,POINT (206978.21752968017 517944.480443188),영통동
SL_3173,37.260886,127.078317,정상,1997,POINT (206947.23851594323 517968.98191216163),영통동
SL_3174,37.26108,127.077988,정상,1997,POINT (206918.03628059672 517990.4884286113),영통동
SL_3175,37.261344,127.077545,정상,1997,POINT (206878.71532138385 518019.75553473487),영통동
SL_3176,37.260069,127.074762,정상,1997,POINT (206631.95796635697 517878.05410886585),영통동
SL_3177,37.261576,127.077174,정상,1997,POINT (206845.7843513811 518045.47658954706),영통동
SL_3178,37.262079,127.07676,정상,1997,POINT (206809.01484708008 518101.2709599462),영통동
SL_3179,37.261777,127.076559,정상,1997,POINT (206791.21220504656 518067.7397758226),영통동
SL_3180,37.261455,127.076393,정상,1997,POINT (206776.5159212622 518031.9914855795),영통동
SL_3181,37.261196,127.07617,정상,1997,POINT (206756.75762098064 518003.2310538102),영통동
SL_3182,37.260976,127.075905,정상,1997,POINT (206733.27003615623 517978.7960009034),영통동
SL_3183,37.260742,127.075583,정상,1997,POINT (206704.7272671256 517952.8032190477),영통동
SL_3184,37.260555,127.075242,정상,1997,POINT (206674.49473906864 517932.0253754896),영통동
SL_3185,37.260382,127.074887,정상,1997,POINT (206643.0189301636 517912.80041459703),영통동
SL_3186,37.260244,127.07516,정상,1997,POINT (206667.2481736152 517897.50402072445),영통동
SL_3187,37.260406,127.075479,정상,1997,POINT (206695.53149878545 517915.5057162633),영통동
SL_3188,37.260613,127.075854,정상,1997,POINT (206728.778293563 517938.50570317684),영통동
SL_3189,37.260838,127.076172,정상,1997,POINT (206756.9670142007 517963.4994375916),영통동
SL_3190,37.261117,127.076508,정상,1997,POINT (206786.7474379575 517994.4876172936),영통동
SL_3191,37.261344,127.076756,정상,1997,POINT (206808.7261890325 518019.69847544015),영통동
SL_3192,37.261295,127.077154,정상,1997,POINT (206844.03566029895 518014.28903916746),영통동
SL_3193,37.253914,127.072406,정상,1997,POINT (206423.48542002976 517194.7943856721),영통동
SL_3194,37.255589,127.073698,정상,1997,POINT (206537.96023809616 517380.77845103084),영통동
SL_3195,37.255798,127.073899,정상,1997,POINT (206555.7734144021 517403.98769000976),영통동
SL_3196,37.255965,127.07406,정상,1997,POINT (206570.04164431896 517422.5329264789),영통동
SL_3197,37.256143,127.074198,정상,1997,POINT (206582.26847265614 517442.2973951799),영통동
SL_3198,37.256343,127.074381,정상,1997,POINT (206598.48536507203 517464.50663328293),영통동
SL_3199,37.256487,127.07444,정상,1997,POINT (206603.70680247212 517480.4922253778),영통동
SL_3200,37.256638,127.074179,정상,1997,POINT (206580.53988298852 517497.2324009581),영통동
SL_3201,37.256855,127.073829,정상,1997,POINT (206549.4720216232 517521.2913221994),영통동
SL_3202,37.25706,127.073483,정상,1997,POINT (206518.76021692055 517544.0188446557),영통동
SL_3203,37.257294,127.073089,정상,1997,POINT (206483.78796952753 517569.9616828741),영통동
SL_3204,37.254078,127.07257,정상,1997,POINT (206438.02069768045 517213.00664731),영통동
SL_3205,37.257486,127.072632,정상,1997,POINT (206443.2307479669 517591.2391116288),영통동
SL_3206,37.257552,127.072226,정상,1997,POINT (206407.20863553075 517598.53639314056),영통동
SL_3207,37.257507,127.071829,고장,1997,POINT (206371.99433011631 517593.5153777001),영통동
SL_3208,37.257746,127.071917,정상,1997,POINT (206379.78070882935 517620.0461237964),영통동
SL_3209,37.257741,127.072469,정상,1997,POINT (206428.74924219528 517619.5285646341),영통동
SL_3210,37.257626,127.072897,정상,1997,POINT (206466.72710159287 517606.79473583447),영통동
SL_3211,37.257436,127.073323,고장,1997,POINT (206504.53410399912 517585.7372540721),영통동
SL_3212,37.257181,127.073731,정상,1997,POINT (206540.75011951546 517557.4648367378),영통동
SL_3213,37.257035,127.07397,정상,1997,POINT (206561.96471387302 517541.2779370324),영통동
SL_3214,37.256802,127.074345,정상,1997,POINT (206595.25171799914 517515.4450833957),영통동
SL_3215,37.254238,127.072719,정상,1997,POINT (206451.22553653436 517230.7739824454),영통동
SL_3216,37.256613,127.07466,정상,1997,POINT (206623.21237147204 517494.49139119056),영통동
SL_3217,37.254436,127.072903,정상,1997,POINT (206467.53207039702 517252.76106271555),영통동
SL_3218,37.254634,127.073047,정상,1997,POINT (206480.28995911943 517274.74543605366),영통동
SL_3219,37.254823,127.073145,정상,1997,POINT (206488.96771991884 517295.72783283336),영통동
SL_3220,37.255019,127.073267,정상,1997,POINT (206499.7739609773 517317.4887643829),영통동
SL_3221,37.255211,127.073374,정상,1997,POINT (206509.24979039235 517338.8047490929),영통동
SL_3222,37.255411,127.073543,정상,1997,POINT (206524.2250932211 517361.0128769729),영통동
SL_3223,37.257798,127.071562,정상,1997,POINT (206348.28417394578 517625.7933423216),영통동
SL_3224,37.260098,127.074317,정상,1997,POINT (206592.48054867133 517881.24151054537),영통동
SL_3225,37.259909,127.073939,정상,1997,POINT (206558.96547012107 517860.23954412906),영통동
SL_3226,37.259754,127.073601,정상,1997,POINT (206528.9956104405 517843.0138776758),영통동
SL_3227,37.259567,127.073215,정상,1997,POINT (206494.7703833252 517822.2335823714),영통동
SL_3228,37.259365,127.072786,정상,1997,POINT (206456.7318049806 517799.7857548896),영통동
SL_3229,37.25918,127.07242,정상,1997,POINT (206424.28022645973 517779.22907856613),영통동
SL_3230,37.258964,127.072045,정상,1997,POINT (206391.0327283569 517755.2314624126),영통동
SL_3231,37.258667,127.071706,정상,1997,POINT (206360.9853814723 517722.24681395205),영통동
SL_3232,37.258295,127.071486,정상,1997,POINT (206341.5005291296 517680.94655366417),영통동
SL_3233,37.257964,127.071359,정상,1997,POINT (206330.2620960868 517644.20284068363),영통동
SL_3234,37.258043,127.071646,정상,1997,POINT (206355.71525320638 517652.989694092),영통동
SL_3235,37.257321,127.066097,정상,1997,POINT (205863.5194728934 517572.5021097222),영통동
SL_3236,37.257436,127.066503,정상,1997,POINT (205899.52710432163 517585.29032727453),영통동
SL_3237,37.257505,127.067024,정상,1997,POINT (205945.73995700007 517592.9807233943),영통동
SL_3238,37.257516,127.067464,정상,1997,POINT (205984.7717602244 517594.2292640831),영통동
SL_3239,37.257475,127.067917,정상,1997,POINT (206024.9609314132 517589.7077239878),영통동
SL_3240,37.25741,127.068365,정상,1997,POINT (206064.70851679132 517582.52247596934),영통동
SL_3241,37.257387,127.068591,정상,1997,POINT (206084.75899254673 517579.98438479763),영통동
SL_3242,37.257333,127.069019,정상,1997,POINT (206122.73156863532 517574.0189332275),영통동
SL_3243,37.257292,127.069557,정상,1997,POINT (206170.46133629497 517569.5035918978),영통동
SL_3244,37.25731,127.070073,정상,1997,POINT (206216.234667447 517571.53504373226),영통동
SL_3245,37.258383,127.071807,정상,1997,POINT (206369.9689317487 517690.73457234947),영통동
SL_3246,37.257384,127.070609,정상,1997,POINT (206263.77755675282 517579.783088347),영통동
SL_3247,37.257498,127.071105,정상,1997,POINT (206307.7685907414 517592.468035582),영통동
SL_3248,37.257289,127.07106,정상,1997,POINT (206303.7940281249 517569.26969574403),영통동
SL_3249,37.25721,127.070693,정상,1997,POINT (206271.2436853907 517560.4776972474),영통동
SL_3250,37.257134,127.070158,정상,1997,POINT (206223.78956955767 517552.00771150854),영통동
SL_3251,37.2571,127.069659,정상,1997,POINT (206179.52552898802 517548.2016087044),영통동
SL_3252,37.257096,127.069304,정상,1997,POINT (206148.03341443706 517547.7345586216),영통동
SL_3253,37.257123,127.068903,정상,1997,POINT (206112.45808093637 517550.7051119285),영통동
SL_3254,37.257155,127.068568,정상,1997,POINT (206082.73729941258 517554.2349682429),영통동
SL_3255,37.257191,127.06823,정상,1997,POINT (206052.75009006038 517558.2086678484),영통동
SL_3256,37.258701,127.072092,정상,1997,POINT (206395.22428187312 517726.0462337906),영통동
SL_3257,37.257223,127.067847,정상,1997,POINT (206018.7712348912 517561.7356818574),영통동
SL_3258,37.257259,127.067309,정상,1997,POINT (205971.04190103317 517565.6969729872),영통동
SL_3259,37.25891,127.072397,정상,1997,POINT (206422.2628503678 517749.262235088),영통동
SL_3260,37.259099,127.072766,정상,1997,POINT (206454.98033480498 517770.26303724566),영통동
SL_3261,37.25925,127.073093,정상,1997,POINT (206483.9751545043 517787.04375317297),영통동
SL_3262,37.259472,127.073539,정상,1997,POINT (206523.5200350957 517811.71252610814),영통동
SL_3263,37.25961,127.073821,정상,1997,POINT (206548.5238339752 517827.0475923935),영통동
SL_3264,37.256747,127.065781,정상,1997,POINT (205835.53112578514 517508.77863209025),영통동
SL_3265,37.253847,127.066973,정상,1997,POINT (205941.5029906213 517187.0036791986),영통동
SL_3266,37.253575,127.066713,정상,1997,POINT (205918.4583910308 517156.8001704458),영통동
SL_3267,37.253284,127.066434,정상,1997,POINT (205893.7295101204 517124.48687736643),영통동
SL_3268,37.252949,127.066135,정상,1997,POINT (205867.2295324825 517087.2891929789),영통동
SL_3269,37.252692,127.065893,정상,1997,POINT (205845.78012568015 517058.75174091314),영통동
SL_3270,37.252404,127.065574,정상,1997,POINT (205817.50178087404 517026.769155365),영통동
SL_3271,37.252244,127.065281,정상,1997,POINT (205791.5200634298 517008.99400384584),영통동
SL_3272,37.252089,127.064886,정상,1997,POINT (205756.4887239895 516991.7676371131),영통동
SL_3273,37.251873,127.064497,정상,1997,POINT (205721.99415695437 516967.7718541508),영통동
SL_3274,37.251652,127.064246,정상,1997,POINT (205699.74278138197 516943.22960303),영통동
SL_3275,37.256452,127.065927,정상,1997,POINT (205848.50581221996 517476.047813344),영통동
SL_3276,37.251371,127.063975,정상,1997,POINT (205675.72142146094 516912.02726979076),영통동
SL_3277,37.251096,127.063716,정상,1997,POINT (205652.76405232804 516881.49161775876),영통동
SL_3278,37.250819,127.063811,정상,1997,POINT (205661.21299958264 516850.7551787886),영통동
SL_3279,37.251125,127.064099,정상,1997,POINT (205686.74091851106 516884.73304787354),영통동
SL_3280,37.251373,127.064344,정상,1997,POINT (205708.45814343932 516912.2714244676),영통동
SL_3281,37.251609,127.064576,정상,1997,POINT (205729.02280663705 516938.47728303855),영통동
SL_3282,37.251839,127.064937,정상,1997,POINT (205761.03232438402 516964.0251425364),영통동
SL_3283,37.251967,127.06525,정상,1997,POINT (205788.7910353114 516978.2499847433),영통동
SL_3284,37.252124,127.065593,정상,1997,POINT (205819.20893088146 516995.69525248196),영통동
SL_3285,37.252386,127.065968,정상,1997,POINT (205852.45751442414 517024.79576084606),영통동
SL_3286,37.256132,127.066065,정상,1997,POINT (205860.7728386428 517440.5419590109),영통동
SL_3287,37.252694,127.066256,정상,1997,POINT (205877.98397437396 517058.9961866637),영통동
SL_3288,37.252989,127.066524,정상,1997,POINT (205901.73692217807 517091.7526735451),영통동
SL_3289,37.253279,127.066806,정상,1997,POINT (205926.73209411433 517123.9551939442),영통동
SL_3290,37.253565,127.067069,정상,1997,POINT (205950.04179922395 517155.71266629716),영통동
SL_3291,37.255886,127.066183,정상,1997,POINT (205871.2599733882 517413.2475858197),영통동
SL_3292,37.255512,127.066352,정상,1997,POINT (205886.28148836448 517371.75064271677),영통동
SL_3293,37.25521,127.066484,정상,1997,POINT (205898.01514260078 517338.242159061),영통동
SL_3294,37.254762,127.066692,정상,1997,POINT (205916.50254637856 517288.5350046032),영통동
SL_3295,37.25448,127.066816,정상,1997,POINT (205927.52515623794 517257.2457148611),영통동
SL_3296,37.254117,127.066987,정상,1997,POINT (205942.723791743 517216.9698139346),영통동
SL_3297,37.252348,127.061231,정상,1997,POINT (205432.2096028612 517020.29605253163),영통동
SL_3298,37.255103,127.063854,정상,1997,POINT (205664.70714447834 517326.2063867396),영통동
SL_3299,37.255443,127.06419,정상,1997,POINT (205694.48926760358 517363.96058314),영통동
SL_3300,37.255702,127.064441,정상,1997,POINT (205716.73666903624 517392.7201708307),영통동
SL_3301,37.25599,127.064715,정상,1997,POINT (205741.02210312666 517424.6997052999),영통동
SL_3302,37.256263,127.064986,정상,1997,POINT (205765.0423589298 517455.01439198456),영통동
SL_3303,37.256565,127.065287,정상,1997,POINT (205791.72157365098 517488.54947623814),영통동
SL_3304,37.256783,127.065592,정상,1997,POINT (205818.76188149254 517512.7623647053),영통동
SL_3305,37.257101,127.065578,정상,1997,POINT (205817.49546678428 517548.05393387174),영통동
SL_3306,37.25686,127.065195,정상,1997,POINT (205783.5375422963 517521.28368159686),영통동
SL_3307,37.256608,127.064907,정상,1997,POINT (205758.00784616798 517493.29853624594),영통동
SL_3308,37.252607,127.061477,정상,1997,POINT (205454.0152330444 517049.05464001495),영통동
SL_3309,37.256333,127.064642,정상,1997,POINT (205734.52009844355 517462.76226639596),영통동
SL_3310,37.256002,127.064329,정상,1997,POINT (205706.77821277734 517426.00815046293),영통동
SL_3311,37.255682,127.064013,정상,1997,POINT (205678.76911999338 517390.47475557955),영통동
SL_3312,37.255403,127.063753,정상,1997,POINT (205655.72466032451 517359.4950818212),영통동
SL_3313,37.255083,127.063446,고장,1997,POINT (205628.5135503381 517323.96239654534),영통동
SL_3314,37.254611,127.062986,정상,1997,POINT (205587.74021928676 517271.5514271138),영통동
SL_3315,37.254354,127.062755,정상,1997,POINT (205567.26619370907 517243.0153285109),영통동
SL_3316,37.254102,127.062507,정상,1997,POINT (205545.28351388563 517215.03319724137),영통동
SL_3317,37.253818,127.06223,정상,1997,POINT (205520.73029016863 517183.49799542857),영통동
SL_3318,37.253534,127.061962,정상,1997,POINT (205496.97531934376 517151.96338978875),영통동
SL_3319,37.252924,127.061781,정상,1997,POINT (205480.9620435791 517084.25362208573),영통동
SL_3320,37.253215,127.061655,정상,1997,POINT (205469.76279146833 517116.54221418255),영통동
SL_3321,37.252935,127.061395,정상,1997,POINT (205446.71687936323 517085.45214633725),영통동
SL_3322,37.252659,127.061125,정상,1997,POINT (205422.78334669565 517054.805500043),영통동
SL_3323,37.253282,127.062123,정상,1997,POINT (205511.27683499132 517124.00518365717),영통동
SL_3324,37.253482,127.062317,정상,1997,POINT (205528.47304180005 517146.2129804294),영통동
SL_3325,37.253775,127.062591,정상,1997,POINT (205552.75954031444 517178.7468687978),영통동
SL_3326,37.254113,127.06291,정상,1997,POINT (205581.0346901956 517216.2776910319),영통동
SL_3327,37.254437,127.063228,정상,1997,POINT (205609.22191082544 517252.2547975593),영통동
SL_3328,37.254763,127.063541,정상,1997,POINT (205636.96517149365 517288.4536680417),영통동
SL_3329,37.252062,127.061181,정상,1997,POINT (205427.79428603838 516988.5522200006),영통동
SL_3330,37.249992,127.064574,정상,1997,POINT (205728.9677975484 516759.0186734078),영통동
SL_3331,37.249782,127.064924,정상,1997,POINT (205760.03558328486 516735.73362019914),영통동
SL_3332,37.249586,127.065233,정상,1997,POINT (205787.46495377962 516713.9999278352),영통동
SL_3333,37.249243,127.065808,정상,1997,POINT (205838.50536438017 516675.96829505893),영통동
SL_3334,37.24909,127.066067,정상,1997,POINT (205861.49577556812 516659.0040036852),영통동
SL_3335,37.248765,127.066591,정상,1997,POINT (205908.0106851451 516622.96732090565),영통동
SL_3336,37.24863,127.066827,정상,1997,POINT (205928.95938749283 516607.9994619153),영통동
SL_3337,37.248393,127.067213,정상,1997,POINT (205963.22438022308 516581.72089705744),영통동
SL_3338,37.24817,127.067585,정상,1997,POINT (205996.24637593928 516556.9953383618),영통동
SL_3339,37.248377,127.067543,정상,1997,POINT (205992.50367814105 516579.96601939964),영통동
SL_3340,37.251859,127.061507,정상,1997,POINT (205456.73066831328 516966.0415392351),영통동
SL_3341,37.248497,127.067343,정상,1997,POINT (205974.74993873725 516593.2712561961),영통동
SL_3342,37.248614,127.067163,정상,1997,POINT (205958.77091269626 516606.24484252767),영통동
SL_3343,37.248851,127.066785,정상,1997,POINT (205925.21579993685 516632.52392712526),영통동
SL_3344,37.249097,127.066383,정상,1997,POINT (205889.53090497415 516659.80049411673),영통동
SL_3345,37.249331,127.066014,정상,1997,POINT (205856.77493695103 516685.74746677204),영통동
SL_3346,37.24955,127.06567,정상,1997,POINT (205826.23832455702 516710.0313712524),영통동
SL_3347,37.249825,127.065214,정상,1997,POINT (205785.761001563 516740.5235473931),영통동
SL_3348,37.250001,127.064927,정상,1997,POINT (205760.28507113704 516760.0389375888),영통동
SL_3349,37.250269,127.064499,정상,1997,POINT (205722.2928928364 516789.7562491766),영통동
SL_3350,37.250508,127.064087,정상,1997,POINT (205685.72266318984 516816.2562061155),영통동
SL_3351,37.25166,127.061831,정상,1997,POINT (205485.48948080975 516943.9747724002),영통동
SL_3352,37.25093,127.063406,정상,1997,POINT (205625.27377142984 516863.0500761789),영통동
SL_3353,37.251171,127.063006,정상,1997,POINT (205589.76863614615 516889.7731311751),영통동
SL_3354,37.251417,127.0626,정상,1997,POINT (205553.73105331638 516917.0508969451),영통동
SL_3355,37.251728,127.06209,정상,1997,POINT (205508.4623558007 516951.53661571007),영통동
SL_3356,37.251926,127.061767,정상,1997,POINT (205479.7922982244 516973.492379667),영통동
SL_3357,37.252129,127.061437,정상,1997,POINT (205450.50101192392 516996.00275091804),영통동
SL_3358,37.251414,127.062231,정상,1997,POINT (205520.99441954793 516916.6963630545),영통동
SL_3359,37.251133,127.062701,정상,1997,POINT (205562.71242557344 516885.5378331114),영통동
SL_3360,37.250887,127.063096,정상,1997,POINT (205597.7742704524 516858.25945642893),영통동
SL_3361,37.250504,127.063738,정상,1997,POINT (205654.76009240525 516815.79137042584),영통동
SL_3362,37.25026,127.064129,정상,1997,POINT (205689.46750076805 516788.73510456446),영통동
SL_3363,37.250005,127.064552,정상,1997,POINT (205727.01498619697 516760.4601127149),영통동
SL_3364,37.245842,127.061421,정상,1997,POINT (205449.53428022985 516298.2559097043),영통동
SL_3365,37.246211,127.065642,정상,1997,POINT (205824.0111314848 516339.45970350446),영통동
SL_3366,37.246281,127.066721,정상,1997,POINT (205919.73870455564 516347.2953908511),영통동
SL_3367,37.246296,127.06729,정상,1997,POINT (205970.2213530037 516348.99585813034),영통동
SL_3368,37.246312,127.067744,정상,1997,POINT (206010.50067128395 516350.80030339066),영통동
SL_3369,37.246323,127.068175,정상,1997,POINT (206048.7397265384 516352.0485605641),영통동
SL_3370,37.246338,127.068649,정상,1997,POINT (206090.79356881688 516353.743686748),영통동
SL_3371,37.246351,127.069187,정상,1997,POINT (206138.5258734556 516355.2212070606),영통동
SL_3372,37.246373,127.069702,정상,1997,POINT (206184.2167816253 516357.6963364794),영통동
SL_3373,37.246391,127.069981,정상,1997,POINT (206208.96921023913 516359.7122803687),영통동
SL_3374,37.245041,127.06825,정상,1997,POINT (206055.49658238172 516209.7740804056),영통동
SL_3375,37.245869,127.061962,정상,1997,POINT (205497.5321618874 516301.2837111427),영통동
SL_3376,37.245102,127.06765,정상,1997,POINT (206002.2566031005 516216.50578791456),영통동
SL_3377,37.245136,127.067208,정상,1997,POINT (205963.0374017293 516220.25125227065),영통동
SL_3378,37.245506,127.066805,정상,1997,POINT (205927.2521992147 516261.2893823659),영통동
SL_3379,37.245539,127.067552,정상,1997,POINT (205993.52692948983 516264.9988294038),영통동
SL_3380,37.245848,127.067191,정상,1997,POINT (205961.47299001244 516299.26955751725),영통동
SL_3381,37.245132,127.066864,정상,1997,POINT (205932.51627261547 516219.78571054037),영통동
SL_3382,37.245968,127.066628,정상,1997,POINT (205911.51184181805 516312.55212535063),영통동
SL_3383,37.245625,127.066332,정상,1997,POINT (205885.27616696522 516274.46676225145),영통동
SL_3384,37.245141,127.066461,정상,1997,POINT (205896.75934459534 516220.75937247137),영통동
SL_3385,37.245213,127.065914,정상,1997,POINT (205848.22114154403 516228.7161637172),영통동
SL_3386,37.245916,127.062444,정상,1997,POINT (205540.29381568223 516306.5279778511),영통동
SL_3387,37.245817,127.065554,정상,1997,POINT (205816.23371135365 516295.72727554623),영통동
SL_3388,37.246081,127.065805,정상,1997,POINT (205838.48315025924 516325.0420474618),영통동
SL_3389,37.246539,127.064135,정상,1997,POINT (205690.27960825906 516375.7702437892),영통동
SL_3390,37.246586,127.064648,정상,1997,POINT (205735.79119026155 516381.01737082726),영통동
SL_3391,37.24664,127.06516,정상,1997,POINT (205781.21345773904 516387.04155954334),영통동
SL_3392,37.246673,127.065586,정상,1997,POINT (205819.00707169375 516390.73007608624),영통동
SL_3393,37.246725,127.066178,정상,1997,POINT (205871.52724362785 516396.5377094281),영통동
SL_3394,37.246911,127.066617,정상,1997,POINT (205910.46222853853 516417.2077351464),영통동
SL_3395,37.247175,127.06684,정상,1997,POINT (205930.22677959027 516446.5210084616),영통동
SL_3396,37.247461,127.067111,정상,1997,POINT (205954.24813788763 516478.27895858785),영통동
SL_3397,37.245945,127.06283,정상,1997,POINT (205574.53922367812 516309.7691240243),영통동
SL_3398,37.247765,127.067376,정상,1997,POINT (205977.73556010867 516512.03428189456),영통동
SL_3399,37.248051,127.067627,정상,1997,POINT (205999.98211685647 516543.7911036707),영통동
SL_3400,37.248352,127.067921,정상,1997,POINT (206026.04232966583 516577.2154574435),영통동
SL_3401,37.248643,127.068191,정상,1997,POINT (206049.97383030286 516609.5285365842),영통동
SL_3402,37.248992,127.068516,정상,1997,POINT (206078.7801243874 516648.2821917202),영통동
SL_3403,37.249278,127.068801,정상,1997,POINT (206104.04242643452 516680.04148059606),영통동
SL_3404,37.2496,127.069102,정상,1997,POINT (206130.72113950975 516715.797247899),영통동
SL_3405,37.249892,127.069387,정상,1997,POINT (206155.98255353773 516748.2225909084),영통동
SL_3406,37.25025,127.069723,고장,1997,POINT (206185.76305650786 516787.9761790921),영통동
SL_3407,37.250534,127.069994,정상,1997,POINT (206209.7826339656 516819.5129143169),영통동
SL_3408,37.245992,127.063233,정상,1997,POINT (205610.29158150742 516315.0090981928),영통동
SL_3409,37.250824,127.070267,정상,1997,POINT (206233.97897344126 516851.71574593347),영통동
SL_3410,37.25118,127.070603,정상,1997,POINT (206263.7589049522 516891.2476531626),영통동
SL_3411,37.251398,127.070817,정상,1997,POINT (206282.72646437635 516915.45599497407),영통동
SL_3412,37.251583,127.070727,정상,1997,POINT (206274.72652222455 516935.9817661225),영통동
SL_3413,37.251071,127.071595,정상,1997,POINT (206351.77635058487 516879.21668023814),영통동
SL_3414,37.251108,127.071296,정상,1997,POINT (206325.24652538446 516883.303005929),영통동
SL_3415,37.250826,127.071031,정상,1997,POINT (206301.75970816516 516851.9883007774),영통동
SL_3416,37.250486,127.070707,정상,1997,POINT (206273.04311556247 516814.23277414317),영통동
SL_3417,37.250166,127.070396,정상,1997,POINT (206245.47796401332 516778.6978530578),영통동
SL_3418,37.249944,127.07019,정상,1997,POINT (206227.22007244464 516754.0461978061),영통동
SL_3419,37.246034,127.063712,정상,1997,POINT (205652.78729731095 516319.6988487132),영통동
SL_3420,37.249586,127.069855,정상,1997,POINT (206197.5283645672 516714.29253004363),영통동
SL_3421,37.249297,127.069567,정상,1997,POINT (206172.00060283652 516682.19981508574),영통동
SL_3422,37.249003,127.069296,정상,1997,POINT (206147.9813020011 516649.55337184155),영통동
SL_3423,37.248678,127.068992,정상,1997,POINT (206121.03653084868 516613.4644125079),영통동
SL_3424,37.248395,127.06871,정상,1997,POINT (206096.0400142678 516582.03821607557),영통동
SL_3425,37.248023,127.068363,정상,1997,POINT (206065.28353740918 516540.73050269054),영통동
SL_3426,37.247751,127.068095,정상,1997,POINT (206041.52782614357 516510.52617506386),영통동
SL_3427,37.247445,127.067807,정상,1997,POINT (206016.00019917332 516476.54724657733),영통동
SL_3428,37.247179,127.067531,정상,1997,POINT (205991.53387185407 516447.00844918925),영통동
SL_3429,37.246893,127.067234,정상,1997,POINT (205965.20576491542 516415.24875518854),영통동
SL_3430,37.246075,127.064191,정상,1997,POINT (205695.28304129955 516324.27783205046),영통동
SL_3431,37.246767,127.067367,정상,1997,POINT (205977.01588386006 516401.27337522246),영통동
SL_3432,37.246755,127.067897,정상,1997,POINT (206024.0401415347 516399.97518288216),영통동
SL_3433,37.246744,127.06835,정상,1997,POINT (206064.232644592 516398.7833006984),영통동
SL_3434,37.246732,127.068793,정상,1997,POINT (206103.53800756083 516397.4799837471),영통동
SL_3435,37.246736,127.069119,정상,1997,POINT (206132.46146419988 516397.94498166034),영통동
SL_3436,37.246454,127.070652,정상,2019,POINT (206268.4975640412 516366.7483854457),영통동
SL_3437,37.246535,127.07108,정상,2019,POINT (206306.46450675436 516375.76637789304),영통동
SL_3438,37.246607,127.071419,정상,2019,POINT (206336.53574001012 516383.77974050876),영통동
SL_3439,37.246712,127.071948,정상,2019,POINT (206383.46156287595 516395.46842190425),영통동
SL_3441,37.246131,127.064695,정상,1997,POINT (205739.9957010147 516330.5232802381),영통동
SL_3442,37.246176,127.065267,정상,1997,POINT (205790.7423609327 516335.5523189064),영통동
SL_3443,37.246454,127.063577,정상,1997,POINT (205640.7782432183 516366.30335427175),영통동
SL_3444,37.246176,127.059192,정상,1997,POINT (205251.74465311455 516335.19800433825),영통동
SL_3445,37.246418,127.063182,정상,1997,POINT (205605.73509685477 516362.2845284758),영통동
SL_3446,37.24638,127.062751,정상,1997,POINT (205567.49801254857 516358.04176653747),영통동
SL_3447,37.246346,127.062382,정상,1997,POINT (205534.7614672809 516354.246730993),영통동
SL_3448,37.246312,127.061942,정상,1997,POINT (205495.72550690427 516350.4476989029),영통동
SL_3449,37.246288,127.061396,정상,1997,POINT (205447.28407080285 516347.7525663651),영통동
SL_3450,37.246263,127.060914,정상,1997,POINT (205404.52099864095 516344.9503828476),영통동
SL_3451,37.246221,127.060325,정상,1997,POINT (205352.26565090506 516340.2556633677),영통동
SL_3452,37.246203,127.059775,정상,1997,POINT (205303.46879547354 516338.2270279563),영통동
SL_3453,37.245786,127.060947,정상,1997,POINT (205407.48296631363 516292.01372173964),영통동
SL_3454,37.245779,127.056935,정상,1997,POINT (205051.5213081357 516291.01521860156),영통동
SL_3455,37.245608,127.056484,정상,1997,POINT (205011.51794265813 516272.0132803958),영통동
SL_3456,37.245531,127.056653,정상,1997,POINT (205026.51750837732 516263.47660593316),영통동
SL_3457,37.245419,127.056433,정상,1997,POINT (205007.0054937598 516251.0349338914),영통동
SL_3458,37.245522,127.056202,정상,1997,POINT (204986.50328143768 516262.4539143146),영통동
SL_3459,37.245541,127.055605,정상,1997,POINT (204933.5334169692 516264.531298034),영통동
SL_3460,37.2455,127.055041,정상,1997,POINT (204883.49536335087 516259.95178179315),영통동
SL_3461,37.24546,127.05441,정상,1997,POINT (204827.51263429187 516255.4801272761),망포동
SL_3462,37.24542,127.053835,정상,1997,POINT (204776.49843417943 516251.01167001144),망포동
SL_3463,37.245384,127.053384,정상,1997,POINT (204736.4858090929 516246.99364856177),망포동
SL_3464,37.245759,127.060406,정상,1997,POINT (205359.48500012982 516288.9864350276),영통동
SL_3465,37.245791,127.050758,정상,1997,POINT (204503.4701952037 516292.0352749649),신동
SL_3466,37.245737,127.051006,정상,1997,POINT (204525.4770628158 516286.05405922234),망포동
SL_3467,37.245754,127.051339,정상,1997,POINT (204555.0212690336 516287.95672849164),망포동
SL_3468,37.245777,127.05184,정상,1997,POINT (204599.47079202766 516290.5335444915),망포동
SL_3469,37.24579,127.052263,정상,1997,POINT (204637.00040234573 516291.99694961583),망포동
SL_3470,37.245817,127.052686,정상,1997,POINT (204674.52913511154 516295.01427419356),망포동
SL_3471,37.245839,127.053137,정상,1997,POINT (204714.5424327032 516297.4782492234),영통동
SL_3472,37.245871,127.053604,정상,1997,POINT (204755.9746669755 516301.0530413039),영통동
SL_3473,37.245897,127.054044,정상,1997,POINT (204795.01169252454 516303.9607762626),영통동
SL_3474,37.245933,127.054613,정상,1997,POINT (204845.49347233673 516307.9851104462),영통동
SL_3475,37.245741,127.05986,정상,1997,POINT (205311.04274612255 516286.9579825599),영통동
SL_3476,37.245969,127.055075,정상,1997,POINT (204886.48172103617 516312.0042196356),영통동
SL_3477,37.246005,127.055656,정상,1997,POINT (204938.02809873904 516316.0297296039),영통동
SL_3478,37.246036,127.056191,정상,1997,POINT (204985.49345023689 516319.4982210946),영통동
SL_3479,37.246058,127.056557,정상,1997,POINT (205017.96499899533 516321.9591688628),영통동
SL_3480,37.246135,127.057228,정상,1997,POINT (205077.49366280466 516330.54058266256),영통동
SL_3481,37.24613,127.057515,정상,1997,POINT (205102.95777315286 516330.0011033558),영통동
SL_3482,37.246139,127.057949,정상,1997,POINT (205141.46335796046 516331.0234267854),영통동
SL_3483,37.246148,127.058333,정상,1997,POINT (205175.5327370103 516332.0431920099),영통동
SL_3484,37.246166,127.058592,정상,1997,POINT (205198.5109994018 516334.0550643401),영통동
SL_3485,37.24547,127.061043,정상,1997,POINT (205416.02311876873 516256.94881284283),영통동
SL_3486,37.245719,127.059307,정상,1997,POINT (205261.97967629234 516284.48549132433),영통동
SL_3487,37.245187,127.061082,정상,1997,POINT (205419.50364841125 516225.5430643809),영통동
SL_3488,37.244979,127.061071,정상,1997,POINT (205418.5425645203 516202.45812499285),영통동
SL_3489,37.244659,127.06111,정상,1997,POINT (205422.02577635815 516166.9460368772),영통동
SL_3490,37.244623,127.061341,정상,1997,POINT (205442.52399734478 516162.9639310108),영통동
SL_3491,37.244948,127.061313,정상,1997,POINT (205440.0163166503 516199.03155383444),영통동
SL_3492,37.245173,127.061307,정상,1997,POINT (205439.46779345424 516224.0022171183),영통동
SL_3493,37.245452,127.061291,정상,1997,POINT (205438.02814510156 516254.96534920397),영통동
SL_3494,37.245701,127.058721,정상,1997,POINT (205209.98839543786 516282.4553991353),영통동
SL_3495,37.24567,127.05818,정상,1997,POINT (205161.9905782263 516278.98531212384),영통동
SL_3496,37.245648,127.057566,정상,1997,POINT (205107.51522374278 516276.5103988438),영통동
SL_3497,37.245626,127.057205,정상,1997,POINT (205075.48714764343 516274.0493732572),영통동
SL_3498,37.245621,127.057036,정상,1997,POINT (205060.49303385295 516273.4854145472),영통동
SL_3499,37.244338,127.058993,정상,2005,POINT (205234.2157116024 516131.20158842317),망포동
SL_3500,37.244021,127.062194,정상,2005,POINT (205518.25093105456 516096.20199950197),영통동
SL_3501,37.244021,127.062521,정상,2005,POINT (205547.2644733159 516096.2211100758),영통동
SL_3502,37.243897,127.063152,정상,2005,POINT (205603.26003018144 516082.49647277273),망포동
SL_3503,37.243811,127.063501,정상,2005,POINT (205634.23200675976 516072.97271364985),망포동
SL_3504,37.243752,127.063887,정상,2005,POINT (205668.4849223448 516066.4478038704),망포동
SL_3505,37.244307,127.059255,정상,2005,POINT (205257.4640916563 516127.7756567886),망포동
SL_3506,37.244266,127.059605,정상,2005,POINT (205288.52108886497 516123.24487935205),망포동
SL_3507,37.244212,127.060016,정상,2005,POINT (205324.99133192038 516117.27487697103),망포동
SL_3508,37.244115,127.060439,정상,2005,POINT (205362.52938895748 516106.53347627155),망포동
SL_3509,37.24404,127.06072,정상,2005,POINT (205387.466822947 516098.2257623341),망포동
SL_3510,37.243982,127.060988,정상,2005,POINT (205411.2496465212 516091.8040773785),망포동
SL_3511,37.244035,127.061495,정상,2005,POINT (205456.23014812398 516097.7152358708),영통동
SL_3512,37.244013,127.061867,정상,2005,POINT (205489.23796905388 516095.2951312326),영통동
SL_3513,37.267076,127.082681,정상,1997,POINT (207333.75414282328 518656.29367044556),영통동
SL_3514,37.266934,127.085294,정상,1997,POINT (207565.53989657998 518640.73985489353),영통동
SL_3515,37.266797,127.085457,정상,1997,POINT (207580.01165908657 518625.5482725452),영통동
SL_3516,37.266495,127.085459,정상,1997,POINT (207580.2193297705 518592.031663499),영통동
SL_3517,37.26622,127.085524,고장,1997,POINT (207586.0124211445 518561.5166372352),영통동
SL_3518,37.266015,127.085611,정상,1997,POINT (207593.74994153067 518538.77216836804),영통동
SL_3519,37.265776,127.085718,정상,1997,POINT (207603.26493977805 518512.25590365764),영통동
SL_3520,37.265578,127.085794,정상,1997,POINT (207610.02613464033 518490.28744615836),영통동
SL_3521,37.265348,127.085853,정상,1997,POINT (207615.28266321216 518464.7661815183),영통동
SL_3522,37.265136,127.0859,정상,1997,POINT (207619.47298956238 518441.24164249725),영통동
SL_3523,37.264886,127.085962,정상,1997,POINT (207624.99769937477 518413.5009743825),영통동
SL_3524,37.267073,127.083016,정상,1997,POINT (207363.46873568383 518655.986739814),영통동
SL_3525,37.264609,127.085942,정상,1997,POINT (207623.25158088154 518382.75717045716),영통동
SL_3526,37.264598,127.08539,정상,1997,POINT (207574.28901267704 518381.49203401845),영통동
SL_3527,37.264594,127.085057,정상,1997,POINT (207544.75154145653 518381.0215006116),영통동
SL_3528,37.264594,127.084654,정상,1997,POINT (207509.00450748275 518380.98944459885),영통동
SL_3529,37.264592,127.084273,정상,1997,POINT (207475.20912226604 518380.7373132662),영통동
SL_3530,37.264595,127.083885,정상,1997,POINT (207440.79232717428 518381.03968074656),영통동
SL_3531,37.264597,127.083541,정상,1997,POINT (207410.27853461594 518381.23465149634),영통동
SL_3532,37.2646,127.083098,정상,1997,POINT (207370.98311753117 518381.53299951577),영통동
SL_3533,37.264598,127.082608,정상,1997,POINT (207327.51917974846 518381.2729777433),영통동
SL_3534,37.264742,127.082622,정상,1997,POINT (207328.74705795708 518397.25556216517),영통동
SL_3535,37.267073,127.083357,정상,1997,POINT (207393.71523413097 518656.0133312715),영통동
SL_3536,37.264742,127.083039,정상,1997,POINT (207365.73585147734 518397.2879402678),영통동
SL_3537,37.264739,127.08353,정상,1997,POINT (207409.28889760282 518396.99332515616),영통동
SL_3538,37.264741,127.084,정상,1997,POINT (207450.9787095683 518397.25219546707),영통동
SL_3539,37.264734,127.084406,정상,1997,POINT (207486.99247330875 518396.5073633227),영통동
SL_3540,37.264736,127.084834,정상,1997,POINT (207524.95679588674 518396.7632787691),영통동
SL_3541,37.264735,127.085384,정상,1997,POINT (207573.7430791701 518396.6961757814),영통동
SL_3542,37.267043,127.083715,정상,1997,POINT (207425.47256834092 518652.7118851117),영통동
SL_3543,37.267003,127.08389,정상,1997,POINT (207440.9989069835 518648.2863253801),영통동
SL_3544,37.266969,127.084169,정상,1997,POINT (207465.74942172802 518644.5348911978),영통동
SL_3545,37.266948,127.084513,정상,1997,POINT (207496.26414227154 518642.23145248403),영통동
SL_3546,37.266946,127.084733,정상,1997,POINT (207515.7782434562 518642.02693912433),영통동
SL_3547,37.266955,127.084992,정상,1997,POINT (207538.7505320187 518643.0463872172),영통동
SL_3548,37.261412,127.076934,정상,1997,POINT (206824.5097438388 518027.25811221835),영통동
SL_3549,37.26491,127.077769,정상,1997,POINT (206898.2602431551 518415.53582003876),영통동
SL_3550,37.265277,127.077724,정상,1997,POINT (206894.23519998914 518456.2631710797),영통동
SL_3551,37.265604,127.077688,정상,1997,POINT (206891.0121497738 518492.55187573214),영통동
SL_3552,37.265998,127.077643,정상,1997,POINT (206886.98471876144 518536.27576679486),영통동
SL_3553,37.26641,127.077604,정상,1997,POINT (206883.48789184357 518581.9977871581),영통동
SL_3554,37.266716,127.077573,정상,1997,POINT (206880.71034443026 518615.9562301627),영통동
SL_3555,37.266699,127.077323,정상,1997,POINT (206858.53693013528 518614.0513744021),영통동
SL_3556,37.266381,127.077353,정상,1997,POINT (206861.22677695198 518578.76105974644),영통동
SL_3557,37.265957,127.077404,정상,1997,POINT (206865.78898171766 518531.70810921834),영통동
SL_3558,37.265586,127.077445,정상,1997,POINT (206869.45941052344 518490.53651907516),영통동
SL_3559,37.261772,127.077199,정상,1997,POINT (206847.9842524139 518067.2309840679),영통동
SL_3560,37.265275,127.077471,정상,1997,POINT (206871.7938991306 518456.02280249365),영통동
SL_3561,37.264867,127.077521,정상,1997,POINT (206876.26607099918 518410.7455159142),영통동
SL_3562,37.26454,127.077557,정상,1997,POINT (206879.48908777116 518374.45681017556),영통동
SL_3563,37.26413,127.077596,정상,1997,POINT (206882.985793878 518328.95676778245),영통동
SL_3564,37.263549,127.077598,정상,1997,POINT (206883.21607619722 518264.4760103894),영통동
SL_3565,37.263162,127.077494,정상,1997,POINT (206874.02608129074 518221.51817972295),영통동
SL_3566,37.26284,127.077398,정상,1997,POINT (206865.53972700203 518185.77481155004),영통동
SL_3567,37.262574,127.077245,정상,1997,POINT (206851.99205616096 518156.24235064315),영통동
SL_3568,37.262259,127.076974,정상,1997,POINT (206827.9815238805 518121.2632454174),영통동
SL_3569,37.264576,127.077977,정상,1997,POINT (206916.74079357865 518378.48280246387),영통동
SL_3570,37.262121,127.077411,정상,1997,POINT (206866.758160009 518105.9792686687),영통동
SL_3571,37.26458,127.078346,정상,1997,POINT (206949.47158752749 518378.9537690766),영통동
SL_3572,37.264578,127.078854,정상,1997,POINT (206994.53255626434 518378.76923300716),영통동
SL_3573,37.264584,127.079327,정상,1997,POINT (207036.48820148327 518379.4701967292),영통동
SL_3574,37.264575,127.079764,정상,1997,POINT (207075.25195995343 518378.50393827556),영통동
SL_3575,37.264579,127.080221,정상,1997,POINT (207115.78855157594 518378.9821369047),영통동
SL_3576,37.264577,127.080604,정상,1997,POINT (207149.76173398853 518378.7890416236),영통동
SL_3577,37.264581,127.08119,정상,1997,POINT (207201.7409214638 518379.2774101587),영통동
SL_3578,37.26458,127.081621,정상,1997,POINT (207239.97172173104 518379.1993168779),영통동
SL_3579,37.264756,127.081492,정상,1997,POINT (207228.51229908958 518398.7223992582),영통동
SL_3580,37.264761,127.080965,정상,1997,POINT (207181.76580422273 518399.2371847733),영통동
SL_3581,37.262414,127.077513,정상,1997,POINT (206875.77945614504 518138.50457431027),영통동
SL_3582,37.264757,127.080373,정상,1997,POINT (207129.2545267423 518398.7484876768),영통동
SL_3583,37.264757,127.079959,정상,1997,POINT (207092.53184758706 518398.7173765563),영통동
SL_3584,37.264753,127.079471,정상,1997,POINT (207049.2455842508 518398.2369802632),영통동
SL_3585,37.26476,127.078969,정상,1997,POINT (207004.71646780628 518398.9765797927),영통동
SL_3586,37.264756,127.078513,정상,1997,POINT (206964.26866978183 518398.49899103993),영통동
SL_3587,37.264756,127.078073,정상,1997,POINT (206925.2397353732 518398.4666986122),영통동
SL_3588,37.262765,127.077645,정상,1997,POINT (206887.4565361782 518177.46906525304),영통동
SL_3589,37.263081,127.077728,정상,1997,POINT (206894.7901996094 518212.5456123347),영통동
SL_3590,37.263506,127.077844,정상,1997,POINT (206905.04107257302 518259.7216802146),영통동
SL_3591,37.264081,127.077855,정상,1997,POINT (206905.96430825052 518323.5374896942),영통동
SL_3592,37.264518,127.077811,정상,1997,POINT (206902.02149918032 518372.0336887177),영통동
SL_3593,37.248955,127.076575,정상,1997,POINT (206793.7828110704 516644.72380660404),영통동
SL_3594,37.250348,127.079636,정상,1997,POINT (207065.22666516586 516799.5463086372),영통동
SL_3595,37.250129,127.07943,정상,1997,POINT (207046.97094226597 516775.22581425856),영통동
SL_3596,37.249868,127.079168,정상,1997,POINT (207023.7507181078 516746.2399447484),영통동
SL_3597,37.249553,127.078742,정상,1997,POINT (206985.98525710308 516711.2489777206),영통동
SL_3598,37.249402,127.078249,정상,1997,POINT (206942.26017408498 516694.4543721908),영통동
SL_3599,37.249394,127.077606,정상,1997,POINT (206885.21385945135 516693.51954973256),영통동
SL_3600,37.249559,127.077102,정상,1997,POINT (206840.4839945344 516711.7950972207),영통동
SL_3601,37.24934,127.076967,정상,1997,POINT (206828.52656458665 516687.4802153),영통동
SL_3602,37.249221,127.076366,정상,1997,POINT (206775.21637878823 516674.2301303314),영통동
SL_3603,37.249689,127.076815,정상,1997,POINT (206815.00966265632 516726.20210179494),영통동
SL_3604,37.248955,127.077104,정상,1997,POINT (206840.71603589307 516644.7619042805),영통동
SL_3605,37.249939,127.077052,정상,1997,POINT (206836.01366820262 516753.96478044224),영통동
SL_3606,37.249901,127.07726,정상,1997,POINT (206854.47076604815 516749.76249243674),영통동
SL_3607,37.250018,127.077384,정상,1997,POINT (206865.46137402114 516762.7564150072),영통동
SL_3608,37.249714,127.077818,정상,1997,POINT (206903.99333261728 516729.04934396717),영통동
SL_3609,37.249864,127.077818,정상,1997,POINT (206903.97964691266 516745.6966975643),영통동
SL_3610,37.249716,127.07819,정상,1997,POINT (206936.99690096 516729.2985057008),영통동
SL_3611,37.249866,127.078182,정상,1997,POINT (206936.2733931551 516745.945273093),영통동
SL_3612,37.249893,127.078672,정상,1997,POINT (206979.7434991619 516748.97781515686),영통동
SL_3613,37.250033,127.078588,정상,1997,POINT (206972.2781569345 516764.5091551562),영통동
SL_3614,37.250085,127.078906,정상,1997,POINT (207000.4861119037 516770.30370862986),영통동
SL_3615,37.248955,127.07742,정상,1997,POINT (206868.75176194913 516644.78478719504),영통동
SL_3616,37.250226,127.078827,정상,1997,POINT (206993.4642535045 516785.9463824881),영통동
SL_3617,37.250359,127.07918,정상,1997,POINT (207024.7697708143 516800.7331761428),영통동
SL_3618,37.250548,127.079124,정상,1997,POINT (207019.783972762 516821.7046897544),영통동
SL_3619,37.250708,127.079414,정상,1997,POINT (207045.4975227849 516839.4834156173),영통동
SL_3620,37.250888,127.079271,정상,1997,POINT (207032.79403339804 516859.4496092624),영통동
SL_3621,37.251023,127.079454,정상,1997,POINT (207049.01692178164 516874.4458429595),영통동
SL_3622,37.251107,127.079259,정상,1997,POINT (207031.7090610561 516883.7538591949),영통동
SL_3623,37.251269,127.079189,정상,1997,POINT (207025.4837505001 516901.72780766303),영통동
SL_3624,37.25147,127.079249,정상,1997,POINT (207030.7881501459 516924.0397226664),영통동
SL_3625,37.251546,127.078913,정상,1997,POINT (207000.97196954 516932.44947968906),영통동
SL_3626,37.248979,127.07864,정상,1997,POINT (206976.98874521046 516647.5375870148),영통동
SL_3627,37.251718,127.07895,정상,1997,POINT (207004.2385993987 516951.5411885334),영통동
SL_3628,37.252103,127.07912,정상,1997,POINT (207019.28484359203 516994.282005066),영통동
SL_3629,37.252438,127.079436,정상,1997,POINT (207047.28820163084 517031.484591489),영통동
SL_3630,37.252699,127.079664,정상,1997,POINT (207067.49119991905 517060.4680006881),영통동
SL_3631,37.252978,127.079932,정상,1997,POINT (207091.24100982648 517091.45213954983),영통동
SL_3632,37.249075,127.07908,정상,1997,POINT (207016.01691940447 516658.22441332694),영통동
SL_3633,37.249366,127.079407,정상,1997,POINT (207045.00143494282 516690.5445633234),영통동
SL_3634,37.249913,127.079405,정상,1997,POINT (207044.77306977607 516751.2517630083),영통동
SL_3635,37.249667,127.079805,정상,1997,POINT (207080.28389951642 516723.9799471458),영통동
SL_3636,37.249863,127.079794,정상,1997,POINT (207079.28964477935 516745.73166664364),영통동
SL_3637,37.246705,127.069133,정상,1997,POINT (206133.70610222267 516394.50543757254),영통동
SL_3638,37.247446,127.07364,정상,1997,POINT (206533.51798227197 516477.0448695959),영통동
SL_3639,37.24754,127.074096,정상,1997,POINT (206573.96723977002 516487.5087767781),영통동
SL_3640,37.2479,127.074159,정상,1997,POINT (206579.52544546826 516527.4667874582),영통동
SL_3641,37.247954,127.074705,정상,1997,POINT (206627.96286643657 516533.4979223224),영통동
SL_3642,37.248648,127.074655,정상,1997,POINT (206623.466031808 516610.51615768723),영통동
SL_3643,37.248666,127.075101,정상,1997,POINT (206663.03401767026 516612.5451398274),영통동
SL_3644,37.248134,127.07523,정상,1997,POINT (206674.52594821624 516553.51162851905),영통동
SL_3645,37.247648,127.074694,정상,1997,POINT (206627.0137231739 516499.5365629507),영통동
SL_3646,37.247715,127.075043,정상,1997,POINT (206657.9718704023 516506.99686745973),영통동
SL_3647,37.247755,127.075483,정상,1997,POINT (206697.0060566516 516511.46719767764),영통동
SL_3648,37.246693,127.069618,정상,1997,POINT (206176.73787523466 516393.20518532017),영통동
SL_3649,37.247971,127.075849,정상,1997,POINT (206729.45912200154 516535.465334585),영통동
SL_3650,37.247764,127.07603,정상,1997,POINT (206745.5362202142 516512.5048768607),영통동
SL_3651,37.247773,127.076621,정상,1997,POINT (206797.97014204884 516513.5459953351),영통동
SL_3652,37.247777,127.076959,정상,1997,POINT (206827.9578298523 516514.0142508322),영통동
SL_3653,37.247777,127.077472,정상,1997,POINT (206873.47223286342 516514.051376577),영통동
SL_3654,37.247763,127.078002,정상,1997,POINT (206920.49619088433 516512.5362391859),영통동
SL_3655,37.247767,127.078515,정상,1997,POINT (206966.01023441323 516513.0177956879),영통동
SL_3656,37.247859,127.07945,정상,1997,POINT (207048.95677777482 516523.2973835442),영통동
SL_3657,37.247568,127.079304,정상,1997,POINT (207036.03043075936 516490.99066681805),영통동
SL_3658,37.247528,127.078965,정상,1997,POINT (207005.95728120254 516486.5262311238),영통동
SL_3659,37.246731,127.070125,정상,1997,POINT (206221.71746430165 516397.4557139262),영통동
SL_3660,37.247519,127.078582,정상,1997,POINT (206971.97745951745 516485.499113424),영통동
SL_3661,37.24751,127.078007,정상,1997,POINT (206920.96293926743 516484.4580785306),영통동
SL_3662,37.247497,127.077472,정상,1997,POINT (206873.49766465902 516482.9763279193),영통동
SL_3663,37.247489,127.07701,정상,1997,POINT (206832.50865595788 516482.05502357695),영통동
SL_3664,37.247457,127.076497,정상,1997,POINT (206786.99694976868 516478.4666860586),영통동
SL_3666,37.247404,127.075353,정상,1997,POINT (206685.5031976559 516472.50321636914),영통동
SL_3667,37.247346,127.07493,정상,1997,POINT (206647.97868826738 516466.0364522929),영통동
SL_3668,37.247238,127.074355,정상,1997,POINT (206596.97264413498 516454.01013715577),영통동
SL_3669,37.247148,127.073904,정상,1997,POINT (206556.9665208989 516443.9903954289),영통동
SL_3670,37.246792,127.070644,정상,1997,POINT (206267.75978197742 516404.2598707603),영통동
SL_3671,37.24704,127.07338,정상,1997,POINT (206510.48508130398 516431.9681400537),영통동
SL_3673,37.246895,127.071171,정상,1997,POINT (206314.5083060143 516415.72607028147),영통동
SL_3674,37.24701,127.071712,정상,1997,POINT (206362.49781522492 516428.5252588429),영통동
SL_3675,37.247136,127.072264,정상,1997,POINT (206411.46219749542 516442.5462723479),영통동
SL_3676,37.247252,127.072721,정상,1997,POINT (206451.99861910503 516455.4512696074),영통동
SL_3677,37.247333,127.073183,정상,1997,POINT (206492.9815320096 516464.4724250812),영통동
SL_3678,37.257771,127.066193,정상,2010,POINT (205872.00078325154 517622.4501846379),영통동
SL_3679,37.259332,127.067432,정상,2010,POINT (205981.789417477 517795.7714839791),영통동
SL_3680,37.258994,127.067121,정상,2010,POINT (205954.22768560718 517758.23977789516),영통동
SL_3681,37.258638,127.066763,정상,2010,POINT (205922.4977805381 517718.70753715857),영통동
SL_3682,37.258314,127.066456,정상,2010,POINT (205895.289277772 517682.73003507365),영통동
SL_3683,37.25783,127.066013,정상,2010,POINT (205856.028360348 517628.98699920834),영통동
SL_3684,37.258087,127.066492,정상,2010,POINT (205898.50052606742 517657.5392489023),영통동
SL_3685,37.258379,127.066757,정상,2010,POINT (205921.9858006694 517689.96269061393),영통동
SL_3686,37.258717,127.067051,정상,2010,POINT (205948.0398450348 517727.49321790587),영통동
SL_3687,37.259122,127.067417,정상,2010,POINT (205980.475393009 517772.4642051492),영통동
SL_3688,37.259501,127.067756,정상,2010,POINT (206010.51753624904 517814.5480602095),영통동
SL_3689,37.259807,127.068038,정상,2010,POINT (206035.5088559079 517848.52666370576),영통동
SL_3690,37.259532,127.068336,정상,2010,POINT (206061.96585504315 517818.02551293245),영통동
SL_3691,37.259845,127.067869,정상,2010,POINT (206020.5141925515 517852.7332354798),원천동
SL_3692,37.246301,127.05738,정상,1997,POINT (205090.96853617486 516348.9718042145),영통동
SL_3693,37.246624,127.060322,정상,1997,POINT (205351.97097950394 516384.9813538177),영통동
SL_3694,37.246606,127.059815,정상,1997,POINT (205306.9894899573 516382.9551294395),영통동
SL_3695,37.246571,127.059376,정상,1997,POINT (205268.04235494402 516379.04622911743),영통동
SL_3696,37.246557,127.058801,정상,1997,POINT (205217.02734318047 516377.46063377114),영통동
SL_3697,37.246553,127.058355,정상,1997,POINT (205177.4569562489 516376.99221865705),영통동
SL_3698,37.246535,127.057888,정상,1997,POINT (205136.02432260907 516374.9690984488),영통동
SL_3699,37.24649,127.057369,정상,1997,POINT (205089.97986326765 516369.94686380564),영통동
SL_3700,37.246887,127.057358,정상,1997,POINT (205088.9772082386 516414.00624013034),영통동
SL_3701,37.246905,127.057989,정상,1997,POINT (205144.96023976553 516416.0380292678),영통동
SL_3702,37.24694,127.058468,정상,1997,POINT (205187.4561797199 516419.9485503698),영통동
SL_3703,37.246337,127.05791,정상,1997,POINT (205137.9896816861 516352.99580044433),영통동
SL_3704,37.246958,127.059043,정상,1997,POINT (205238.47066178982 516421.9778956458),영통동
SL_3705,37.24698,127.059573,정상,1997,POINT (205285.49230700804 516424.4489665044),영통동
SL_3706,37.247012,127.060182,정상,1997,POINT (205339.52233117062 516428.03457665164),영통동
SL_3707,37.247038,127.060683,정상,1997,POINT (205383.97066516496 516430.9484927722),영통동
SL_3708,37.246673,127.061224,정상,1997,POINT (205431.99594815206 516390.47086253826),영통동
SL_3709,37.246908,127.061227,정상,1997,POINT (205432.2452496128 516416.5518729405),영통동
SL_3710,37.247079,127.061222,정상,1997,POINT (205431.7893608142 516435.52955834987),영통동
SL_3711,37.24743,127.061202,정상,1997,POINT (205429.98971888682 516474.48319794866),영통동
SL_3712,37.247696,127.061205,고장,1997,POINT (205430.2367989964 516504.00466315023),영통동
SL_3713,37.248074,127.061287,정상,1997,POINT (205437.48485240404 516545.9606837299),영통동
SL_3714,37.246359,127.058384,정상,1997,POINT (205180.04321532178 516355.4632423012),영통동
SL_3715,37.248342,127.061468,정상,1997,POINT (205453.5241623127 516575.7143569344),영통동
SL_3716,37.248617,127.061736,정상,1997,POINT (205477.2815829398 516606.2499689897),영통동
SL_3717,37.248916,127.062026,정상,1997,POINT (205502.98894115162 516639.4505045313),영통동
SL_3718,37.249216,127.062303,정상,1997,POINT (205527.54265846653 516672.76134380436),영통동
SL_3719,37.24956,127.062649,정상,1997,POINT (205558.21462798212 516710.9595292112),영통동
SL_3720,37.249869,127.06294,정상,1997,POINT (205584.0093267914 516745.27020099654),영통동
SL_3721,37.250182,127.063239,정상,1997,POINT (205610.51327172847 516780.0253576164),영통동
SL_3722,37.250519,127.063558,정상,1997,POINT (205638.7895853941 516817.4453678868),영통동
SL_3723,37.250653,127.063276,정상,1997,POINT (205613.7609392218 516832.30024275737),영통동
SL_3724,37.250387,127.063011,정상,1997,POINT (205590.2701476499 516802.7632512053),영통동
SL_3725,37.246382,127.058812,정상,1997,POINT (205218.01536726128 516358.0393404985),영통동
SL_3726,37.250058,127.062709,정상,1997,POINT (205563.50120943095 516766.23226330837),영통동
SL_3727,37.249736,127.06241,정상,1997,POINT (205536.99768508345 516730.47841494385),영통동
SL_3728,37.249425,127.062117,정상,1997,POINT (205511.02545436216 516695.9458074763),영통동
SL_3729,37.24918,127.061891,정상,1997,POINT (205490.9924913426 516668.7420009262),영통동
SL_3730,37.248847,127.061578,정상,1997,POINT (205463.24705356243 516631.7667736955),영통동
SL_3731,37.248518,127.061279,정상,1997,POINT (205436.7431801173 516595.2363737596),영통동
SL_3732,37.248273,127.061099,정상,1997,POINT (205420.79092217472 516568.0353823175),영통동
SL_3733,37.247894,127.060955,정상,1997,POINT (205408.04211920768 516525.9648486452),영통동
SL_3734,37.247656,127.06094,정상,1997,POINT (205406.72829503813 516499.5502023123),영통동
SL_3735,37.247401,127.060934,정상,1997,POINT (205406.21417886976 516471.2493720769),영통동
SL_3736,37.246399,127.059364,정상,1997,POINT (205266.98964423643 516359.95660860045),영통동
SL_3737,37.246901,127.060954,정상,1997,POINT (205408.02435887442 516415.75936592824),영통동
SL_3738,37.246426,127.059826,정상,1997,POINT (205307.97807215215 516362.9789349503),영통동
SL_3739,37.246435,127.060305,고장,1997,POINT (205350.4760443066 516364.0047409724),영통동
SL_3740,37.246475,127.060773,정상,1997,POINT (205391.9958383008 516368.4705862463),영통동
SL_3741,37.246637,127.060768,정상,1997,POINT (205391.54067928583 516386.4494317633),영통동
SL_3742,37.246592,127.0572,정상,1997,POINT (205074.97874627254 516381.2579833003),영통동
SL_3743,37.249362,127.05836,정상,1997,POINT (205177.70837755813 516688.7418031902),영통동
SL_3744,37.249682,127.058659,정상,1997,POINT (205204.2136992244 516724.2725488416),영통동
SL_3745,37.249801,127.058781,정상,1997,POINT (205215.02931243405 516737.48616224225),영통동
SL_3746,37.249927,127.058913,정상,1997,POINT (205226.73160319 516751.47721843363),영통동
SL_3747,37.250215,127.059198,정상,1997,POINT (205251.99667233793 516783.4559104422),영통동
SL_3748,37.250555,127.059522,정상,1997,POINT (205280.7179542452 516821.20793796075),영통동
SL_3749,37.250855,127.059802,정상,1997,POINT (205305.53817413887 516854.5183043628),영통동
SL_3750,37.251154,127.060095,정상,1997,POINT (205331.51160223488 516887.7184958098),영통동
SL_3751,37.251438,127.060368,정상,1997,POINT (205355.71153221102 516919.25290201535),영통동
SL_3752,37.251746,127.06065,정상,1997,POINT (205380.70803017376 516953.4514684443),영통동
SL_3753,37.246964,127.057215,정상,1997,POINT (205076.2846447186 516422.5441987044),영통동
SL_3754,37.25205,127.060955,정상,1997,POINT (205407.7451014567 516987.2074955236),영통동
SL_3755,37.252055,127.060549,정상,1997,POINT (205371.72563840958 516987.7392890649),영통동
SL_3756,37.251742,127.06025,정상,1997,POINT (205345.22136424156 516952.9848754514),영통동
SL_3757,37.251546,127.060073,정상,1997,POINT (205329.53219414147 516931.2223480561),영통동
SL_3758,37.251618,127.059952,정상,1997,POINT (205318.79230270992 516939.2062733323),신동
SL_3759,37.251456,127.059977,정상,1997,POINT (205321.02163307936 516921.2285330334),영통동
SL_3760,37.251227,127.059765,정상,1997,POINT (205302.22952533327 516895.8016725756),영통동
SL_3761,37.250878,127.059421,정상,1997,POINT (205271.73485538564 516857.04961144994),영통동
SL_3762,37.250538,127.059091,정상,1997,POINT (205242.4813433861 516819.2972801796),영통동
SL_3763,37.250252,127.058832,정상,1997,POINT (205219.5229054811 516787.5420130384),영통동
SL_3764,37.24732,127.057201,정상,1997,POINT (205075.01864918618 516462.05314503703),영통동
SL_3765,37.249889,127.058485,정상,1997,POINT (205188.76226150076 516747.23634216713),영통동
SL_3766,37.249723,127.058321,정상,1997,POINT (205174.2236065461 516728.8042956075),영통동
SL_3767,37.249374,127.057989,정상,1997,POINT (205144.79238030748 516690.0533626082),영통동
SL_3768,37.249094,127.057726,정상,1997,POINT (205121.47793097966 516658.96404712705),영통동
SL_3769,37.248889,127.057537,정상,1997,POINT (205104.72358929843 516636.20246058493),영통동
SL_3770,37.248529,127.05719,정상,1997,POINT (205073.9616379119 516596.23016764165),영통동
SL_3771,37.248248,127.056993,정상,1997,POINT (205056.50234928203 516565.033594935),영통동
SL_3772,37.247883,127.056886,정상,1997,POINT (205047.03349502402 516524.5193408197),영통동
SL_3773,37.247414,127.056908,정상,1997,POINT (205049.01666786362 516472.4698133119),영통동
SL_3774,37.247135,127.056916,정상,1997,POINT (205049.74506442403 516441.50617911073),신동
SL_3775,37.247648,127.05719,정상,1997,POINT (205074.02070894878 516498.4547501972),영통동
SL_3776,37.250002,127.058409,정상,1997,POINT (205182.01183739988 516759.7731842095),신동
SL_3777,37.250166,127.05815,정상,1997,POINT (205159.02232758128 516777.9601422649),신동
SL_3778,37.247993,127.057204,정상,1997,POINT (205075.23968162682 516536.7443968322),영통동
SL_3779,37.248324,127.057385,정상,1997,POINT (205091.2760527683 516573.4892623258),영통동
SL_3780,37.248594,127.057624,정상,1997,POINT (205112.46222206994 516603.46736984747),영통동
SL_3781,37.248837,127.05787,정상,1997,POINT (205134.27111711854 516630.44938915904),영통동
SL_3782,37.249101,127.058109,정상,1997,POINT (205155.45739775186 516659.7617140669),영통동
SL_3783,37.251008,127.072488,정상,1997,POINT (206431.00702933062 516872.2850882693),영통동
SL_3784,37.252564,127.073281,정상,1997,POINT (206501.2269002131 517045.0278618013),영통동
SL_3785,37.252471,127.073529,정상,1997,POINT (206523.23658996896 517034.7235609026),영통동
SL_3786,37.252762,127.073811,정상,1997,POINT (206548.2294659831 517067.0389136335),영통동
SL_3787,37.25309,127.074122,정상,1997,POINT (206575.7916932292 517103.4627063663),영통동
SL_3788,37.252849,127.074226,정상,1997,POINT (206585.03911159615 517076.7231748307),영통동
SL_3789,37.252473,127.073867,정상,1997,POINT (206553.22260310047 517034.9688734891),영통동
SL_3790,37.252228,127.07383,정상,1997,POINT (206549.96130067483 517007.77562379476),영통동
SL_3791,37.251946,127.074304,정상,1997,POINT (206592.03763852478 516976.5114935555),영통동
SL_3792,37.251919,127.074585,정상,1997,POINT (206616.96951708777 516973.5345758237),영통동
SL_3793,37.252313,127.074961,정상,1997,POINT (206650.29254520772 517017.28799242806),영통동
SL_3794,37.251188,127.072663,정상,1997,POINT (206446.51738637217 516892.2738204319),영통동
SL_3795,37.251925,127.074963,정상,1997,POINT (206650.50408205012 516974.22696210287),영통동
SL_3796,37.251756,127.074805,정상,1997,POINT (206636.50159234594 516955.45984793134),영통동
SL_3797,37.25159,127.07481,정상,1997,POINT (206636.95973988585 516937.0371216702),영통동
SL_3798,37.251342,127.075227,정상,1997,POINT (206673.9768374751 516909.54281036096),영통동
SL_3799,37.251127,127.075579,정상,1997,POINT (206705.22457391958 516885.70647513296),영통동
SL_3800,37.250915,127.075937,정상,1997,POINT (206737.00453083977 516862.20363095944),영통동
SL_3801,37.250665,127.076354,고장,1997,POINT (206774.022465126 516834.4877981461),영통동
SL_3802,37.250467,127.076678,정상,1997,POINT (206802.78510747888 516812.5365247437),영통동
SL_3803,37.250268,127.07699,정상,1997,POINT (206830.48336117255 516790.4735020233),영통동
SL_3804,37.249134,127.07593,정상,1997,POINT (206736.54205574657 516664.5435488799),영통동
SL_3805,37.251361,127.072838,정상,1997,POINT (206462.02826731518 516911.48570526316),영통동
SL_3806,37.249528,127.076305,정상,1997,POINT (206769.77697285145 516708.2973469949),영통동
SL_3807,37.249897,127.076666,정상,1997,POINT (206801.77171719293 516749.27571498527),영통동
SL_3808,37.250171,127.076804,정상,1997,POINT (206813.99034111414 516779.69480705244),영통동
SL_3809,37.250404,127.076415,정상,1997,POINT (206779.45768677042 516805.5257666665),영통동
SL_3810,37.250627,127.076047,정상,1997,POINT (206746.7892288349 516830.24854188703),영통동
SL_3811,37.250877,127.07563,정상,1997,POINT (206709.77136604808 516857.9644944689),영통동
SL_3812,37.251141,127.075193,정상,1997,POINT (206670.97815132214 516887.23295467417),영통동
SL_3813,37.251337,127.074867,정상,1997,POINT (206642.03884960065 516908.96257607674),영통동
SL_3814,37.251732,127.074154,정상,1997,POINT (206578.74867349706 516952.750825352),영통동
SL_3815,37.252005,127.073689,정상,1997,POINT (206537.47149765366 516983.0168011427),영통동
SL_3816,37.251546,127.073013,정상,1997,POINT (206477.53804992646 516932.02940804476),영통동
SL_3817,37.251536,127.074227,정상,1997,POINT (206585.24210145595 516931.0033532439),영통동
SL_3818,37.251259,127.073956,정상,1997,POINT (206561.22364486672 516900.2424131937),영통동
SL_3819,37.25096,127.073669,정상,1997,POINT (206535.78742002352 516867.038826345),영통동
SL_3820,37.250665,127.073389,정상,1997,POINT (206510.97168017944 516834.27972945065),영통동
SL_3821,37.250397,127.073499,정상,1997,POINT (206520.7538262181 516804.54402682354),영통동
SL_3822,37.250674,127.073764,정상,1997,POINT (206544.24039373023 516835.3044312284),영통동
SL_3823,37.250991,127.074074,정상,1997,POINT (206571.71563891674 516870.5073213671),영통동
SL_3824,37.251304,127.074365,정상,1997,POINT (206597.5053623436 516905.2650495819),영통동
SL_3825,37.251721,127.073173,정상,1997,POINT (206491.71785359827 516951.4622874515),영통동
SL_3826,37.251888,127.073337,정상,1997,POINT (206506.2531482759 516970.007607258),영통동
SL_3827,37.252082,127.073518,정상,1997,POINT (206522.29424052173 516991.55064884597),영통동
SL_3828,37.252255,127.073278,정상,1997,POINT (206500.98730032542 517010.7340930973),영통동
SL_3829,37.252496,127.072867,정상,1997,POINT (206464.50411286592 517037.45270277193),영통동
SL_3830,37.251105,127.071981,정상,1997,POINT (206386.01869400236 516883.0160531371),영통동
SL_3831,37.249116,127.075253,정상,1997,POINT (206676.47990513116 516662.4979021227),영통동
SL_3832,37.248929,127.075557,정상,1997,POINT (206703.4674911578 516641.76568916405),영통동
SL_3833,37.248897,127.076056,정상,1997,POINT (206747.74196479935 516638.2497082899),영통동
SL_3834,37.248798,127.076124,정상,1997,POINT (206753.78380946603 516627.2673062586),영통동
SL_3835,37.248793,127.076459,정상,1997,POINT (206783.5057376063 516626.7363485995),영통동
SL_3836,37.248797,127.076749,정상,1997,POINT (206809.23442175155 516627.2010992147),영통동
SL_3837,37.24879,127.077245,정상,1997,POINT (206853.24059093712 516626.4600170827),영통동
SL_3838,37.24879,127.077752,정상,1997,POINT (206898.22205968626 516626.4968434491),영통동
SL_3839,37.248794,127.078212,정상,1997,POINT (206939.0332820234 516626.9743937398),영통동
SL_3840,37.248789,127.07875,정상,1997,POINT (206986.76555641074 516626.45905554265),영통동
SL_3841,37.250825,127.072454,정상,1997,POINT (206428.00615515668 516851.973004221),영통동
SL_3842,37.248904,127.079254,정상,1997,POINT (207031.47017788756 516639.25934339315),영통동
SL_3843,37.249154,127.079519,정상,1997,POINT (207054.95785916995 516667.0246469019),영통동
SL_3844,37.24941,127.079762,고장,1997,POINT (207076.49298111454 516695.4542667099),영통동
SL_3845,37.249516,127.080176,정상,1997,POINT (207113.21314665332 516707.24942614895),영통동
SL_3846,37.249313,127.079973,정상,1997,POINT (207095.22202154048 516684.70477343124),영통동
SL_3847,37.249003,127.079677,정상,1997,POINT (207068.98979137425 516650.2781001717),영통동
SL_3848,37.248762,127.07944,정상,1997,POINT (207047.98545606947 516623.51368356834),영통동
SL_3849,37.248598,127.078792,정상,1997,POINT (206990.50947614302 516605.26452989207),영통동
SL_3850,37.248591,127.078389,정상,1997,POINT (206954.7555277071 516604.4579688968),영통동
SL_3851,37.248589,127.078102,정상,1997,POINT (206929.29276105796 516604.214956847),영통동
SL_3852,37.250694,127.072665,정상,1997,POINT (206446.73691056142 516837.4486631909),영통동
SL_3853,37.24859,127.07778,정상,1997,POINT (206900.72448160185 516604.30241694534),영통동
SL_3854,37.248603,127.077321,정상,1997,POINT (206860.00032731425 516605.71182514343),영통동
SL_3855,37.248606,127.076695,정상,1997,POINT (206804.46067110024 516605.9995899858),영통동
SL_3856,37.248604,127.076385,정상,1997,POINT (206776.95732135017 516605.7553867421),영통동
SL_3857,37.248602,127.076019,정상,1997,POINT (206744.48559054133 516605.50728215266),영통동
SL_3858,37.248704,127.075535,정상,1997,POINT (206701.5355620114 516616.7931055086),영통동
SL_3859,37.248967,127.075092,정상,1997,POINT (206662.20902874126 516645.9501898461),영통동
SL_3860,37.249141,127.074771,정상,1997,POINT (206633.71445080914 516665.238573411),영통동
SL_3861,37.249385,127.074374,정상,1997,POINT (206598.47116253857 516692.29051781585),영통동
SL_3862,37.249615,127.073991,정상,1997,POINT (206564.47139392913 516717.78982880124),영통동
SL_3863,37.250494,127.073006,정상,1997,POINT (206477.0070763801 516815.2754683026),영통동
SL_3864,37.249836,127.073642,정상,1997,POINT (206533.4890755555 516742.29278316034),영통동
SL_3865,37.250158,127.073104,정상,1997,POINT (206485.73032250215 516777.99210422934),영통동
SL_3866,37.250323,127.072811,정상,1997,POINT (206459.7214996083 516796.28415848495),영통동
SL_3867,37.250499,127.072541,정상,1997,POINT (206435.75238809417 516815.7986632177),영통동
SL_3868,37.25065,127.072273,정상,1997,POINT (206411.96294371548 516832.53881302755),영통동
SL_3869,37.248442,127.075602,정상,1997,POINT (206707.50308834517 516587.7204796842),영통동
SL_3870,37.24844,127.07585,정상,1997,POINT (206729.50613686495 516587.51611665246),영통동
SL_3871,37.248298,127.07603,정상,1997,POINT (206745.48862049225 516571.7694373567),영통동
SL_3872,37.248306,127.07658,정상,1997,POINT (206794.28468422565 516572.69663026533),영통동
SL_3873,37.248299,127.077219,정상,1997,POINT (206850.97830071792 516571.9658092963),영통동
SL_3874,37.250228,127.073448,정상,1997,POINT (206516.2437128027 516785.78449519974),영통동
SL_3875,37.248301,127.077729,정상,1997,POINT (206896.22604332323 516572.2248063386),영통동
SL_3876,37.248305,127.07829,정상,1997,POINT (206945.99839237568 516572.7097528478),영통동
SL_3877,37.248289,127.078637,정상,1997,POINT (206976.7861984466 516570.9595539283),영통동
SL_3878,37.248402,127.079096,정상,1997,POINT (207017.49885770574 516583.5344855364),영통동
SL_3879,37.248084,127.079338,정상,1997,POINT (207038.9989920331 516548.2600723873),영통동
SL_3880,37.248001,127.079079,정상,1997,POINT (207016.02777353037 516539.02931173076),영통동
SL_3881,37.248098,127.078915,정상,1997,POINT (207001.46842850657 516549.78245477885),영통동
SL_3882,37.248109,127.078473,정상,1997,POINT (206962.252443797 516550.97066029336),영통동
SL_3883,37.248114,127.078084,정상,1997,POINT (206927.73926634775 516551.49703239155),영통동
SL_3884,37.248119,127.077766,정상,1997,POINT (206899.52532944962 516552.0287188629),영통동
SL_3885,37.250032,127.073758,정상,1997,POINT (206543.76360143218 516764.0533380335),영통동
SL_3886,37.248112,127.077146,정상,1997,POINT (206844.51855053083 516551.2068333605),영통동
SL_3887,37.248124,127.076619,정상,1997,POINT (206797.76116819304 516552.5006466935),영통동
SL_3888,37.248106,127.076312,정상,1997,POINT (206770.52523947821 516550.48096302204),영통동
SL_3889,37.248113,127.075931,정상,1997,POINT (206736.72166888302 516551.23065694264),영통동
SL_3890,37.248165,127.075444,정상,1997,POINT (206693.50963152986 516556.96719102457),영통동
SL_3891,37.249774,127.074149,정상,1997,POINT (206578.4753115754 516735.4469917631),영통동
SL_3892,37.249542,127.074527,정상,1997,POINT (206612.0316264579 516709.7254228556),영통동
SL_3893,37.249314,127.074901,정상,1997,POINT (206645.23291474214 516684.4476373276),영통동
SL_3894,37.253298,127.079721,정상,1997,POINT (207072.49203473426 517126.95072726515),영통동
SL_3895,37.254139,127.078862,정상,1997,POINT (206996.20760008064 517220.2231119419),영통동
SL_3896,37.253909,127.079243,정상,1997,POINT (207030.02922420576 517194.72538187384),영통동
SL_3897,37.253688,127.0796,정상,1997,POINT (207061.721051033 517170.22483973124),영통동
SL_3898,37.253465,127.079975,정상,1997,POINT (207095.01012694376 517145.5038021305),영통동
SL_3899,37.253201,127.080262,정상,1997,POINT (207120.49628228042 517116.22599398263),영통동
SL_3900,37.252958,127.080428,정상,1997,POINT (207135.24600059644 517089.2697666358),영통동
SL_3901,37.252636,127.080557,정상,1997,POINT (207146.7207743148 517053.54316116025),영통동
SL_3902,37.252284,127.080636,정상,1997,POINT (207153.76264586762 517014.48332084704),영통동
SL_3903,37.251861,127.08072,정상,1997,POINT (207161.25488798477 516967.5441166195),영통동
SL_3904,37.251482,127.080798,정상,1997,POINT (207168.210738214 516925.48769311287),영통동
SL_3905,37.253454,127.079462,정상,1997,POINT (207049.50016933517 517144.24466409883),영통동
SL_3906,37.251065,127.08088,정상,1997,POINT (207175.5251335726 516879.21425059554),영통동
SL_3907,37.250588,127.080879,정상,1997,POINT (207175.48164891763 516826.2755800019),영통동
SL_3908,37.250119,127.080693,정상,1997,POINT (207159.02433549962 516774.210764855),영통동
SL_3909,37.249854,127.080492,정상,1997,POINT (207141.21676736628 516744.78525580093),영통동
SL_3910,37.253614,127.079186,정상,1997,POINT (207024.9998689538 517161.9813320363),영통동
SL_3911,37.253849,127.078814,정상,1997,POINT (206991.97610077995 517188.0346582414),영통동
SL_3912,37.254079,127.078423,정상,1997,POINT (206957.2674192235 517213.5318060884),영통동
SL_3913,37.254309,127.078023,정상,1997,POINT (206921.76051916578 517239.0284398769),영통동
SL_3914,37.254464,127.077772,정상,1997,POINT (206899.47907604402 517256.2123921983),영통동
SL_3915,37.254615,127.078049,정상,1997,POINT (206924.03908817458 517272.99096985767),영통동
SL_3916,37.254353,127.078494,정상,1997,POINT (206963.54094003935 517243.94621620665),영통동
SL_3917,37.249908,127.080202,정상,2010,POINT (207115.4830056142 516750.75646442897),영통동
SL_3918,37.25264,127.080256,정상,2010,POINT (207120.01678017506 517053.9644061866),영통동
SL_3919,37.252458,127.080064,정상,2010,POINT (207103.00032989218 517033.7511818608),영통동
SL_3920,37.252163,127.080137,정상,2010,POINT (207109.50435670366 517001.0168526279),영통동
SL_3921,37.251816,127.080213,정상,2010,POINT (207116.27947617546 516962.5116708594),영통동
SL_3922,37.251298,127.080291,정상,2010,POINT (207123.2481907512 516905.02865871193),영통동
SL_3923,37.250958,127.080265,정상,2010,POINT (207120.97352255532 516867.29269176105),영통동
SL_3924,37.250586,127.080248,정상,2010,POINT (207119.50031256158 516826.00596854114),영통동
SL_3925,37.250237,127.080079,정상,2010,POINT (207104.5396129699 516787.2604233877),영통동
SL_3926,37.250715,127.07978,정상,2010,POINT (207077.9678749042 516840.2875973334),영통동
SL_3927,37.251235,127.079778,정상,2010,POINT (207077.7417976463 516897.9982859032),영통동
SL_3928,37.250135,127.080394,정상,2010,POINT (207132.4957598736 516775.9639109673),영통동
SL_3929,37.251602,127.079598,정상,2010,POINT (207061.73830963572 516938.715378586),영통동
SL_3930,37.251814,127.07941,정상,2010,POINT (207045.0396712201 516962.2296369228),영통동
SL_3931,37.252242,127.079638,정상,2010,POINT (207065.2272506682 517009.74709872104),영통동
SL_3932,37.250374,127.080521,정상,2010,POINT (207143.74054366013 516802.4982740125),영통동
SL_3933,37.250671,127.080603,정상,2010,POINT (207150.98743289872 516835.46623050154),영통동
SL_3934,37.251005,127.080589,정상,2010,POINT (207149.7138125171 516872.53328752815),영통동
SL_3935,37.25132,127.080519,정상,2010,POINT (207143.47379652018 516907.48745373485),영통동
SL_3936,37.251683,127.080446,정상,2010,POINT (207136.96315196107 516947.7685550874),영통동
SL_3937,37.252068,127.080371,정상,2010,POINT (207130.2730620028 516990.4911260494),영통동
SL_3938,37.252361,127.080312,정상,2010,POINT (207125.01116771958 517023.0045277498),영통동
SL_3939,37.260837,127.080823,정상,1997,POINT (207169.54205832005 517963.7306792074),영통동
SL_3940,37.258589,127.080468,정상,1997,POINT (207138.26330858687 517714.2150806142),영통동
SL_3941,37.25824,127.080425,정상,1997,POINT (207134.48172160515 517675.47893824335),영통동
SL_3942,37.257907,127.080371,정상,1997,POINT (207129.72277924157 517638.51769136154),영통동
SL_3943,37.257619,127.080275,정상,1997,POINT (207121.23371535708 517606.5475009843),영통동
SL_3944,37.257227,127.080145,정상,1997,POINT (207109.73819233978 517563.0325861689),영통동
SL_3945,37.257326,127.080295,정상,1997,POINT (207123.03551382013 517574.0311325549),영통동
SL_3946,37.256869,127.080111,정상,1997,POINT (207106.7556512119 517523.2982992178),영통동
SL_3947,37.256544,127.080161,정상,1997,POINT (207111.2217699646 517487.2327459975),영통동
SL_3948,37.256238,127.080262,정상,1997,POINT (207120.21045732903 517453.27969978156),영통동
SL_3949,37.255958,127.080347,정상,1997,POINT (207127.7773677784 517422.211004095),영통동
SL_3950,37.260657,127.080932,정상,1997,POINT (207179.22817530937 517943.76208090776),영통동
SL_3951,37.255569,127.080476,정상,1997,POINT (207139.2579818221 517379.0485455935),영통동
SL_3952,37.255206,127.0806,정상,1997,POINT (207150.2926891545 517338.77127169207),영통동
SL_3953,37.254832,127.080712,정상,1997,POINT (207160.2639778286 517297.2722997237),영통동
SL_3954,37.254404,127.080824,정상,1997,POINT (207170.2404821622 517249.7802899572),영통동
SL_3955,37.254016,127.08079,정상,1997,POINT (207167.26095326152 517206.7165270732),영통동
SL_3956,37.253688,127.080654,정상,1997,POINT (207155.22677095246 517170.3039982819),영통동
SL_3957,37.253408,127.080457,정상,1997,POINT (207137.77631065476 517139.2140435198),영통동
SL_3958,37.253607,127.080254,정상,1997,POINT (207119.74835146512 517161.2842575336),영통동
SL_3959,37.253886,127.080457,정상,1997,POINT (207137.73121586832 517192.2636458683),영통동
SL_3960,37.254197,127.080525,정상,1997,POINT (207143.73446220753 517226.7843146558),영통동
SL_3961,37.26049,127.080786,정상,1997,POINT (207166.29278499892 517925.21692708426),영통동
SL_3962,37.254665,127.080481,정상,1997,POINT (207139.7868585188 517278.7207795336),영통동
SL_3963,37.25503,127.080363,정상,1997,POINT (207129.28421634802 517319.2204804417),영통동
SL_3964,37.255422,127.08025,정상,1997,POINT (207119.22269966872 517362.7170994727),영통동
SL_3965,37.255792,127.080104,정상,1997,POINT (207106.23583686276 517403.76964066137),영통동
SL_3966,37.256139,127.080003,정상,1997,POINT (207097.24330731732 517442.2729808574),영통동
SL_3967,37.256544,127.07988,정상,1997,POINT (207086.29376673218 517487.21166952234),영통동
SL_3968,37.256869,127.079829,정상,1997,POINT (207081.73904370263 517523.2771610183),영통동
SL_3969,37.257103,127.079835,정상,1997,POINT (207082.24940522944 517549.247513579),영통동
SL_3970,37.257315,127.079889,정상,1997,POINT (207087.01994397445 517572.7798454786),영통동
SL_3971,37.257758,127.080033,정상,1997,POINT (207099.7527301775 517621.95588775666),영통동
SL_3972,37.260324,127.080633,정상,1997,POINT (207152.73629162216 517906.78224726423),영통동
SL_3973,37.258096,127.080129,정상,1997,POINT (207108.23716176563 517659.4751827966),영통동
SL_3974,37.258362,127.080169,정상,1997,POINT (207111.76055176984 517688.9995375397),영통동
SL_3975,37.258709,127.080197,정상,1997,POINT (207114.21178715522 517727.5125775869),영통동
SL_3976,37.25906,127.080181,정상,1997,POINT (207112.7594357511 517766.46624293923),영통동
SL_3977,37.259353,127.080052,정상,1997,POINT (207101.28849374436 517798.9744384182),영통동
SL_3978,37.259642,127.07981,정상,1997,POINT (207079.79399731086 517831.03026133985),영통동
SL_3979,37.260171,127.080475,정상,1997,POINT (207138.73497415285 517889.78998596244),영통동
SL_3980,37.259973,127.080295,정상,1997,POINT (207122.78626835413 517867.8018776906),영통동
SL_3981,37.259542,127.080241,정상,1997,POINT (207118.0366080498 517819.9643372768),영통동
SL_3982,37.259261,127.080395,정상,1997,POINT (207131.72416976443 517788.7898376952),영통동
SL_3983,37.25892,127.080474,정상,1997,POINT (207138.764327721 517750.9507498429),영통동
SL_3984,37.255608,127.075854,정상,1997,POINT (206729.2235005159 517383.0382292958),영통동
SL_3985,37.25489,127.077522,정상,1997,POINT (206877.26180387294 517303.47272068285),영통동
SL_3986,37.254555,127.077603,정상,1997,POINT (206884.4780968064 517266.29948869883),영통동
SL_3987,37.254465,127.077428,정상,1997,POINT (206868.96130288832 517256.2983538109),영통동
SL_3988,37.254447,127.077068,정상,1997,POINT (206837.02582056323 517254.2746039954),영통동
SL_3989,37.254206,127.077183,정상,1997,POINT (206847.2497662391 517227.53614882356),영통동
SL_3990,37.254246,127.076873,정상,1997,POINT (206819.74466717872 517231.9530648383),영통동
SL_3991,37.253893,127.07687,정상,1997,POINT (206819.51034165148 517192.7760484014),영통동
SL_3992,37.254089,127.076726,정상,1997,POINT (206806.71776809756 517214.5182402242),영통동
SL_3993,37.253611,127.076613,정상,1997,POINT (206796.7359551572 517161.4605169025),영통동
SL_3994,37.253594,127.076252,정상,1997,POINT (206764.71129064402 517159.5479535608),영통동
SL_3995,37.255695,127.076193,정상,1997,POINT (206759.28938385684 517392.7178603612),영통동
SL_3996,37.253185,127.076897,정상,1997,POINT (206821.96948046674 517114.20243571437),영통동
SL_3997,37.252929,127.075956,정상,1997,POINT (206738.5108141028 517085.7235291191),영통동
SL_3998,37.252782,127.077562,정상,1997,POINT (206881.00206660086 517069.5246588331),영통동
SL_3999,37.252567,127.075631,정상,1997,POINT (206709.71021890876 517045.52480798686),영통동
SL_4000,37.252268,127.07841,정상,1997,POINT (206956.2806309474 517012.5416855951),영통동
SL_4001,37.255635,127.075801,정상,1997,POINT (206724.51931954053 517386.0309889207),영통동
SL_4002,37.255745,127.076145,정상,1997,POINT (206755.0267074853 517398.26355680113),영통동
SL_4003,37.255429,127.07617,정상,1997,POINT (206757.27274915855 517363.19488243386),영통동
SL_4004,37.251848,127.076389,정상,1997,POINT (206777.02166162018 516965.78246359335),영통동
SL_4005,37.255208,127.076547,정상,1997,POINT (206790.7374098396 517338.69474134664),영통동
SL_4006,37.255396,127.076204,정상,1997,POINT (206760.29194200964 517359.5348891731),영통동
SL_4007,37.251128,127.077428,정상,1997,POINT (206869.2642593932 516885.95003986044),영통동
SL_4008,37.251043,127.077566,정상,1997,POINT (206881.5150881581 516876.52656121366),영통동
SL_4009,37.254785,127.077243,정상,1997,POINT (206852.52019376509 517291.79932698526),영통동
SL_4010,37.254913,127.077564,정상,1997,POINT (206880.9856871207 517306.02836974367),영통동
SL_4011,37.254777,127.077787,정상,1997,POINT (206900.78123962387 517290.9509919876),영통동
SL_4012,37.254557,127.077634,정상,1997,POINT (206887.22805141652 517266.5237089166),영통동
SL_4013,37.254505,127.077431,정상,1997,POINT (206869.22381369842 517260.73786934675),영통동
SL_4014,37.254571,127.07713,정상,1997,POINT (206842.514887029 517268.04090768774),영통동
SL_4015,37.254269,127.077206,정상,1997,POINT (206849.28449625082 517234.5297067303),영통동
SL_4016,37.254305,127.076882,정상,1997,POINT (206820.53777836278 517238.501677372),영통동
SL_4017,37.25545,127.076587,정상,1997,POINT (206794.2642095251 517365.5553674818),영통동
SL_4018,37.253936,127.076895,정상,1997,POINT (206821.7243361311 517197.55009462277),영통동
SL_4019,37.253873,127.076467,정상,1997,POINT (206783.76004554296 517190.52743956365),영통동
SL_4020,37.253551,127.076512,정상,1997,POINT (206787.78110359158 517154.7943232902),영통동
SL_4021,37.253555,127.076159,정상,1997,POINT (206756.4642586327 517155.21299615933),영통동
SL_4022,37.253249,127.07586,정상,1997,POINT (206729.9656151575 517121.2310726489),영통동
SL_4023,37.252986,127.075984,정상,1997,POINT (206740.98978350294 517092.05152057635),영통동
SL_4024,37.252979,127.075595,정상,1997,POINT (206706.47990916448 517091.24701028765),영통동
SL_4025,37.25363,127.075449,정상,1997,POINT (206693.46979048778 517163.4862320203),영통동
SL_4026,37.255188,127.076589,정상,1997,POINT (206794.46516544186 517336.47810644825),영통동
SL_4027,37.251941,127.078629,정상,1997,POINT (206975.73975060214 516976.2665577041),영통동
SL_4028,37.251943,127.078249,정상,1997,POINT (206942.02704944633 516976.46058506134),영통동
SL_4029,37.255301,127.076846,정상,1997,POINT (206817.25431230848 517349.0376047642),영통동
SL_4030,37.252187,127.078209,정상,1997,POINT (206938.455988361 517003.53735783516),영통동
SL_4031,37.252207,127.077823,정상,1997,POINT (206904.20945424208 517005.7287803012),영통동
SL_4032,37.252493,127.077728,정상,1997,POINT (206895.75528905191 517037.46282293636),영통동
SL_4033,37.252437,127.07744,고장,1997,POINT (206870.21002071886 517031.22686517116),영통동
SL_4034,37.252762,127.077286,정상,1997,POINT (206856.51821745376 517067.2849815781),영통동
SL_4035,37.254963,127.076956,정상,1997,POINT (206827.04326614548 517311.53346311534),영통동
SL_4036,37.254744,127.077285,정상,1997,POINT (206856.24988961706 517287.2520881707),영통동
SL_4037,37.255041,127.077277,정상,1997,POINT (206855.5132662175 517320.2132971627),영통동
SL_4038,37.2673,127.0809,정상,1997,POINT (207175.75924797507 518681.01723906765),영통동
SL_4039,37.266843,127.080897,정상,1997,POINT (207175.53651341586 518630.29792486824),영통동
SL_4040,37.266941,127.081176,정상,1997,POINT (207200.2743925661 518641.1954218978),영통동
SL_4041,37.266822,127.081331,정상,1997,POINT (207214.03417672167 518628.00028900406),영통동
SL_4042,37.266608,127.081319,정상,1997,POINT (207212.99019163867 518604.24908111966),영통동
SL_4043,37.266205,127.081634,정상,1997,POINT (207240.9692637386 518559.5471230976),영통동
SL_4044,37.267725,127.081842,정상,1997,POINT (207259.27304134757 518728.2567385811),영통동
SL_4045,37.267277,127.081844,정상,1997,POINT (207259.49344557477 518678.5366455644),영통동
SL_4046,37.266912,127.081849,정상,1997,POINT (207259.97198236844 518638.02834903117),영통동
SL_4047,37.266445,127.081843,정상,1997,POINT (207259.48461428177 518586.19897827297),영통동
SL_4048,37.266008,127.081843,정상,1997,POINT (207259.52656349953 518537.6995518971),영통동
SL_4049,37.267113,127.080691,정상,1997,POINT (207157.2388259908 518660.2476470954),영통동
SL_4050,37.265589,127.081854,정상,1997,POINT (207260.5424970694 518491.1986609147),영통동
SL_4051,37.265198,127.081859,정상,1997,POINT (207261.0235429382 518447.8048270953),영통동
SL_4052,37.264887,127.081847,정상,1997,POINT (207259.98897831285 518413.28830318584),영통동
SL_4053,37.26445,127.081807,정상,1997,POINT (207256.48282868566 518364.7858214249),영통동
SL_4054,37.264062,127.081762,정상,1997,POINT (207252.5284238529 518321.7211103163),영통동
SL_4055,37.263697,127.081711,정상,1997,POINT (207248.039553201 518281.2085446583),영통동
SL_4056,37.263296,127.081597,정상,1997,POINT (207237.96574461253 518236.69578925666),영통동
SL_4057,37.262959,127.081473,정상,1997,POINT (207226.99867001266 518199.28517220006),영통동
SL_4058,37.262643,127.081315,정상,1997,POINT (207213.01353709848 518164.2026142457),영통동
SL_4059,37.262346,127.081129,정상,1997,POINT (207196.54273978435 518131.2266212319),영통동
SL_4060,37.266825,127.080685,정상,1997,POINT (207156.7338852943 518628.28418080544),영통동
SL_4061,37.262175,127.081669,정상,1997,POINT (207244.45979236643 518112.2898004857),영통동
SL_4062,37.262458,127.081856,정상,1997,POINT (207261.02048786875 518143.712207145),영통동
SL_4063,37.262769,127.08202,정상,1997,POINT (207275.5381624182 518178.2403924974),영통동
SL_4064,37.26312,127.082155,정상,1997,POINT (207287.47944437072 518217.2056756648),영통동
SL_4065,37.26349,127.082274,정상,1997,POINT (207297.9995234137 518258.27841395757),영통동
SL_4066,37.263979,127.082359,정상,1997,POINT (207305.49209621674 518312.555475235),영통동
SL_4067,37.264413,127.082413,정상,1997,POINT (207310.2401108138 518360.72610754706),영통동
SL_4068,37.264884,127.082462,정상,1997,POINT (207314.54098140443 518413.00271748233),영통동
SL_4069,37.265195,127.082451,정상,1997,POINT (207313.5351846928 518447.5174705176),영통동
SL_4070,37.265551,127.082451,정상,1997,POINT (207313.50075776604 518487.0272951541),영통동
SL_4071,37.266491,127.080693,고장,1997,POINT (207157.47509455858 518591.2165720358),영통동
SL_4072,37.265956,127.08244,정상,1997,POINT (207312.48588405296 518531.97442256764),영통동
SL_4073,37.266235,127.082626,정상,1997,POINT (207328.95717935712 518562.9529770383),영통동
SL_4074,37.266893,127.082452,정상,1997,POINT (207313.4596769306 518635.9661148089),영통동
SL_4075,37.267211,127.082433,정상,1997,POINT (207311.74363753403 518671.25714025734),영통동
SL_4076,37.267589,127.082442,정상,1997,POINT (207312.50537859913 518713.209293172),영통동
SL_4077,37.267898,127.082437,정상,1997,POINT (207312.03200622185 518747.50256044813),영통동
SL_4078,37.266131,127.080699,정상,1997,POINT (207158.04136982557 518551.2632647853),영통동
SL_4079,37.266029,127.081409,정상,1997,POINT (207221.0284731287 518539.9969794075),영통동
SL_4080,37.266241,127.081341,정상,1997,POINT (207214.97660434368 518563.5201176333),영통동
SL_4081,37.266239,127.08102,정상,1997,POINT (207186.503971265 518563.2737242848),영통동
SL_4082,37.266532,127.080905,정상,1997,POINT (207176.27562301292 518595.7829190216),영통동
SL_4083,37.24625,127.064227,정상,1997,POINT (205698.46392913416 516343.7018975434),영통동
SL_4084,37.246487,127.068981,정상,1997,POINT (206120.23779270507 516370.3014602023),영통동
SL_4085,37.246615,127.068976,정상,1997,POINT (206119.78382426425 516384.5068701477),영통동
SL_4086,37.246609,127.068297,정상,1997,POINT (206059.5411222552 516383.7972973449),영통동
SL_4087,37.246602,127.067598,정상,1997,POINT (205997.52402208597 516382.9759070722),영통동
SL_4088,37.246605,127.067023,정상,1997,POINT (205946.50782820632 516383.27257965226),영통동
SL_4089,37.246574,127.066507,정상,1997,POINT (205900.7289700169 516379.7998402478),영통동
SL_4090,37.246545,127.066045,정상,1997,POINT (205859.74098718684 516376.55265621626),영통동
SL_4091,37.246493,127.065535,정상,1997,POINT (205814.49601189376 516370.7501303306),영통동
SL_4092,37.246455,127.065098,정상,1997,POINT (205775.72672838205 516366.50605168915),영통동
SL_4093,37.24641,127.06465,정상,1997,POINT (205735.98197673858 516361.4846095107),영통동
SL_4094,37.246293,127.064667,정상,1997,POINT (205737.49914856168 516348.50071246433),영통동
SL_4095,37.24637,127.064199,정상,1997,POINT (205695.9706305502 516357.01808640966),영통동
SL_4096,37.246333,127.065112,정상,1997,POINT (205776.97817130244 516352.96706715005),영통동
SL_4097,37.246376,127.065552,정상,1997,POINT (205816.01330348157 516357.76624714275),영통동
SL_4098,37.246418,127.066059,정상,1997,POINT (205860.9929513316 516362.45877239585),영통동
SL_4099,37.246456,127.066521,정상,1997,POINT (205901.98030059953 516366.70480297174),영통동
SL_4100,37.246481,127.067034,정상,1997,POINT (205947.49353058366 516369.5114668278),영통동
SL_4101,37.246483,127.0676,고장,1997,POINT (205997.71089987745 516369.76914132934),영통동
SL_4102,37.246489,127.068302,정상,1997,POINT (206059.99434823892 516370.47974259756),영통동
SL_4103,37.251903,127.070725,정상,1997,POINT (206274.52255091388 516971.49599809095),영통동
SL_4104,37.253758,127.073094,정상,1997,POINT (206484.53459698072 517177.52804038505),영통동
SL_4105,37.253393,127.073493,정상,1997,POINT (206519.96334308345 517137.04686559073),영통동
SL_4106,37.253102,127.073217,정상,1997,POINT (206495.5028623503 517104.7320051417),영통동
SL_4107,37.25285,127.07298,정상,1997,POINT (206474.49878486092 517076.74819884985),영통동
SL_4108,37.252539,127.072681,정상,1997,POINT (206447.99917978208 517042.2122590866),영통동
SL_4109,37.252211,127.072374,정상,1997,POINT (206420.79106462095 517005.78916156094),영통동
SL_4110,37.252006,127.072176,정상,1997,POINT (206403.24248058372 516983.0243571899),영통동
SL_4111,37.251814,127.07199,정상,1997,POINT (206386.75731173003 516961.70317112614),영통동
SL_4112,37.251576,127.071759,정상,1997,POINT (206366.28364091556 516935.2738008452),영통동
SL_4113,37.251272,127.071767,정상,1997,POINT (206367.0189621156 516901.5356942377),영통동
SL_4114,37.251806,127.070888,정상,1997,POINT (206288.99151557055 516960.74152373767),영통동
SL_4115,37.251903,127.071286,정상,1997,POINT (206324.2928957614 516971.533333899),영통동
SL_4116,37.252092,127.071455,정상,1997,POINT (206339.27026648997 516992.5203115979),영통동
SL_4117,37.252328,127.071751,정상,1997,POINT (206365.5106353398 517018.73202294705),영통동
SL_4118,37.252605,127.072005,정상,1997,POINT (206388.02128921723 517049.491260811),영통동
SL_4119,37.252841,127.072183,정상,1997,POINT (206403.79282869468 517075.695137216),영통동
SL_4120,37.253148,127.072476,정상,1997,POINT (206429.76055478698 517109.78660186566),영통동
SL_4121,37.25353,127.072879,정상,1997,POINT (206465.4803517762 517152.20933897956),영통동
SL_4122,37.254228,127.073553,정상,1997,POINT (206525.21425486053 517229.7213293382),영통동
SL_4123,37.256939,127.07607,정상,1997,POINT (206748.2667484411 517530.7712866821),영통동
SL_4124,37.257281,127.076389,정상,1997,POINT (206776.53501433533 517568.75009280053),영통동
SL_4125,37.257612,127.076707,정상,1997,POINT (206804.71530315487 517605.5081172122),영통동
SL_4126,37.25786,127.076961,정상,1997,POINT (206827.22538847165 517633.0500715787),영통동
SL_4127,37.257566,127.077451,정상,1997,POINT (206870.7200939586 517600.45667519496),영통동
SL_4128,37.257283,127.077189,정상,1997,POINT (206847.50354465505 517569.0296392316),영통동
SL_4129,37.25699,127.076907,정상,1997,POINT (206822.51349880028 517536.49140236794),영통동
SL_4130,37.256623,127.07656,정상,1997,POINT (206791.7636502449 517495.73587135057),영통동
SL_4131,37.256333,127.076281,정상,1997,POINT (206767.03903738156 517463.530966573),영통동
SL_4132,37.255982,127.075953,정상,1997,POINT (206737.97276286932 517424.5527160547),영통동
SL_4133,37.254568,127.073816,정상,1997,POINT (206548.51673107847 517267.4735233623),영통동
SL_4134,37.255635,127.07562,정상,1997,POINT (206708.46229934652 517386.0181443012),영통동
SL_4135,37.255398,127.075383,정상,1997,POINT (206687.45831089918 517359.69852830516),영통동
SL_4136,37.255158,127.075158,정상,1997,POINT (206667.51901552101 517333.0468640122),영통동
SL_4137,37.254867,127.07489,정상,1997,POINT (206643.7693846605 517300.73212406033),영통동
SL_4138,37.254532,127.074568,정상,1997,POINT (206615.23285877015 517263.530449969),영통동
SL_4139,37.254257,127.074303,정상,1997,POINT (206591.74757892528 517232.9917898251),영통동
SL_4140,37.253883,127.073959,정상,1997,POINT (206561.26224779323 517191.4604568508),영통동
SL_4141,37.253739,127.073823,정상,2019,POINT (206549.2094901274 517175.4695678137),영통동
SL_4142,37.253976,127.073319,정상,2019,POINT (206504.47673437314 517201.73764900095),영통동
SL_4143,37.254823,127.074073,정상,1997,POINT (206571.29409825685 517295.79185965913),영통동
SL_4144,37.255149,127.074377,정상,1997,POINT (206598.23465257033 517331.9932890194),영통동
SL_4145,37.255444,127.074665,정상,1997,POINT (206623.75828034672 517364.75323094905),영통동
SL_4146,37.255719,127.074919,정상,1997,POINT (206646.26723408574 517395.2912149157),영통동
SL_4147,37.255991,127.075167,정상,1997,POINT (206668.24401393684 517425.49589070433),영통동
SL_4148,37.256311,127.075483,정상,1997,POINT (206696.24880840353 517461.03259352),영통동
SL_4149,37.256606,127.075762,정상,1997,POINT (206720.9732555164 517493.79220174457),영통동
SL_4150,37.25687,127.066048,정상,1997,POINT (205859.2075724363 517522.4459734896),영통동
SL_4151,37.253734,127.067714,정상,1997,POINT (206007.24971172988 517174.5094378239),영통동
SL_4152,37.253454,127.068193,고장,1997,POINT (206049.76660654825 517143.464868402),영통동
SL_4153,37.253181,127.068632,정상,1997,POINT (206088.73462451427 517113.1948183607),영통동
SL_4154,37.252954,127.069001,정상,1997,POINT (206121.4890808989 517088.02561160206),영통동
SL_4155,37.252762,127.069319,정상,1997,POINT (206149.71636143705 517066.73760278604),영통동
SL_4156,37.252613,127.06957,정상,1997,POINT (206171.99627807122 517050.21756177075),영통동
SL_4157,37.252532,127.069702,정상,1997,POINT (206183.71345740542 517041.23660255724),영통동
SL_4158,37.252374,127.069964,정상,1997,POINT (206206.9701298542 517023.71853189234),영통동
SL_4159,37.252237,127.070184,정상,1997,POINT (206226.4990645896 517008.5283926543),영통동
SL_4160,37.252189,127.070421,정상,1997,POINT (206247.5289096104 517003.21685432835),영통동
SL_4161,37.256582,127.066178,정상,1997,POINT (205870.76239965155 517490.4910752982),영통동
SL_4162,37.252358,127.070587,정상,1997,POINT (206262.2419205709 517021.9838494508),영통동
SL_4163,37.252534,127.070773,정상,1997,POINT (206278.72861402674 517041.5290743068),영통동
SL_4164,37.252727,127.070968,정상,1997,POINT (206296.01226227582 517062.9616317624),영통동
SL_4165,37.252912,127.07116,정상,1997,POINT (206313.0303417229 517083.5061662235),영통동
SL_4166,37.253061,127.071306,정상,1997,POINT (206325.9704213093 517100.0522936053),영통동
SL_4167,37.253254,127.071493,정상,1997,POINT (206342.54410343658 517121.4844144142),영통동
SL_4168,37.253403,127.071684,정상,1997,POINT (206359.47626074398 517138.03361095535),영통동
SL_4169,37.253517,127.071828,정상,1997,POINT (206372.2416818894 517150.69529204373),영통동
SL_4170,37.253614,127.071983,정상,1997,POINT (206385.98436622694 517161.47103370936),영통동
SL_4171,37.253713,127.072119,정상,1997,POINT (206398.04125978527 517172.46747843205),영통동
SL_4172,37.256222,127.066338,정상,1997,POINT (205884.98427664198 517450.54732150806),영통동
SL_4173,37.253828,127.072271,정상,1997,POINT (206411.51620515803 517185.2407432747),영통동
SL_4174,37.25331,127.072014,정상,1997,POINT (206388.76020685083 517127.7344693242),영통동
SL_4175,37.253065,127.071985,정상,1997,POINT (206386.20813550576 517100.5418200586),영통동
SL_4176,37.25313,127.072298,정상,1997,POINT (206413.97068019214 517107.77684143884),영통동
SL_4177,37.253651,127.067305,정상,1997,POINT (205970.97180920278 517165.2720165187),영통동
SL_4178,37.253362,127.067747,정상,1997,POINT (206010.20685878457 517133.2260720881),영통동
SL_4179,37.253119,127.068178,정상,1997,POINT (206048.46265654385 517106.28480019205),영통동
SL_4180,37.252904,127.068516,정상,1997,POINT (206078.46585777873 517082.4452343891),영통동
SL_4181,37.252695,127.068891,정상,1997,POINT (206111.75124671514 517059.27405935555),영통동
SL_4182,37.252505,127.069201,정상,1997,POINT (206139.26870477002 517038.2074645318),영통동
SL_4183,37.255931,127.066476,정상,1997,POINT (205897.2492338221 517418.26001310773),영통동
SL_4184,37.252305,127.069527,정상,1997,POINT (206168.20658348236 517016.032178944),영통동
SL_4185,37.252052,127.069919,정상,1997,POINT (206203.00427908933 516987.97924990463),영통동
SL_4186,37.251815,127.07033,정상,1997,POINT (206239.48651678662 516961.703436503),영통동
SL_4187,37.251615,127.070662,정상,1997,POINT (206268.957229106 516939.52889555524),영통동
SL_4188,37.255586,127.066631,정상,1997,POINT (205911.0266219231 517379.9807328836),영통동
SL_4189,37.255268,127.066783,정상,1997,POINT (205924.53588103788 517344.69781577843),영통동
SL_4190,37.254836,127.066968,정상,1997,POINT (205940.98175469335 517296.7649942162),영통동
SL_4191,37.254534,127.067112,정상,1997,POINT (205953.78030063477 517263.257345231),영통동
SL_4192,37.254185,127.067269,정상,1997,POINT (205967.73594364204 517224.53436256625),영통동
SL_4193,37.241352,127.06158,정상,2004,POINT (205463.96557316603 515799.9548588264),망포동
SL_4194,37.243565,127.061131,정상,2004,POINT (205423.96741590838 516045.5326691799),망포동
SL_4195,37.243849,127.061171,정상,2004,POINT (205427.49612876496 516077.05391565163),망포동
SL_4196,37.243848,127.061346,정상,2004,POINT (205443.02336094383 516076.9529805227),망포동
SL_4197,37.243583,127.061306,정상,2004,POINT (205439.49334080538 516047.5403898377),망포동
SL_4198,37.24306,127.061221,정상,2004,POINT (205431.98908543453 515989.49180561065),망포동
SL_4199,37.242718,127.06117,정상,2004,POINT (205427.48850411267 515951.5329623751),망포동
SL_4200,37.242371,127.061102,정상,2004,POINT (205421.47985777547 515913.018239124),망포동
SL_4201,37.242042,127.061046,정상,2004,POINT (205416.5346130558 515876.5018885874),망포동
SL_4202,37.241704,127.061051,정상,2004,POINT (205417.00244623117 515838.9901917452),망포동
SL_4203,37.241546,127.061428,정상,2004,POINT (205450.46471098097 515821.4766423402),망포동
SL_4204,37.241371,127.061214,정상,2004,POINT (205431.4891918304 515802.0424606065),망포동
SL_4205,37.241528,127.06184,정상,2004,POINT (205487.02249975866 515819.5027610974),망포동
SL_4206,37.241398,127.06087,정상,2004,POINT (205400.96430530353 515805.0193002381),망포동
SL_4207,37.241619,127.060724,정상,2004,POINT (205387.99406653433 515829.53804562567),망포동
SL_4208,37.241835,127.060758,정상,2004,POINT (205390.99547673596 515853.51213523664),망포동
SL_4209,37.242042,127.060798,정상,2004,POINT (205394.52988349958 515876.4877288643),망포동
SL_4210,37.242366,127.060854,정상,2004,POINT (205399.47558053824 515912.449155303),망포동
SL_4211,37.24274,127.061001,정상,2004,POINT (205412.4919063727 515953.964895958),망포동
SL_4212,37.243096,127.061052,정상,2004,POINT (205416.99155214397 515993.4774823171),망포동
SL_4213,37.24495,127.057047,정상,2002,POINT (205061.5138790474 516199.01690621057),망포동
SL_4214,37.244765,127.057379,정상,2002,POINT (205090.98313544676 516178.5029917955),망포동
SL_4215,37.244485,127.057734,정상,2002,POINT (205122.49965840208 516147.44711214176),망포동
SL_4216,37.24435,127.058117,정상,2002,POINT (205156.49086929337 516132.4853017299),망포동
SL_4217,37.244273,127.058252,정상,2002,POINT (205168.47414314593 516123.9470308046),망포동
SL_4218,37.244116,127.058185,정상,2002,POINT (205162.54020135492 516106.51916339155),망포동
SL_4219,37.243927,127.058055,정상,2002,POINT (205151.01864322173 516085.5364394583),망포동
SL_4220,37.243589,127.057885,정상,2002,POINT (205135.95806790466 516048.0152090468),망포동
SL_4221,37.243337,127.057902,정상,2002,POINT (205137.48353089875 516020.0486104519),망포동
SL_4222,37.245446,127.056546,정상,2002,POINT (205017.02960489126 516254.03743756947),영통동
SL_4223,37.243275,127.05487,정상,2002,POINT (204868.46656303035 516013.00748602743),망포동
SL_4224,37.243284,127.054544,정상,2002,POINT (204839.54088770226 516013.9896114712),망포동
SL_4225,37.243338,127.054138,정상,2002,POINT (204803.51418106613 516019.961974411),망포동
SL_4226,37.24342,127.053794,정상,2002,POINT (204772.9868442553 516029.0451181035),망포동
SL_4227,37.243654,127.053389,정상,2002,POINT (204737.03771132333 516054.9946171816),망포동
SL_4228,37.243852,127.053073,정상,2002,POINT (204708.987706089 516076.9533337881),망포동
SL_4229,37.244019,127.053028,정상,2002,POINT (204704.98462658486 516095.48512924934),망포동
SL_4230,37.244271,127.053265,정상,2002,POINT (204725.99705434527 516123.4644577115),망포동
SL_4231,37.244474,127.05326,정상,2002,POINT (204725.54074896366 516145.9936030145),망포동
SL_4232,37.244789,127.053181,정상,2002,POINT (204718.51176471816 516180.94906996057),망포동
SL_4233,37.245157,127.056483,정상,2002,POINT (205011.45908193573 516221.9602275458),망포동
SL_4234,37.245073,127.053125,정상,2002,POINT (204713.5254479289 516212.4652396347),망포동
SL_4235,37.245339,127.053057,정상,2002,POINT (204707.4755896151 516241.9831363004),망포동
SL_4236,37.24491,127.056213,정상,2002,POINT (204987.51958367048 516194.5333517772),망포동
SL_4237,37.244694,127.056032,정상,2002,POINT (204971.4744776226 516170.5516652806),망포동
SL_4238,37.244441,127.055829,정상,2002,POINT (204953.47973187166 516142.462516033),망포동
SL_4239,37.244158,127.055621,정상,2002,POINT (204935.04319060745 516111.0436788591),망포동
SL_4240,37.243941,127.055496,정상,2002,POINT (204923.96652498646 516086.95402490854),망포동
SL_4241,37.243635,127.055333,정상,2002,POINT (204909.52395137874 516052.9849968412),망포동
SL_4242,37.243293,127.055197,정상,2002,POINT (204897.47922552426 516015.0220318929),망포동
SL_4243,37.237596,127.060236,정상,2000,POINT (205344.97824865865 515383.02917580557),망포동
SL_4244,37.237871,127.060197,정상,2000,POINT (205341.49822064798 515413.54705788346),망포동
SL_4245,37.23783,127.060445,정상,2000,POINT (205363.50706748676 515409.0108103456),망포동
SL_4246,37.238069,127.060293,정상,2000,POINT (205350.0026568676 515435.52693853417),망포동
SL_4247,37.238042,127.060513,정상,2000,POINT (205369.52592108483 515432.54287468456),망포동
SL_4248,37.238303,127.06031,정상,2000,POINT (205351.49458289513 515461.4977172585),망포동
SL_4249,37.238506,127.060344,정상,2000,POINT (205354.49715076067 515484.0290123625),망포동
SL_4250,37.23706,127.059255,정상,2004,POINT (205257.96746184904 515323.48783718725),망포동
SL_4251,37.235404,127.055828,정상,2004,POINT (204953.98239449106 515139.5166969806),망포동
SL_4252,37.235291,127.055467,정상,2004,POINT (204921.9558545571 515126.9568969904),망포동
SL_4253,37.236817,127.058928,정상,2004,POINT (205228.9680358009 515296.50107746903),망포동
SL_4254,37.236547,127.058545,정상,2004,POINT (205195.00110740965 515266.5148286271),망포동
SL_4255,37.236277,127.058105,정상,2004,POINT (205155.97601279174 515236.52561342093),망포동
SL_4256,37.23607,127.057649,정상,2004,POINT (205115.5266096562 515213.5275880679),망포동
SL_4257,37.23593,127.057311,정상,2004,POINT (205085.5433314379 515197.9718891377),망포동
SL_4258,37.235795,127.056978,정상,2004,POINT (205056.00328877073 515182.9714750661),망포동
SL_4259,37.235696,127.056657,정상,2004,POINT (205027.52558485043 515171.967157224),망포동
SL_4260,37.235539,127.056234,정상,2004,POINT (204990.00052656783 515154.5205955531),망포동
SL_4261,37.23916,127.058423,정상,2006,POINT (205183.9964778956 515556.50442431634),망포동
SL_4262,37.239088,127.057859,정상,2006,POINT (205133.95644228262 515548.48297879426),망포동
SL_4263,37.239043,127.057521,정상,2006,POINT (205103.96798954936 515543.4705083424),망포동
SL_4264,37.238985,127.057172,정상,2006,POINT (205073.00431693165 515537.01478774013),망포동
SL_4265,37.239021,127.056817,정상,2006,POINT (205041.5019422469 515540.99118314474),망포동
SL_4266,37.238868,127.05702,정상,2006,POINT (205059.5248226458 515524.0217440365),망포동
SL_4267,37.238692,127.057172,정상,2006,POINT (205073.0239521931 515504.4970210497),망포동
SL_4268,37.239085,127.055803,정상,2001,POINT (204951.52321650356 515548.04052967625),망포동
SL_4269,37.239108,127.053194,정상,2001,POINT (204720.01944203512 515550.4598665558),망포동
SL_4270,37.239122,127.05289,정상,2001,POINT (204693.043990102 515551.99850496126),망포동
SL_4271,37.239122,127.052546,정상,2001,POINT (204662.52012442992 515551.98150946526),망포동
SL_4272,37.239113,127.052258,정상,2001,POINT (204636.9658114773 515550.9685266938),망포동
SL_4273,37.239064,127.051717,정상,2001,POINT (204588.9646736412 515545.5040437782),망포동
SL_4274,37.239024,127.051407,정상,2001,POINT (204561.46009102446 515541.0497783263),망포동
SL_4275,37.239294,127.051441,정상,2001,POINT (204564.46070832806 515571.0165952338),망포동
SL_4276,37.239319,127.051636,정상,2001,POINT (204581.7619284647 515573.80056739703),망포동
SL_4277,37.239357,127.051884,정상,2001,POINT (204603.76513764102 515578.029918865),망포동
SL_4278,37.239348,127.052168,정상,2001,POINT (204628.96554529588 515577.0449265684),망포동
SL_4279,37.239044,127.055538,정상,2001,POINT (204928.01184935617 515543.4764361354),망포동
SL_4280,37.239343,127.052444,정상,2001,POINT (204653.4558577743 515576.50354522176),망포동
SL_4281,37.239347,127.052715,정상,2001,POINT (204677.50195782667 515576.960827555),망포동
SL_4282,37.239347,127.052969,정상,2001,POINT (204700.03986143088 515576.9734061002),망포동
SL_4283,37.239334,127.053278,정상,2001,POINT (204727.45883165151 515575.54602196143),망포동
SL_4284,37.23932,127.053538,정상,2001,POINT (204750.53000927722 515574.00528550264),망포동
SL_4285,37.239338,127.053774,정상,2001,POINT (204771.46961157364 515576.0148313188),망포동
SL_4286,37.239275,127.054174,정상,2001,POINT (204806.96637812332 515569.0431891945),망포동
SL_4287,37.239247,127.054445,정상,2001,POINT (204831.0145340468 515565.9494822321),망포동
SL_4288,37.239234,127.054693,정상,2001,POINT (204853.02090888697 515564.51939713495),망포동
SL_4289,37.239225,127.054975,정상,2001,POINT (204878.04392333748 515563.5350494174),망포동
SL_4290,37.239004,127.055267,정상,2001,POINT (204903.9679981331 515539.0230798096),망포동
SL_4291,37.239008,127.054935,정상,2001,POINT (204874.50861467174 515539.4498643169),망포동
SL_4292,37.239018,127.054659,정상,2001,POINT (204850.017858603 515540.5455120695),망포동
SL_4293,37.239018,127.054411,정상,2001,POINT (204828.01225061598 515540.53283721354),망포동
SL_4294,37.239027,127.054123,정상,2001,POINT (204802.45678008263 515541.5170296265),망포동
SL_4295,37.239072,127.053791,정상,2001,POINT (204772.99482596354 515546.4944378592),망포동
SL_4296,37.239081,127.053487,정상,2001,POINT (204746.0196648128 515547.47799547145),망포동
SL_4297,37.23441,127.052171,정상,2013,POINT (204629.5336987731 515029.0154656071),망포동
SL_4298,37.23503,127.055383,정상,2013,POINT (204914.51891723397 515097.9862140182),망포동
SL_4299,37.235098,127.055558,정상,2013,POINT (204930.04345815547 515105.5420916054),망포동
SL_4300,37.235255,127.056008,정상,2013,POINT (204969.96475040133 515122.98980065784),망포동
SL_4301,37.235413,127.056437,정상,2013,POINT (205008.02234406077 515140.5475712173),망포동
SL_4302,37.235561,127.056786,정상,2013,POINT (205038.98153792147 515156.9914337292),망포동
SL_4303,37.235764,127.057333,정상,2013,POINT (205087.50667644615 515179.55004520685),망포동
SL_4304,37.23593,127.057795,정상,2013,POINT (205128.49151236514 515197.99799369497),망포동
SL_4305,37.236101,127.058173,정상,2013,POINT (205162.02202743018 515216.99647058354),망포동
SL_4306,37.236272,127.058488,정상,2013,POINT (205189.96205382454 515235.9916270125),망포동
SL_4307,37.236488,127.058787,정상,2013,POINT (205216.4790883075 515259.98018972937),망포동
SL_4308,37.234446,127.052486,정상,2013,POINT (204657.48385670243 515033.02626658266),망포동
SL_4309,37.236713,127.059125,정상,2013,POINT (205246.45601282894 515284.96983629843),망포동
SL_4310,37.236929,127.059436,정상,2013,POINT (205274.03754831388 515308.95924777666),망포동
SL_4311,37.23515,127.055211,정상,2013,POINT (204899.24839402517 515111.29514900356),망포동
SL_4312,37.235066,127.054963,정상,2013,POINT (204877.24707287407 515101.9598526521),망포동
SL_4313,37.234974,127.054659,정상,2013,POINT (204850.27694223975 515091.7338876417),망포동
SL_4314,37.234895,127.05434,정상,2013,POINT (204821.97486103725 515082.95001229004),망포동
SL_4315,37.234844,127.054056,정상,2013,POINT (204796.7767493529 515077.2755026094),망포동
SL_4316,37.234781,127.053706,정상,2013,POINT (204765.72270111946 515070.265960069),망포동
SL_4317,37.234716,127.053286,정상,2013,POINT (204728.45711305775 515063.0310705123),망포동
SL_4318,37.234669,127.05294,정상,2013,POINT (204697.75691240933 515057.79769209446),망포동
SL_4319,37.234464,127.052819,정상,2013,POINT (204687.0323793063 515035.0403744072),망포동
SL_4320,37.234633,127.05256,정상,2013,POINT (204664.03892302563 515053.78355333593),망포동
SL_4321,37.234522,127.053224,정상,2013,POINT (204722.9675003357 515041.4974571226),망포동
SL_4322,37.234562,127.05354,정상,2013,POINT (204751.0060591195 515045.9525474482),망포동
SL_4323,37.234616,127.053895,정상,2013,POINT (204782.5044651468 515051.9634492389),망포동
SL_4324,37.234666,127.054211,정상,2013,POINT (204810.54232236225 515057.52855895506),망포동
SL_4325,37.234742,127.054515,정상,2013,POINT (204837.51363334028 515065.9786827649),망포동
SL_4326,37.234868,127.055,정상,2013,POINT (204880.5431026558 515079.98731019197),망포동
SL_4327,37.234372,127.046136,정상,2009,POINT (204094.00379878224 515024.52015830955),망포동
SL_4328,37.23446,127.050548,정상,2009,POINT (204485.5094655779 515034.4864530015),망포동
SL_4329,37.2345,127.051123,정상,2009,POINT (204536.53120683512 515038.95312766265),망포동
SL_4330,37.234518,127.051483,정상,2009,POINT (204568.47565115793 515040.9681124584),망포동
SL_4331,37.23455,127.051776,정상,2009,POINT (204594.47381541916 515044.533714516),망포동
SL_4332,37.234617,127.05181,정상,2009,POINT (204597.4868228373 515051.9711625267),망포동
SL_4333,37.234617,127.052041,정상,2009,POINT (204617.98517324988 515051.98240314226),망포동
SL_4334,37.234376,127.046615,정상,2009,POINT (204136.50895427106 515024.98490361817),망포동
SL_4335,37.23438,127.047111,정상,2009,POINT (204180.52264664895 515025.45061434025),망포동
SL_4336,37.234376,127.047742,정상,2009,POINT (204236.51637419712 515025.03473057854),망포동
SL_4337,37.234398,127.048271,정상,2009,POINT (204283.4573880225 515027.50013433606),망포동
SL_4338,37.234407,127.048739,정상,2009,POINT (204324.98611895804 515028.5202458035),망포동
SL_4339,37.234407,127.049128,정상,2009,POINT (204359.50508141707 515028.5380840582),망포동
SL_4340,37.23442,127.049556,정상,2009,POINT (204397.48405889556 515030.00064124615),망포동
SL_4341,37.234451,127.050046,정상,2009,POINT (204440.9637026774 515033.4639530104),망포동
SL_4342,37.234378,127.051917,정상,2009,POINT (204606.99627258515 515025.45165192697),망포동
SL_4343,37.234236,127.048508,정상,2009,POINT (204304.497433836 515009.5317894929),망포동
SL_4344,37.234231,127.048035,정상,2009,POINT (204262.5246919963 515008.95548250835),망포동
SL_4345,37.234209,127.047454,정상,2009,POINT (204210.96919652016 515006.48788214056),망포동
SL_4346,37.234218,127.046874,정상,2009,POINT (204159.5007060801 515007.46108550875),망포동
SL_4347,37.23421,127.046243,정상,2009,POINT (204103.50751631963 515006.545698005),망포동
SL_4348,37.234379,127.051731,정상,2009,POINT (204590.4909945926 515025.5536008067),망포동
SL_4349,37.234316,127.051106,정상,2009,POINT (204535.03368914922 515018.53161566734),망포동
SL_4350,37.234298,127.050582,고장,2009,POINT (204488.53614902956 515016.5089717142),망포동
SL_4351,37.234289,127.050317,정상,2009,POINT (204465.02115722455 515015.49760477094),망포동
SL_4352,37.234271,127.049951,정상,2009,POINT (204432.54416471336 515013.48273258813),망포동
SL_4353,37.234253,127.049556,정상,2009,POINT (204397.49375847977 515011.4666387979),망포동
SL_4354,37.234231,127.049201,정상,2009,POINT (204365.99308207442 515009.00860658457),망포동
SL_4355,37.234249,127.048852,고장,2009,POINT (204335.0225247091 515010.9902490808),망포동
SL_4356,37.238992,127.051143,정상,2004,POINT (204538.03668691465 515537.4856638494),망포동
SL_4357,37.238304,127.047558,정상,2004,POINT (204219.96967677676 515460.96415331104),망포동
SL_4358,37.238291,127.047471,정상,2004,POINT (204212.2506182964 515459.5175117077),망포동
SL_4359,37.238244,127.047186,고장,2004,POINT (204186.9642729768 515454.2887109362),망포동
SL_4360,37.238505,127.047195,정상,2004,POINT (204187.7484333844 515483.2554436884),망포동
SL_4361,37.238548,127.047457,정상,2004,POINT (204210.99405832996 515488.0392954437),망포동
SL_4362,37.238622,127.047852,정상,2004,POINT (204246.03937894347 515496.2696137051),망포동
SL_4363,37.238698,127.048246,고장,2004,POINT (204280.99578530912 515504.72199736483),망포동
SL_4364,37.238779,127.048672,정상,2004,POINT (204318.79127864042 515513.73089646257),망포동
SL_4365,37.238853,127.04906,정상,2004,POINT (204353.2152596879 515521.961343031),망포동
SL_4366,37.238948,127.049528,정상,2004,POINT (204394.7365459231 515532.5262659568),망포동
SL_4367,37.238911,127.050754,정상,2004,POINT (204503.52463351793 515528.4775370478),망포동
SL_4368,37.239033,127.049959,정상,2004,POINT (204432.97522000677 515541.9798399891),망포동
SL_4369,37.239101,127.05032,정상,2004,POINT (204465.003558979 515549.5435885204),망포동
SL_4370,37.239155,127.050627,정상,2004,POINT (204492.2411372124 515555.55114586337),망포동
SL_4371,37.239208,127.0509,정상,2004,POINT (204516.46184606766 515561.4461870573),망포동
SL_4372,37.23926,127.051233,정상,2004,POINT (204546.0065013272 515567.23319516703),망포동
SL_4373,37.239276,127.05132,정상,2004,POINT (204553.72522330232 515569.0130902267),망포동
SL_4374,37.239285,127.050106,정상,2004,POINT (204446.0040632445 515569.9542322698),망포동
SL_4375,37.239493,127.050072,정상,2004,POINT (204442.97496793527 515593.036922562),망포동
SL_4376,37.23979,127.050027,정상,2004,POINT (204438.96462375714 515625.9965105284),망포동
SL_4377,37.239984,127.049999,정상,2004,POINT (204436.46877504993 515647.5257362258),망포동
SL_4378,37.238844,127.050382,정상,2004,POINT (204470.52013217795 515521.02410465135),망포동
SL_4379,37.240164,127.049971,정상,2004,POINT (204433.97375908337 515667.5012131165),망포동
SL_4380,37.240322,127.049943,정상,2004,POINT (204431.48004283578 515685.0350837512),망포동
SL_4381,37.24052,127.04991,정상,2004,POINT (204428.54034387183 515707.00800836075),망포동
SL_4382,37.240687,127.049859,정상,2004,POINT (204424.00532664527 515725.5396462083),망포동
SL_4383,37.238785,127.050015,정상,2004,POINT (204437.958766305 515514.4588934693),망포동
SL_4384,37.2387,127.049587,정상,2004,POINT (204399.98617045837 515505.0054366698),망포동
SL_4385,37.238615,127.049153,정상,2004,POINT (204361.48109281677 515495.55187531),망포동
SL_4386,37.238525,127.048725,정상,2004,POINT (204323.50861147908 515485.5438539561),망포동
SL_4387,37.238448,127.048319,정상,2004,POINT (204287.48742898076 515476.9797681041),망포동
SL_4388,37.238385,127.047936,정상,2004,POINT (204253.50624667833 515469.97061962436),망포동
SL_4389,37.238214,127.046927,정상,2002,POINT (204163.98402569027 515450.9478255221),망포동
SL_4390,37.23789,127.04682,정상,2002,POINT (204154.50735101476 515414.9849186293),망포동
SL_4391,37.237561,127.046724,정상,2002,POINT (204146.00694265205 515378.46759552375),망포동
SL_4392,37.237246,127.046634,정상,2002,POINT (204138.0381011547 515343.50429476786),망포동
SL_4393,37.23694,127.046605,정상,2002,POINT (204135.4815201887 515309.54250484856),망포동
SL_4394,37.236588,127.046599,정상,2002,POINT (204134.96833763362 515270.4765454109),망포동
SL_4395,37.240588,127.049684,정상,2004,POINT (204408.48328427723 515714.54424862337),망포동
SL_4396,37.239377,127.047294,정상,2004,POINT (204196.4846490991 515580.03624964156),망포동
SL_4397,37.238989,127.047176,정상,2004,POINT (204186.03574448463 515536.96995557484),망포동
SL_4398,37.23862,127.047063,정상,2004,POINT (204176.02934809975 515496.0125584095),망포동
SL_4399,37.240516,127.049464,정상,2004,POINT (204388.96676039902 515706.5433114377),망포동
SL_4400,37.240448,127.049233,정상,2004,POINT (204368.4739317689 515698.9858407882),망포동
SL_4401,37.240385,127.048906,정상,2004,POINT (204339.46263329053 515691.97892672213),망포동
SL_4402,37.24025,127.048546,정상,2004,POINT (204307.52726867466 515676.9798954202),망포동
SL_4403,37.240115,127.048281,정상,2004,POINT (204284.0212353348 515661.98528026894),망포동
SL_4404,37.239985,127.047982,정상,2004,POINT (204257.4979774591 515647.54411264823),망포동
SL_4405,37.239836,127.047678,정상,2004,POINT (204230.5320337969 515630.9941448271),망포동
SL_4406,37.239692,127.047492,정상,2004,POINT (204214.03602300593 515615.0044202583),망포동
SL_4407,37.24393,127.06054,정상,2004,POINT (205371.50387667777 516086.00748806656),망포동
SL_4408,37.243118,127.057927,정상,2004,POINT (205139.71658312445 515995.7448608384),망포동
SL_4409,37.243114,127.057888,정상,2004,POINT (205136.25648262972 515995.2988153882),망포동
SL_4410,37.243075,127.057736,정상,2004,POINT (205122.77254372934 515990.96227324556),망포동
SL_4411,37.243019,127.057412,정상,2004,POINT (205094.0285910571 515984.72978649166),망포동
SL_4412,37.242995,127.057034,정상,2004,POINT (205060.4911623792 515982.0459413348),망포동
SL_4413,37.242992,127.056696,정상,2004,POINT (205030.5014230608 515981.69498132693),망포동
SL_4414,37.243013,127.056431,정상,2004,POINT (205006.98721119558 515984.0115598609),망포동
SL_4415,37.243029,127.05618,정상,2004,POINT (204984.71552786342 515985.7740301613),망포동
SL_4416,37.242949,127.058113,정상,2004,POINT (205156.2314084285 515976.99897999456),망포동
SL_4417,37.24278,127.057961,정상,2004,POINT (205142.75628332712 515958.23471803986),망포동
SL_4418,37.243759,127.060078,정상,2004,POINT (205330.52426100546 516067.00341271807),망포동
SL_4419,37.242613,127.058161,정상,2004,POINT (205160.5132457365 515939.71157160343),망포동
SL_4420,37.242422,127.058011,정상,2004,POINT (205147.21702281444 515918.50580408395),망포동
SL_4421,37.242167,127.058245,정상,2004,POINT (205167.99685619498 515890.21808966924),망포동
SL_4422,37.241926,127.058172,정상,2004,POINT (205161.53610257426 515863.467397208),망포동
SL_4423,37.243838,127.059914,정상,2004,POINT (205315.96752776485 516075.76178764965),망포동
SL_4424,37.243628,127.059782,정상,2004,POINT (205304.2703281563 516052.448114994),망포동
SL_4425,37.243475,127.059452,정상,2004,POINT (205275.00111825822 516035.4493957656),망포동
SL_4426,37.243343,127.059156,정상,2004,POINT (205248.74706009545 516020.7832902664),망포동
SL_4427,37.243212,127.058745,정상,2004,POINT (205212.28919312562 516006.2219118345),망포동
SL_4428,37.243199,127.058508,정상,2004,POINT (205191.26169672993 516004.7661209999),망포동
SL_4429,37.243154,127.058133,정상,2004,POINT (205157.99199184022 515999.75142424926),망포동
SL_4430,37.241594,127.051319,정상,2004,POINT (204553.49704941353 515826.26970282674),망포동
SL_4431,37.24125,127.054241,정상,2004,POINT (204812.78584881788 515788.2363670477),망포동
SL_4432,37.241234,127.054449,정상,2004,POINT (204831.24264220145 515786.4712458448),망포동
SL_4433,37.241241,127.054666,정상,2004,POINT (204850.49653694878 515787.25921643863),망포동
SL_4434,37.241252,127.0549,정상,2004,POINT (204871.25857523648 515788.4920344377),망포동
SL_4435,37.24138,127.054996,정상,2004,POINT (204879.76837186873 515802.702697687),망포동
SL_4436,37.24141,127.055159,정상,2004,POINT (204894.22934415177 515806.04057698103),망포동
SL_4437,37.24157,127.055202,정상,2004,POINT (204898.0343585784 515823.7999507291),망포동
SL_4438,37.241761,127.055157,정상,2004,POINT (204894.02919065705 515844.99522208615),망포동
SL_4439,37.241928,127.055126,정상,2004,POINT (204891.26779765342 515863.52764651325),망포동
SL_4440,37.242137,127.055109,정상,2004,POINT (204889.74590506317 515886.7220477118),망포동
SL_4441,37.241587,127.051646,정상,2004,POINT (204582.51194432794 515825.50860487245),망포동
SL_4442,37.242363,127.055118,정상,2004,POINT (204890.52986045252 515911.80449020886),망포동
SL_4443,37.242606,127.055146,정상,2004,POINT (204892.9985460139 515938.77461309155),망포동
SL_4444,37.242833,127.055169,정상,2004,POINT (204895.0246113001 515963.96876387985),망포동
SL_4445,37.243025,127.055194,정상,2004,POINT (204897.23038395264 515985.27864200616),망포동
SL_4446,37.243146,127.054977,정상,2004,POINT (204877.96869797388 515998.6962874363),망포동
SL_4447,37.243144,127.054704,정상,2004,POINT (204853.74623198013 515998.46029170963),망포동
SL_4448,37.241546,127.051939,정상,2004,POINT (204608.51211899586 515820.97255720943),망포동
SL_4449,37.241515,127.05228,정상,2004,POINT (204638.77071897112 515817.54876262625),망포동
SL_4450,37.241467,127.052666,정상,2004,POINT (204673.02321624666 515812.240600019),망포동
SL_4451,37.241426,127.053012,고장,2004,POINT (204703.72614300987 515807.70746433636),망포동
SL_4452,37.241399,127.053336,정상,2004,POINT (204732.47617843634 515804.72709154425),망포동
SL_4453,37.241359,127.053666,정상,2004,POINT (204761.7594294075 515800.3043504938),망포동
SL_4454,37.241289,127.053936,정상,2004,POINT (204785.72083254717 515792.54921143956),망포동
SL_4455,37.245328,127.052905,정상,2006,POINT (204693.9900901199 516240.7547838948),망포동
SL_4456,37.243454,127.051675,정상,2006,POINT (204584.9719973353 516032.7137862324),망포동
SL_4457,37.243353,127.051331,정상,2006,POINT (204554.45595628658 516021.4879773388),망포동
SL_4458,37.243202,127.050858,정상,2006,POINT (204512.49698977568 516004.70701216906),망포동
SL_4459,37.243072,127.050441,정상,2006,POINT (204475.5053575411 515990.25952952873),망포동
SL_4460,37.242928,127.04997,정상,2006,POINT (204433.72312315306 515974.2559289624),망포동
SL_4461,37.242858,127.049801,정상,2006,POINT (204418.73222759092 515966.4792729526),망포동
SL_4462,37.242757,127.049612,정상,2006,POINT (204401.96854981923 515955.2612652154),망포동
SL_4463,37.242602,127.049483,정상,2006,POINT (204390.5316410957 515938.0530328606),망포동
SL_4464,37.242329,127.049646,정상,2006,POINT (204405.01020729603 515907.76246298174),망포동
SL_4465,37.242315,127.049961,정상,2006,POINT (204432.96047552602 515906.2234149867),망포동
SL_4466,37.244889,127.052998,정상,2006,POINT (204702.26878064207 516192.0381894868),망포동
SL_4467,37.242286,127.050215,정상,2006,POINT (204455.49920224195 515903.0168544979),망포동
SL_4468,37.242376,127.04946,정상,2006,POINT (204388.50399851598 515912.96998843993),망포동
SL_4469,37.24216,127.049482,정상,2006,POINT (204390.46855139706 515888.9988533458),망포동
SL_4470,37.241928,127.04951,정상,2006,POINT (204392.96641710965 515863.25228286994),망포동
SL_4471,37.244474,127.053099,정상,2006,POINT (204711.255880028 516145.98557867564),망포동
SL_4472,37.244247,127.053071,정상,2006,POINT (204708.78567791008 516120.7912170162),망포동
SL_4473,37.243949,127.052628,정상,2006,POINT (204669.49837436766 516087.69656853564),망포동
SL_4474,37.243857,127.052453,정상,2006,POINT (204653.976892364 516077.47758596344),망포동
SL_4475,37.24376,127.052293,정상,2006,POINT (204639.78658000045 516066.7044561598),망포동
SL_4476,37.243664,127.052138,정상,2006,POINT (204626.03980434142 516056.0425770773),망포동
SL_4477,37.243551,127.051943,정상,2006,POINT (204608.74495073306 516043.49207487033),망포동
SL_4478,37.241006,127.065046,정상,2015,POINT (205771.52860359068 515761.760680919),망포동
SL_4479,37.240831,127.063775,정상,2015,POINT (205658.76590167123 515742.26207593025),망포동
SL_4480,37.240944,127.063403,정상,2015,POINT (205625.74988044356 515754.78089322505),망포동
SL_4481,37.241151,127.063437,정상,2015,POINT (205628.75130876544 515777.7562261027),망포동
SL_4482,37.241387,127.06344,정상,2015,POINT (205628.9999478165 515803.9482008288),망포동
SL_4483,37.24141,127.06317,정상,2015,POINT (205605.04127505753 515806.4847724789),망포동
SL_4484,37.241221,127.062978,정상,2015,POINT (205588.01916576677 515785.4977893062),망포동
SL_4485,37.241435,127.06286,정상,2015,POINT (205577.53329099782 515809.24101962283),망포동
SL_4486,37.241248,127.062659,정상,2015,POINT (205559.71240464813 515788.47552799946),망포동
SL_4487,37.241458,127.062522,정상,2015,POINT (205547.54104765903 515811.77375142835),망포동
SL_4488,37.241282,127.062392,정상,2015,POINT (205536.01909350295 515792.2332767057),망포동
SL_4489,37.241179,127.064823,정상,2015,POINT (205751.7286758133 515780.9470282234),망포동
SL_4490,37.241494,127.062282,정상,2015,POINT (205526.24335531204 515815.75507454254),망포동
SL_4491,37.241309,127.062113,정상,2015,POINT (205511.26155814415 515795.2135183124),망포동
SL_4492,37.241501,127.062113,정상,2015,POINT (205511.2475785284 515816.52209874906),망포동
SL_4493,37.241056,127.06464,정상,2015,POINT (205735.50044942414 515767.2851176008),망포동
SL_4494,37.241204,127.064519,정상,2015,POINT (205724.75293753462 515783.70315786195),망포동
SL_4495,37.241092,127.064313,정상,2015,POINT (205706.4830562729 515771.2607168443),망포동
SL_4496,37.241252,127.064184,정상,2015,POINT (205695.02486585558 515789.01009926386),망포동
SL_4497,37.241124,127.064034,고장,2015,POINT (205681.72502242925 515774.7953670472),망포동
SL_4498,37.241293,127.063882,정상,2015,POINT (205668.22543355523 515793.54224572127),망포동
SL_4499,37.241036,127.063829,정상,2015,POINT (205663.541992452 515765.0166520997),망포동
SL_4500,37.240909,127.065122,정상,2016,POINT (205778.27948558255 515751.00004482607),망포동
SL_4501,37.239281,127.064298,정상,2016,POINT (205705.28860283646 515570.27110633644),망포동
SL_4502,37.239159,127.064143,정상,2016,POINT (205691.5443177084 515556.7219553165),망포동
SL_4503,37.239204,127.063914,정상,2016,POINT (205671.22128884046 515561.7024107959),망포동
SL_4504,37.239166,127.063641,정상,2016,POINT (205647.0002667466 515557.4687718822),망포동
SL_4505,37.239155,127.063368,정상,2016,POINT (205622.77721486308 515556.23172085104),망포동
SL_4506,37.240688,127.065085,정상,2016,POINT (205775.01333350167 515726.47072550806),망포동
SL_4507,37.240454,127.065037,정상,2016,POINT (205770.77211668144 515700.49796962197),망포동
SL_4508,37.24022,127.064991,정상,2016,POINT (205766.70833520358 515674.52533875225),망포동
SL_4509,37.239995,127.064935,정상,2016,POINT (205761.75653175052 515649.5509417887),망포동
SL_4510,37.239794,127.064892,정상,2016,POINT (205757.9563814773 515627.2409111089),망포동
SL_4511,37.239657,127.064675,정상,2016,POINT (205738.71205698315 515612.0231804425),망포동
SL_4512,37.239499,127.064523,정상,2016,POINT (205725.23681196332 515594.4787975322),망포동
SL_4513,37.239314,127.064492,정상,2016,POINT (205722.50011352013 515573.9452250262),망포동
SL_4514,37.240646,127.063338,정상,2015,POINT (205620.0045532133 515721.70434354316),망포동
SL_4515,37.239295,127.063255,정상,2015,POINT (205612.74010342124 515571.7625171006),망포동
SL_4516,37.239293,127.062827,정상,2015,POINT (205574.7629678779 515571.51526656706),망포동
SL_4517,37.239056,127.063086,정상,2015,POINT (205597.76207400675 515545.2277785948),망포동
SL_4518,37.239034,127.062607,정상,2015,POINT (205555.260941082 515542.7579594521),망포동
SL_4519,37.238748,127.062815,정상,2015,POINT (205573.7383122118 515511.02929084527),망포동
SL_4520,37.238816,127.062398,정상,2015,POINT (205536.73184022782 515518.55160999135),망포동
SL_4521,37.238656,127.062215,정상,2015,POINT (205520.50545526136 515500.78378201963),망포동
SL_4522,37.238444,127.062505,정상,2015,POINT (205546.25347567754 515477.27251711907),망포동
SL_4523,37.23846,127.06202,정상,2015,POINT (205503.21682384054 515479.01993155794),망포동
SL_4524,37.238264,127.062308,정상,2015,POINT (205528.78622739593 515457.28421173693),망포동
SL_4525,37.240452,127.06371,정상,2015,POINT (205653.02674486692 515700.19594810344),망포동
SL_4526,37.238282,127.06182,정상,2015,POINT (205485.48313257363 515459.25350616185),망포동
SL_4527,37.238282,127.062161,정상,2015,POINT (205515.74113881862 515459.27331652946),망포동
SL_4528,37.238115,127.061626,정상,2015,POINT (205468.28096342736 515440.7082687942),망포동
SL_4529,37.238042,127.061934,정상,2015,POINT (205495.61613522138 515432.6244059559),망포동
SL_4530,37.237951,127.061437,정상,2015,POINT (205451.52217000103 515422.49630150007),망포동
SL_4531,37.237806,127.061689,정상,2015,POINT (205473.8935076699 515406.4184325357),망포동
SL_4532,37.237825,127.061287,정상,2015,POINT (205438.2211898103 515408.50392811274),망포동
SL_4533,37.237679,127.061121,정상,2015,POINT (205423.50185670197 515392.2910171457),망포동
SL_4534,37.237657,127.061504,정상,2015,POINT (205457.48851208095 515389.8714173903),망포동
SL_4535,37.237499,127.060907,정상,2015,POINT (205404.52566041652 515372.3019996118),망포동
SL_4536,37.240356,127.063307,정상,2015,POINT (205617.2754317463 515689.5176735529),망포동
SL_4537,37.237451,127.061242,정상,2015,POINT (205434.25502062295 515366.9940321428),망포동
SL_4538,37.237334,127.06069,정상,2015,POINT (205385.28210390577 515353.9775866984),망포동
SL_4539,37.237293,127.061092,정상,2015,POINT (205420.95621505426 515349.45025981497),망포동
SL_4540,37.237197,127.060487,정상,2015,POINT (205367.27876074822 515338.76151103666),망포동
SL_4542,37.237053,127.060213,정상,2015,POINT (205342.97569068888 515322.76459084847),망포동
SL_4543,37.240171,127.063656,정상,2015,POINT (205648.25625922537 515669.00673545396),망포동
SL_4544,37.240081,127.063228,정상,2015,POINT (205610.28608618188 515658.99289318285),망포동
SL_4545,37.239822,127.063523,정상,2015,POINT (205636.4810307126 515630.26603410125),망포동
SL_4546,37.239761,127.063098,정상,2015,POINT (205598.77471798126 515623.470905873),망포동
SL_4547,37.239525,127.063385,정상,2015,POINT (205624.25817086504 515597.29612668767),망포동
SL_4548,37.239516,127.062962,정상,2015,POINT (205586.72532611707 515596.27224387735),망포동
SL_4549,37.234815,127.052005,정상,2001,POINT (204614.7785565968 515073.9550957193),망포동
SL_4550,37.237237,127.052167,정상,2001,POINT (204629.00589496907 515342.76160945394),망포동
SL_4551,37.237482,127.052142,정상,2001,POINT (204626.7725620039 515369.9510041409),망포동
SL_4552,37.237721,127.052122,정상,2001,POINT (204624.98327888633 515396.47475206386),망포동
SL_4553,37.237965,127.052094,정상,2001,POINT (204622.48383335216 515423.55302143825),망포동
SL_4554,37.238208,127.052075,정상,2001,POINT (204620.78306392848 515450.52074971807),망포동
SL_4555,37.238467,127.052047,정상,2001,POINT (204618.28273255404 515479.2637544849),망포동
SL_4556,37.23873,127.052021,정상,2001,POINT (204615.95963943898 515508.45078727603),망포동
SL_4557,37.239003,127.052005,정상,2001,POINT (204614.52327586402 515538.74813071336),망포동
SL_4558,37.235083,127.052027,정상,2001,POINT (204616.71443315584 515103.69936107047),망포동
SL_4559,37.23537,127.052053,정상,2001,POINT (204619.0040829639 515135.55248269206),망포동
SL_4560,37.235651,127.052081,정상,2001,POINT (204621.47155387566 515166.73981165525),망포동
SL_4561,37.235863,127.052118,정상,2001,POINT (204624.74184434675 515190.2698187857),망포동
SL_4562,37.236095,127.052127,정상,2001,POINT (204625.5262937375 515216.01810156764),망포동
SL_4563,37.236424,127.052133,정상,2001,POINT (204626.03860468365 515252.5315016095),망포동
SL_4564,37.236678,127.052144,정상,2001,POINT (204626.99916941498 515280.7214908011),망포동
SL_4565,37.236955,127.052155,정상,2001,POINT (204627.9583214913 515311.4640696399),망포동
SL_4566,37.241216,127.055289,정상,2002,POINT (204905.77675076647 515784.51676138764),망포동
SL_4567,37.238406,127.056419,정상,2002,POINT (205006.22716279118 515472.71605137887),망포동
SL_4568,37.238167,127.056723,정상,2002,POINT (205033.21788784835 515446.20743960293),망포동
SL_4569,37.237969,127.057022,정상,2002,POINT (205059.76237500669 515424.2489152321),망포동
SL_4570,37.237804,127.057363,정상,2002,POINT (205090.03159973887 515405.9551422606),망포동
SL_4571,37.237685,127.057791,정상,2002,POINT (205128.01769041378 515392.7713643862),망포동
SL_4572,37.237588,127.058202,정상,2002,POINT (205164.4939218092 515382.02843755414),망포동
SL_4573,37.237475,127.058574,정상,2002,POINT (205197.51071602138 515369.5078138086),망포동
SL_4574,37.237324,127.058951,정상,2002,POINT (205230.97390568245 515352.7702759159),망포동
SL_4575,37.237148,127.059303,정상,2002,POINT (205262.22060519265 515333.2569291934),망포동
SL_4576,37.24104,127.055336,정상,2002,POINT (204909.9584637255 515764.9863339304),망포동
SL_4577,37.240695,127.05544,정상,2002,POINT (204919.20879611035 515726.70288168476),망포동
SL_4578,37.240371,127.055522,정상,2002,POINT (204926.50576965403 515690.7489222995),망포동
SL_4579,37.240024,127.055606,정상,2002,POINT (204933.98176665543 515652.242485693),망포동
SL_4580,37.239738,127.055676,정상,2002,POINT (204940.21160955745 515620.50523876667),망포동
SL_4581,37.239472,127.055735,정상,2002,POINT (204945.46414304408 515590.9870663261),망포동
SL_4582,37.23904,127.055955,정상,2002,POINT (204965.01346424466 515543.0542931833),망포동
SL_4583,37.238735,127.056138,정상,2002,POINT (204981.27153855216 515509.21435275563),망포동
SL_4584,37.237141,127.059878,정상,2002,POINT (205313.24342493445 515332.5121653744),망포동
SL_4585,37.238557,127.056724,정상,2002,POINT (205033.28069055034 515489.4905233388),망포동
SL_4586,37.238852,127.056462,정상,2002,POINT (205010.01316498333 515522.2163578282),망포동
SL_4587,37.239249,127.05622,정상,2002,POINT (204988.51374158263 515566.26349056826),망포동
SL_4588,37.239684,127.056037,정상,2002,POINT (204972.24720888026 515614.531099726),망포동
SL_4589,37.239974,127.055975,정상,2002,POINT (204966.72682748424 515646.7126710081),망포동
SL_4590,37.24024,127.055911,정상,2002,POINT (204961.03059938134 515676.23057070107),망포동
SL_4591,37.240551,127.055832,정상,2002,POINT (204954.0005077958 515710.74188821646),망포동
SL_4592,37.240837,127.055756,정상,2002,POINT (204947.23829800016 515742.4788157338),망포동
SL_4593,37.241114,127.055663,정상,2002,POINT (204938.96831928752 515773.21602358215),망포동
SL_4594,37.237425,127.059416,정상,2002,POINT (205272.2283109674 515364.00525995006),망포동
SL_4595,37.237612,127.059016,정상,2002,POINT (205236.721711679 515384.73671774316),망포동
SL_4596,37.237752,127.058659,정상,2002,POINT (205205.03406927036 515400.2545293822),망포동
SL_4597,37.237851,127.058284,정상,2002,POINT (205171.75214001653 515411.2212104715),망포동
SL_4598,37.237937,127.05798,정상,2002,POINT (205144.77126291324 515420.74911141343),망포동
SL_4599,37.238016,127.057616,정상,2002,POINT (205112.46691238924 515429.4969828111),망포동
SL_4600,37.238183,127.057259,정상,2002,POINT (205080.7778567801 515448.0117811335),망포동
SL_4601,37.238332,127.057014,정상,2002,POINT (205059.0282481737 515464.5349994423),망포동
SL_4602,37.241495,127.056134,정상,2004,POINT (204980.73500064766 515815.5249103031),망포동
SL_4603,37.243333,127.055564,정상,2004,POINT (204930.03953159202 516019.48036911344),망포동
SL_4604,37.243685,127.055716,정상,2004,POINT (204943.50308008693 516058.55403881526),망포동
SL_4605,37.243964,127.055866,정상,2004,POINT (204956.79383102336 516089.52592466667),망포동
SL_4606,37.244236,127.056052,정상,2004,POINT (204973.27908567496 516119.72284800233),망포동
SL_4607,37.244484,127.056263,정상,2004,POINT (204991.98395097847 516147.2575493016),망포동
SL_4608,37.244736,127.056472,정상,2004,POINT (205010.51097752064 516175.2361166763),망포동
SL_4609,37.244964,127.056703,정상,2004,POINT (205030.9914323194 516200.552321067),망포동
SL_4610,37.241486,127.055993,정상,2004,POINT (204968.22474776048 515814.5186621855),망포동
SL_4611,37.241479,127.05583,정상,2004,POINT (204953.7623140325 515813.73324574146),망포동
SL_4612,37.241464,127.055545,정상,2004,POINT (204928.47541000578 515812.0536388843),망포동
SL_4613,37.241797,127.055472,정상,2004,POINT (204921.976508409 515849.0069107071),망포동
SL_4614,37.242085,127.05543,정상,2004,POINT (204918.23117555564 515880.96760056703),망포동
SL_4615,37.242396,127.055428,정상,2004,POINT (204918.0335108104 515915.48296145635),망포동
SL_4616,37.242705,127.055467,정상,2004,POINT (204921.4738240425 515949.7784902854),망포동
SL_4617,37.243013,127.055513,정상,2004,POINT (204925.53526719954 515983.96340429375),망포동
SL_4618,37.243214,127.055696,정상,2004,POINT (204941.75929593563 516006.2803668071),망포동
SL_4619,37.24337,127.058809,정상,2004,POINT (205217.95685257873 516023.76062863297),망포동
SL_4620,37.243518,127.059201,정상,2004,POINT (205252.72764006155 516040.2076756604),망포동
SL_4621,37.24366,127.059508,정상,2004,POINT (205279.9569283883 516055.9842298423),망포동
SL_4622,37.243822,127.059844,정상,2004,POINT (205309.75778527436 516073.98214356456),망포동
SL_4623,37.24393,127.060154,정상,2004,POINT (205337.2554342784 516085.98565675237),망포동
SL_4624,37.243173,127.056144,정상,2004,POINT (204981.5118571427 516001.7535747477),망포동
SL_4625,37.243141,127.056609,정상,2004,POINT (205022.77223120636 515998.2267125622),망포동
SL_4626,37.243137,127.057023,정상,2004,POINT (205059.50566626163 515997.8048284008),망포동
SL_4627,37.243152,127.057364,정상,2004,POINT (205089.76072244643 515999.4878399472),망포동
SL_4628,37.243202,127.057657,정상,2004,POINT (205115.75448449483 516005.0527433851),망포동
SL_4629,37.243251,127.057891,정상,2004,POINT (205136.51336771154 516010.5035424086),망포동
SL_4630,37.243282,127.058144,정상,2004,POINT (205158.95926913698 516013.9577479851),망포동
SL_4631,37.243323,127.05848,정상,2004,POINT (205188.76882899774 516018.5263816251),망포동
SL_4632,37.238566,127.04613,정상,2005,POINT (204093.2446086055 515489.97878079116),망포동
SL_4633,37.236706,127.046101,정상,2005,POINT (204090.77186403028 515283.5508009145),망포동
SL_4634,37.236356,127.046089,정상,2005,POINT (204089.72595128862 515244.7065509423),망포동
SL_4635,37.236111,127.046098,정상,2005,POINT (204090.53780750567 515217.51632895356),망포동
SL_4636,37.235834,127.046078,정상,2005,POINT (204088.7780535673 515186.773429031),망포동
SL_4637,37.234813,127.046066,정상,2005,POINT (204087.7683473455 515073.4602199041),
SL_4638,37.234462,127.046063,정상,2005,POINT (204087.52108541678 515034.5053891963),
SL_4639,37.234174,127.046074,정상,2005,POINT (204088.51275140012 515002.5430340577),
SL_4640,37.233951,127.046077,정상,2005,POINT (204088.79100807148 514977.79416779714),
SL_4641,37.233619,127.046071,정상,2005,POINT (204088.27650542354 514940.9478718882),
SL_4642,37.233196,127.046093,정상,2005,POINT (204090.2516060225 514894.00342256454),망포동
SL_4643,37.238472,127.046333,정상,2005,POINT (204111.26247552043 515479.555256032),망포동
SL_4644,37.232822,127.046101,정상,2005,POINT (204090.9817262418 514852.4964911242),
SL_4653,37.236079,127.045669,정상,2005,POINT (204052.4719074766 515213.9464556795),망포동
SL_4654,37.238237,127.046648,정상,2005,POINT (204139.2261969819 515453.48818095174),망포동
SL_4655,37.236388,127.045675,정상,2005,POINT (204052.98777954563 515248.2401766048),망포동
SL_4656,37.236602,127.045689,정상,2005,POINT (204054.21861464393 515271.99094309396),망포동
SL_4657,37.237325,127.045704,정상,2005,POINT (204055.5109103771 515352.2316424956),망포동
SL_4658,37.237724,127.045704,정상,2005,POINT (204055.4895357023 515396.5135039052),망포동
SL_4659,37.237972,127.045713,정상,2005,POINT (204056.27485170955 515424.0374539165),망포동
SL_4660,37.238294,127.04571,정상,2005,POINT (204055.99139892426 515459.7735681144),망포동
SL_4661,37.237483,127.045924,정상,2005,POINT (204075.0239452313 515369.7762609456),망포동
SL_4662,37.237273,127.045915,정상,2005,POINT (204074.2366401806 515346.4696313578),망포동
SL_4663,37.237064,127.045923,정상,2005,POINT (204074.9577646558 515323.2747162608),망포동
SL_4664,37.23687,127.045937,정상,2005,POINT (204076.2104942872 515301.74479177233),망포동
SL_4665,37.238237,127.046285,정상,2005,POINT (204107.01604438687 515453.4723735941),망포동
SL_4666,37.236663,127.045926,정상,2005,POINT (204075.24555421981 515278.77102469164),망포동
SL_4672,37.237956,127.046268,정상,2005,POINT (204105.52281924876 515422.28566067363),망포동
SL_4673,37.238066,127.046448,정상,2005,POINT (204121.4888662604 515434.50151371676),망포동
SL_4674,37.238093,127.046121,정상,2005,POINT (204092.47158381852 515437.4838470511),망포동
SL_4675,37.237888,127.04613,정상,2005,POINT (204093.28126861874 515414.7329019582),망포동
SL_4676,37.237607,127.046118,정상,2005,POINT (204092.23165505702 515383.5464094578),망포동
SL_4677,37.236974,127.046121,정상,2005,POINT (204092.53207628656 515313.29486692545),망포동
SL_4678,37.236949,127.046408,정상,2005,POINT (204118.0002902038 515310.5327578085),망포동
SL_4679,37.248128,127.053775,정상,2006,POINT (204771.00422311708 516551.5486754747),망포동
SL_4680,37.249014,127.056086,정상,2006,POINT (204975.98160575287 516649.9979904086),신동
SL_4681,37.249109,127.056306,정상,2006,POINT (204995.49386030438 516660.55289921386),매탄동
SL_4682,37.249235,127.056582,정상,2006,POINT (205019.9723489494 516674.5512742366),매탄동
SL_4683,37.249514,127.056768,정상,2006,POINT (205036.45575784272 516705.52522630163),매탄동
SL_4684,37.249752,127.056932,정상,2006,POINT (205050.9899491885 516731.94776204554),매탄동
SL_4685,37.249973,127.057124,정상,2006,POINT (205068.0093315183 516756.48512294574),매탄동
SL_4686,37.250117,127.057276,정상,2006,POINT (205081.48501756298 516772.47473022516),매탄동
SL_4687,37.250266,127.057406,정상,2006,POINT (205093.0084952833 516789.0180874062),매탄동
SL_4688,37.250383,127.057536,정상,2006,POINT (205104.53408625053 516802.0100254654),매탄동
SL_4689,37.250518,127.057677,정상,2006,POINT (205117.034331432 516817.00025668024),매탄동
SL_4690,37.248249,127.053893,정상,2006,POINT (204781.46572780365 516564.98348911805),신동
SL_4691,37.250585,127.057857,정상,2006,POINT (205132.99917221724 516824.4458205438),신동
SL_4692,37.251387,127.058664,정상,2006,POINT (205204.54002485707 516913.49774649873),신동
SL_4693,37.251923,127.059081,정상,2006,POINT (205241.49821373823 516973.0073125523),신동
SL_4694,37.252148,127.059324,정상,2006,POINT (205263.04083378502 516997.9918337845),매탄동
SL_4695,37.252382,127.059577,정상,2006,POINT (205285.46986322035 517023.97581128596),신동
SL_4696,37.252634,127.059713,정상,2006,POINT (205297.51768043265 517051.95097834547),매탄동
SL_4697,37.247975,127.053279,정상,2006,POINT (204727.0078614774 516534.54349867813),망포동
SL_4698,37.248056,127.053079,정상,2006,POINT (204709.25846292143 516543.523097354),신동
SL_4699,37.248265,127.053031,정상,2006,POINT (204704.9868272085 516566.71601371234),신동
SL_4700,37.248455,127.052989,정상,2006,POINT (204701.24872256088 516587.8005669735),신동
SL_4701,37.248344,127.054068,정상,2006,POINT (204796.9859627664 516575.5356628486),신동
SL_4702,37.248411,127.054265,정상,2006,POINT (204814.4598075492 516582.98147926864),신동
SL_4703,37.248501,127.054502,정상,2006,POINT (204835.48099972642 516592.98196802667),신동
SL_4704,37.248618,127.054857,정상,2006,POINT (204866.9694914061 516605.98509270337),신동
SL_4705,37.248798,127.055246,정상,2006,POINT (204901.47031567353 516625.9819821939),신동
SL_4706,37.24892,127.055511,정상,2006,POINT (204924.9733943608 516639.535580487),신동
SL_4707,37.248996,127.055793,정상,2006,POINT (204949.9876554407 516647.98494659556),신동
SL_4708,37.247001,127.048897,정상,1999,POINT (204338.28481889638 516426.23692185746),신동
SL_4709,37.246785,127.049195,정상,1999,POINT (204364.73670982002 516402.2784464089),신동
SL_4710,37.246557,127.049533,정상,1999,POINT (204394.73838595126 516376.9901238568),망포동
SL_4711,37.246379,127.049806,정상,1999,POINT (204418.9702815469 516357.24798694404),망포동
SL_4712,37.246205,127.050054,정상,1999,POINT (204440.9839596345 516337.9486764325),신동
SL_4713,37.246048,127.050291,정상,1999,POINT (204462.0207718432 516320.5356041636),신동
SL_4714,37.245865,127.050598,정상,1999,POINT (204489.2699097879 516300.2403632334),신동
SL_4715,37.245732,127.050243,정상,2014,POINT (204457.7806306716 516285.46294613136),망포동
SL_4716,37.245685,127.049786,정상,2014,POINT (204417.2363148461 516280.2253578772),망포동
SL_4717,37.245643,127.048859,정상,2014,POINT (204334.99113422312 516275.5212510283),망포동
SL_4718,37.245616,127.048293,정상,2014,POINT (204284.7745834835 516272.49896185735),망포동
SL_4719,37.245591,127.047808,정상,2014,POINT (204241.74457630375 516269.702563767),망포동
SL_4720,37.245774,127.047569,정상,2014,POINT (204220.5291956988 516290.0016357965),신동
SL_4721,37.247013,127.047936,정상,2014,POINT (204253.02140903848 516427.52510126814),신동
SL_4722,37.246896,127.04786,정상,2014,POINT (204246.28503232374 516414.5367619267),신동
SL_4723,37.246797,127.047795,정상,2014,POINT (204240.5235812294 516403.54660205863),신동
SL_4724,37.246625,127.047685,정상,2014,POINT (204230.77364824465 516384.4527277165),신동
SL_4725,37.246463,127.047575,정상,2014,POINT (204221.02311311165 516366.46868806),신동
SL_4726,37.246254,127.047462,정상,2014,POINT (204211.0089801129 516343.2683599231),신동
SL_4727,37.246002,127.047369,정상,2014,POINT (204202.7716606141 516315.29669474444),신동
SL_4728,37.245956,127.047634,정상,2014,POINT (204226.2861160831 516310.2033081356),신동
SL_4729,37.246152,127.047707,정상,2014,POINT (204232.75201720538 516331.9590945388),신동
SL_4730,37.246324,127.047794,고장,2014,POINT (204240.4613612231 516351.0519390892),신동
SL_4731,37.246501,127.047902,정상,2014,POINT (204250.03358327982 516370.70064528944),신동
SL_4732,37.246666,127.04802,정상,2014,POINT (204260.49366912787 516389.0180256604),신동
SL_4733,37.246821,127.048133,정상,2014,POINT (204270.51065794745 516406.225371194),신동
SL_4734,37.247006,127.048265,정상,2014,POINT (204282.21164434607 516426.76305710373),신동
SL_4735,37.247173,127.048049,정상,2014,POINT (204263.0380854177 516445.28735038126),신동
SL_4736,37.245289,127.044435,정상,2014,POINT (203942.49229332988 516236.0401201201),망포동
SL_4737,37.24532,127.044737,정상,2014,POINT (203969.2855980063 516239.49318968185),망포동
SL_4738,37.245345,127.045072,정상,2014,POINT (203999.0071182775 516242.28184470464),망포동
SL_4739,37.245383,127.045472,정상,2014,POINT (204034.49504058878 516246.51614241),망포동
SL_4740,37.245416,127.045852,정상,2014,POINT (204068.20870046044 516250.19481916603),망포동
SL_4741,37.245457,127.04623,정상,2014,POINT (204101.74444790257 516254.7614026957),망포동
SL_4742,37.245495,127.046591,정상,2014,POINT (204133.77200316757 516258.9944309434),망포동
SL_4743,37.245526,127.046884,정상,2014,POINT (204159.76663483886 516262.4477154111),신동
SL_4744,37.245437,127.044345,정상,2013,POINT (203934.49935504838 516252.46174963715),신동
SL_4745,37.246928,127.045022,정상,2013,POINT (203994.48732128335 516417.9646676392),신동
SL_4746,37.247068,127.04518,정상,2013,POINT (204008.49814200163 516433.50886646996),신동
SL_4747,37.247226,127.045338,정상,2013,POINT (204022.50795407218 516451.05077031616),신동
SL_4748,37.247343,127.045485,정상,2013,POINT (204035.54394667756 516464.0419550248),신동
SL_4749,37.247464,127.045603,정상,2013,POINT (204046.0067357598 516477.4758495513),신동
SL_4750,37.247635,127.045766,정상,2013,POINT (204060.45930954596 516496.46080160746),신동
SL_4751,37.247806,127.04593,정상,2013,POINT (204075.00053993156 516515.4458221836),신동
SL_4752,37.247987,127.04611,정상,2013,POINT (204090.9607124924 516535.5413829403),신동
SL_4753,37.248158,127.046251,정상,2013,POINT (204103.46121000886 516554.5254603046),신동
SL_4754,37.245658,127.044334,정상,2013,POINT (203933.51189631212 516276.9883717491),신동
SL_4755,37.245834,127.044345,정상,2013,POINT (203934.47871602993 516296.5217070995),신동
SL_4756,37.246032,127.044379,정상,2013,POINT (203937.48504063085 516318.4976094372),신동
SL_4757,37.246194,127.044458,정상,2013,POINT (203944.48579819748 516336.48002591106),신동
SL_4758,37.246356,127.044532,정상,2013,POINT (203951.04290730442 516354.4622400431),신동
SL_4759,37.246478,127.044622,정상,2013,POINT (203959.0216567162 516368.00583775254),신동
SL_4760,37.246708,127.044819,정상,2013,POINT (203976.4881092249 516393.54001883836),신동
SL_4761,37.246825,127.044921,정상,2013,POINT (203985.53172127192 516406.5292353274),신동
SL_4762,37.248487,127.045998,정상,2013,POINT (204080.99690963433 516591.0277036617),신동
SL_4763,37.246717,127.044289,정상,2013,POINT (203929.4643077962 516394.51672785316),신동
SL_4764,37.2466,127.044199,정상,2013,POINT (203921.48527693108 516381.52806908725),신동
SL_4765,37.246451,127.044086,정상,2013,POINT (203911.46723395682 516364.98703476007),신동
SL_4766,37.246217,127.043962,정상,2013,POINT (203900.47757109106 516339.0120664118),신동
SL_4767,37.245861,127.043866,정상,2013,POINT (203891.9783895372 516299.49842787674),신동
SL_4768,37.245654,127.04386,정상,2013,POINT (203891.45668768458 516276.5248528398),신동
SL_4769,37.24537,127.043849,정상,2013,POINT (203890.49531735596 516245.00543942477),신동
SL_4770,37.248208,127.045722,정상,2013,POINT (204056.52481794564 516560.05177544826),신동
SL_4771,37.247973,127.045485,정상,2013,POINT (204035.51035103595 516533.96080344345),신동
SL_4772,37.247735,127.045242,정상,2013,POINT (204013.96358022006 516507.53668383154),신동
SL_4773,37.2476,127.045248,정상,2013,POINT (204014.5030741854 516492.55432787735),신동
SL_4774,37.247541,127.045056,정상,2013,POINT (203997.47152330328 516485.9982472047),신동
SL_4775,37.247334,127.044842,정상,2013,POINT (203978.49583453973 516463.01589679037),신동
SL_4776,37.247104,127.044622,정상,2013,POINT (203958.98890840987 516437.4807465558),신동
SL_4777,37.246911,127.044447,정상,2013,POINT (203943.4724740454 516416.0538608699),신동
SL_4778,37.245311,127.043748,정상,2014,POINT (203881.53713443317 516238.45334044285),신동
SL_4779,37.247523,127.044882,정상,2014,POINT (203982.03479103962 516483.9932323127),신동
SL_4780,37.247622,127.044989,정상,2014,POINT (203991.52285717506 516494.98498609767),신동
SL_4781,37.247735,127.045096,정상,2014,POINT (204001.01015828006 516507.530503009),신동
SL_4782,37.248032,127.0454,정상,2014,POINT (204027.9658585564 516540.50513924734),신동
SL_4783,37.248325,127.045716,정상,2014,POINT (204055.9862178983 516573.0364486897),신동
SL_4784,37.248577,127.045908,정상,2014,POINT (204073.00715872328 516601.01223581476),신동
SL_4785,37.248626,127.04584,정상,2014,POINT (204066.97149176028 516606.44744565175),신동
SL_4786,37.248442,127.046094,정상,2014,POINT (204089.5165754258 516586.037642548),신동
SL_4787,37.248685,127.046297,정상,2014,POINT (204107.51379712313 516613.01513468835),신동
SL_4788,37.248771,127.04615,정상,2014,POINT (204094.46716355404 516622.55324566306),신동
SL_4789,37.245681,127.043759,정상,2014,POINT (203882.49412732743 516279.5172268881),신동
SL_4790,37.248843,127.04606,정상,2014,POINT (204086.47839857152 516630.5400836808),신동
SL_4791,37.24592,127.043765,정상,2014,POINT (203883.0142116435 516306.0422339501),신동
SL_4792,37.246185,127.043827,정상,2014,POINT (203888.50149588715 516335.4550799341),신동
SL_4793,37.246465,127.043991,정상,2014,POINT (203903.03777249134 516366.5368655619),신동
SL_4794,37.246654,127.044103,정상,2014,POINT (203912.96503861764 516387.51713969756),신동
SL_4795,37.246866,127.044261,정상,2014,POINT (203926.97232481776 516411.05192602525),신동
SL_4796,37.247158,127.044515,정상,2014,POINT (203949.49274980597 516443.46932061925),신동
SL_4797,37.24737,127.044735,정상,2014,POINT (203969.00063488187 516467.00676773395),신동
SL_4798,37.248636,127.045474,정상,2014,POINT (204034.49906396444 516607.54160690005),신동
SL_4799,37.247247,127.044083,정상,2014,POINT (203911.15992456675 516453.32880831894),신동
SL_4800,37.247104,127.043951,정상,2014,POINT (203899.45590452504 516437.4528953432),신동
SL_4801,37.246929,127.043833,정상,2014,POINT (203888.99560629466 516418.0261410325),신동
SL_4802,37.248438,127.044995,정상,2014,POINT (203992.0121444238 516585.54680069373),신동
SL_4803,37.248609,127.044696,정상,2014,POINT (203965.4755317176 516604.5122091485),신동
SL_4804,37.248798,127.044386,정상,2014,POINT (203937.9621729161 516625.4749259905),신동
SL_4805,37.248482,127.045372,정상,2014,POINT (204025.45771279477 516590.44598781515),신동
SL_4806,37.248307,127.045158,정상,2014,POINT (204006.48064282577 516571.0150041978),신동
SL_4807,37.248167,127.045045,정상,2014,POINT (203996.46251849257 516555.47270416515),신동
SL_4808,37.24801,127.044859,정상,2014,POINT (203979.96856515083 516538.0406455775),신동
SL_4809,37.247793,127.044662,정상,2014,POINT (203962.50174379427 516513.949221283),신동
SL_4810,37.24769,127.044538,정상,2014,POINT (203951.50559408258 516502.5128610178),신동
SL_4811,37.247573,127.044386,정상,2014,POINT (203938.0259201845 516489.5215980312),신동
SL_4812,37.24742,127.044222,정상,2014,POINT (203923.4834022767 516472.53449694236),신동
SL_4813,37.247902,127.044566,정상,2014,POINT (203953.97873663934 516526.0422780629),신동
SL_4814,37.249042,127.042775,정상,2014,POINT (203795.02069303833 516652.4888095706),신동
SL_4815,37.24851,127.043907,정상,2014,POINT (203895.47972496602 516593.49219931214),신동
SL_4816,37.248704,127.044116,정상,2014,POINT (203914.01241304268 516615.0313899006),신동
SL_4817,37.248861,127.044279,정상,2014,POINT (203928.46577443584 516632.46236624924),신동
SL_4818,37.249019,127.04446,정상,2014,POINT (203944.51599381948 516650.00510022347),신동
SL_4819,37.249141,127.044584,정상,2014,POINT (203955.51096640684 516663.5501182617),신동
SL_4820,37.249136,127.044804,정상,2014,POINT (203975.02972134904 516663.00442237966),신동
SL_4821,37.249005,127.044995,정상,2014,POINT (203991.98223333768 516648.4737754858),신동
SL_4822,37.248897,127.045153,정상,2014,POINT (204006.00580222116 516636.49435942515),신동
SL_4823,37.248766,127.045373,정상,2014,POINT (204025.5313262397 516621.9650084201),신동
SL_4824,37.248041,127.044352,정상,2014,POINT (203934.98502823015 516541.45990121784),신동
SL_4825,37.248199,127.044104,정상,2014,POINT (203912.97387454665 516558.98482551833),신동
SL_4826,37.248307,127.043924,정상,2014,POINT (203896.99843860054 516570.96348958515),신동
SL_4827,37.248271,127.043777,정상,2014,POINT (203883.95824092525 516566.96208488103),신동
SL_4828,37.248425,127.043738,정상,2014,POINT (203880.49020782075 516584.0517613711),신동
SL_4829,37.248605,127.043462,정상,2014,POINT (203855.99396842244 516604.0172994563),신동
SL_4830,37.248763,127.04322,정상,2014,POINT (203834.515468728 516621.5426752179),신동
SL_4831,37.248929,127.042966,정상,2014,POINT (203811.97200756337 516639.9554815739),신동
SL_4832,37.247907,127.04327,정상,2014,POINT (203838.99493702207 516526.54384366365),신동
SL_4833,37.248488,127.043197,정상,2014,POINT (203832.48881630204 516591.02160678763),신동
SL_4834,37.248307,127.043484,정상,2014,POINT (203857.96102392382 516570.94546649745),신동
SL_4835,37.248199,127.043659,정상,2014,POINT (203873.49279651183 516558.96652361087),신동
SL_4836,37.24806,127.043856,정상,2014,POINT (203890.97808365175 516543.5480621974),신동
SL_4837,37.247951,127.044031,정상,2014,POINT (203906.5100056311 516531.4581984886),신동
SL_4838,37.247762,127.044087,정상,2014,POINT (203911.48819620837 516510.48485583806),신동
SL_4839,37.247618,127.044,정상,2014,POINT (203903.77680737354 516494.4998134504),신동
SL_4840,37.247458,127.043853,정상,2014,POINT (203890.74286932792 516476.7365941029),신동
SL_4841,37.247298,127.043692,정상,2014,POINT (203876.46675998988 516458.9728221146),신동
SL_4842,37.247147,127.043532,정상,2014,POINT (203862.27885367122 516442.20795632),신동
SL_4843,37.248037,127.043073,정상,2014,POINT (203821.51016459495 516540.96357210673),신동
SL_4844,37.2471,127.043287,정상,2014,POINT (203840.54416343095 516436.98182093265),신동
SL_4845,37.247152,127.043098,정상,2014,POINT (203823.77292455902 516442.74524887773),신동
SL_4846,37.24719,127.04292,정상,2014,POINT (203807.97836279156 516446.9554007249),신동
SL_4847,37.248168,127.04287,정상,2014,POINT (203803.49307258465 516555.494078434),신동
SL_4848,37.248294,127.042679,정상,2014,POINT (203786.540949987 516569.4701920778),신동
SL_4849,37.248393,127.042504,정상,2014,POINT (203771.00976950722 516580.4504550431),신동
SL_4850,37.248425,127.042622,정상,2014,POINT (203781.4772833506 516584.00659630646),신동
SL_4851,37.248569,127.042729,정상,2014,POINT (203790.96324412883 516599.99232923135),신동
SL_4852,37.248722,127.042791,정상,2014,POINT (203796.45627580464 516616.9751084317),신동
SL_4853,37.248641,127.042966,정상,2014,POINT (203811.98651540835 516607.99257363507),신동
SL_4854,37.247116,127.042816,정상,2014,POINT (203798.75491589197 516438.7385329062),신동
SL_4855,37.248263,127.042518,정상,2014,POINT (203772.25834797812 516566.0233124896),신동
SL_4856,37.247984,127.042351,정상,2014,POINT (203757.45571922377 516535.05260708294),신동
SL_4857,37.247684,127.042177,정상,2014,POINT (203742.03296483218 516501.7510243114),신동
SL_4858,37.247445,127.042182,정상,2014,POINT (203742.48839494446 516475.22645322897),신동
SL_4859,37.247391,127.042388,정상,2014,POINT (203760.76789436428 516469.2415734308),신동
SL_4860,37.247344,127.042591,정상,2014,POINT (203778.78090274028 516464.03348973684),신동
SL_4861,37.247386,127.043027,정상,2014,POINT (203817.46180529866 516468.7122393685),신동
SL_4862,37.247618,127.043211,정상,2014,POINT (203833.77498782575 516494.46756783687),신동
SL_4863,37.247731,127.043298,정상,2014,POINT (203841.48808347667 516507.01209454576),신동
SL_4864,37.247841,127.043386,정상,2014,POINT (203849.2900306007 516519.22372235736),신동
SL_4865,37.247985,127.043496,정상,2014,POINT (203859.04210110707 516535.2096526347),신동
SL_4866,37.2481,127.043586,정상,2014,POINT (203867.02118425217 516547.9762905513),신동
SL_4867,37.247634,127.04292,정상,2014,POINT (203807.9560211855 516496.23153900367),신동
SL_4868,37.247758,127.042622,정상,2014,POINT (203781.51061357115 516509.9813981563),신동
SL_4869,37.247529,127.041624,정상,2014,POINT (203692.97719264822 516484.52705148194),신동
SL_4870,37.24942,127.042978,정상,2014,POINT (203813.0119145818 516694.4482872237),신동
SL_4871,37.24965,127.043215,정상,2014,POINT (203834.0269228861 516719.98379696213),신동
SL_4872,37.24986,127.043429,정상,2014,POINT (203853.00227198665 516743.29877713457),신동
SL_4873,37.25004,127.043609,정상,2014,POINT (203868.96259234508 516763.2829405646),신동
SL_4874,37.247781,127.041779,정상,2014,POINT (203706.71680712528 516512.5006485511),신동
SL_4875,37.248013,127.04192,정상,2014,POINT (203719.2152088467 516538.2540731229),신동
SL_4876,37.248265,127.042064,정상,2014,POINT (203731.97871189154 516566.2272818155),신동
SL_4877,37.24845,127.042174,정상,2014,POINT (203741.7289235222 516586.7633516904),신동
SL_4878,37.248632,127.042301,정상,2014,POINT (203752.9874933871 516606.9671604768),신동
SL_4879,37.248862,127.042448,정상,2014,POINT (203766.01803623824 516632.49893188535),신동
SL_4880,37.249022,127.04258,정상,2014,POINT (203777.721187168 516650.2613631421),신동
SL_4881,37.24922,127.042778,정상,2014,POINT (203795.2779271505 516672.243783815),신동
SL_4882,37.246749,127.043678,정상,2014,POINT (203875.2527565923 516398.04297366244),신동
SL_4883,37.247186,127.041644,정상,2014,POINT (203694.7683850735 516446.460905783),신동
SL_4884,37.247211,127.04139,정상,2014,POINT (203672.23160346533 516449.2255795149),신동
SL_4885,37.247018,127.041286,정상,2014,POINT (203663.0137863817 516427.80196874903),신동
SL_4886,37.24681,127.04119,정상,2014,POINT (203654.50643161632 516404.7139434208),신동
SL_4887,37.246623,127.041108,정상,2014,POINT (203647.2401454482 516383.95709468506),신동
SL_4888,37.246394,127.041057,정상,2014,POINT (203642.72627618557 516358.54018984194),신동
SL_4889,37.246103,127.040978,정상,2014,POINT (203635.73108859858 516326.24131204234),신동
SL_4890,37.245916,127.040933,정상,2014,POINT (203631.74748322074 516305.4859009312),신동
SL_4891,37.246782,127.043424,정상,2014,POINT (203852.71537781678 516401.69502129557),신동
SL_4892,37.246812,127.043165,정상,2014,POINT (203829.73455479858 516405.0139802701),신동
SL_4893,37.246846,127.042892,정상,2014,POINT (203805.51142527675 516408.77636836964),신동
SL_4894,37.246868,127.042681,정상,2014,POINT (203786.7897483192 516411.20951726846),신동
SL_4895,37.246891,127.042528,정상,2014,POINT (203773.21396975874 516413.7560004191),신동
SL_4896,37.246997,127.042233,정상,2014,POINT (203747.03541965876 516425.50840499555),신동
SL_4897,37.247056,127.042041,정상,2014,POINT (203729.99770865936 516432.0487773207),신동
SL_4898,37.247128,127.04183,정상,2014,POINT (203711.2736536154 516440.03120893356),신동
SL_4899,37.245217,127.043669,정상,2014,POINT (203874.53267887168 516228.0177724249),망포동
SL_4903,37.245181,127.043212,정상,2014,POINT (203833.98716865366 516224.00380534475),망포동
SL_4904,37.245126,127.042706,정상,2014,POINT (203789.09504108675 516217.8794089319),망포동
SL_4905,37.245095,127.042217,정상,2014,POINT (203745.70998876911 516214.41949904),망포동
SL_4906,37.245095,127.041707,정상,2014,POINT (203700.46015609527 516214.3994419445),망포동
SL_4907,37.245104,127.041269,정상,2014,POINT (203661.59809973006 516215.38125126),망포동
SL_4908,37.24511,127.040782,정상,2014,POINT (203618.3886642035 516216.0284196364),신동
SL_4911,37.249218,127.042527,정상,2014,POINT (203773.00922498497 516672.01178508427),신동
SL_4912,37.249723,127.042127,정상,2014,POINT (203737.49615084412 516728.04199411115),신동
SL_4913,37.249606,127.042057,정상,2014,POINT (203731.2915385398 516715.0542992801),신동
SL_4914,37.249545,127.042082,정상,2014,POINT (203733.5125450522 516708.28536267404),신동
SL_4915,37.249405,127.042265,정상,2014,POINT (203749.75523247017 516692.7550697516),신동
SL_4916,37.249394,127.0426,정상,2014,POINT (203779.47701847999 516691.5475871555),신동
SL_4917,37.249574,127.042803,정상,2014,POINT (203797.47817014784 516711.5325315158),신동
SL_4918,37.249747,127.042989,정상,2014,POINT (203813.9713540204 516730.73995367455),신동
SL_4919,37.249943,127.043204,정상,2014,POINT (203833.03616301948 516752.5011766079),신동
SL_4920,37.250315,127.042992,정상,2014,POINT (203814.20888231334 516793.7780451848),신동
SL_4921,37.250279,127.042761,정상,2014,POINT (203793.71658839358 516789.77339752787),신동
SL_4922,37.250132,127.042595,정상,2014,POINT (203778.99656169355 516773.45235257933),신동
SL_4923,37.249943,127.042384,정상,2014,POINT (203760.2861905637 516752.4682869804),신동
SL_4924,37.246966,127.041644,정상,2014,POINT (203694.779126042 516422.04480272694),신동
SL_4925,37.246229,127.041404,정상,2014,POINT (203673.5213880794 516340.241523901),신동
SL_4926,37.246522,127.041472,정상,2014,POINT (203679.54036298813 516372.76197091886),신동
SL_4927,37.24679,127.041584,정상,2014,POINT (203689.46432828708 516402.50958080904),신동
SL_4928,37.245733,127.042066,정상,2014,POINT (203732.28102603776 516285.22021420643),신동
SL_4929,37.245742,127.041899,정상,2014,POINT (203717.46360679282 516286.21248359454),신동
SL_4930,37.24574,127.041499,정상,2014,POINT (203681.9739426854 516285.9748865136),신동
SL_4931,37.245605,127.041299,정상,2014,POINT (203664.235597763 516270.98452135304),신동
SL_4932,37.245713,127.041158,정상,2014,POINT (203651.72022310796 516282.9651571178),신동
SL_4933,37.246864,127.041976,정상,2014,POINT (203724.2401712007 516410.7376195066),신동
SL_4934,37.246769,127.042218,정상,2014,POINT (203745.71586060533 516400.2038507929),신동
SL_4935,37.24663,127.042103,정상,2014,POINT (203735.5195537241 516384.772769765),신동
SL_4936,37.246436,127.042027,정상,2014,POINT (203728.78613673977 516363.23921182984),신동
SL_4937,37.246236,127.041942,고장,2014,POINT (203721.254465812 516341.0394125787),신동
SL_4938,37.246055,127.041869,정상,2014,POINT (203714.78651106855 516320.948754766),신동
SL_4939,37.245747,127.041632,정상,2014,POINT (203693.7739470106 516286.7569435305),신동
SL_4940,37.246004,127.041347,정상,2014,POINT (203668.4750361229 516315.26830312505),신동
SL_4941,37.251624,127.042094,정상,1999,POINT (203734.47457709533 516939.0181473207),매탄동
SL_4942,37.250001,127.044289,정상,1999,POINT (203929.29378586326 516758.98263966833),신동
SL_4943,37.249821,127.044576,정상,1999,POINT (203954.76566427396 516739.0177704067),신동
SL_4944,37.24965,127.044852,정상,1999,POINT (203979.2612723616 516720.05135746533),신동
SL_4945,37.249431,127.045193,정상,1999,POINT (204009.52633596977 516695.7606157245),신동
SL_4946,37.249235,127.0455,정상,1999,POINT (204036.77385627202 516674.02112688316),신동
SL_4947,37.249034,127.045801,정상,1999,POINT (204063.48946291054 516651.7265578434),신동
SL_4948,37.251362,127.042243,정상,1999,POINT (203747.70646254192 516909.9466554532),매탄동
SL_4949,37.25116,127.042582,정상,1999,POINT (203777.79188701365 516887.54169362516),신동
SL_4950,37.25106,127.042725,정상,1999,POINT (203790.48357786122 516876.4491742114),신동
SL_4951,37.250889,127.04297,정상,1999,POINT (203812.2281445294 516857.4810297586),매탄동
SL_4952,37.250738,127.043207,정상,1999,POINT (203833.2620476778 516840.73226519383),매탄동
SL_4953,37.250598,127.043415,정상,1999,POINT (203851.72263181597 516825.2031791139),매탄동
SL_4954,37.250465,127.043601,정상,1999,POINT (203868.23111113138 516810.4501111092),매탄동
SL_4955,37.250251,127.04392,정상,1999,POINT (203896.5434495592 516786.71297229204),신동
SL_4956,37.246774,127.042483,정상,2014,POINT (203769.22725949986 516400.7692806836),신동
SL_4957,37.245366,127.041691,정상,2014,POINT (203699.02730821638 516244.47500692745),신동
SL_4958,37.245331,127.041435,정상,2014,POINT (203676.31544822745 516240.5806558642),신동
SL_4959,37.24548,127.041367,정상,2014,POINT (203670.27493013 516257.1143733456),신동
SL_4960,37.246609,127.042421,정상,2014,POINT (203763.73462743856 516382.4547377079),신동
SL_4961,37.246443,127.042379,정상,2014,POINT (203760.01649265675 516364.03001077136),신동
SL_4962,37.246296,127.042322,정상,2014,POINT (203754.9665421358 516347.71335409366),신동
SL_4963,37.246107,127.042263,정상,2014,POINT (203749.7412050733 516326.7353663488),신동
SL_4964,37.245949,127.042212,정상,2014,POINT (203745.2241013016 516309.1981492426),신동
SL_4965,37.245693,127.042119,정상,2014,POINT (203736.98539510468 516280.78301462025),신동
SL_4966,37.245522,127.042063,정상,2014,POINT (203732.02525765987 516261.80283916823),신동
SL_4967,37.245357,127.04197,정상,2014,POINT (203723.78198261984 516243.487104692),신동
SL_4968,37.269068,127.058705,정상,2005,POINT (205206.9601969965 518875.7823183373),원천동
SL_4969,37.270029,127.058909,정상,2005,POINT (205224.9879917442 518982.447955266),원천동
SL_4970,37.269264,127.05848,정상,2005,POINT (205186.9899145716 518897.52257081954),원천동
SL_4971,37.269444,127.058224,정상,2005,POINT (205164.2712338166 518917.48545551614),원천동
SL_4972,37.269613,127.057984,정상,2005,POINT (205142.9725517618 518936.22846190544),원천동
SL_4973,37.269762,127.05777,정상,2005,POINT (205123.98142179535 518952.75327612093),원천동
SL_4974,37.269649,127.058294,정상,2005,POINT (205170.46597933106 518940.24073539296),원천동
SL_4975,37.269849,127.058624,정상,2005,POINT (205199.72202983603 518962.4553641531),원천동
SL_4976,37.269498,127.059162,정상,2005,POINT (205247.4649114873 518923.5301321473),원천동
SL_4977,37.269694,127.058993,정상,2005,POINT (205232.4616313396 518945.2733852964),원천동
SL_4978,37.264156,127.065257,정상,2008,POINT (205788.47928641117 518331.0161605633),원천동
SL_4979,37.263741,127.065243,정상,2008,POINT (205787.26920249173 518284.95751897636),원천동
SL_4980,37.278469,127.046653,정상,1995,POINT (204137.46879848815 519918.53636071703),원천동
SL_4981,37.279893,127.04379,정상,1995,POINT (203883.48755487226 520076.45461660676),원천동
SL_4982,37.278216,127.047169,정상,1995,POINT (204183.24478755813 519890.48038678756),원천동
SL_4983,37.278137,127.047324,정상,1995,POINT (204196.99555341594 519881.7196054666),원천동
SL_4984,37.27795,127.047744,정상,1995,POINT (204234.2543215682 519860.9845255312),원천동
SL_4985,37.27859,127.046408,정상,1995,POINT (204115.73413466098 519931.95460138976),원천동
SL_4986,37.278712,127.046155,정상,1995,POINT (204093.29000033182 519945.4835352695),원천동
SL_4987,37.278823,127.045932,정상,1995,POINT (204073.5070990597 519957.79300913075),원천동
SL_4988,37.278951,127.045709,정상,1995,POINT (204053.72334419886 519971.9892389045),원천동
SL_4989,37.279007,127.045551,정상,1995,POINT (204039.70804914352 519978.1975214606),원천동
SL_4990,37.279177,127.045208,정상,1995,POINT (204009.27994297325 519997.05001989275),원천동
SL_4991,37.279359,127.044844,정상,1995,POINT (203976.98895742698 520017.2335407508),원천동
SL_4992,37.279598,127.044354,정상,1995,POINT (203933.52088075408 520043.7379646477),원천동
SL_4993,37.252937,127.074383,정상,1997,POINT (206598.9598618199 517086.5005614584),영통동
SL_4994,37.252303,127.075648,정상,1997,POINT (206711.2418145788 517016.22665816883),영통동
SL_4995,37.252193,127.075834,정상,1997,POINT (206727.752906434 517004.03179826844),영통동
SL_4996,37.252055,127.076062,정상,1997,POINT (206747.99265673445 516988.73245725053),영통동
SL_4997,37.251902,127.076313,정상,1997,POINT (206770.27431808968 516971.7700742006),영통동
SL_4998,37.251687,127.076817,정상,1997,POINT (206815.00714982307 516947.94502802036),영통동
SL_4999,37.251491,127.076882,정상,1997,POINT (206820.7914522788 516926.1971614141),영통동
SL_5000,37.251347,127.077146,정상,1997,POINT (206844.22594472909 516910.234754097),영통동
SL_5001,37.25127,127.077518,정상,1997,POINT (206877.2359825176 516901.7160735519),영통동
SL_5002,37.251158,127.077712,정상,1997,POINT (206894.45746757207 516889.300159418),영통동
SL_5003,37.251027,127.077912,정상,1997,POINT (206912.21304844026 516874.77605366206),영통동
SL_5004,37.252822,127.074578,정상,1997,POINT (206616.26953448312 517073.7511969024),영통동
SL_5005,37.250914,127.078081,정상,1997,POINT (206927.21677317767 516862.24739936256),영통동
SL_5006,37.252669,127.074837,정상,1997,POINT (206639.26043428527 517056.7890239319),영통동
SL_5007,37.252531,127.075065,정상,1997,POINT (206659.49989602 517041.4894687884),영통동
SL_5008,37.253126,127.074547,정상,1997,POINT (206613.492762423 517107.48768453137),영통동
SL_5009,37.253004,127.074733,고장,1997,POINT (206630.0045843861 517093.96084218746),영통동
SL_5010,37.252847,127.074972,정상,1997,POINT (206651.2214867757 517076.5533710856),영통동
SL_5011,37.252709,127.075189,정상,1997,POINT (206670.48504409243 517061.2530690764),영통동
SL_5012,37.252398,127.075493,정상,1997,POINT (206697.48231295453 517026.759007691),영통동
SL_5013,37.252686,127.078847,정상,2015,POINT (206995.01121455396 517058.9645381381),영통동
SL_5014,37.253847,127.078406,정상,2015,POINT (206955.78059948323 517187.78263143654),영통동
SL_5015,37.253525,127.078109,정상,2015,POINT (206929.46176036863 517152.0245035493),영통동
SL_5016,37.25314,127.077692,정상,2015,POINT (206892.50255535287 517109.2658227325),영통동
SL_5017,37.253368,127.077332,정상,2015,POINT (206860.5442130191 517134.5436603982),영통동
SL_5018,37.253653,127.077645,정상,2015,POINT (206888.2862103682 517166.19638521713),영통동
SL_5019,37.25409,127.078014,정상,2015,POINT (206920.98212328873 517214.7226273078),영통동
SL_5020,37.254307,127.077668,정상,2015,POINT (206890.26709825193 517238.7805724261),영통동
SL_5021,37.254005,127.07736,정상,2015,POINT (206862.97046462854 517205.24149832997),영통동
SL_5022,37.25373,127.077092,정상,2015,POINT (206839.21977546203 517174.70193020144),영통동
SL_5023,37.253415,127.076658,정상,2015,POINT (206800.74575642453 517139.7111936844),영통동
SL_5024,37.252898,127.079061,정상,2015,POINT (207013.97684536583 517082.50864663796),영통동
SL_5025,37.253188,127.075852,정상,2015,POINT (206729.26131556617 517114.46057621104),영통동
SL_5026,37.25298,127.077221,정상,2015,POINT (206850.73192649725 517091.4744414146),영통동
SL_5027,37.252716,127.077666,고장,2015,POINT (206890.2345581362 517062.20738526556),영통동
SL_5028,37.252525,127.078004,정상,2015,POINT (206920.23811742524 517041.0344032877),영통동
SL_5029,37.252238,127.078455,정상,2015,POINT (206960.2756452255 517009.2155215905),영통동
SL_5030,37.253199,127.079479,정상,2015,POINT (207051.0320950063 517115.94541202264),영통동
SL_5031,37.253414,127.079118,정상,2015,POINT (207018.98579004174 517139.77980153635),영통동
SL_5032,37.253031,127.078791,정상,2015,POINT (206990.0112300022 517097.2493344726),영통동
SL_5033,37.252675,127.078469,정상,2015,POINT (206961.47747342737 517057.71586341446),영통동
SL_5034,37.252849,127.078182,정상,2015,POINT (206935.9999471255 517077.0057336097),영통동
SL_5035,37.253218,127.078411,정상,2015,POINT (206956.2820051184 517117.97505165014),영통동
SL_5036,37.253585,127.078834,정상,2015,POINT (206993.77480261237 517158.7367738753),영통동
SL_5037,37.261519,127.048635,정상,2007,POINT (204314.21147633166 518037.4677855464),매탄동
SL_5038,37.261704,127.048706,정상,2007,POINT (204320.4990282755 518058.00279881665),매탄동
SL_5039,37.26192,127.048808,정상,2007,POINT (204329.53464453836 518081.9796949214),매탄동
SL_5040,37.262152,127.048904,정상,2007,POINT (204338.03706030414 518107.73204777186),매탄동
SL_5041,37.262355,127.049045,정상,2007,POINT (204350.53281197415 518130.26798342407),매탄동
SL_5042,37.262479,127.049194,정상,2007,POINT (204363.74269184083 518144.03668358095),매탄동
SL_5043,37.262663,127.049369,정상,2007,POINT (204379.25537487332 518164.4655626813),매탄동
SL_5044,37.262916,127.049378,정상,2007,POINT (204380.03906452435 518192.5445732373),매탄동
SL_5045,37.244044,127.062834,정상,2016,POINT (205575.034151434 516098.7920878422),영통동
SL_5046,37.243915,127.063076,정상,2016,POINT (205596.5154795234 516084.4896575644),망포동
SL_5047,37.243641,127.062828,정상,2016,POINT (205574.53147509682 516054.0658934307),망포동
SL_5048,37.24351,127.06294,정상,2016,POINT (205584.4785507144 516039.5338219247),망포동
SL_5049,37.243187,127.062759,정상,2016,POINT (205568.4427220637 516003.6759012829),망포동
SL_5050,37.24312,127.062915,정상,2016,POINT (205582.28913902328 515996.2492793379),망포동
SL_5051,37.24298,127.063188,정상,2016,POINT (205606.52211284344 515980.7279004829),망포동
SL_5052,37.243041,127.063526,정상,2016,POINT (205636.5075158105 515987.51788580173),망포동
SL_5053,37.241375,127.040962,정상,2019,POINT (203634.5385402399 515801.5167441772),망포동
SL_5054,37.24078,127.042424,정상,2019,POINT (203764.2906921406 515735.53947686934),망포동
SL_5055,37.240626,127.042356,정상,2019,POINT (203758.26468324047 515718.44552168157),망포동
SL_5056,37.240482,127.042299,정상,2019,POINT (203753.2141903336 515702.461828916),망포동
SL_5057,37.240334,127.042266,정상,2019,POINT (203750.29341406428 515686.03516133444),망포동
SL_5058,37.241357,127.041393,정상,2019,POINT (203672.78183793256 515799.5356976699),망포동
SL_5059,37.241368,127.041838,정상,2019,POINT (203712.26594551894 515800.77385729965),망포동
SL_5060,37.241363,127.042204,정상,2019,POINT (203744.74120129924 515800.2333600309),망포동
SL_5061,37.241386,127.042542,정상,2019,POINT (203774.73063787978 515802.79937261844),망포동
SL_5062,37.241376,127.042672,정상,2019,POINT (203786.265974426 515801.6947418102),망포동
SL_5063,37.24123,127.042582,정상,2019,POINT (203778.28760512496 515785.48774829495),망포동
SL_5064,37.24109,127.042553,정상,2019,POINT (203775.72142742868 515769.9490867663),망포동
SL_5065,37.240933,127.042491,정상,2019,POINT (203770.22799622998 515752.5224148462),망포동
SL_5066,37.244694,127.043818,정상,2019,POINT (203887.77957269104 516169.9801655226),망포동
SL_5067,37.242897,127.043278,정상,2019,POINT (203839.95890075853 515970.5230665731),망포동
SL_5068,37.242491,127.04312,정상,2019,POINT (203825.96044041173 515925.4578945939),망포동
SL_5069,37.242217,127.043002,정상,2019,POINT (203815.50432314313 515895.0440101437),망포동
SL_5070,37.241978,127.042906,정상,2019,POINT (203806.99840448736 515868.5154012808),망포동
SL_5071,37.241685,127.042782,정상,2019,POINT (203796.010725401 515835.9926410643),망포동
SL_5072,37.241541,127.042692,정상,2019,POINT (203788.03230748506 515820.00760177465),망포동
SL_5073,37.241527,127.04259,정상,2019,POINT (203778.98261492263 515818.4497750251),망포동
SL_5074,37.241541,127.042297,정상,2019,POINT (203752.9842227106 515819.99187076814),망포동
SL_5075,37.24155,127.04188,정상,2019,POINT (203715.9836509226 515820.97426191805),망포동
SL_5076,37.241568,127.041441,정상,2019,POINT (203677.03060602312 515822.9548010168),망포동
SL_5077,37.244482,127.043799,정상,2019,POINT (203886.1046710458 516146.4511503868),망포동
SL_5078,37.241573,127.040979,정상,2019,POINT (203636.03743085248 515823.4918687903),망포동
SL_5079,37.241641,127.040764,정상,2019,POINT (203616.95738401802 515831.0304218479),망포동
SL_5080,37.241753,127.04081,정상,2019,POINT (203621.03356976216 515843.4621849511),망포동
SL_5081,37.241947,127.040889,정상,2019,POINT (203628.03386830693 515864.99575386837),망포동
SL_5082,37.24219,127.040968,정상,2019,POINT (203635.0317776726 515891.9674568611),망포동
SL_5083,37.242411,127.041047,정상,2019,POINT (203642.03070055437 515916.497558452),망포동
SL_5084,37.242632,127.041131,정상,2019,POINT (203649.47322269648 515941.0278595495),망포동
SL_5085,37.244302,127.043779,정상,2019,POINT (203884.33939145468 516126.47352692985),망포동
SL_5086,37.244032,127.043757,정상,2019,POINT (203882.4012674458 516096.507421638),망포동
SL_5087,37.243816,127.043696,정상,2019,POINT (203877.00002101462 516072.5327605113),망포동
SL_5088,37.243627,127.043617,정상,2019,POINT (203870.00027861047 516051.5538877999),망포동
SL_5089,37.243469,127.043544,정상,2019,POINT (203863.53128137122 516034.0157152625),망포동
SL_5090,37.243271,127.043453,정상,2019,POINT (203855.46720404734 516012.0375263591),망포동
SL_5091,37.243077,127.043374,정상,2019,POINT (203848.46761144622 515990.50376255077),망포동
SL_5092,37.241395,127.046078,정상,2019,POINT (204088.47770201787 515803.9450507829),망포동
SL_5093,37.241559,127.043002,정상,2019,POINT (203815.5374920207 515822.01772933884),망포동
SL_5094,37.241672,127.042906,정상,2019,POINT (203807.01379506954 515834.55485161435),망포동
SL_5095,37.241942,127.04303,정상,2019,POINT (203818.00259362016 515864.5250357914),망포동
SL_5096,37.242208,127.04314,정상,2019,POINT (203827.74931628726 515894.0507408725),망포동
SL_5097,37.242437,127.043236,정상,2019,POINT (203836.2556502816 515919.4695498494),망포동
SL_5098,37.242735,127.043338,정상,2019,POINT (203845.290795295 515952.5463842978),망포동
SL_5099,37.242879,127.043422,정상,2019,POINT (203852.73661144933 515968.5312371965),망포동
SL_5100,37.243023,127.043479,정상,2019,POINT (203857.7867542488 515984.5149965569),망포동
SL_5101,37.243239,127.04358,정상,2019,POINT (203866.73720606882 516008.49127500656),망포동
SL_5102,37.243424,127.043642,고장,2019,POINT (203872.22883634406 516029.02551924717),망포동
SL_5103,37.241396,127.045853,정상,2019,POINT (204068.51351058495 515804.04634035827),망포동
SL_5104,37.243572,127.043721,정상,2019,POINT (203879.23069344825 516045.45412198215),망포동
SL_5105,37.243748,127.043783,정상,2019,POINT (203884.72273080857 516064.9895355643),망포동
SL_5106,37.243964,127.043851,정상,2019,POINT (203890.7450455098 516088.9644890577),망포동
SL_5107,37.244271,127.043879,정상,2019,POINT (203893.2135953151 516123.037185353),망포동
SL_5108,37.244433,127.043913,정상,2019,POINT (203896.22194401693 516141.0177063958),망포동
SL_5109,37.244636,127.043919,정상,2019,POINT (203896.74384784463 516163.547348019),망포동
SL_5110,37.241432,127.045571,정상,2019,POINT (204043.48986860758 515808.02961783425),망포동
SL_5111,37.241423,127.045301,정상,2019,POINT (204019.53339307377 515807.01928104885),망포동
SL_5112,37.241427,127.045041,정상,2019,POINT (203996.46352027098 515807.45220302296),망포동
SL_5113,37.24145,127.044568,정상,2019,POINT (203954.4932827046 515809.98493184446),망포동
SL_5114,37.241495,127.044134,정상,2019,POINT (203915.9823794831 515814.9610907611),망포동
SL_5115,37.241504,127.043774,정상,2019,POINT (203884.03933981023 515815.9451008733),망포동
SL_5116,37.241532,127.043351,정상,2019,POINT (203846.5053924626 515819.03533249855),망포동
SL_5117,37.2403,127.04248,정상,2019,POINT (203769.28348617323 515682.2702660487),망포동
SL_5118,37.24139,127.043337,정상,2019,POINT (203845.27039542855 515803.27529398445),망포동
SL_5119,37.241385,127.043765,정상,2019,POINT (203883.2468804585 515802.73785207665),망포동
SL_5120,37.24138,127.044131,정상,2019,POINT (203915.72214046112 515802.19801578764),망포동
SL_5121,37.241347,127.04456,정상,2019,POINT (203953.7888273589 515798.5534330744),망포동
SL_5122,37.241326,127.045041,정상,2019,POINT (203996.46885288926 515796.2430027543),망포동
SL_5123,37.241315,127.045301,정상,2019,POINT (204019.53912819456 515795.0332055164),망포동
SL_5124,37.24131,127.045579,정상,2019,POINT (204044.2062225865 515794.49013344996),망포동
SL_5125,37.241292,127.045858,정상,2019,POINT (204068.96274869284 515792.50440845),망포동
SL_5126,37.241287,127.046075,정상,2019,POINT (204088.2173466223 515791.9588457269),망포동
SL_5127,37.240471,127.042553,정상,2019,POINT (203775.75230377706 515701.2511243464),망포동
SL_5128,37.240615,127.042609,정상,2019,POINT (203780.7140241363 515717.2347907319),망포동
SL_5129,37.240795,127.042655,정상,2019,POINT (203784.78662309475 515737.2134187243),망포동
SL_5130,37.240928,127.042705,정상,2019,POINT (203789.21647536336 515751.9760473187),망포동
SL_5131,37.241075,127.042734,정상,2019,POINT (203791.78228299713 515768.2915877792),망포동
SL_5132,37.241232,127.042762,정상,2019,POINT (203794.25884964137 515785.71691113093),망포동
SL_5133,37.24137,127.042821,정상,2019,POINT (203799.4869743858 515801.03481788456),망포동
SL_5134,37.241376,127.042982,정상,2019,POINT (203813.77212626737 515801.70718424354),망포동
SL_5135,37.244673,127.041986,정상,2019,POINT (203725.2352475936 516167.57587652555),망포동
SL_5136,37.244852,127.044728,정상,2019,POINT (203968.51161386567 516187.55311915453),망포동
SL_5137,37.244881,127.045024,정상,2019,POINT (203994.7728157514 516190.78405364713),망포동
SL_5138,37.244908,127.045379,정상,2019,POINT (204026.26890136016 516193.79561342584),망포동
SL_5139,37.244937,127.045694,정상,2019,POINT (204054.21584336465 516197.02754207293),망포동
SL_5140,37.244988,127.046182,정상,2019,POINT (204097.51105233448 516202.70864709414),망포동
SL_5141,37.245024,127.046667,정상,2019,POINT (204140.54084797407 516206.72511040594),망포동
SL_5142,37.245013,127.046878,정상,2019,POINT (204159.26247958728 516205.5135550746),망포동
SL_5143,37.244659,127.04231,정상,2019,POINT (203753.98305483256 516166.03492372617),망포동
SL_5144,37.244683,127.042685,정상,2019,POINT (203787.2539813927 516168.71343353903),망포동
SL_5145,37.244712,127.043102,정상,2019,POINT (203824.25111017466 516171.94868217973),망포동
SL_5146,37.244733,127.043412,정상,2019,POINT (203851.7549809978 516174.2918770537),망포동
SL_5147,37.24476,127.04377,정상,2019,POINT (203883.51735570855 516177.3030234459),망포동
SL_5148,37.244782,127.043964,정상,2019,POINT (203900.72897958744 516179.7526087248),망포동
SL_5149,37.2448,127.044195,정상,2019,POINT (203921.22364435878 516181.75983221905),망포동
SL_5150,37.244827,127.04446,정상,2019,POINT (203944.73449688603 516184.76736213674),망포동
SL_5167,37.287388,127.058672,정상,2019,POINT (205202.7721291623 520908.9868598393),이의동
SL_5168,37.25547,127.045743,정상,2019,POINT (204057.99847905908 517366.0067027074),매탄동
SL_5169,37.251865,127.041841,정상,2019,POINT (203712.01722454274 516965.7549477223),매탄동
SL_5176,37.255177,127.044943,정상,2019,POINT (203987.04352118747 517333.4548464014),매탄동
SL_5180,37.255874,127.042288,정상,2019,POINT (203751.47503624627 517410.70107101626),매탄동
SL_5181,37.254591,127.039915,정상,2019,POINT (203541.02026736055 517268.21918118413),매탄동
SL_5193,37.244746,127.040504,정상,2020,POINT (203593.74035820834 516175.620292731),망포동
SL_5194,37.244706,127.041092,정상,2020,POINT (203645.91292080685 516171.2034861526),망포동
SL_5195,37.244709,127.041251,정상,2020,POINT (203660.02014897435 516171.5425681496),망포동
SL_5196,37.244705,127.041366,정상,2020,POINT (203670.22378860856 516171.10309141065),망포동
SL_5197,37.244706,127.041679,정상,2020,POINT (203697.9948585511 516171.2262542299),망포동
SL_5226,37.286221,127.054899,정상,2019,POINT (204868.27441387856 520779.26876973116),이의동
SL_5227,37.284745,127.055608,정상,2019,POINT (204931.2426691414 520615.4945703593),이의동
SL_5228,37.28721,127.059376,고장,2019,POINT (205265.21212776922 520889.2708370682),하동
SL_5229,37.286117,127.055062,정상,2019,POINT (204882.7354732144 520767.73493746977),이의동
SL_5230,37.286009,127.055206,정상,2019,POINT (204895.51196513238 520755.7562145862),이의동
SL_5231,37.285738,127.055564,정상,2019,POINT (204927.27606477274 520725.69840611017),이의동
SL_5232,37.285576,127.055781,정상,2019,POINT (204946.5296854606 520707.7304841854),이의동
SL_5233,37.285441,127.055961,정상,2019,POINT (204962.50053416836 520692.7572062693),이의동
SL_5234,37.285319,127.05613,정상,2019,POINT (204977.49512560744 520679.226159247),이의동
SL_5235,37.285049,127.055887,정상,2019,POINT (204955.96408036092 520649.24798618996),이의동
SL_5236,37.284885,127.055766,정상,2019,POINT (204945.24473684435 520631.04043999914),이의동
