SIGNGU,TYPE,AREA_ID,GOMTR_TYPE,PXL_CRDNT,PLAC_CNT
수원시,Feature,다사49aa19ab,Polygon,"[[[126.92476861910082, 37.27076573094027], [126.92475147461319, 37.27301912088102], [126.92757119152385, 37.27303278916454], [126.92758825198494, 37.270779398115344], [126.92476861910082, 37.27076573094027]]]",0
수원시,Feature,다사49aa19ba,Polygon,"[[[126.92475147461319, 37.27301912088102], [126.92473432821753, 37.27527250995515], [126.9275541291641, 37.275286179347205], [126.92757119152385, 37.27303278916454], [126.92475147461319, 37.27301912088102]]]",0
수원시,Feature,다사49aa20aa,Polygon,"[[[126.92471717991359, 37.27752589816265], [126.92470002970117, 37.279779285503494], [126.92751999874763, 37.27979295711281], [126.92753706490542, 37.2775395686633], [126.92471717991359, 37.27752589816265]]]",0
수원시,Feature,다사49ab18ab,Polygon,"[[[126.92765647484667, 37.26176582525348], [126.92763942197818, 37.26401921976867], [126.93045880473653, 37.26403281648398], [126.93047577361567, 37.26177942086603], [126.92765647484667, 37.26176582525348]]]",0
수원시,Feature,다사49ab18ba,Polygon,"[[[126.92763942197818, 37.26401921976867], [126.92762236721187, 37.26627261341739], [126.93044183396894, 37.266286211235524], [126.93045880473653, 37.26403281648398], [126.92763942197818, 37.26401921976867]]]",0
수원시,Feature,다사49ab18bb,Polygon,"[[[126.92762236721187, 37.26627261341739], [126.92760531054752, 37.268526006199615], [126.9304248613127, 37.268539605120644], [126.93044183396894, 37.266286211235524], [126.92762236721187, 37.26627261341739]]]",0
수원시,Feature,다사49ab19aa,Polygon,"[[[126.92760531054752, 37.268526006199615], [126.92758825198494, 37.270779398115344], [126.93040788676753, 37.270792998139314], [126.9304248613127, 37.268539605120644], [126.92760531054752, 37.268526006199615]]]",0
수원시,Feature,다사49ab19ab,Polygon,"[[[126.92758825198494, 37.270779398115344], [126.92757119152385, 37.27303278916454], [126.93039091033323, 37.27304639029154], [126.93040788676753, 37.270792998139314], [126.92758825198494, 37.270779398115344]]]",1
수원시,Feature,다사49ab19ba,Polygon,"[[[126.92757119152385, 37.27303278916454], [126.9275541291641, 37.275286179347205], [126.93037393200962, 37.27529978157728], [126.93039091033323, 37.27304639029154], [126.92757119152385, 37.27303278916454]]]",0
수원시,Feature,다사49ab19bb,Polygon,"[[[126.9275541291641, 37.275286179347205], [126.92753706490542, 37.2775395686633], [126.93035695179641, 37.27755317199652], [126.93037393200962, 37.27529978157728], [126.9275541291641, 37.275286179347205]]]",0
수원시,Feature,다사49ab20aa,Polygon,"[[[126.92753706490542, 37.2775395686633], [126.92751999874763, 37.27979295711281], [126.93033996969342, 37.27980656154926], [126.93035695179641, 37.27755317199652], [126.92753706490542, 37.2775395686633]]]",0
수원시,Feature,다사49ab20ab,Polygon,"[[[126.92751999874763, 37.27979295711281], [126.92750293069047, 37.28204634469573], [126.93032298570046, 37.28205995023544], [126.93033996969342, 37.27980656154926], [126.92751999874763, 37.27979295711281]]]",0
수원시,Feature,다사49ab20ba,Polygon,"[[[126.92750293069047, 37.28204634469573], [126.92748586073368, 37.28429973141201], [126.93030599981724, 37.28431333805507], [126.93032298570046, 37.28205995023544], [126.92750293069047, 37.28204634469573]]]",0
수원시,Feature,다사49ab20bb,Polygon,"[[[126.92748586073368, 37.28429973141201], [126.92746878887715, 37.286553117261676], [126.93028901204357, 37.28656672500813], [126.93030599981724, 37.28431333805507], [126.92748586073368, 37.28429973141201]]]",0
수원시,Feature,다사49ba17bb,Polygon,"[[[126.93050970570941, 37.257272627031014], [126.93049274060654, 37.2595260243817], [126.93331195728348, 37.25953955176756], [126.93332883841543, 37.25728615331968], [126.93050970570941, 37.257272627031014]]]",0
수원시,Feature,다사49ba18aa,Polygon,"[[[126.93049274060654, 37.2595260243817], [126.93047577361567, 37.26177942086603], [126.93329507427286, 37.26179294934914], [126.93331195728348, 37.25953955176756], [126.93049274060654, 37.2595260243817]]]",0
수원시,Feature,다사49ba18ab,Polygon,"[[[126.93047577361567, 37.26177942086603], [126.93045880473653, 37.26403281648398], [126.93327818938336, 37.26404634606441], [126.93329507427286, 37.26179294934914], [126.93047577361567, 37.26177942086603]]]",0
수원시,Feature,다사49ba18ba,Polygon,"[[[126.93045880473653, 37.26403281648398], [126.93044183396894, 37.266286211235524], [126.93326130261472, 37.266299741913336], [126.93327818938336, 37.26404634606441], [126.93045880473653, 37.26403281648398]]]",0
수원시,Feature,다사49ba18bb,Polygon,"[[[126.93044183396894, 37.266286211235524], [126.9304248613127, 37.268539605120644], [126.93324441396675, 37.268553136895896], [126.93326130261472, 37.266299741913336], [126.93044183396894, 37.266286211235524]]]",0
수원시,Feature,다사49ba19aa,Polygon,"[[[126.9304248613127, 37.268539605120644], [126.93040788676753, 37.270792998139314], [126.93322752343923, 37.27080653101208], [126.93324441396675, 37.268553136895896], [126.9304248613127, 37.268539605120644]]]",0
수원시,Feature,다사49ba19ab,Polygon,"[[[126.93040788676753, 37.270792998139314], [126.93039091033323, 37.27304639029154], [126.93321063103195, 37.27305992426187], [126.93322752343923, 37.27080653101208], [126.93040788676753, 37.270792998139314]]]",1
수원시,Feature,다사49ba19ba,Polygon,"[[[126.93039091033323, 37.27304639029154], [126.93037393200962, 37.27529978157728], [126.93319373674467, 37.27531331664526], [126.93321063103195, 37.27305992426187], [126.93039091033323, 37.27304639029154]]]",0
수원시,Feature,다사49ba19bb,Polygon,"[[[126.93037393200962, 37.27529978157728], [126.93035695179641, 37.27755317199652], [126.93317684057718, 37.2775667081622], [126.93319373674467, 37.27531331664526], [126.93037393200962, 37.27529978157728]]]",1
수원시,Feature,다사49ba20aa,Polygon,"[[[126.93035695179641, 37.27755317199652], [126.93033996969342, 37.27980656154926], [126.93315994252926, 37.27982009881268], [126.93317684057718, 37.2775667081622], [126.93035695179641, 37.27755317199652]]]",0
수원시,Feature,다사49ba20ab,Polygon,"[[[126.93033996969342, 37.27980656154926], [126.93032298570046, 37.28205995023544], [126.93314304260068, 37.28207348859671], [126.93315994252926, 37.27982009881268], [126.93033996969342, 37.27980656154926]]]",0
수원시,Feature,다사49ba20ba,Polygon,"[[[126.93032298570046, 37.28205995023544], [126.93030599981724, 37.28431333805507], [126.93312614079123, 37.28432687751424], [126.93314304260068, 37.28207348859671], [126.93032298570046, 37.28205995023544]]]",0
수원시,Feature,다사49ba20bb,Polygon,"[[[126.93030599981724, 37.28431333805507], [126.93028901204357, 37.28656672500813], [126.93310923710071, 37.28658026556525], [126.93312614079123, 37.28432687751424], [126.93030599981724, 37.28431333805507]]]",0
수원시,Feature,다사49ba21aa,Polygon,"[[[126.93028901204357, 37.28656672500813], [126.93027202237927, 37.2888201110946], [126.93309233152884, 37.288833652749744], [126.93310923710071, 37.28658026556525], [126.93028901204357, 37.28656672500813]]]",0
수원시,Feature,다사49ba21ab,Polygon,"[[[126.93027202237927, 37.2888201110946], [126.93025503082404, 37.291073496314446], [126.93307542407545, 37.291087039067676], [126.93309233152884, 37.288833652749744], [126.93027202237927, 37.2888201110946]]]",1
수원시,Feature,다사49ba21ba,Polygon,"[[[126.93025503082404, 37.291073496314446], [126.93023803737772, 37.29332688066767], [126.93305851474034, 37.29334042451905], [126.93307542407545, 37.291087039067676], [126.93025503082404, 37.291073496314446]]]",0
수원시,Feature,다사49ba22ba,Polygon,"[[[126.93018704568988, 37.30008702852733], [126.9301700446769, 37.302340409413816], [126.9329908585779, 37.30235395765847], [126.93300777544223, 37.30010057567356], [126.93018704568988, 37.30008702852733]]]",0
수원시,Feature,다사49ba22bb,Polygon,"[[[126.9301700446769, 37.302340409413816], [126.93015304177172, 37.304593789433596], [126.93297393983069, 37.30460733877671], [126.9329908585779, 37.30235395765847], [126.9301700446769, 37.302340409413816]]]",0
수원시,Feature,다사49bb17ba,Polygon,"[[[126.93334571766891, 37.25503275400553], [126.93332883841543, 37.25728615331968], [126.93614797299992, 37.257299612489675], [126.93616476829162, 37.25504621208383], [126.93334571766891, 37.25503275400553]]]",0
수원시,Feature,다사49bb17bb,Polygon,"[[[126.93332883841543, 37.25728615331968], [126.93331195728348, 37.25953955176756], [126.93613117583911, 37.25955301202929], [126.93614797299992, 37.257299612489675], [126.93332883841543, 37.25728615331968]]]",0
수원시,Feature,다사49bb18aa,Polygon,"[[[126.93331195728348, 37.25953955176756], [126.93329507427286, 37.26179294934914], [126.93611437680896, 37.261806410702675], [126.93613117583911, 37.25955301202929], [126.93331195728348, 37.25953955176756]]]",0
수원시,Feature,다사49bb18ab,Polygon,"[[[126.93329507427286, 37.26179294934914], [126.93327818938336, 37.26404634606441], [126.93609757590927, 37.264059808509806], [126.93611437680896, 37.261806410702675], [126.93329507427286, 37.26179294934914]]]",0
수원시,Feature,다사49bb18ba,Polygon,"[[[126.93327818938336, 37.26404634606441], [126.93326130261472, 37.266299741913336], [126.93608077313984, 37.266313205450665], [126.93609757590927, 37.264059808509806], [126.93327818938336, 37.26404634606441]]]",0
수원시,Feature,다사49bb18bb,Polygon,"[[[126.93326130261472, 37.266299741913336], [126.93324441396675, 37.268553136895896], [126.93606396850038, 37.26856660152522], [126.93608077313984, 37.266313205450665], [126.93326130261472, 37.266299741913336]]]",0
수원시,Feature,다사49bb19aa,Polygon,"[[[126.93324441396675, 37.268553136895896], [126.93322752343923, 37.27080653101208], [126.93604716199073, 37.27081999673347], [126.93606396850038, 37.26856660152522], [126.93324441396675, 37.268553136895896]]]",1
수원시,Feature,다사49bb19ab,Polygon,"[[[126.93322752343923, 37.27080653101208], [126.93321063103195, 37.27305992426187], [126.93603035361065, 37.2730733910754], [126.93604716199073, 37.27081999673347], [126.93322752343923, 37.27080653101208]]]",1
수원시,Feature,다사49bb19ba,Polygon,"[[[126.93321063103195, 37.27305992426187], [126.93319373674467, 37.27531331664526], [126.93601354335996, 37.27532678455097], [126.93603035361065, 37.2730733910754], [126.93321063103195, 37.27305992426187]]]",2
수원시,Feature,다사49bb19bb,Polygon,"[[[126.93319373674467, 37.27531331664526], [126.93317684057718, 37.2775667081622], [126.93599673123839, 37.277580177160175], [126.93601354335996, 37.27532678455097], [126.93319373674467, 37.27531331664526]]]",3
수원시,Feature,다사49bb20aa,Polygon,"[[[126.93317684057718, 37.2775667081622], [126.93315994252926, 37.27982009881268], [126.93597991724573, 37.27983356890298], [126.93599673123839, 37.277580177160175], [126.93317684057718, 37.2775667081622]]]",0
수원시,Feature,다사49bb20ab,Polygon,"[[[126.93315994252926, 37.27982009881268], [126.93314304260068, 37.28207348859671], [126.93596310138177, 37.28208695977939], [126.93597991724573, 37.27983356890298], [126.93315994252926, 37.27982009881268]]]",0
수원시,Feature,다사49bb20ba,Polygon,"[[[126.93314304260068, 37.28207348859671], [126.93312614079123, 37.28432687751424], [126.93594628364632, 37.28434034978937], [126.93596310138177, 37.28208695977939], [126.93314304260068, 37.28207348859671]]]",0
수원시,Feature,다사49bb20bb,Polygon,"[[[126.93312614079123, 37.28432687751424], [126.93310923710071, 37.28658026556525], [126.93592946403912, 37.28659373893289], [126.93594628364632, 37.28434034978937], [126.93312614079123, 37.28432687751424]]]",1
수원시,Feature,다사49bb21aa,Polygon,"[[[126.93310923710071, 37.28658026556525], [126.93309233152884, 37.288833652749744], [126.93591264255997, 37.28884712720995], [126.93592946403912, 37.28659373893289], [126.93310923710071, 37.28658026556525]]]",0
수원시,Feature,다사49bb21ab,Polygon,"[[[126.93309233152884, 37.288833652749744], [126.93307542407545, 37.291087039067676], [126.93589581920862, 37.29110051462054], [126.93591264255997, 37.28884712720995], [126.93309233152884, 37.288833652749744]]]",1
수원시,Feature,다사49bb21ba,Polygon,"[[[126.93307542407545, 37.291087039067676], [126.93305851474034, 37.29334042451905], [126.93587899398491, 37.29335390116461], [126.93589581920862, 37.29110051462054], [126.93307542407545, 37.291087039067676]]]",0
수원시,Feature,다사49bb22ab,Polygon,"[[[126.93302469042393, 37.297847192822], [126.93300777544223, 37.30010057567356], [126.93582850707722, 37.30011405559761], [126.93584533791943, 37.29786067165316], [126.93302469042393, 37.297847192822]]]",0
수원시,Feature,다사49bb22ba,Polygon,"[[[126.93300777544223, 37.30010057567356], [126.9329908585779, 37.30235395765847], [126.93581167436173, 37.30236743867548], [126.93582850707722, 37.30011405559761], [126.93300777544223, 37.30010057567356]]]",0
수원시,Feature,다사49bb22bb,Polygon,"[[[126.9329908585779, 37.30235395765847], [126.93297393983069, 37.30460733877671], [126.93579483977277, 37.304620820886754], [126.93581167436173, 37.30236743867548], [126.9329908585779, 37.30235395765847]]]",0
수원시,Feature,다사50aa17ba,Polygon,"[[[126.93616476829162, 37.25504621208383], [126.93614797299992, 37.257299612489675], [126.93896710945353, 37.257313004540826], [126.93898382078319, 37.25505960304874], [126.93616476829162, 37.25504621208383]]]",0
수원시,Feature,다사50aa17bb,Polygon,"[[[126.93614797299992, 37.257299612489675], [126.93613117583911, 37.25955301202929], [126.93895039626408, 37.25956640516674], [126.93896710945353, 37.257313004540826], [126.93614797299992, 37.257299612489675]]]",0
수원시,Feature,다사50aa18aa,Polygon,"[[[126.93613117583911, 37.25955301202929], [126.93611437680896, 37.261806410702675], [126.93893368121464, 37.26181980492649], [126.93895039626408, 37.25956640516674], [126.93613117583911, 37.25955301202929]]]",0
수원시,Feature,다사50aa18ab,Polygon,"[[[126.93611437680896, 37.261806410702675], [126.93609757590927, 37.264059808509806], [126.93891696430498, 37.26407320382004], [126.93893368121464, 37.26181980492649], [126.93611437680896, 37.261806410702675]]]",0
수원시,Feature,다사50aa18ba,Polygon,"[[[126.93609757590927, 37.264059808509806], [126.93608077313984, 37.266313205450665], [126.93890024553492, 37.26632660184739], [126.93891696430498, 37.26407320382004], [126.93609757590927, 37.264059808509806]]]",0
수원시,Feature,다사50aa18bb,Polygon,"[[[126.93608077313984, 37.266313205450665], [126.93606396850038, 37.26856660152522], [126.93888352490421, 37.268579999008516], [126.93890024553492, 37.26632660184739], [126.93608077313984, 37.266313205450665]]]",0
수원시,Feature,다사50aa19aa,Polygon,"[[[126.93606396850038, 37.26856660152522], [126.93604716199073, 37.27081999673347], [126.93886680241263, 37.27083339530337], [126.93888352490421, 37.268579999008516], [126.93606396850038, 37.26856660152522]]]",3
수원시,Feature,다사50aa19ab,Polygon,"[[[126.93604716199073, 37.27081999673347], [126.93603035361065, 37.2730733910754], [126.93885007806003, 37.27308679073198], [126.93886680241263, 37.27083339530337], [126.93604716199073, 37.27081999673347]]]",0
수원시,Feature,다사50aa19ba,Polygon,"[[[126.93603035361065, 37.2730733910754], [126.93601354335996, 37.27532678455097], [126.9388333518461, 37.27534018529429], [126.93885007806003, 37.27308679073198], [126.93603035361065, 37.2730733910754]]]",3
수원시,Feature,다사50aa19bb,Polygon,"[[[126.93601354335996, 37.27532678455097], [126.93599673123839, 37.277580177160175], [126.93881662377066, 37.2775935789903], [126.9388333518461, 37.27534018529429], [126.93601354335996, 37.27532678455097]]]",2
수원시,Feature,다사50aa20aa,Polygon,"[[[126.93599673123839, 37.277580177160175], [126.93597991724573, 37.27983356890298], [126.93879989383349, 37.279846971819985], [126.93881662377066, 37.2775935789903], [126.93599673123839, 37.277580177160175]]]",0
수원시,Feature,다사50aa20ab,Polygon,"[[[126.93597991724573, 37.27983356890298], [126.93596310138177, 37.28208695977939], [126.9387831620344, 37.28210036378333], [126.93879989383349, 37.279846971819985], [126.93597991724573, 37.27983356890298]]]",0
수원시,Feature,다사50aa20ba,Polygon,"[[[126.93596310138177, 37.28208695977939], [126.93594628364632, 37.28434034978937], [126.93876642837313, 37.28435375488031], [126.9387831620344, 37.28210036378333], [126.93596310138177, 37.28208695977939]]]",1
수원시,Feature,다사50aa20bb,Polygon,"[[[126.93594628364632, 37.28434034978937], [126.93592946403912, 37.28659373893289], [126.93874969284947, 37.28660714511089], [126.93876642837313, 37.28435375488031], [126.93594628364632, 37.28434034978937]]]",1
수원시,Feature,다사50aa21aa,Polygon,"[[[126.93592946403912, 37.28659373893289], [126.93591264255997, 37.28884712720995], [126.93873295546325, 37.28886053447508], [126.93874969284947, 37.28660714511089], [126.93592946403912, 37.28659373893289]]]",0
수원시,Feature,다사50aa21ab,Polygon,"[[[126.93591264255997, 37.28884712720995], [126.93589581920862, 37.29110051462054], [126.93871621621419, 37.291113922972855], [126.93873295546325, 37.28886053447508], [126.93591264255997, 37.28884712720995]]]",0
수원시,Feature,다사50aa21ba,Polygon,"[[[126.93589581920862, 37.29110051462054], [126.93587899398491, 37.29335390116461], [126.93869947510208, 37.29336731060419], [126.93871621621419, 37.291113922972855], [126.93589581920862, 37.29110051462054]]]",4
수원시,Feature,다사50aa21bb,Polygon,"[[[126.93587899398491, 37.29335390116461], [126.93586216688858, 37.295607286842156], [126.93868273212676, 37.29562069736905], [126.93869947510208, 37.29336731060419], [126.93587899398491, 37.29335390116461]]]",0
수원시,Feature,다사50aa22aa,Polygon,"[[[126.93586216688858, 37.295607286842156], [126.93584533791943, 37.29786067165316], [126.93866598728795, 37.297874083267445], [126.93868273212676, 37.29562069736905], [126.93586216688858, 37.295607286842156]]]",0
수원시,Feature,다사50aa22ab,Polygon,"[[[126.93584533791943, 37.29786067165316], [126.93582850707722, 37.30011405559761], [126.93864924058548, 37.300127468299344], [126.93866598728795, 37.297874083267445], [126.93584533791943, 37.29786067165316]]]",0
수원시,Feature,다사50aa22ba,Polygon,"[[[126.93582850707722, 37.30011405559761], [126.93581167436173, 37.30236743867548], [126.93863249201907, 37.302380852464715], [126.93864924058548, 37.300127468299344], [126.93582850707722, 37.30011405559761]]]",0
수원시,Feature,다사50aa22bb,Polygon,"[[[126.93581167436173, 37.30236743867548], [126.93579483977277, 37.304620820886754], [126.93861574158855, 37.304634235763565], [126.93863249201907, 37.302380852464715], [126.93581167436173, 37.30236743867548]]]",0
수원시,Feature,다사50ab17ba,Polygon,"[[[126.93898382078319, 37.25505960304874], [126.93896710945353, 37.257313004540826], [126.9417862477669, 37.257326329473], [126.94180287513434, 37.255072926900134], [126.93898382078319, 37.25505960304874]]]",0
수원시,Feature,다사50ab17bb,Polygon,"[[[126.93896710945353, 37.257313004540826], [126.93895039626408, 37.25956640516674], [126.941769618549, 37.25957973117977], [126.9417862477669, 37.257326329473], [126.93896710945353, 37.257313004540826]]]",0
수원시,Feature,다사50ab18aa,Polygon,"[[[126.93895039626408, 37.25956640516674], [126.93893368121464, 37.26181980492649], [126.94175298748047, 37.26183313202044], [126.941769618549, 37.25957973117977], [126.93895039626408, 37.25956640516674]]]",1
수원시,Feature,다사50ab18ab,Polygon,"[[[126.93893368121464, 37.26181980492649], [126.93891696430498, 37.26407320382004], [126.9417363545611, 37.264086531994984], [126.94175298748047, 37.26183313202044], [126.93893368121464, 37.26181980492649]]]",1
수원시,Feature,다사50ab18ba,Polygon,"[[[126.93891696430498, 37.26407320382004], [126.93890024553492, 37.26632660184739], [126.94171971979064, 37.266339931103374], [126.9417363545611, 37.264086531994984], [126.93891696430498, 37.26407320382004]]]",0
수원시,Feature,다사50ab18bb,Polygon,"[[[126.93890024553492, 37.26632660184739], [126.93888352490421, 37.268579999008516], [126.94170308316889, 37.26859332934559], [126.94171971979064, 37.266339931103374], [126.93890024553492, 37.26632660184739]]]",2
수원시,Feature,다사50ab19aa,Polygon,"[[[126.93888352490421, 37.268579999008516], [126.93886680241263, 37.27083339530337], [126.94168644469563, 37.270846726721636], [126.94170308316889, 37.26859332934559], [126.93888352490421, 37.268579999008516]]]",1
수원시,Feature,다사50ab19ab,Polygon,"[[[126.93886680241263, 37.27083339530337], [126.93885007806003, 37.27308679073198], [126.94166980437065, 37.273100123231465], [126.94168644469563, 37.270846726721636], [126.93886680241263, 37.27083339530337]]]",1
수원시,Feature,다사50ab19ba,Polygon,"[[[126.93885007806003, 37.27308679073198], [126.9388333518461, 37.27534018529429], [126.94165316219372, 37.27535351887509], [126.94166980437065, 37.273100123231465], [126.93885007806003, 37.27308679073198]]]",2
수원시,Feature,다사50ab19bb,Polygon,"[[[126.9388333518461, 37.27534018529429], [126.93881662377066, 37.2775935789903], [126.94163651816464, 37.27760691365246], [126.94165316219372, 37.27535351887509], [126.9388333518461, 37.27534018529429]]]",1
수원시,Feature,다사50ab20aa,Polygon,"[[[126.93881662377066, 37.2775935789903], [126.93879989383349, 37.279846971819985], [126.94161987228321, 37.27986030756357], [126.94163651816464, 37.27760691365246], [126.93881662377066, 37.2775935789903]]]",0
수원시,Feature,다사50ab20ab,Polygon,"[[[126.93879989383349, 37.279846971819985], [126.9387831620344, 37.28210036378333], [126.94160322454917, 37.28211370060839], [126.94161987228321, 37.27986030756357], [126.93879989383349, 37.279846971819985]]]",0
수원시,Feature,다사50ab20ba,Polygon,"[[[126.9387831620344, 37.28210036378333], [126.93876642837313, 37.28435375488031], [126.94158657496232, 37.28436709278692], [126.94160322454917, 37.28211370060839], [126.9387831620344, 37.28210036378333]]]",1
수원시,Feature,다사50ab20bb,Polygon,"[[[126.93876642837313, 37.28435375488031], [126.93874969284947, 37.28660714511089], [126.94156992352247, 37.28662048409914], [126.94158657496232, 37.28436709278692], [126.93876642837313, 37.28435375488031]]]",1
수원시,Feature,다사50ab21aa,Polygon,"[[[126.93874969284947, 37.28660714511089], [126.93873295546325, 37.28886053447508], [126.94155327022933, 37.288873874545], [126.94156992352247, 37.28662048409914], [126.93874969284947, 37.28660714511089]]]",0
수원시,Feature,다사50ab21ab,Polygon,"[[[126.93873295546325, 37.28886053447508], [126.93871621621419, 37.291113922972855], [126.94153661508277, 37.29112726412451], [126.94155327022933, 37.288873874545], [126.93873295546325, 37.28886053447508]]]",3
수원시,Feature,다사50ab21ba,Polygon,"[[[126.93871621621419, 37.291113922972855], [126.93869947510208, 37.29336731060419], [126.94151995808252, 37.29338065283766], [126.94153661508277, 37.29112726412451], [126.93871621621419, 37.291113922972855]]]",1
수원시,Feature,다사50ab21bb,Polygon,"[[[126.93869947510208, 37.29336731060419], [126.93868273212676, 37.29562069736905], [126.9415032992284, 37.295634040684384], [126.94151995808252, 37.29338065283766], [126.93869947510208, 37.29336731060419]]]",3
수원시,Feature,다사50ab22aa,Polygon,"[[[126.93868273212676, 37.29562069736905], [126.93866598728795, 37.297874083267445], [126.94148663852019, 37.29788742766472], [126.9415032992284, 37.295634040684384], [126.93868273212676, 37.29562069736905]]]",0
수원시,Feature,다사50ab22ab,Polygon,"[[[126.93866598728795, 37.297874083267445], [126.93864924058548, 37.300127468299344], [126.9414699759576, 37.30014081377861], [126.94148663852019, 37.29788742766472], [126.93866598728795, 37.297874083267445]]]",0
수원시,Feature,다사50ab22ba,Polygon,"[[[126.93864924058548, 37.300127468299344], [126.93863249201907, 37.302380852464715], [126.94145331154051, 37.30239419902605], [126.9414699759576, 37.30014081377861], [126.93864924058548, 37.300127468299344]]]",0
수원시,Feature,다사50ba17ba,Polygon,"[[[126.94180287513434, 37.255072926900134], [126.9417862477669, 37.257326329473], [126.94460538793068, 37.25733958728608], [126.94462193133569, 37.255086183637864], [126.94180287513434, 37.255072926900134]]]",0
수원시,Feature,다사50ba17bb,Polygon,"[[[126.9417862477669, 37.257326329473], [126.941769618549, 37.25957973117977], [126.9445888426846, 37.259592990068256], [126.94460538793068, 37.25733958728608], [126.9417862477669, 37.257326329473]]]",0
수원시,Feature,다사50ba18aa,Polygon,"[[[126.941769618549, 37.25957973117977], [126.94175298748047, 37.26183313202044], [126.9445722955972, 37.261846391984406], [126.9445888426846, 37.259592990068256], [126.941769618549, 37.25957973117977]]]",0
수원시,Feature,다사50ba18ab,Polygon,"[[[126.94175298748047, 37.26183313202044], [126.9417363545611, 37.264086531994984], [126.9445557466683, 37.264099793034475], [126.9445722955972, 37.261846391984406], [126.94175298748047, 37.26183313202044]]]",2
수원시,Feature,다사50ba18ba,Polygon,"[[[126.9417363545611, 37.264086531994984], [126.94171971979064, 37.266339931103374], [126.94453919589766, 37.26635319321848], [126.9445557466683, 37.264099793034475], [126.9417363545611, 37.264086531994984]]]",0
수원시,Feature,다사50ba18bb,Polygon,"[[[126.94171971979064, 37.266339931103374], [126.94170308316889, 37.26859332934559], [126.94452264328508, 37.268606592536344], [126.94453919589766, 37.26635319321848], [126.94171971979064, 37.266339931103374]]]",2
수원시,Feature,다사50ba19aa,Polygon,"[[[126.94170308316889, 37.26859332934559], [126.94168644469563, 37.270846726721636], [126.94450608883035, 37.27085999098812], [126.94452264328508, 37.268606592536344], [126.94170308316889, 37.26859332934559]]]",3
수원시,Feature,다사50ba19ab,Polygon,"[[[126.94168644469563, 37.270846726721636], [126.94166980437065, 37.273100123231465], [126.94448953253323, 37.27311338857374], [126.94450608883035, 37.27085999098812], [126.94168644469563, 37.270846726721636]]]",6
수원시,Feature,다사50ba19ba,Polygon,"[[[126.94166980437065, 37.273100123231465], [126.94165316219372, 37.27535351887509], [126.94447297439352, 37.27536678529321], [126.94448953253323, 37.27311338857374], [126.94166980437065, 37.273100123231465]]]",3
수원시,Feature,다사50ba19bb,Polygon,"[[[126.94165316219372, 37.27535351887509], [126.94163651816464, 37.27760691365246], [126.94445641441104, 37.2776201811465], [126.94447297439352, 37.27536678529321], [126.94165316219372, 37.27535351887509]]]",5
수원시,Feature,다사50ba20aa,Polygon,"[[[126.94163651816464, 37.27760691365246], [126.94161987228321, 37.27986030756357], [126.9444398525855, 37.27987357613358], [126.94445641441104, 37.2776201811465], [126.94163651816464, 37.27760691365246]]]",0
수원시,Feature,다사50ba20ab,Polygon,"[[[126.94161987228321, 37.27986030756357], [126.94160322454917, 37.28211370060839], [126.94442328891675, 37.28212697025446], [126.9444398525855, 37.27987357613358], [126.94161987228321, 37.27986030756357]]]",0
수원시,Feature,다사50ba20ba,Polygon,"[[[126.94160322454917, 37.28211370060839], [126.94158657496232, 37.28436709278692], [126.94440672340453, 37.284380363509094], [126.94442328891675, 37.28212697025446], [126.94160322454917, 37.28211370060839]]]",0
수원시,Feature,다사50ba20bb,Polygon,"[[[126.94158657496232, 37.28436709278692], [126.94156992352247, 37.28662048409914], [126.94439015604864, 37.28663375589747], [126.94440672340453, 37.284380363509094], [126.94158657496232, 37.28436709278692]]]",0
수원시,Feature,다사50ba21aa,Polygon,"[[[126.94156992352247, 37.28662048409914], [126.94155327022933, 37.288873874545], [126.94437358684888, 37.28888714741957], [126.94439015604864, 37.28663375589747], [126.94156992352247, 37.28662048409914]]]",1
수원시,Feature,다사50ba21ab,Polygon,"[[[126.94155327022933, 37.288873874545], [126.94153661508277, 37.29112726412451], [126.94435701580504, 37.29114053807538], [126.94437358684888, 37.28888714741957], [126.94155327022933, 37.288873874545]]]",2
수원시,Feature,다사50ba21ba,Polygon,"[[[126.94153661508277, 37.29112726412451], [126.94151995808252, 37.29338065283766], [126.94434044291687, 37.293393927864884], [126.94435701580504, 37.29114053807538], [126.94153661508277, 37.29112726412451]]]",5
수원시,Feature,다사50ba21bb,Polygon,"[[[126.94151995808252, 37.29338065283766], [126.9415032992284, 37.295634040684384], [126.94432386818417, 37.29564731678804], [126.94434044291687, 37.293393927864884], [126.94151995808252, 37.29338065283766]]]",1
수원시,Feature,다사50ba22aa,Polygon,"[[[126.9415032992284, 37.295634040684384], [126.94148663852019, 37.29788742766472], [126.94430729160672, 37.297900704844835], [126.94432386818417, 37.29564731678804], [126.9415032992284, 37.295634040684384]]]",0
수원시,Feature,다사50ba22ab,Polygon,"[[[126.94148663852019, 37.29788742766472], [126.9414699759576, 37.30014081377861], [126.94429071318432, 37.300154092035285], [126.94430729160672, 37.297900704844835], [126.94148663852019, 37.29788742766472]]]",0
수원시,Feature,다사50ba22ba,Polygon,"[[[126.9414699759576, 37.30014081377861], [126.94145331154051, 37.30239419902605], [126.94427413291673, 37.302407478359335], [126.94429071318432, 37.300154092035285], [126.9414699759576, 37.30014081377861]]]",0
수원시,Feature,다사50bb17ba,Polygon,"[[[126.94462193133569, 37.255086183637864], [126.94460538793068, 37.25733958728608], [126.94742452993556, 37.25735277797991], [126.9474409893779, 37.25509937326179], [126.94462193133569, 37.255086183637864]]]",0
수원시,Feature,다사50bb17bb,Polygon,"[[[126.94460538793068, 37.25733958728608], [126.9445888426846, 37.259592990068256], [126.94740806866146, 37.259606181832055], [126.94742452993556, 37.25735277797991], [126.94460538793068, 37.25733958728608]]]",0
수원시,Feature,다사50bb18aa,Polygon,"[[[126.9445888426846, 37.259592990068256], [126.9445722955972, 37.261846391984406], [126.94739160555542, 37.261859584818225], [126.94740806866146, 37.259606181832055], [126.9445888426846, 37.259592990068256]]]",0
수원시,Feature,다사50bb18ab,Polygon,"[[[126.9445722955972, 37.261846391984406], [126.9445557466683, 37.264099793034475], [126.9473751406172, 37.26411298693841], [126.94739160555542, 37.261859584818225], [126.9445722955972, 37.261846391984406]]]",0
수원시,Feature,다사50bb18ba,Polygon,"[[[126.9445557466683, 37.264099793034475], [126.94453919589766, 37.26635319321848], [126.94735867384662, 37.266366388192544], [126.9473751406172, 37.26411298693841], [126.9445557466683, 37.264099793034475]]]",1
수원시,Feature,다사50bb18bb,Polygon,"[[[126.94453919589766, 37.26635319321848], [126.94452264328508, 37.268606592536344], [126.94734220524342, 37.26861978858065], [126.94735867384662, 37.266366388192544], [126.94453919589766, 37.26635319321848]]]",1
수원시,Feature,다사50bb19aa,Polygon,"[[[126.94452264328508, 37.268606592536344], [126.94450608883035, 37.27085999098812], [126.94732573480744, 37.270873188102684], [126.94734220524342, 37.26861978858065], [126.94452264328508, 37.268606592536344]]]",1
수원시,Feature,다사50bb19ab,Polygon,"[[[126.94450608883035, 37.27085999098812], [126.94448953253323, 37.27311338857374], [126.94730926253841, 37.273126586758664], [126.94732573480744, 37.270873188102684], [126.94450608883035, 37.27085999098812]]]",1
수원시,Feature,다사50bb19ba,Polygon,"[[[126.94448953253323, 37.27311338857374], [126.94447297439352, 37.27536678529321], [126.94729278843614, 37.275379984548536], [126.94730926253841, 37.273126586758664], [126.94448953253323, 37.27311338857374]]]",3
수원시,Feature,다사50bb19bb,Polygon,"[[[126.94447297439352, 37.27536678529321], [126.94445641441104, 37.2776201811465], [126.94727631250042, 37.27763338147229], [126.94729278843614, 37.275379984548536], [126.94447297439352, 37.27536678529321]]]",3
수원시,Feature,다사50bb20aa,Polygon,"[[[126.94445641441104, 37.2776201811465], [126.9444398525855, 37.27987357613358], [126.94725983473104, 37.27988677752991], [126.94727631250042, 37.27763338147229], [126.94445641441104, 37.2776201811465]]]",0
수원시,Feature,다사50bb20ab,Polygon,"[[[126.9444398525855, 37.27987357613358], [126.94442328891675, 37.28212697025446], [126.9472433551278, 37.28214017272138], [126.94725983473104, 37.27988677752991], [126.9444398525855, 37.27987357613358]]]",0
수원시,Feature,다사50bb20ba,Polygon,"[[[126.94442328891675, 37.28212697025446], [126.94440672340453, 37.284380363509094], [126.94722687369043, 37.28439356704667], [126.9472433551278, 37.28214017272138], [126.94442328891675, 37.28212697025446]]]",0
수원시,Feature,다사50bb20bb,Polygon,"[[[126.94440672340453, 37.284380363509094], [126.94439015604864, 37.28663375589747], [126.94721039041873, 37.28664696050577], [126.94722687369043, 37.28439356704667], [126.94440672340453, 37.284380363509094]]]",0
수원시,Feature,다사50bb21aa,Polygon,"[[[126.94439015604864, 37.28663375589747], [126.94437358684888, 37.28888714741957], [126.94719390531253, 37.288900353098654], [126.94721039041873, 37.28664696050577], [126.94439015604864, 37.28663375589747]]]",0
수원시,Feature,다사50bb21ab,Polygon,"[[[126.94437358684888, 37.28888714741957], [126.94435701580504, 37.29114053807538], [126.94717741837161, 37.2911537448253], [126.94719390531253, 37.288900353098654], [126.94437358684888, 37.28888714741957]]]",0
수원시,Feature,다사50bb21ba,Polygon,"[[[126.94435701580504, 37.29114053807538], [126.94434044291687, 37.293393927864884], [126.94716092959571, 37.293407135685705], [126.94717741837161, 37.2911537448253], [126.94435701580504, 37.29114053807538]]]",0
수원시,Feature,다사50bb21bb,Polygon,"[[[126.94434044291687, 37.293393927864884], [126.94432386818417, 37.29564731678804], [126.94714443898465, 37.29566052567984], [126.94716092959571, 37.293407135685705], [126.94434044291687, 37.293393927864884]]]",0
수원시,Feature,다사50bb22aa,Polygon,"[[[126.94432386818417, 37.29564731678804], [126.94430729160672, 37.297900704844835], [126.94712794653822, 37.29791391480768], [126.94714443898465, 37.29566052567984], [126.94432386818417, 37.29564731678804]]]",0
수원시,Feature,다사50bb22ab,Polygon,"[[[126.94430729160672, 37.297900704844835], [126.94429071318432, 37.300154092035285], [126.9471114522562, 37.300167303069216], [126.94712794653822, 37.29791391480768], [126.94430729160672, 37.297900704844835]]]",0
수원시,Feature,다사50bb22ba,Polygon,"[[[126.94429071318432, 37.300154092035285], [126.94427413291673, 37.302407478359335], [126.94709495613833, 37.30242069046444], [126.9471114522562, 37.300167303069216], [126.94429071318432, 37.300154092035285]]]",0
수원시,Feature,다사51aa17ab,Polygon,"[[[126.94745744698874, 37.252845967677736], [126.9474409893779, 37.25509937326179], [126.95026004925165, 37.25511249577179], [126.95027642290893, 37.252859089123326], [126.94745744698874, 37.252845967677736]]]",0
수원시,Feature,다사51aa17ba,Polygon,"[[[126.9474409893779, 37.25509937326179], [126.94742452993556, 37.25735277797991], [126.95024367377218, 37.257365901554365], [126.95026004925165, 37.25511249577179], [126.9474409893779, 37.25509937326179]]]",0
수원시,Feature,다사51aa17bb,Polygon,"[[[126.94742452993556, 37.25735277797991], [126.94740806866146, 37.259606181832055], [126.95022729647029, 37.25961930647104], [126.95024367377218, 37.257365901554365], [126.94742452993556, 37.25735277797991]]]",0
수원시,Feature,다사51aa18aa,Polygon,"[[[126.94740806866146, 37.259606181832055], [126.94739160555542, 37.261859584818225], [126.95021091734581, 37.26187271052179], [126.95022729647029, 37.25961930647104], [126.94740806866146, 37.259606181832055]]]",0
수원시,Feature,다사51aa18ab,Polygon,"[[[126.94739160555542, 37.261859584818225], [126.9473751406172, 37.26411298693841], [126.95019453639851, 37.26412611370661], [126.95021091734581, 37.26187271052179], [126.94739160555542, 37.261859584818225]]]",0
수원시,Feature,다사51aa18ba,Polygon,"[[[126.9473751406172, 37.26411298693841], [126.94735867384662, 37.266366388192544], [126.95017815362817, 37.26637951602545], [126.95019453639851, 37.26412611370661], [126.9473751406172, 37.26411298693841]]]",2
수원시,Feature,다사51aa18bb,Polygon,"[[[126.94735867384662, 37.266366388192544], [126.94734220524342, 37.26861978858065], [126.95016176903461, 37.26863291747834], [126.95017815362817, 37.26637951602545], [126.94735867384662, 37.266366388192544]]]",2
수원시,Feature,다사51aa19aa,Polygon,"[[[126.94734220524342, 37.26861978858065], [126.94732573480744, 37.270873188102684], [126.95014538261755, 37.270886318065216], [126.95016176903461, 37.26863291747834], [126.94734220524342, 37.26861978858065]]]",3
수원시,Feature,다사51aa19ab,Polygon,"[[[126.94732573480744, 37.270873188102684], [126.94730926253841, 37.273126586758664], [126.95012899437683, 37.27313971778609], [126.95014538261755, 37.270886318065216], [126.94732573480744, 37.270873188102684]]]",2
수원시,Feature,다사51aa19ba,Polygon,"[[[126.94730926253841, 37.273126586758664], [126.94729278843614, 37.275379984548536], [126.95011260431221, 37.27539311664092], [126.95012899437683, 37.27313971778609], [126.94730926253841, 37.273126586758664]]]",2
수원시,Feature,다사51aa19bb,Polygon,"[[[126.94729278843614, 37.275379984548536], [126.94727631250042, 37.27763338147229], [126.95009621242349, 37.277646514629694], [126.95011260431221, 37.27539311664092], [126.94729278843614, 37.275379984548536]]]",2
수원시,Feature,다사51aa20aa,Polygon,"[[[126.94727631250042, 37.27763338147229], [126.94725983473104, 37.27988677752991], [126.95007981871048, 37.279899911752395], [126.95009621242349, 37.277646514629694], [126.94727631250042, 37.27763338147229]]]",0
수원시,Feature,다사51aa20ab,Polygon,"[[[126.94725983473104, 37.27988677752991], [126.9472433551278, 37.28214017272138], [126.9500634231729, 37.282153308009015], [126.95007981871048, 37.279899911752395], [126.94725983473104, 37.27988677752991]]]",0
수원시,Feature,다사51aa20ba,Polygon,"[[[126.9472433551278, 37.28214017272138], [126.94722687369043, 37.28439356704667], [126.9500470258106, 37.28440670339951], [126.9500634231729, 37.282153308009015], [126.9472433551278, 37.28214017272138]]]",2
수원시,Feature,다사51aa20bb,Polygon,"[[[126.94722687369043, 37.28439356704667], [126.94721039041873, 37.28664696050577], [126.95003062662335, 37.286660097923885], [126.9500470258106, 37.28440670339951], [126.94722687369043, 37.28439356704667]]]",0
수원시,Feature,다사51aa21aa,Polygon,"[[[126.94721039041873, 37.28664696050577], [126.94719390531253, 37.288900353098654], [126.95001422561094, 37.2889134915821], [126.95003062662335, 37.286660097923885], [126.94721039041873, 37.28664696050577]]]",0
수원시,Feature,다사51aa21ab,Polygon,"[[[126.94719390531253, 37.288900353098654], [126.94717741837161, 37.2911537448253], [126.94999782277314, 37.29116688437416], [126.95001422561094, 37.2889134915821], [126.94719390531253, 37.288900353098654]]]",0
수원시,Feature,다사51aa21ba,Polygon,"[[[126.94717741837161, 37.2911537448253], [126.94716092959571, 37.293407135685705], [126.94998141810976, 37.29342027630002], [126.94999782277314, 37.29116688437416], [126.94717741837161, 37.2911537448253]]]",1
수원시,Feature,다사51aa21bb,Polygon,"[[[126.94716092959571, 37.293407135685705], [126.94714443898465, 37.29566052567984], [126.94996501162056, 37.29567366735967], [126.94998141810976, 37.29342027630002], [126.94716092959571, 37.293407135685705]]]",1
수원시,Feature,다사51aa22aa,Polygon,"[[[126.94714443898465, 37.29566052567984], [126.94712794653822, 37.29791391480768], [126.94994860330533, 37.29792705755311], [126.94996501162056, 37.29567366735967], [126.94714443898465, 37.29566052567984]]]",0
수원시,Feature,다사51aa22ab,Polygon,"[[[126.94712794653822, 37.29791391480768], [126.9471114522562, 37.300167303069216], [126.94993219316386, 37.30018044688029], [126.94994860330533, 37.29792705755311], [126.94712794653822, 37.29791391480768]]]",0
수원시,Feature,다사51aa22ba,Polygon,"[[[126.9471114522562, 37.300167303069216], [126.94709495613833, 37.30242069046444], [126.94991578119597, 37.30243383534122], [126.94993219316386, 37.30018044688029], [126.9471114522562, 37.300167303069216]]]",0
수원시,Feature,다사51ab16bb,Polygon,"[[[126.95030916475781, 37.248352273228846], [126.95029279474426, 37.25060568160901], [126.95311168854202, 37.25061873488709], [126.95312797462051, 37.24836532544809], [126.95030916475781, 37.248352273228846]]]",0
수원시,Feature,다사51ab17aa,Polygon,"[[[126.95029279474426, 37.25060568160901], [126.95027642290893, 37.252859089123326], [126.95309540065111, 37.25287214346031], [126.95311168854202, 37.25061873488709], [126.95029279474426, 37.25060568160901]]]",0
수원시,Feature,다사51ab17ab,Polygon,"[[[126.95027642290893, 37.252859089123326], [126.95026004925165, 37.25511249577179], [126.95307911094757, 37.255125551167716], [126.95309540065111, 37.25287214346031], [126.95027642290893, 37.252859089123326]]]",1
수원시,Feature,다사51ab17ba,Polygon,"[[[126.95026004925165, 37.25511249577179], [126.95024367377218, 37.257365901554365], [126.95306281943117, 37.25737895800931], [126.95307911094757, 37.255125551167716], [126.95026004925165, 37.25511249577179]]]",0
수원시,Feature,다사51ab17bb,Polygon,"[[[126.95024367377218, 37.257365901554365], [126.95022729647029, 37.25961930647104], [126.95304652610173, 37.259632363985055], [126.95306281943117, 37.25737895800931], [126.95024367377218, 37.257365901554365]]]",1
수원시,Feature,다사51ab18aa,Polygon,"[[[126.95022729647029, 37.25961930647104], [126.95021091734581, 37.26187271052179], [126.95303023095904, 37.261885769094945], [126.95304652610173, 37.259632363985055], [126.95022729647029, 37.25961930647104]]]",3
수원시,Feature,다사51ab18ab,Polygon,"[[[126.95021091734581, 37.26187271052179], [126.95019453639851, 37.26412611370661], [126.95301393400285, 37.26413917333897], [126.95303023095904, 37.261885769094945], [126.95021091734581, 37.26187271052179]]]",3
수원시,Feature,다사51ab18ba,Polygon,"[[[126.95019453639851, 37.26412611370661], [126.95017815362817, 37.26637951602545], [126.95299763523299, 37.266392576717095], [126.95301393400285, 37.26413917333897], [126.95019453639851, 37.26412611370661]]]",0
수원시,Feature,다사51ab18bb,Polygon,"[[[126.95017815362817, 37.26637951602545], [126.95016176903461, 37.26863291747834], [126.95298133464921, 37.26864597922929], [126.95299763523299, 37.266392576717095], [126.95017815362817, 37.26637951602545]]]",1
수원시,Feature,다사51ab19aa,Polygon,"[[[126.95016176903461, 37.26863291747834], [126.95014538261755, 37.270886318065216], [126.95296503225131, 37.27089938087556], [126.95298133464921, 37.26864597922929], [126.95016176903461, 37.26863291747834]]]",1
수원시,Feature,다사51ab19ab,Polygon,"[[[126.95014538261755, 37.270886318065216], [126.95012899437683, 37.27313971778609], [126.95294872803912, 37.27315278165588], [126.95296503225131, 37.27089938087556], [126.95014538261755, 37.270886318065216]]]",1
수원시,Feature,다사51ab19ba,Polygon,"[[[126.95012899437683, 37.27313971778609], [126.95011260431221, 37.27539311664092], [126.95293242201237, 37.27540618157023], [126.95294872803912, 37.27315278165588], [126.95012899437683, 37.27313971778609]]]",3
수원시,Feature,다사51ab19bb,Polygon,"[[[126.95011260431221, 37.27539311664092], [126.95009621242349, 37.277646514629694], [126.95291611417086, 37.27765958061858], [126.95293242201237, 37.27540618157023], [126.95011260431221, 37.27539311664092]]]",3
수원시,Feature,다사51ab20aa,Polygon,"[[[126.95009621242349, 37.277646514629694], [126.95007981871048, 37.279899911752395], [126.95289980451442, 37.27991297880092], [126.95291611417086, 37.27765958061858], [126.95009621242349, 37.277646514629694]]]",3
수원시,Feature,다사51ab20ab,Polygon,"[[[126.95007981871048, 37.279899911752395], [126.9500634231729, 37.282153308009015], [126.95288349304279, 37.28216637611724], [126.95289980451442, 37.27991297880092], [126.95007981871048, 37.279899911752395]]]",0
수원시,Feature,다사51ab20ba,Polygon,"[[[126.9500634231729, 37.282153308009015], [126.9500470258106, 37.28440670339951], [126.95286717975577, 37.2844197725675], [126.95288349304279, 37.28216637611724], [126.9500634231729, 37.282153308009015]]]",0
수원시,Feature,다사51ab20bb,Polygon,"[[[126.9500470258106, 37.28440670339951], [126.95003062662335, 37.286660097923885], [126.95285086465314, 37.286673168151694], [126.95286717975577, 37.2844197725675], [126.9500470258106, 37.28440670339951]]]",0
수원시,Feature,다사51ab21aa,Polygon,"[[[126.95003062662335, 37.286660097923885], [126.95001422561094, 37.2889134915821], [126.95283454773472, 37.288926562869804], [126.95285086465314, 37.286673168151694], [126.95003062662335, 37.286660097923885]]]",0
수원시,Feature,다사51ab21ab,Polygon,"[[[126.95001422561094, 37.2889134915821], [126.94999782277314, 37.29116688437416], [126.95281822900026, 37.2911799567218], [126.95283454773472, 37.288926562869804], [126.95001422561094, 37.2889134915821]]]",0
수원시,Feature,다사51ab21ba,Polygon,"[[[126.94999782277314, 37.29116688437416], [126.94998141810976, 37.29342027630002], [126.95280190844959, 37.293433349707676], [126.95281822900026, 37.2911799567218], [126.94999782277314, 37.29116688437416]]]",0
수원시,Feature,다사51ab21bb,Polygon,"[[[126.94998141810976, 37.29342027630002], [126.94996501162056, 37.29567366735967], [126.95278558608246, 37.2956867418274], [126.95280190844959, 37.293433349707676], [126.94998141810976, 37.29342027630002]]]",1
수원시,Feature,다사51ab22aa,Polygon,"[[[126.94996501162056, 37.29567366735967], [126.94994860330533, 37.29792705755311], [126.95276926189865, 37.297940133080964], [126.95278558608246, 37.2956867418274], [126.94996501162056, 37.29567366735967]]]",0
수원시,Feature,다사51ab22ab,Polygon,"[[[126.94994860330533, 37.29792705755311], [126.94993219316386, 37.30018044688029], [126.95275293589799, 37.30019352346835], [126.95276926189865, 37.297940133080964], [126.94994860330533, 37.29792705755311]]]",0
수원시,Feature,다사51ab22ba,Polygon,"[[[126.94993219316386, 37.30018044688029], [126.94991578119597, 37.30243383534122], [126.95273660808024, 37.30244691298954], [126.95275293589799, 37.30019352346835], [126.94993219316386, 37.30018044688029]]]",2
수원시,Feature,다사51ba16ba,Polygon,"[[[126.9531442588868, 37.24611191514334], [126.95312797462051, 37.24836532544809], [126.95594678629544, 37.24837831056947], [126.95596298663577, 37.24612489921139], [126.9531442588868, 37.24611191514334]]]",0
수원시,Feature,다사51ba16bb,Polygon,"[[[126.95312797462051, 37.24836532544809], [126.95311168854202, 37.25061873488709], [126.95593058415223, 37.25063172106185], [126.95594678629544, 37.24837831056947], [126.95312797462051, 37.24836532544809]]]",0
수원시,Feature,다사51ba17aa,Polygon,"[[[126.95311168854202, 37.25061873488709], [126.95309540065111, 37.25287214346031], [126.95591438020591, 37.25288513068851], [126.95593058415223, 37.25063172106185], [126.95311168854202, 37.25061873488709]]]",0
수원시,Feature,다사51ba17ab,Polygon,"[[[126.95309540065111, 37.25287214346031], [126.95307911094757, 37.255125551167716], [126.95589817445634, 37.25513853944943], [126.95591438020591, 37.25288513068851], [126.95309540065111, 37.25287214346031]]]",0
수원시,Feature,다사51ba17ba,Polygon,"[[[126.95307911094757, 37.255125551167716], [126.95306281943117, 37.25737895800931], [126.95588196690325, 37.2573919473446], [126.95589817445634, 37.25513853944943], [126.95307911094757, 37.255125551167716]]]",2
수원시,Feature,다사51ba17bb,Polygon,"[[[126.95306281943117, 37.25737895800931], [126.95304652610173, 37.259632363985055], [126.95586575754645, 37.25964535437399], [126.95588196690325, 37.2573919473446], [126.95306281943117, 37.25737895800931]]]",5
수원시,Feature,다사51ba18aa,Polygon,"[[[126.95304652610173, 37.259632363985055], [126.95303023095904, 37.261885769094945], [126.95584954638575, 37.261898760537576], [126.95586575754645, 37.25964535437399], [126.95304652610173, 37.259632363985055]]]",2
수원시,Feature,다사51ba18ab,Polygon,"[[[126.95303023095904, 37.261885769094945], [126.95301393400285, 37.26413917333897], [126.95583333342088, 37.264152165835355], [126.95584954638575, 37.261898760537576], [126.95303023095904, 37.261885769094945]]]",3
수원시,Feature,다사51ba18ba,Polygon,"[[[126.95301393400285, 37.26413917333897], [126.95299763523299, 37.266392576717095], [126.95581711865171, 37.26640557026729], [126.95583333342088, 37.264152165835355], [126.95301393400285, 37.26413917333897]]]",5
수원시,Feature,다사51ba18bb,Polygon,"[[[126.95299763523299, 37.266392576717095], [126.95298133464921, 37.26864597922929], [126.95580090207795, 37.26865897383338], [126.95581711865171, 37.26640557026729], [126.95299763523299, 37.266392576717095]]]",7
수원시,Feature,다사51ba19aa,Polygon,"[[[126.95298133464921, 37.26864597922929], [126.95296503225131, 37.27089938087556], [126.95578468369945, 37.27091237653358], [126.95580090207795, 37.26865897383338], [126.95298133464921, 37.26864597922929]]]",7
수원시,Feature,다사51ba19ab,Polygon,"[[[126.95296503225131, 37.27089938087556], [126.95294872803912, 37.27315278165588], [126.95576846351595, 37.273165778367904], [126.95578468369945, 37.27091237653358], [126.95296503225131, 37.27089938087556]]]",3
수원시,Feature,다사51ba19ba,Polygon,"[[[126.95294872803912, 37.27315278165588], [126.95293242201237, 37.27540618157023], [126.95575224152729, 37.27541917933632], [126.95576846351595, 37.273165778367904], [126.95294872803912, 37.27315278165588]]]",5
수원시,Feature,다사51ba19bb,Polygon,"[[[126.95293242201237, 37.27540618157023], [126.95291611417086, 37.27765958061858], [126.95573601773322, 37.27767257943881], [126.95575224152729, 37.27541917933632], [126.95293242201237, 37.27540618157023]]]",3
수원시,Feature,다사51ba20aa,Polygon,"[[[126.95291611417086, 37.27765958061858], [126.95289980451442, 37.27991297880092], [126.95571979213354, 37.27992597867533], [126.95573601773322, 37.27767257943881], [126.95291611417086, 37.27765958061858]]]",2
수원시,Feature,다사51ba20ab,Polygon,"[[[126.95289980451442, 37.27991297880092], [126.95288349304279, 37.28216637611724], [126.95570356472804, 37.2821793770459], [126.95571979213354, 37.27992597867533], [126.95289980451442, 37.27991297880092]]]",0
수원시,Feature,다사51ba20ba,Polygon,"[[[126.95288349304279, 37.28216637611724], [126.95286717975577, 37.2844197725675], [126.9556873355165, 37.28443277455049], [126.95570356472804, 37.2821793770459], [126.95288349304279, 37.28216637611724]]]",0
수원시,Feature,다사51ba20bb,Polygon,"[[[126.95286717975577, 37.2844197725675], [126.95285086465314, 37.286673168151694], [126.95567110449872, 37.28668617118907], [126.9556873355165, 37.28443277455049], [126.95286717975577, 37.2844197725675]]]",0
수원시,Feature,다사51ba21aa,Polygon,"[[[126.95285086465314, 37.286673168151694], [126.95283454773472, 37.288926562869804], [126.9556548716745, 37.2889395669616], [126.95567110449872, 37.28668617118907], [126.95285086465314, 37.286673168151694]]]",0
수원시,Feature,다사51ba21ab,Polygon,"[[[126.95283454773472, 37.288926562869804], [126.95281822900026, 37.2911799567218], [126.95563863704362, 37.2911929618681], [126.9556548716745, 37.2889395669616], [126.95283454773472, 37.288926562869804]]]",0
수원시,Feature,다사51ba21ba,Polygon,"[[[126.95281822900026, 37.2911799567218], [126.95280190844959, 37.293433349707676], [126.95562240060586, 37.293446355908536], [126.95563863704362, 37.2911929618681], [126.95281822900026, 37.2911799567218]]]",0
수원시,Feature,다사51ba21bb,Polygon,"[[[126.95280190844959, 37.293433349707676], [126.95278558608246, 37.2956867418274], [126.95560616236102, 37.29569974908289], [126.95562240060586, 37.293446355908536], [126.95280190844959, 37.293433349707676]]]",1
수원시,Feature,다사51ba22aa,Polygon,"[[[126.95278558608246, 37.2956867418274], [126.95276926189865, 37.297940133080964], [126.95558992230887, 37.29795314139115], [126.95560616236102, 37.29569974908289], [126.95278558608246, 37.2956867418274]]]",1
수원시,Feature,다사51ba22ab,Polygon,"[[[126.95276926189865, 37.297940133080964], [126.95275293589799, 37.30019352346835], [126.9555736804492, 37.30020653283328], [126.95558992230887, 37.29795314139115], [126.95276926189865, 37.297940133080964]]]",1
수원시,Feature,다사51ba22ba,Polygon,"[[[126.95275293589799, 37.30019352346835], [126.95273660808024, 37.30244691298954], [126.95555743678185, 37.302459923409266], [126.9555736804492, 37.30020653283328], [126.95275293589799, 37.30019352346835]]]",4
수원시,Feature,다사51ba22bb,Polygon,"[[[126.95273660808024, 37.30244691298954], [126.9527202784452, 37.304700301644495], [126.95554119130654, 37.30471331311911], [126.95555743678185, 37.302459923409266], [126.95273660808024, 37.30244691298954]]]",0
수원시,Feature,다사51bb15ba,Polygon,"[[[126.9560277699727, 37.237111245122456], [126.95601157684173, 37.23936465994315], [126.95883005467093, 37.23937757377534], [126.95884616391312, 37.23712415790702], [126.9560277699727, 37.237111245122456]]]",0
수원시,Feature,다사51bb15bb,Polygon,"[[[126.95601157684173, 37.23936465994315], [126.95599538190872, 37.24161807389821], [126.95881394363607, 37.241630988778105], [126.95883005467093, 37.23937757377534], [126.95601157684173, 37.23936465994315]]]",0
수원시,Feature,다사51bb16aa,Polygon,"[[[126.95599538190872, 37.24161807389821], [126.95597918517346, 37.24387148698763], [126.95879783080831, 37.243884402915285], [126.95881394363607, 37.241630988778105], [126.95599538190872, 37.24161807389821]]]",1
수원시,Feature,다사51bb16ab,Polygon,"[[[126.95597918517346, 37.24387148698763], [126.95596298663577, 37.24612489921139], [126.95878171618742, 37.246137816186874], [126.95879783080831, 37.243884402915285], [126.95597918517346, 37.24387148698763]]]",0
수원시,Feature,다사51bb16ba,Polygon,"[[[126.95596298663577, 37.24612489921139], [126.95594678629544, 37.24837831056947], [126.95876559977322, 37.24839122859283], [126.95878171618742, 37.246137816186874], [126.95596298663577, 37.24612489921139]]]",1
수원시,Feature,다사51bb16bb,Polygon,"[[[126.95594678629544, 37.24837831056947], [126.95593058415223, 37.25063172106185], [126.9587494815655, 37.25064464013316], [126.95876559977322, 37.24839122859283], [126.95594678629544, 37.24837831056947]]]",0
수원시,Feature,다사51bb17aa,Polygon,"[[[126.95593058415223, 37.25063172106185], [126.95591438020591, 37.25288513068851], [126.95873336156403, 37.25289805080782], [126.9587494815655, 37.25064464013316], [126.95593058415223, 37.25063172106185]]]",0
수원시,Feature,다사51bb17ab,Polygon,"[[[126.95591438020591, 37.25288513068851], [126.95589817445634, 37.25513853944943], [126.95871723976862, 37.255151460616815], [126.95873336156403, 37.25289805080782], [126.95591438020591, 37.25288513068851]]]",0
수원시,Feature,다사51bb17ba,Polygon,"[[[126.95589817445634, 37.25513853944943], [126.95588196690325, 37.2573919473446], [126.95870111617904, 37.257404869560105], [126.95871723976862, 37.255151460616815], [126.95589817445634, 37.25513853944943]]]",0
수원시,Feature,다사51bb17bb,Polygon,"[[[126.95588196690325, 37.2573919473446], [126.95586575754645, 37.25964535437399], [126.9586849907951, 37.259658277637676], [126.95870111617904, 37.257404869560105], [126.95588196690325, 37.2573919473446]]]",2
수원시,Feature,다사51bb18aa,Polygon,"[[[126.95586575754645, 37.25964535437399], [126.95584954638575, 37.261898760537576], [126.95866886361657, 37.26191168484952], [126.9586849907951, 37.259658277637676], [126.95586575754645, 37.25964535437399]]]",1
수원시,Feature,다사51bb18ab,Polygon,"[[[126.95584954638575, 37.261898760537576], [126.95583333342088, 37.264152165835355], [126.95865273464325, 37.26416509119562], [126.95866886361657, 37.26191168484952], [126.95584954638575, 37.261898760537576]]]",3
수원시,Feature,다사51bb18ba,Polygon,"[[[126.95583333342088, 37.264152165835355], [126.95581711865171, 37.26640557026729], [126.95863660387496, 37.266418496675925], [126.95865273464325, 37.26416509119562], [126.95583333342088, 37.264152165835355]]]",3
수원시,Feature,다사51bb18bb,Polygon,"[[[126.95581711865171, 37.26640557026729], [126.95580090207795, 37.26865897383338], [126.95862047131145, 37.268671901290446], [126.95863660387496, 37.266418496675925], [126.95581711865171, 37.26640557026729]]]",3
수원시,Feature,다사51bb19aa,Polygon,"[[[126.95580090207795, 37.26865897383338], [126.95578468369945, 37.27091237653358], [126.95860433695253, 37.270925305039164], [126.95862047131145, 37.268671901290446], [126.95580090207795, 37.26865897383338]]]",5
수원시,Feature,다사51bb19ab,Polygon,"[[[126.95578468369945, 37.27091237653358], [126.95576846351595, 37.273165778367904], [126.95858820079796, 37.27317870792205], [126.95860433695253, 37.270925305039164], [126.95578468369945, 37.27091237653358]]]",3
수원시,Feature,다사51bb19ba,Polygon,"[[[126.95576846351595, 37.273165778367904], [126.95575224152729, 37.27541917933632], [126.9585720628476, 37.27543210993908], [126.95858820079796, 37.27317870792205], [126.95576846351595, 37.273165778367904]]]",3
수원시,Feature,다사51bb19bb,Polygon,"[[[126.95575224152729, 37.27541917933632], [126.95573601773322, 37.27767257943881], [126.95855592310116, 37.27768551109025], [126.9585720628476, 37.27543210993908], [126.95575224152729, 37.27541917933632]]]",1
수원시,Feature,다사51bb20aa,Polygon,"[[[126.95573601773322, 37.27767257943881], [126.95571979213354, 37.27992597867533], [126.95853978155849, 37.27993891137552], [126.95855592310116, 37.27768551109025], [126.95573601773322, 37.27767257943881]]]",0
수원시,Feature,다사51bb20ab,Polygon,"[[[126.95571979213354, 37.27992597867533], [126.95570356472804, 37.2821793770459], [126.95852363821932, 37.28219231079489], [126.95853978155849, 37.27993891137552], [126.95571979213354, 37.27992597867533]]]",0
수원시,Feature,다사51bb20ba,Polygon,"[[[126.95570356472804, 37.2821793770459], [126.9556873355165, 37.28443277455049], [126.95850749308349, 37.284445709348326], [126.95852363821932, 37.28219231079489], [126.95570356472804, 37.2821793770459]]]",0
수원시,Feature,다사51bb20bb,Polygon,"[[[126.9556873355165, 37.28443277455049], [126.95567110449872, 37.28668617118907], [126.9584913461508, 37.28669910703584], [126.95850749308349, 37.284445709348326], [126.9556873355165, 37.28443277455049]]]",0
수원시,Feature,다사51bb21aa,Polygon,"[[[126.95567110449872, 37.28668617118907], [126.9556548716745, 37.2889395669616], [126.95847519742097, 37.28895250385737], [126.9584913461508, 37.28669910703584], [126.95567110449872, 37.28668617118907]]]",0
수원시,Feature,다사51bb21ab,Polygon,"[[[126.9556548716745, 37.2889395669616], [126.95563863704362, 37.2911929618681], [126.95845904689385, 37.29120589981293], [126.95847519742097, 37.28895250385737], [126.9556548716745, 37.2889395669616]]]",0
수원시,Feature,다사51bb21ba,Polygon,"[[[126.95563863704362, 37.2911929618681], [126.95562240060586, 37.293446355908536], [126.95844289456923, 37.293459294902476], [126.95845904689385, 37.29120589981293], [126.95563863704362, 37.2911929618681]]]",0
수원시,Feature,다사51bb21bb,Polygon,"[[[126.95562240060586, 37.293446355908536], [126.95560616236102, 37.29569974908289], [126.95842674044687, 37.29571268912601], [126.95844289456923, 37.293459294902476], [126.95562240060586, 37.293446355908536]]]",1
수원시,Feature,다사51bb22aa,Polygon,"[[[126.95560616236102, 37.29569974908289], [126.95558992230887, 37.29795314139115], [126.95841058452658, 37.297966082483484], [126.95842674044687, 37.29571268912601], [126.95560616236102, 37.29569974908289]]]",1
수원시,Feature,다사51bb22ab,Polygon,"[[[126.95558992230887, 37.29795314139115], [126.9555736804492, 37.30020653283328], [126.95839442680816, 37.300219474974924], [126.95841058452658, 37.297966082483484], [126.95558992230887, 37.29795314139115]]]",3
수원시,Feature,다사51bb22ba,Polygon,"[[[126.9555736804492, 37.30020653283328], [126.95555743678185, 37.302459923409266], [126.95837826729137, 37.302472866600276], [126.95839442680816, 37.300219474974924], [126.9555736804492, 37.30020653283328]]]",1
수원시,Feature,다사51bb22bb,Polygon,"[[[126.95555743678185, 37.302459923409266], [126.95554119130654, 37.30471331311911], [126.95836210597601, 37.30472625735953], [126.95837826729137, 37.302472866600276], [126.95555743678185, 37.302459923409266]]]",0
수원시,Feature,다사52aa15ba,Polygon,"[[[126.95884616391312, 37.23712415790702], [126.95883005467093, 37.23937757377534], [126.96164853429285, 37.23939042053117], [126.96166455964601, 37.23713700362065], [126.95884616391312, 37.23712415790702]]]",0
수원시,Feature,다사52aa15bb,Polygon,"[[[126.95883005467093, 37.23937757377534], [126.95881394363607, 37.241630988778105], [126.96163250715632, 37.24164383657619], [126.96164853429285, 37.23939042053117], [126.95883005467093, 37.23937757377534]]]",0
수원시,Feature,다사52aa16aa,Polygon,"[[[126.95881394363607, 37.241630988778105], [126.95879783080831, 37.243884402915285], [126.96161647823624, 37.24389725175568], [126.96163250715632, 37.24164383657619], [126.95881394363607, 37.241630988778105]]]",0
수원시,Feature,다사52aa16ab,Polygon,"[[[126.95879783080831, 37.243884402915285], [126.95878171618742, 37.246137816186874], [126.96160044753238, 37.246150666069646], [126.96161647823624, 37.24389725175568], [126.95879783080831, 37.243884402915285]]]",1
수원시,Feature,다사52aa16ba,Polygon,"[[[126.95878171618742, 37.246137816186874], [126.95876559977322, 37.24839122859283], [126.96158441504454, 37.24840407951806], [126.96160044753238, 37.246150666069646], [126.95878171618742, 37.246137816186874]]]",0
수원시,Feature,다사52aa16bb,Polygon,"[[[126.95876559977322, 37.24839122859283], [126.9587494815655, 37.25064464013316], [126.9615683807725, 37.25065749210088], [126.96158441504454, 37.24840407951806], [126.95876559977322, 37.24839122859283]]]",0
수원시,Feature,다사52aa17aa,Polygon,"[[[126.9587494815655, 37.25064464013316], [126.95873336156403, 37.25289805080782], [126.96155234471607, 37.25291090381811], [126.9615683807725, 37.25065749210088], [126.9587494815655, 37.25064464013316]]]",0
수원시,Feature,다사52aa17ab,Polygon,"[[[126.95873336156403, 37.25289805080782], [126.95871723976862, 37.255151460616815], [126.96153630687503, 37.25516431466972], [126.96155234471607, 37.25291090381811], [126.95873336156403, 37.25289805080782]]]",0
수원시,Feature,다사52aa17ba,Polygon,"[[[126.95871723976862, 37.255151460616815], [126.95870111617904, 37.257404869560105], [126.96152026724918, 37.2574177246557], [126.96153630687503, 37.25516431466972], [126.95871723976862, 37.255151460616815]]]",1
수원시,Feature,다사52aa17bb,Polygon,"[[[126.95870111617904, 37.257404869560105], [126.9586849907951, 37.259658277637676], [126.9615042258383, 37.25967113377602], [126.96152026724918, 37.2574177246557], [126.95870111617904, 37.257404869560105]]]",1
수원시,Feature,다사52aa18aa,Polygon,"[[[126.9586849907951, 37.259658277637676], [126.95866886361657, 37.26191168484952], [126.96148818264219, 37.26192454203068], [126.9615042258383, 37.25967113377602], [126.9586849907951, 37.259658277637676]]]",1
수원시,Feature,다사52aa18ab,Polygon,"[[[126.95866886361657, 37.26191168484952], [126.95865273464325, 37.26416509119562], [126.96147213766062, 37.26417794941963], [126.96148818264219, 37.26192454203068], [126.95866886361657, 37.26191168484952]]]",1
수원시,Feature,다사52aa18ba,Polygon,"[[[126.95865273464325, 37.26416509119562], [126.95863660387496, 37.266418496675925], [126.96145609089344, 37.26643135594287], [126.96147213766062, 37.26417794941963], [126.95865273464325, 37.26416509119562]]]",2
수원시,Feature,다사52aa18bb,Polygon,"[[[126.95863660387496, 37.266418496675925], [126.95862047131145, 37.268671901290446], [126.96144004234037, 37.26868476160039], [126.96145609089344, 37.26643135594287], [126.95863660387496, 37.266418496675925]]]",0
수원시,Feature,다사52aa19aa,Polygon,"[[[126.95862047131145, 37.268671901290446], [126.95860433695253, 37.270925305039164], [126.96142399200123, 37.27093816639215], [126.96144004234037, 37.26868476160039], [126.95862047131145, 37.268671901290446]]]",4
수원시,Feature,다사52aa19ab,Polygon,"[[[126.95860433695253, 37.270925305039164], [126.95858820079796, 37.27317870792205], [126.96140793987583, 37.27319157031815], [126.96142399200123, 37.27093816639215], [126.95860433695253, 37.270925305039164]]]",6
수원시,Feature,다사52aa19ba,Polygon,"[[[126.95858820079796, 37.27317870792205], [126.9585720628476, 37.27543210993908], [126.96139188596393, 37.275444973378356], [126.96140793987583, 37.27319157031815], [126.95858820079796, 37.27317870792205]]]",0
수원시,Feature,다사52aa19bb,Polygon,"[[[126.9585720628476, 37.27543210993908], [126.95855592310116, 37.27768551109025], [126.96137583026535, 37.277698375572754], [126.96139188596393, 37.275444973378356], [126.9585720628476, 37.27543210993908]]]",0
수원시,Feature,다사52aa20aa,Polygon,"[[[126.95855592310116, 37.27768551109025], [126.95853978155849, 37.27993891137552], [126.96135977277987, 37.27995177690133], [126.96137583026535, 37.277698375572754], [126.95855592310116, 37.27768551109025]]]",0
수원시,Feature,다사52aa20ab,Polygon,"[[[126.95853978155849, 37.27993891137552], [126.95852363821932, 37.28219231079489], [126.96134371350728, 37.282205177364055], [126.96135977277987, 37.27995177690133], [126.95853978155849, 37.27993891137552]]]",1
수원시,Feature,다사52aa20ba,Polygon,"[[[126.95852363821932, 37.28219231079489], [126.95850749308349, 37.284445709348326], [126.96132765244735, 37.28445857696093], [126.96134371350728, 37.282205177364055], [126.95852363821932, 37.28219231079489]]]",1
수원시,Feature,다사52aa20bb,Polygon,"[[[126.95850749308349, 37.284445709348326], [126.9584913461508, 37.28669910703584], [126.96131158959992, 37.2867119756919], [126.96132765244735, 37.28445857696093], [126.95850749308349, 37.284445709348326]]]",0
수원시,Feature,다사52aa21aa,Polygon,"[[[126.9584913461508, 37.28669910703584], [126.95847519742097, 37.28895250385737], [126.96129552496474, 37.288965373556984], [126.96131158959992, 37.2867119756919], [126.9584913461508, 37.28669910703584]]]",0
수원시,Feature,다사52aa21ab,Polygon,"[[[126.95847519742097, 37.28895250385737], [126.95845904689385, 37.29120589981293], [126.9612794585416, 37.29121877055614], [126.96129552496474, 37.288965373556984], [126.95847519742097, 37.28895250385737]]]",0
수원시,Feature,다사52aa21ba,Polygon,"[[[126.95845904689385, 37.29120589981293], [126.95844289456923, 37.293459294902476], [126.96126339033032, 37.29347216668936], [126.9612794585416, 37.29121877055614], [126.95845904689385, 37.29120589981293]]]",2
수원시,Feature,다사52aa21bb,Polygon,"[[[126.95844289456923, 37.293459294902476], [126.95842674044687, 37.29571268912601], [126.96124732033067, 37.29572556195661], [126.96126339033032, 37.29347216668936], [126.95844289456923, 37.293459294902476]]]",3
수원시,Feature,다사52aa22aa,Polygon,"[[[126.95842674044687, 37.29571268912601], [126.95841058452658, 37.297966082483484], [126.96123124854246, 37.29797895635788], [126.96124732033067, 37.29572556195661], [126.95842674044687, 37.29571268912601]]]",1
수원시,Feature,다사52aa22ab,Polygon,"[[[126.95841058452658, 37.297966082483484], [126.95839442680816, 37.300219474974924], [126.96121517496546, 37.30023234989316], [126.96123124854246, 37.29797895635788], [126.95841058452658, 37.297966082483484]]]",0
수원시,Feature,다사52aa22ba,Polygon,"[[[126.95839442680816, 37.300219474974924], [126.95837826729137, 37.302472866600276], [126.96119909959945, 37.30248574256243], [126.96121517496546, 37.30023234989316], [126.95839442680816, 37.300219474974924]]]",0
수원시,Feature,다사52ab15ab,Polygon,"[[[126.96168058321604, 37.23488358584464], [126.96166455964601, 37.23713700362065], [126.96448295716206, 37.23714978226321], [126.96449889685219, 37.23489636345051], [126.96168058321604, 37.23488358584464]]]",0
수원시,Feature,다사52ab15ba,Polygon,"[[[126.96166455964601, 37.23713700362065], [126.96164853429285, 37.23939042053117], [126.96446701569812, 37.23940320021049], [126.96448295716206, 37.23714978226321], [126.96166455964601, 37.23713700362065]]]",0
수원시,Feature,다사52ab15bb,Polygon,"[[[126.96164853429285, 37.23939042053117], [126.96163250715632, 37.24164383657619], [126.96445107246014, 37.24165661729232], [126.96446701569812, 37.23940320021049], [126.96164853429285, 37.23939042053117]]]",0
수원시,Feature,다사52ab16aa,Polygon,"[[[126.96163250715632, 37.24164383657619], [126.96161647823624, 37.24389725175568], [126.96443512744796, 37.2439100335087], [126.96445107246014, 37.24165661729232], [126.96163250715632, 37.24164383657619]]]",1
수원시,Feature,다사52ab16ab,Polygon,"[[[126.96161647823624, 37.24389725175568], [126.96160044753238, 37.246150666069646], [126.96441918066131, 37.2461634488596], [126.96443512744796, 37.2439100335087], [126.96161647823624, 37.24389725175568]]]",5
수원시,Feature,다사52ab16ba,Polygon,"[[[126.96160044753238, 37.246150666069646], [126.96158441504454, 37.24840407951806], [126.96440323210005, 37.248416863345], [126.96441918066131, 37.2461634488596], [126.96160044753238, 37.246150666069646]]]",3
수원시,Feature,다사52ab16bb,Polygon,"[[[126.96158441504454, 37.24840407951806], [126.9615683807725, 37.25065749210088], [126.96438728176392, 37.250670276964875], [126.96440323210005, 37.248416863345], [126.96158441504454, 37.24840407951806]]]",2
수원시,Feature,다사52ab17aa,Polygon,"[[[126.9615683807725, 37.25065749210088], [126.96155234471607, 37.25291090381811], [126.96437132965274, 37.25292368971923], [126.96438728176392, 37.250670276964875], [126.9615683807725, 37.25065749210088]]]",1
수원시,Feature,다사52ab17ab,Polygon,"[[[126.96155234471607, 37.25291090381811], [126.96153630687503, 37.25516431466972], [126.96435537576629, 37.25517710160803], [126.96437132965274, 37.25292368971923], [126.96155234471607, 37.25291090381811]]]",1
수원시,Feature,다사52ab17ba,Polygon,"[[[126.96153630687503, 37.25516431466972], [126.96152026724918, 37.2574177246557], [126.96433942010435, 37.257430512631245], [126.96435537576629, 37.25517710160803], [126.96153630687503, 37.25516431466972]]]",7
수원시,Feature,다사52ab17bb,Polygon,"[[[126.96152026724918, 37.2574177246557], [126.9615042258383, 37.25967113377602], [126.96432346266675, 37.25968392278887], [126.96433942010435, 37.257430512631245], [126.96152026724918, 37.2574177246557]]]",3
수원시,Feature,다사52ab18aa,Polygon,"[[[126.9615042258383, 37.25967113377602], [126.96148818264219, 37.26192454203068], [126.96430750345326, 37.26193733208088], [126.96432346266675, 37.25968392278887], [126.9615042258383, 37.25967113377602]]]",5
수원시,Feature,다사52ab18ab,Polygon,"[[[126.96148818264219, 37.26192454203068], [126.96147213766062, 37.26417794941963], [126.96429154246366, 37.26419074050726], [126.96430750345326, 37.26193733208088], [126.96148818264219, 37.26192454203068]]]",1
수원시,Feature,다사52ab18ba,Polygon,"[[[126.96147213766062, 37.26417794941963], [126.96145609089344, 37.26643135594287], [126.96427557969777, 37.266444148068], [126.96429154246366, 37.26419074050726], [126.96147213766062, 37.26417794941963]]]",4
수원시,Feature,다사52ab18bb,Polygon,"[[[126.96145609089344, 37.26643135594287], [126.96144004234037, 37.26868476160039], [126.96425961515534, 37.26869755476305], [126.96427557969777, 37.266444148068], [126.96145609089344, 37.26643135594287]]]",1
수원시,Feature,다사52ab19aa,Polygon,"[[[126.96144004234037, 37.26868476160039], [126.96142399200123, 37.27093816639215], [126.96424364883623, 37.27095096059242], [126.96425961515534, 37.26869755476305], [126.96144004234037, 37.26868476160039]]]",0
수원시,Feature,다사52ab19ab,Polygon,"[[[126.96142399200123, 37.27093816639215], [126.96140793987583, 37.27319157031815], [126.96422768074018, 37.27320436555608], [126.96424364883623, 37.27095096059242], [126.96142399200123, 37.27093816639215]]]",0
수원시,Feature,다사52ab19ba,Polygon,"[[[126.96140793987583, 37.27319157031815], [126.96139188596393, 37.275444973378356], [126.964211710867, 37.27545776965402], [126.96422768074018, 37.27320436555608], [126.96140793987583, 37.27319157031815]]]",1
수원시,Feature,다사52ab19bb,Polygon,"[[[126.96139188596393, 37.275444973378356], [126.96137583026535, 37.277698375572754], [126.96419573921646, 37.277711172886214], [126.964211710867, 37.27545776965402], [126.96139188596393, 37.275444973378356]]]",0
수원시,Feature,다사52ab20aa,Polygon,"[[[126.96137583026535, 37.277698375572754], [126.96135977277987, 37.27995177690133], [126.96417976578839, 37.279964575252635], [126.96419573921646, 37.277711172886214], [126.96137583026535, 37.277698375572754]]]",0
수원시,Feature,다사52ab20ab,Polygon,"[[[126.96135977277987, 37.27995177690133], [126.96134371350728, 37.282205177364055], [126.96416379058255, 37.28221797675327], [126.96417976578839, 37.279964575252635], [126.96135977277987, 37.27995177690133]]]",1
수원시,Feature,다사52ab20ba,Polygon,"[[[126.96134371350728, 37.282205177364055], [126.96132765244735, 37.28445857696093], [126.96414781359877, 37.284471377388115], [126.96416379058255, 37.28221797675327], [126.96134371350728, 37.282205177364055]]]",0
수원시,Feature,다사52ab20bb,Polygon,"[[[126.96132765244735, 37.28445857696093], [126.96131158959992, 37.2867119756919], [126.96413183483679, 37.286724777157126], [126.96414781359877, 37.284471377388115], [126.96132765244735, 37.28445857696093]]]",0
수원시,Feature,다사52ab21aa,Polygon,"[[[126.96131158959992, 37.2867119756919], [126.96129552496474, 37.288965373556984], [126.96411585429645, 37.28897817606028], [126.96413183483679, 37.286724777157126], [126.96131158959992, 37.2867119756919]]]",0
수원시,Feature,다사52ab21ab,Polygon,"[[[126.96129552496474, 37.288965373556984], [126.9612794585416, 37.29121877055614], [126.96409987197751, 37.2912315740976], [126.96411585429645, 37.28897817606028], [126.96129552496474, 37.288965373556984]]]",0
수원시,Feature,다사52ab21ba,Polygon,"[[[126.9612794585416, 37.29121877055614], [126.96126339033032, 37.29347216668936], [126.96408388787978, 37.293484971269045], [126.96409987197751, 37.2912315740976], [126.9612794585416, 37.29121877055614]]]",1
수원시,Feature,다사52ab21bb,Polygon,"[[[126.96126339033032, 37.29347216668936], [126.96124732033067, 37.29572556195661], [126.96406790200304, 37.29573836757457], [126.96408388787978, 37.293484971269045], [126.96126339033032, 37.29347216668936]]]",2
수원시,Feature,다사52ab22aa,Polygon,"[[[126.96124732033067, 37.29572556195661], [126.96123124854246, 37.29797895635788], [126.96405191434708, 37.29799176301418], [126.96406790200304, 37.29573836757457], [126.96124732033067, 37.29572556195661]]]",0
수원시,Feature,다사52ab22ab,Polygon,"[[[126.96123124854246, 37.29797895635788], [126.96121517496546, 37.30023234989316], [126.96403592491173, 37.30024515758785], [126.96405191434708, 37.29799176301418], [126.96123124854246, 37.29797895635788]]]",0
수원시,Feature,다사52ab22ba,Polygon,"[[[126.96121517496546, 37.30023234989316], [126.96119909959945, 37.30248574256243], [126.96401993369675, 37.30249855129558], [126.96403592491173, 37.30024515758785], [126.96121517496546, 37.30023234989316]]]",2
수원시,Feature,다사52ab22bb,Polygon,"[[[126.96119909959945, 37.30248574256243], [126.96118302244425, 37.30473913436566], [126.96400394070189, 37.30475194413734], [126.96401993369675, 37.30249855129558], [126.96119909959945, 37.30248574256243]]]",0
수원시,Feature,다사52ba15ab,Polygon,"[[[126.96449889685219, 37.23489636345051], [126.96448295716206, 37.23714978226321], [126.96730135645191, 37.23716249383458], [126.96731721226196, 37.23490907399063], [126.96449889685219, 37.23489636345051]]]",0
수원시,Feature,다사52ba15ba,Polygon,"[[[126.96448295716206, 37.23714978226321], [126.96446701569812, 37.23940320021049], [126.9672854988774, 37.23941591281317], [126.96730135645191, 37.23716249383458], [126.96448295716206, 37.23714978226321]]]",0
수원시,Feature,다사52ba15bb,Polygon,"[[[126.96446701569812, 37.23940320021049], [126.96445107246014, 37.24165661729232], [126.9672696395382, 37.24166933092637], [126.9672854988774, 37.23941591281317], [126.96446701569812, 37.23940320021049]]]",5
수원시,Feature,다사52ba16aa,Polygon,"[[[126.96445107246014, 37.24165661729232], [126.96443512744796, 37.2439100335087], [126.96725377843411, 37.24392274817419], [126.9672696395382, 37.24166933092637], [126.96445107246014, 37.24165661729232]]]",1
수원시,Feature,다사52ba16ab,Polygon,"[[[126.96443512744796, 37.2439100335087], [126.96441918066131, 37.2461634488596], [126.96723791556491, 37.24617616455658], [126.96725377843411, 37.24392274817419], [126.96443512744796, 37.2439100335087]]]",1
수원시,Feature,다사52ba16ba,Polygon,"[[[126.96441918066131, 37.2461634488596], [126.96440323210005, 37.248416863345], [126.9672220509304, 37.24842958007354], [126.96723791556491, 37.24617616455658], [126.96441918066131, 37.2461634488596]]]",2
수원시,Feature,다사52ba16bb,Polygon,"[[[126.96440323210005, 37.248416863345], [126.96438728176392, 37.250670276964875], [126.9672061845304, 37.25068299472503], [126.9672220509304, 37.24842958007354], [126.96440323210005, 37.248416863345]]]",3
수원시,Feature,다사52ba17aa,Polygon,"[[[126.96438728176392, 37.250670276964875], [126.96437132965274, 37.25292368971923], [126.96719031636466, 37.25293640851107], [126.9672061845304, 37.25068299472503], [126.96438728176392, 37.250670276964875]]]",1
수원시,Feature,다사52ba17ab,Polygon,"[[[126.96437132965274, 37.25292368971923], [126.96435537576629, 37.25517710160803], [126.96717444643299, 37.2551898214316], [126.96719031636466, 37.25293640851107], [126.96437132965274, 37.25292368971923]]]",2
수원시,Feature,다사52ba17ba,Polygon,"[[[126.96435537576629, 37.25517710160803], [126.96433942010435, 37.257430512631245], [126.96715857473518, 37.25744323348662], [126.96717444643299, 37.2551898214316], [126.96435537576629, 37.25517710160803]]]",1
수원시,Feature,다사52ba17bb,Polygon,"[[[126.96433942010435, 37.257430512631245], [126.96432346266675, 37.25968392278887], [126.96714270127107, 37.25969664467609], [126.96715857473518, 37.25744323348662], [126.96433942010435, 37.257430512631245]]]",1
수원시,Feature,다사52ba18aa,Polygon,"[[[126.96432346266675, 37.25968392278887], [126.96430750345326, 37.26193733208088], [126.9671268260404, 37.26195005500002], [126.96714270127107, 37.25969664467609], [126.96432346266675, 37.25968392278887]]]",1
수원시,Feature,다사52ba18ab,Polygon,"[[[126.96430750345326, 37.26193733208088], [126.96429154246366, 37.26419074050726], [126.96711094904298, 37.26420346445838], [126.9671268260404, 37.26195005500002], [126.96430750345326, 37.26193733208088]]]",0
수원시,Feature,다사52ba18ba,Polygon,"[[[126.96429154246366, 37.26419074050726], [126.96427557969777, 37.266444148068], [126.96709507027859, 37.266456873051155], [126.96711094904298, 37.26420346445838], [126.96429154246366, 37.26419074050726]]]",0
수원시,Feature,다사52ba18bb,Polygon,"[[[126.96427557969777, 37.266444148068], [126.96425961515534, 37.26869755476305], [126.96707918974705, 37.268710280778315], [126.96709507027859, 37.266456873051155], [126.96427557969777, 37.266444148068]]]",1
수원시,Feature,다사52ba19aa,Polygon,"[[[126.96425961515534, 37.26869755476305], [126.96424364883623, 37.27095096059242], [126.96706330744814, 37.27096368763984], [126.96707918974705, 37.268710280778315], [126.96425961515534, 37.26869755476305]]]",0
수원시,Feature,다사52ba19ab,Polygon,"[[[126.96424364883623, 37.27095096059242], [126.96422768074018, 37.27320436555608], [126.96704742338164, 37.27321709363573], [126.96706330744814, 37.27096368763984], [126.96424364883623, 37.27095096059242]]]",0
수원시,Feature,다사52ba19ba,Polygon,"[[[126.96422768074018, 37.27320436555608], [126.964211710867, 37.27545776965402], [126.96703153754738, 37.27547049876595], [126.96704742338164, 37.27321709363573], [126.96422768074018, 37.27320436555608]]]",0
수원시,Feature,다사52ba19bb,Polygon,"[[[126.964211710867, 37.27545776965402], [126.96419573921646, 37.277711172886214], [126.96701564994513, 37.277723903030484], [126.96703153754738, 37.27547049876595], [126.964211710867, 37.27545776965402]]]",0
수원시,Feature,다사52ba20aa,Polygon,"[[[126.96419573921646, 37.277711172886214], [126.96417976578839, 37.279964575252635], [126.96699976057468, 37.2799773064293], [126.96701564994513, 37.277723903030484], [126.96419573921646, 37.277711172886214]]]",0
수원시,Feature,다사52ba20ab,Polygon,"[[[126.96417976578839, 37.279964575252635], [126.96416379058255, 37.28221797675327], [126.96698386943581, 37.28223070896241], [126.96699976057468, 37.2799773064293], [126.96417976578839, 37.279964575252635]]]",0
수원시,Feature,다사52ba20ba,Polygon,"[[[126.96416379058255, 37.28221797675327], [126.96414781359877, 37.284471377388115], [126.96696797652834, 37.28448411062976], [126.96698386943581, 37.28223070896241], [126.96416379058255, 37.28221797675327]]]",0
수원시,Feature,다사52ba20bb,Polygon,"[[[126.96414781359877, 37.284471377388115], [126.96413183483679, 37.286724777157126], [126.96695208185206, 37.286737511431376], [126.96696797652834, 37.28448411062976], [126.96414781359877, 37.284471377388115]]]",0
수원시,Feature,다사52ba21aa,Polygon,"[[[126.96413183483679, 37.286724777157126], [126.96411585429645, 37.28897817606028], [126.96693618540675, 37.288990911367186], [126.96695208185206, 37.286737511431376], [126.96413183483679, 37.286724777157126]]]",0
수원시,Feature,다사52ba21ab,Polygon,"[[[126.96411585429645, 37.28897817606028], [126.96409987197751, 37.2912315740976], [126.96692028719221, 37.29124431043721], [126.96693618540675, 37.288990911367186], [126.96411585429645, 37.28897817606028]]]",0
수원시,Feature,다사52ba21ba,Polygon,"[[[126.96409987197751, 37.2912315740976], [126.96408388787978, 37.293484971269045], [126.96690438720825, 37.2934977086414], [126.96692028719221, 37.29124431043721], [126.96409987197751, 37.2912315740976]]]",0
수원시,Feature,다사52ba21bb,Polygon,"[[[126.96408388787978, 37.293484971269045], [126.96406790200304, 37.29573836757457], [126.96688848545463, 37.29575110597977], [126.96690438720825, 37.2934977086414], [126.96408388787978, 37.293484971269045]]]",2
수원시,Feature,다사52ba22aa,Polygon,"[[[126.96406790200304, 37.29573836757457], [126.96405191434708, 37.29799176301418], [126.96687258193117, 37.29800450245226], [126.96688848545463, 37.29575110597977], [126.96406790200304, 37.29573836757457]]]",1
수원시,Feature,다사52ba22ab,Polygon,"[[[126.96405191434708, 37.29799176301418], [126.96403592491173, 37.30024515758785], [126.96685667663765, 37.30025789805888], [126.96687258193117, 37.29800450245226], [126.96405191434708, 37.29799176301418]]]",7
수원시,Feature,다사52ba22ba,Polygon,"[[[126.96403592491173, 37.30024515758785], [126.96401993369675, 37.30249855129558], [126.96684076957385, 37.30251129279962], [126.96685667663765, 37.30025789805888], [126.96403592491173, 37.30024515758785]]]",1
수원시,Feature,다사52ba22bb,Polygon,"[[[126.96401993369675, 37.30249855129558], [126.96400394070189, 37.30475194413734], [126.96682486073959, 37.304764686674446], [126.96684076957385, 37.30251129279962], [126.96401993369675, 37.30249855129558]]]",2
수원시,Feature,다사52ba23aa,Polygon,"[[[126.96400394070189, 37.30475194413734], [126.96398794592702, 37.30700533611309], [126.96680895013468, 37.30701807968333], [126.96682486073959, 37.304764686674446], [126.96400394070189, 37.30475194413734]]]",0
수원시,Feature,다사52ba23ab,Polygon,"[[[126.96398794592702, 37.30700533611309], [126.96397194937188, 37.309258727222826], [126.96679303775883, 37.30927147182626], [126.96680895013468, 37.30701807968333], [126.96398794592702, 37.30700533611309]]]",0
수원시,Feature,다사52ba23ba,Polygon,"[[[126.96397194937188, 37.309258727222826], [126.96395595103628, 37.31151211746654], [126.96677712361192, 37.311524863103216], [126.96679303775883, 37.30927147182626], [126.96397194937188, 37.309258727222826]]]",0
수원시,Feature,다사52ba23bb,Polygon,"[[[126.96395595103628, 37.31151211746654], [126.96393995092005, 37.313765506844206], [126.96676120769371, 37.3137782535142], [126.96677712361192, 37.311524863103216], [126.96395595103628, 37.31151211746654]]]",0
수원시,Feature,다사52ba24aa,Polygon,"[[[126.96393995092005, 37.313765506844206], [126.9639239490229, 37.31601889535578], [126.96674529000398, 37.316031643059155], [126.96676120769371, 37.3137782535142], [126.96393995092005, 37.313765506844206]]]",0
수원시,Feature,다사52ba24ab,Polygon,"[[[126.9639239490229, 37.31601889535578], [126.96390794534466, 37.31827228300129], [126.96672937054257, 37.318285031738085], [126.96674529000398, 37.316031643059155], [126.9639239490229, 37.31601889535578]]]",0
수원시,Feature,다사52ba25aa,Polygon,"[[[126.96387593264411, 37.322779055693935], [126.96385992362141, 37.32503244074106], [126.96668160152589, 37.325045192578536], [126.96669752630372, 37.3227918064978], [126.96387593264411, 37.322779055693935]]]",0
수원시,Feature,다사52bb14ba,Polygon,"[[[126.96736476910723, 37.22814880926679], [126.9673489185894, 37.23040223170673], [126.97016706803083, 37.2304148731295], [126.97018283469635, 37.22816144966395], [126.96736476910723, 37.22814880926679]]]",0
수원시,Feature,다사52bb14bb,Polygon,"[[[126.9673489185894, 37.23040223170673], [126.96733306630773, 37.23265565328133], [126.97015129961079, 37.232668295729816], [126.97016706803083, 37.2304148731295], [126.9673489185894, 37.23040223170673]]]",0
수원시,Feature,다사52bb15aa,Polygon,"[[[126.96733306630773, 37.23265565328133], [126.96731721226196, 37.23490907399063], [126.97013552943599, 37.23492171746486], [126.97015129961079, 37.232668295729816], [126.96733306630773, 37.23265565328133]]]",0
수원시,Feature,다사52bb15ab,Polygon,"[[[126.96731721226196, 37.23490907399063], [126.96730135645191, 37.23716249383458], [126.97011975750627, 37.23717513833463], [126.97013552943599, 37.23492171746486], [126.96731721226196, 37.23490907399063]]]",0
수원시,Feature,다사52bb15ba,Polygon,"[[[126.96730135645191, 37.23716249383458], [126.9672854988774, 37.23941591281317], [126.97010398382137, 37.239428558339085], [126.97011975750627, 37.23717513833463], [126.96730135645191, 37.23716249383458]]]",0
수원시,Feature,다사52bb15bb,Polygon,"[[[126.9672854988774, 37.23941591281317], [126.9672696395382, 37.24166933092637], [126.97008820838114, 37.24168197747823], [126.97010398382137, 37.239428558339085], [126.9672854988774, 37.23941591281317]]]",2
수원시,Feature,다사52bb16aa,Polygon,"[[[126.9672696395382, 37.24166933092637], [126.96725377843411, 37.24392274817419], [126.97007243118534, 37.243935395752025], [126.97008820838114, 37.24168197747823], [126.9672696395382, 37.24166933092637]]]",3
수원시,Feature,다사52bb16ab,Polygon,"[[[126.96725377843411, 37.24392274817419], [126.96723791556491, 37.24617616455658], [126.97005665223378, 37.24618881316048], [126.97007243118534, 37.243935395752025], [126.96725377843411, 37.24392274817419]]]",3
수원시,Feature,다사52bb16ba,Polygon,"[[[126.96723791556491, 37.24617616455658], [126.9672220509304, 37.24842958007354], [126.97004087152628, 37.24844222970355], [126.97005665223378, 37.24618881316048], [126.96723791556491, 37.24617616455658]]]",4
수원시,Feature,다사52bb16bb,Polygon,"[[[126.9672220509304, 37.24842958007354], [126.9672061845304, 37.25068299472503], [126.97002508906256, 37.250695645381214], [126.97004087152628, 37.24844222970355], [126.9672220509304, 37.24842958007354]]]",0
수원시,Feature,다사52bb17aa,Polygon,"[[[126.9672061845304, 37.25068299472503], [126.96719031636466, 37.25293640851107], [126.9700093048425, 37.25294906019347], [126.97002508906256, 37.250695645381214], [126.9672061845304, 37.25068299472503]]]",0
수원시,Feature,다사52bb17ab,Polygon,"[[[126.96719031636466, 37.25293640851107], [126.96717444643299, 37.2551898214316], [126.96999351886583, 37.2552024741403], [126.9700093048425, 37.25294906019347], [126.96719031636466, 37.25293640851107]]]",1
수원시,Feature,다사52bb17ba,Polygon,"[[[126.96717444643299, 37.2551898214316], [126.96715857473518, 37.25744323348662], [126.9699777311324, 37.25745588722167], [126.96999351886583, 37.2552024741403], [126.96717444643299, 37.2551898214316]]]",1
수원시,Feature,다사52bb17bb,Polygon,"[[[126.96715857473518, 37.25744323348662], [126.96714270127107, 37.25969664467609], [126.96996194164196, 37.25970929943756], [126.9699777311324, 37.25745588722167], [126.96715857473518, 37.25744323348662]]]",0
수원시,Feature,다사52bb18aa,Polygon,"[[[126.96714270127107, 37.25969664467609], [126.9671268260404, 37.26195005500002], [126.96994615039429, 37.26196271078797], [126.96996194164196, 37.25970929943756], [126.96714270127107, 37.25969664467609]]]",0
수원시,Feature,다사52bb18ab,Polygon,"[[[126.9671268260404, 37.26195005500002], [126.96711094904298, 37.26420346445838], [126.96993035738926, 37.26421612127286], [126.96994615039429, 37.26196271078797], [126.9671268260404, 37.26195005500002]]]",0
수원시,Feature,다사52bb18ba,Polygon,"[[[126.96711094904298, 37.26420346445838], [126.96709507027859, 37.266456873051155], [126.9699145626266, 37.26646953089222], [126.96993035738926, 37.26421612127286], [126.96711094904298, 37.26420346445838]]]",0
수원시,Feature,다사52bb18bb,Polygon,"[[[126.96709507027859, 37.266456873051155], [126.96707918974705, 37.268710280778315], [126.96989876610613, 37.26872293964605], [126.9699145626266, 37.26646953089222], [126.96709507027859, 37.266456873051155]]]",0
수원시,Feature,다사52bb19aa,Polygon,"[[[126.96707918974705, 37.268710280778315], [126.96706330744814, 37.27096368763984], [126.96988296782763, 37.27097634753428], [126.96989876610613, 37.26872293964605], [126.96707918974705, 37.268710280778315]]]",0
수원시,Feature,다사52bb19ab,Polygon,"[[[126.96706330744814, 37.27096368763984], [126.96704742338164, 37.27321709363573], [126.9698671677909, 37.273229754556944], [126.96988296782763, 37.27097634753428], [126.96706330744814, 37.27096368763984]]]",0
수원시,Feature,다사52bb19ba,Polygon,"[[[126.96704742338164, 37.27321709363573], [126.96703153754738, 37.27547049876595], [126.96985136599575, 37.275483160713996], [126.9698671677909, 37.273229754556944], [126.96704742338164, 37.27321709363573]]]",1
수원시,Feature,다사52bb19bb,Polygon,"[[[126.96703153754738, 37.27547049876595], [126.96701564994513, 37.277723903030484], [126.96983556244196, 37.27773656600542], [126.96985136599575, 37.275483160713996], [126.96703153754738, 37.27547049876595]]]",0
수원시,Feature,다사52bb20aa,Polygon,"[[[126.96701564994513, 37.277723903030484], [126.96699976057468, 37.2799773064293], [126.96981975712934, 37.27998997043121], [126.96983556244196, 37.27773656600542], [126.96701564994513, 37.277723903030484]]]",4
수원시,Feature,다사52bb20ab,Polygon,"[[[126.96699976057468, 37.2799773064293], [126.96698386943581, 37.28223070896241], [126.96980395005767, 37.28224337399133], [126.96981975712934, 37.27998997043121], [126.96699976057468, 37.2799773064293]]]",1
수원시,Feature,다사52bb20ba,Polygon,"[[[126.96698386943581, 37.28223070896241], [126.96696797652834, 37.28448411062976], [126.96978814122672, 37.28449677668577], [126.96980395005767, 37.28224337399133], [126.96698386943581, 37.28223070896241]]]",2
수원시,Feature,다사52bb20bb,Polygon,"[[[126.96696797652834, 37.28448411062976], [126.96695208185206, 37.286737511431376], [126.96977233063635, 37.286750178514495], [126.96978814122672, 37.28449677668577], [126.96696797652834, 37.28448411062976]]]",2
수원시,Feature,다사52bb21aa,Polygon,"[[[126.96695208185206, 37.286737511431376], [126.96693618540675, 37.288990911367186], [126.96975651828629, 37.289003579477516], [126.96977233063635, 37.286750178514495], [126.96695208185206, 37.286737511431376]]]",0
수원시,Feature,다사52bb21ab,Polygon,"[[[126.96693618540675, 37.288990911367186], [126.96692028719221, 37.29124431043721], [126.96974070417636, 37.29125697957479], [126.96975651828629, 37.289003579477516], [126.96693618540675, 37.288990911367186]]]",0
수원시,Feature,다사52bb21ba,Polygon,"[[[126.96692028719221, 37.29124431043721], [126.96690438720825, 37.2934977086414], [126.96972488830635, 37.29351037880632], [126.96974070417636, 37.29125697957479], [126.96692028719221, 37.29124431043721]]]",0
수원시,Feature,다사52bb21bb,Polygon,"[[[126.96690438720825, 37.2934977086414], [126.96688848545463, 37.29575110597977], [126.96970907067606, 37.29576377717204], [126.96972488830635, 37.29351037880632], [126.96690438720825, 37.2934977086414]]]",0
수원시,Feature,다사52bb22aa,Polygon,"[[[126.96688848545463, 37.29575110597977], [126.96687258193117, 37.29800450245226], [126.96969325128529, 37.298017174671976], [126.96970907067606, 37.29576377717204], [126.96688848545463, 37.29575110597977]]]",6
수원시,Feature,다사52bb22ab,Polygon,"[[[126.96687258193117, 37.29800450245226], [126.96685667663765, 37.30025789805888], [126.96967743013383, 37.30027057130611], [126.96969325128529, 37.298017174671976], [126.96687258193117, 37.29800450245226]]]",6
수원시,Feature,다사52bb22ba,Polygon,"[[[126.96685667663765, 37.30025789805888], [126.96684076957385, 37.30251129279962], [126.96966160722145, 37.30252396707441], [126.96967743013383, 37.30027057130611], [126.96685667663765, 37.30025789805888]]]",6
수원시,Feature,다사52bb22bb,Polygon,"[[[126.96684076957385, 37.30251129279962], [126.96682486073959, 37.304764686674446], [126.96964578254799, 37.30477736197684], [126.96966160722145, 37.30252396707441], [126.96684076957385, 37.30251129279962]]]",4
수원시,Feature,다사52bb23aa,Polygon,"[[[126.96682486073959, 37.304764686674446], [126.96680895013468, 37.30701807968333], [126.96962995611318, 37.30703075601341], [126.96964578254799, 37.30477736197684], [126.96682486073959, 37.304764686674446]]]",2
수원시,Feature,다사52bb23ab,Polygon,"[[[126.96680895013468, 37.30701807968333], [126.96679303775883, 37.30927147182626], [126.96961412791688, 37.30928414918408], [126.96962995611318, 37.30703075601341], [126.96680895013468, 37.30701807968333]]]",1
수원시,Feature,다사52bb23ba,Polygon,"[[[126.96679303775883, 37.30927147182626], [126.96677712361192, 37.311524863103216], [126.96959829795884, 37.31153754148884], [126.96961412791688, 37.30928414918408], [126.96679303775883, 37.30927147182626]]]",0
수원시,Feature,다사52bb23bb,Polygon,"[[[126.96677712361192, 37.311524863103216], [126.96676120769371, 37.3137782535142], [126.9695824662389, 37.31379093292768], [126.96959829795884, 37.31153754148884], [126.96677712361192, 37.311524863103216]]]",0
수원시,Feature,다사52bb24aa,Polygon,"[[[126.96676120769371, 37.3137782535142], [126.96674529000398, 37.316031643059155], [126.96956663275681, 37.316044323500556], [126.9695824662389, 37.31379093292768], [126.96676120769371, 37.3137782535142]]]",0
수원시,Feature,다사52bb24ab,Polygon,"[[[126.96674529000398, 37.316031643059155], [126.96672937054257, 37.318285031738085], [126.96955079751237, 37.31829771320748], [126.96956663275681, 37.316044323500556], [126.96674529000398, 37.316031643059155]]]",0
수원시,Feature,다사52bb24ba,Polygon,"[[[126.96672937054257, 37.318285031738085], [126.9667134493092, 37.32053841955098], [126.96953496050538, 37.320551102048405], [126.96955079751237, 37.31829771320748], [126.96672937054257, 37.318285031738085]]]",0
수원시,Feature,다사52bb24bb,Polygon,"[[[126.9667134493092, 37.32053841955098], [126.96669752630372, 37.3227918064978], [126.96951912173564, 37.32280449002333], [126.96953496050538, 37.320551102048405], [126.9667134493092, 37.32053841955098]]]",0
수원시,Feature,다사52bb25aa,Polygon,"[[[126.96669752630372, 37.3227918064978], [126.96668160152589, 37.325045192578536], [126.96950328120292, 37.32505787713223], [126.96951912173564, 37.32280449002333], [126.96669752630372, 37.3227918064978]]]",0
수원시,Feature,다사52bb25ab,Polygon,"[[[126.96668160152589, 37.325045192578536], [126.96666567497554, 37.327298577793165], [126.96948743890708, 37.32731126337509], [126.96950328120292, 37.32505787713223], [126.96668160152589, 37.325045192578536]]]",0
수원시,Feature,다사52bb25ba,Polygon,"[[[126.96666567497554, 37.327298577793165], [126.96664974665241, 37.32955196214168], [126.96947159484783, 37.32956464875187], [126.96948743890708, 37.32731126337509], [126.96666567497554, 37.327298577793165]]]",0
수원시,Feature,다사53aa14ba,Polygon,"[[[126.97018283469635, 37.22816144966395], [126.97016706803083, 37.2304148731295], [126.97298521922681, 37.230427447497156], [126.97300090203983, 37.228174023011405], [126.97018283469635, 37.22816144966395]]]",0
수원시,Feature,다사53aa14bb,Polygon,"[[[126.97016706803083, 37.2304148731295], [126.97015129961079, 37.232668295729816], [126.9729695346686, 37.232680871117715], [126.97298521922681, 37.230427447497156], [126.97016706803083, 37.2304148731295]]]",0
수원시,Feature,다사53aa15aa,Polygon,"[[[126.97015129961079, 37.232668295729816], [126.97013552943599, 37.23492171746486], [126.97295384836498, 37.23493429387306], [126.9729695346686, 37.232680871117715], [126.97015129961079, 37.232668295729816]]]",0
수원시,Feature,다사53aa15ab,Polygon,"[[[126.97013552943599, 37.23492171746486], [126.97011975750627, 37.23717513833463], [126.97293816031576, 37.23718771576321], [126.97295384836498, 37.23493429387306], [126.97013552943599, 37.23492171746486]]]",1
수원시,Feature,다사53aa15ba,Polygon,"[[[126.97011975750627, 37.23717513833463], [126.97010398382137, 37.239428558339085], [126.97292247052071, 37.239441136788095], [126.97293816031576, 37.23718771576321], [126.97011975750627, 37.23717513833463]]]",3
수원시,Feature,다사53aa15bb,Polygon,"[[[126.97010398382137, 37.239428558339085], [126.97008820838114, 37.24168197747823], [126.97290677897965, 37.24169455694773], [126.97292247052071, 37.239441136788095], [126.97010398382137, 37.239428558339085]]]",1
수원시,Feature,다사53aa16aa,Polygon,"[[[126.97008820838114, 37.24168197747823], [126.97007243118534, 37.243935395752025], [126.97289108569235, 37.243947976242076], [126.97290677897965, 37.24169455694773], [126.97008820838114, 37.24168197747823]]]",1
수원시,Feature,다사53aa16ab,Polygon,"[[[126.97007243118534, 37.243935395752025], [126.97005665223378, 37.24618881316048], [126.97287539065866, 37.24620139467114], [126.97289108569235, 37.243947976242076], [126.97007243118534, 37.243935395752025]]]",0
수원시,Feature,다사53aa16ba,Polygon,"[[[126.97005665223378, 37.24618881316048], [126.97004087152628, 37.24844222970355], [126.97285969387833, 37.248454812234876], [126.97287539065866, 37.24620139467114], [126.97005665223378, 37.24618881316048]]]",0
수원시,Feature,다사53aa16bb,Polygon,"[[[126.97004087152628, 37.24844222970355], [126.97002508906256, 37.250695645381214], [126.97284399535114, 37.25070822893328], [126.97285969387833, 37.248454812234876], [126.97004087152628, 37.24844222970355]]]",1
수원시,Feature,다사53aa17aa,Polygon,"[[[126.97002508906256, 37.250695645381214], [126.9700093048425, 37.25294906019347], [126.97282829507692, 37.25296164476632], [126.97284399535114, 37.25070822893328], [126.97002508906256, 37.250695645381214]]]",0
수원시,Feature,다사53aa17ab,Polygon,"[[[126.9700093048425, 37.25294906019347], [126.96999351886583, 37.2552024741403], [126.97281259305548, 37.255215059734], [126.97282829507692, 37.25296164476632], [126.9700093048425, 37.25294906019347]]]",1
수원시,Feature,다사53aa17ba,Polygon,"[[[126.96999351886583, 37.2552024741403], [126.9699777311324, 37.25745588722167], [126.97279688928657, 37.25746847383628], [126.97281259305548, 37.255215059734], [126.96999351886583, 37.2552024741403]]]",4
수원시,Feature,다사53aa17bb,Polygon,"[[[126.9699777311324, 37.25745588722167], [126.96996194164196, 37.25970929943756], [126.97278118377002, 37.25972188707315], [126.97279688928657, 37.25746847383628], [126.9699777311324, 37.25745588722167]]]",1
수원시,Feature,다사53aa18aa,Polygon,"[[[126.96996194164196, 37.25970929943756], [126.96994615039429, 37.26196271078797], [126.97276547650561, 37.26197529944458], [126.97278118377002, 37.25972188707315], [126.96996194164196, 37.25970929943756]]]",0
수원시,Feature,다사53aa18ab,Polygon,"[[[126.96994615039429, 37.26196271078797], [126.96993035738926, 37.26421612127286], [126.97274976749313, 37.264228710950576], [126.97276547650561, 37.26197529944458], [126.96994615039429, 37.26196271078797]]]",1
수원시,Feature,다사53aa18ba,Polygon,"[[[126.96993035738926, 37.26421612127286], [126.9699145626266, 37.26646953089222], [126.9727340567324, 37.26648212159109], [126.97274976749313, 37.264228710950576], [126.96993035738926, 37.26421612127286]]]",1
수원시,Feature,다사53aa18bb,Polygon,"[[[126.9699145626266, 37.26646953089222], [126.96989876610613, 37.26872293964605], [126.97271834422321, 37.2687355313661], [126.9727340567324, 37.26648212159109], [126.9699145626266, 37.26646953089222]]]",0
수원시,Feature,다사53aa19aa,Polygon,"[[[126.96989876610613, 37.26872293964605], [126.96988296782763, 37.27097634753428], [126.97270262996535, 37.27098894027561], [126.97271834422321, 37.2687355313661], [126.96989876610613, 37.26872293964605]]]",2
수원시,Feature,다사53aa19ab,Polygon,"[[[126.96988296782763, 37.27097634753428], [126.9698671677909, 37.273229754556944], [126.9726869139586, 37.2732423483196], [126.97270262996535, 37.27098894027561], [126.96988296782763, 37.27097634753428]]]",2
수원시,Feature,다사53aa19ba,Polygon,"[[[126.9698671677909, 37.273229754556944], [126.96985136599575, 37.275483160713996], [126.97267119620278, 37.27549575549805], [126.9726869139586, 37.2732423483196], [126.9698671677909, 37.273229754556944]]]",4
수원시,Feature,다사53aa19bb,Polygon,"[[[126.96985136599575, 37.275483160713996], [126.96983556244196, 37.27773656600542], [126.97265547669767, 37.277749161810924], [126.97267119620278, 37.27549575549805], [126.96985136599575, 37.275483160713996]]]",7
수원시,Feature,다사53aa20aa,Polygon,"[[[126.96983556244196, 37.27773656600542], [126.96981975712934, 37.27998997043121], [126.97263975544307, 37.280002567258215], [126.97265547669767, 37.277749161810924], [126.96983556244196, 37.27773656600542]]]",1
수원시,Feature,다사53aa20ab,Polygon,"[[[126.96981975712934, 37.27998997043121], [126.96980395005767, 37.28224337399133], [126.97262403243877, 37.2822559718399], [126.97263975544307, 37.280002567258215], [126.96981975712934, 37.27998997043121]]]",2
수원시,Feature,다사53aa20ba,Polygon,"[[[126.96980395005767, 37.28224337399133], [126.96978814122672, 37.28449677668577], [126.97260830768457, 37.28450937555597], [126.97262403243877, 37.2822559718399], [126.96980395005767, 37.28224337399133]]]",3
수원시,Feature,다사53aa20bb,Polygon,"[[[126.96978814122672, 37.28449677668577], [126.96977233063635, 37.286750178514495], [126.97259258118028, 37.28676277840639], [126.97260830768457, 37.28450937555597], [126.96978814122672, 37.28449677668577]]]",3
수원시,Feature,다사53aa21aa,Polygon,"[[[126.96977233063635, 37.286750178514495], [126.96975651828629, 37.289003579477516], [126.97257685292568, 37.28901618039116], [126.97259258118028, 37.28676277840639], [126.96977233063635, 37.286750178514495]]]",0
수원시,Feature,다사53aa21ab,Polygon,"[[[126.96975651828629, 37.289003579477516], [126.96974070417636, 37.29125697957479], [126.97256112292057, 37.29126958151025], [126.97257685292568, 37.28901618039116], [126.96975651828629, 37.289003579477516]]]",2
수원시,Feature,다사53aa21ba,Polygon,"[[[126.96974070417636, 37.29125697957479], [126.96972488830635, 37.29351037880632], [126.97254539116474, 37.29352298176362], [126.97256112292057, 37.29126958151025], [126.96974070417636, 37.29125697957479]]]",1
수원시,Feature,다사53aa21bb,Polygon,"[[[126.96972488830635, 37.29351037880632], [126.96970907067606, 37.29576377717204], [126.97252965765799, 37.29577638115129], [126.97254539116474, 37.29352298176362], [126.96972488830635, 37.29351037880632]]]",1
수원시,Feature,다사53aa22aa,Polygon,"[[[126.96970907067606, 37.29576377717204], [126.96969325128529, 37.298017174671976], [126.9725139224001, 37.298029779673215], [126.97252965765799, 37.29577638115129], [126.96970907067606, 37.29576377717204]]]",1
수원시,Feature,다사53aa22ab,Polygon,"[[[126.96969325128529, 37.298017174671976], [126.96967743013383, 37.30027057130611], [126.97249818539089, 37.3002831773294], [126.9725139224001, 37.298029779673215], [126.96969325128529, 37.298017174671976]]]",5
수원시,Feature,다사53aa22ba,Polygon,"[[[126.96967743013383, 37.30027057130611], [126.96966160722145, 37.30252396707441], [126.97248244663017, 37.30253657411979], [126.97249818539089, 37.3002831773294], [126.96967743013383, 37.30027057130611]]]",5
수원시,Feature,다사53aa22bb,Polygon,"[[[126.96966160722145, 37.30252396707441], [126.96964578254799, 37.30477736197684], [126.97246670611766, 37.30478997004441], [126.97248244663017, 37.30253657411979], [126.96966160722145, 37.30252396707441]]]",4
수원시,Feature,다사53aa23aa,Polygon,"[[[126.96964578254799, 37.30477736197684], [126.96962995611318, 37.30703075601341], [126.97245096385323, 37.3070433651032], [126.97246670611766, 37.30478997004441], [126.96964578254799, 37.30477736197684]]]",5
수원시,Feature,다사53aa23ab,Polygon,"[[[126.96962995611318, 37.30703075601341], [126.96961412791688, 37.30928414918408], [126.97243521983665, 37.30929675929617], [126.97245096385323, 37.3070433651032], [126.96962995611318, 37.30703075601341]]]",0
수원시,Feature,다사53aa23ba,Polygon,"[[[126.96961412791688, 37.30928414918408], [126.96959829795884, 37.31153754148884], [126.97241947406772, 37.31155015262327], [126.97243521983665, 37.30929675929617], [126.96961412791688, 37.30928414918408]]]",0
수원시,Feature,다사53aa23bb,Polygon,"[[[126.96959829795884, 37.31153754148884], [126.9695824662389, 37.31379093292768], [126.97240372654622, 37.313803545084525], [126.97241947406772, 37.31155015262327], [126.96959829795884, 37.31153754148884]]]",0
수원시,Feature,다사53aa24aa,Polygon,"[[[126.9695824662389, 37.31379093292768], [126.96956663275681, 37.316044323500556], [126.97238797727195, 37.31605693667987], [126.97240372654622, 37.313803545084525], [126.9695824662389, 37.31379093292768]]]",0
수원시,Feature,다사53aa24ab,Polygon,"[[[126.96956663275681, 37.316044323500556], [126.96955079751237, 37.31829771320748], [126.97237222624472, 37.31831032740932], [126.97238797727195, 37.31605693667987], [126.96956663275681, 37.316044323500556]]]",0
수원시,Feature,다사53aa24ba,Polygon,"[[[126.96955079751237, 37.31829771320748], [126.96953496050538, 37.320551102048405], [126.97235647346432, 37.32056371727284], [126.97237222624472, 37.31831032740932], [126.96955079751237, 37.31829771320748]]]",0
수원시,Feature,다사53aa24bb,Polygon,"[[[126.96953496050538, 37.320551102048405], [126.96951912173564, 37.32280449002333], [126.97234071893052, 37.32281710627041], [126.97235647346432, 37.32056371727284], [126.96953496050538, 37.320551102048405]]]",0
수원시,Feature,다사53aa25aa,Polygon,"[[[126.96951912173564, 37.32280449002333], [126.96950328120292, 37.32505787713223], [126.97232496264314, 37.32507049440203], [126.97234071893052, 37.32281710627041], [126.96951912173564, 37.32280449002333]]]",0
수원시,Feature,다사53aa25ab,Polygon,"[[[126.96950328120292, 37.32505787713223], [126.96948743890708, 37.32731126337509], [126.97230920460198, 37.32732388166764], [126.97232496264314, 37.32507049440203], [126.96950328120292, 37.32505787713223]]]",0
수원시,Feature,다사53aa25ba,Polygon,"[[[126.96948743890708, 37.32731126337509], [126.96947159484783, 37.32956464875187], [126.97229344480682, 37.32957726806727], [126.97230920460198, 37.32732388166764], [126.96948743890708, 37.32731126337509]]]",0
수원시,Feature,다사53aa25bb,Polygon,"[[[126.96947159484783, 37.32956464875187], [126.969455749025, 37.33181803326259], [126.97227768325746, 37.331830653600875], [126.97229344480682, 37.32957726806727], [126.96947159484783, 37.32956464875187]]]",0
수원시,Feature,다사53ab14ba,Polygon,"[[[126.97300090203983, 37.228174023011405], [126.97298521922681, 37.230427447497156], [126.97580337216799, 37.23043995480954], [126.97581897112828, 37.22818652930904], [126.97300090203983, 37.228174023011405]]]",1
수원시,Feature,다사53ab14bb,Polygon,"[[[126.97298521922681, 37.230427447497156], [126.9729695346686, 37.232680871117715], [126.97578777147183, 37.2326933794449], [126.97580337216799, 37.23043995480954], [126.97298521922681, 37.230427447497156]]]",0
수원시,Feature,다사53ab15aa,Polygon,"[[[126.9729695346686, 37.232680871117715], [126.97295384836498, 37.23493429387306], [126.97577216903957, 37.23494680321513], [126.97578777147183, 37.2326933794449], [126.9729695346686, 37.232680871117715]]]",4
수원시,Feature,다사53ab15ab,Polygon,"[[[126.97295384836498, 37.23493429387306], [126.97293816031576, 37.23718771576321], [126.97575656487106, 37.2372002261202], [126.97577216903957, 37.23494680321513], [126.97295384836498, 37.23493429387306]]]",2
수원시,Feature,다사53ab15ba,Polygon,"[[[126.97293816031576, 37.23718771576321], [126.97292247052071, 37.239441136788095], [126.97574095896606, 37.23945364816009], [126.97575656487106, 37.2372002261202], [126.97293816031576, 37.23718771576321]]]",3
수원시,Feature,다사53ab15bb,Polygon,"[[[126.97292247052071, 37.239441136788095], [126.97290677897965, 37.24169455694773], [126.97572535132439, 37.241707069334765], [126.97574095896606, 37.23945364816009], [126.97292247052071, 37.239441136788095]]]",3
수원시,Feature,다사53ab16aa,Polygon,"[[[126.97290677897965, 37.24169455694773], [126.97289108569235, 37.243947976242076], [126.97570974194582, 37.24396048964422], [126.97572535132439, 37.241707069334765], [126.97290677897965, 37.24169455694773]]]",0
수원시,Feature,다사53ab16ab,Polygon,"[[[126.97289108569235, 37.243947976242076], [126.97287539065866, 37.24620139467114], [126.97569413083015, 37.24621390908845], [126.97570974194582, 37.24396048964422], [126.97289108569235, 37.243947976242076]]]",0
수원시,Feature,다사53ab16ba,Polygon,"[[[126.97287539065866, 37.24620139467114], [126.97285969387833, 37.248454812234876], [126.9756785179772, 37.24846732766741], [126.97569413083015, 37.24621390908845], [126.97287539065866, 37.24620139467114]]]",0
수원시,Feature,다사53ab16bb,Polygon,"[[[126.97285969387833, 37.248454812234876], [126.97284399535114, 37.25070822893328], [126.97566290338675, 37.2507207453811], [126.9756785179772, 37.24846732766741], [126.97285969387833, 37.248454812234876]]]",0
수원시,Feature,다사53ab17aa,Polygon,"[[[126.97284399535114, 37.25070822893328], [126.97282829507692, 37.25296164476632], [126.9756472870586, 37.252974162229506], [126.97566290338675, 37.2507207453811], [126.97284399535114, 37.25070822893328]]]",0
수원시,Feature,다사53ab17ab,Polygon,"[[[126.97282829507692, 37.25296164476632], [126.97281259305548, 37.255215059734], [126.97563166899255, 37.25522757821258], [126.9756472870586, 37.252974162229506], [126.97282829507692, 37.25296164476632]]]",0
수원시,Feature,다사53ab17ba,Polygon,"[[[126.97281259305548, 37.255215059734], [126.97279688928657, 37.25746847383628], [126.9756160491884, 37.257480993330326], [126.97563166899255, 37.25522757821258], [126.97281259305548, 37.255215059734]]]",0
수원시,Feature,다사53ab17bb,Polygon,"[[[126.97279688928657, 37.25746847383628], [126.97278118377002, 37.25972188707315], [126.97560042764596, 37.25973440758271], [126.9756160491884, 37.257480993330326], [126.97279688928657, 37.25746847383628]]]",1
수원시,Feature,다사53ab18aa,Polygon,"[[[126.97278118377002, 37.25972188707315], [126.97276547650561, 37.26197529944458], [126.97558480436498, 37.26198782096974], [126.97560042764596, 37.25973440758271], [126.97278118377002, 37.25972188707315]]]",0
수원시,Feature,다사53ab18ab,Polygon,"[[[126.97276547650561, 37.26197529944458], [126.97274976749313, 37.264228710950576], [126.9755691793453, 37.26424123349136], [126.97558480436498, 37.26198782096974], [126.97276547650561, 37.26197529944458]]]",0
수원시,Feature,다사53ab18ba,Polygon,"[[[126.97274976749313, 37.264228710950576], [126.9727340567324, 37.26648212159109], [126.9755535525867, 37.26649464514759], [126.9755691793453, 37.26424123349136], [126.97274976749313, 37.264228710950576]]]",0
수원시,Feature,다사53ab18bb,Polygon,"[[[126.9727340567324, 37.26648212159109], [126.97271834422321, 37.2687355313661], [126.97553792408897, 37.26874805593837], [126.9755535525867, 37.26649464514759], [126.9727340567324, 37.26648212159109]]]",1
수원시,Feature,다사53ab19aa,Polygon,"[[[126.97271834422321, 37.2687355313661], [126.97270262996535, 37.27098894027561], [126.97552229385195, 37.271001465863705], [126.97553792408897, 37.26874805593837], [126.97271834422321, 37.2687355313661]]]",3
수원시,Feature,다사53ab19ab,Polygon,"[[[126.97270262996535, 37.27098894027561], [126.9726869139586, 37.2732423483196], [126.97550666187537, 37.27325487492357], [126.97552229385195, 37.271001465863705], [126.97270262996535, 37.27098894027561]]]",2
수원시,Feature,다사53ab19ba,Polygon,"[[[126.9726869139586, 37.2732423483196], [126.97267119620278, 37.27549575549805], [126.97549102815907, 37.27550828311796], [126.97550666187537, 37.27325487492357], [126.9726869139586, 37.2732423483196]]]",4
수원시,Feature,다사53ab19bb,Polygon,"[[[126.97267119620278, 37.27549575549805], [126.97265547669767, 37.277749161810924], [126.97547539270285, 37.27776169044684], [126.97549102815907, 37.27550828311796], [126.97267119620278, 37.27549575549805]]]",5
수원시,Feature,다사53ab20aa,Polygon,"[[[126.97265547669767, 37.277749161810924], [126.97263975544307, 37.280002567258215], [126.97545975550649, 37.2800150969102], [126.97547539270285, 37.27776169044684], [126.97265547669767, 37.277749161810924]]]",7
수원시,Feature,다사53ab20ab,Polygon,"[[[126.97263975544307, 37.280002567258215], [126.97262403243877, 37.2822559718399], [126.97544411656979, 37.282268502508], [126.97545975550649, 37.2800150969102], [126.97263975544307, 37.280002567258215]]]",2
수원시,Feature,다사53ab20ba,Polygon,"[[[126.97262403243877, 37.2822559718399], [126.97260830768457, 37.28450937555597], [126.97542847589253, 37.284521907240254], [126.97544411656979, 37.282268502508], [126.97262403243877, 37.2822559718399]]]",7
수원시,Feature,다사53ab20bb,Polygon,"[[[126.97260830768457, 37.28450937555597], [126.97259258118028, 37.28676277840639], [126.97541283347455, 37.28677531110692], [126.97542847589253, 37.284521907240254], [126.97260830768457, 37.28450937555597]]]",2
수원시,Feature,다사53ab21aa,Polygon,"[[[126.97259258118028, 37.28676277840639], [126.97257685292568, 37.28901618039116], [126.9753971893156, 37.28902871410798], [126.97541283347455, 37.28677531110692], [126.97259258118028, 37.28676277840639]]]",2
수원시,Feature,다사53ab21ab,Polygon,"[[[126.97257685292568, 37.28901618039116], [126.97256112292057, 37.29126958151025], [126.9753815434155, 37.29128211624342], [126.9753971893156, 37.28902871410798], [126.97257685292568, 37.28901618039116]]]",0
수원시,Feature,다사53ab21ba,Polygon,"[[[126.97256112292057, 37.29126958151025], [126.97254539116474, 37.29352298176362], [126.97536589577405, 37.293535517513234], [126.9753815434155, 37.29128211624342], [126.97256112292057, 37.29126958151025]]]",0
수원시,Feature,다사53ab21bb,Polygon,"[[[126.97254539116474, 37.29352298176362], [126.97252965765799, 37.29577638115129], [126.97535024639103, 37.295788917917385], [126.97536589577405, 37.293535517513234], [126.97254539116474, 37.29352298176362]]]",0
수원시,Feature,다사53ab22aa,Polygon,"[[[126.97252965765799, 37.29577638115129], [126.9725139224001, 37.298029779673215], [126.97533459526626, 37.29804231745584], [126.97535024639103, 37.295788917917385], [126.97252965765799, 37.29577638115129]]]",1
수원시,Feature,다사53ab22ab,Polygon,"[[[126.9725139224001, 37.298029779673215], [126.97249818539089, 37.3002831773294], [126.9753189423995, 37.30029571612862], [126.97533459526626, 37.29804231745584], [126.9725139224001, 37.298029779673215]]]",3
수원시,Feature,다사53ab22ba,Polygon,"[[[126.97249818539089, 37.3002831773294], [126.97248244663017, 37.30253657411979], [126.9753032877906, 37.302549113935676], [126.9753189423995, 37.30029571612862], [126.97249818539089, 37.3002831773294]]]",5
수원시,Feature,다사53ab22bb,Polygon,"[[[126.97248244663017, 37.30253657411979], [126.97246670611766, 37.30478997004441], [126.97528763143929, 37.30480251087701], [126.9753032877906, 37.302549113935676], [126.97248244663017, 37.30253657411979]]]",5
수원시,Feature,다사53ab23aa,Polygon,"[[[126.97246670611766, 37.30478997004441], [126.97245096385323, 37.3070433651032], [126.97527197334543, 37.307055906952584], [126.97528763143929, 37.30480251087701], [126.97246670611766, 37.30478997004441]]]",4
수원시,Feature,다사53ab23ab,Polygon,"[[[126.97245096385323, 37.3070433651032], [126.97243521983665, 37.30929675929617], [126.97525631350878, 37.309309302162376], [126.97527197334543, 37.307055906952584], [126.97245096385323, 37.3070433651032]]]",0
수원시,Feature,다사53ab23ba,Polygon,"[[[126.97243521983665, 37.30929675929617], [126.97241947406772, 37.31155015262327], [126.97524065192913, 37.311562696506385], [126.97525631350878, 37.309309302162376], [126.97243521983665, 37.30929675929617]]]",0
수원시,Feature,다사53ab23bb,Polygon,"[[[126.97241947406772, 37.31155015262327], [126.97240372654622, 37.313803545084525], [126.9752249886063, 37.31381608998459], [126.97524065192913, 37.311562696506385], [126.97241947406772, 37.31155015262327]]]",0
수원시,Feature,다사53ab24aa,Polygon,"[[[126.97240372654622, 37.313803545084525], [126.97238797727195, 37.31605693667987], [126.97520932354007, 37.316069482596966], [126.9752249886063, 37.31381608998459], [126.97240372654622, 37.313803545084525]]]",0
수원시,Feature,다사53ab24ab,Polygon,"[[[126.97238797727195, 37.31605693667987], [126.97237222624472, 37.31831032740932], [126.97519365673026, 37.31832287434348], [126.97520932354007, 37.316069482596966], [126.97238797727195, 37.31605693667987]]]",0
수원시,Feature,다사53ab24ba,Polygon,"[[[126.97237222624472, 37.31831032740932], [126.97235647346432, 37.32056371727284], [126.97517798817661, 37.32057626522414], [126.97519365673026, 37.31832287434348], [126.97237222624472, 37.31831032740932]]]",3
수원시,Feature,다사53ab24bb,Polygon,"[[[126.97235647346432, 37.32056371727284], [126.97234071893052, 37.32281710627041], [126.97516231787898, 37.322829655238905], [126.97517798817661, 37.32057626522414], [126.97235647346432, 37.32056371727284]]]",1
수원시,Feature,다사53ab25aa,Polygon,"[[[126.97234071893052, 37.32281710627041], [126.97232496264314, 37.32507049440203], [126.97514664583716, 37.325083044387775], [126.97516231787898, 37.322829655238905], [126.97234071893052, 37.32281710627041]]]",0
수원시,Feature,다사53ab25ab,Polygon,"[[[126.97232496264314, 37.32507049440203], [126.97230920460198, 37.32732388166764], [126.97513097205089, 37.32733643267072], [126.97514664583716, 37.325083044387775], [126.97232496264314, 37.32507049440203]]]",0
수원시,Feature,다사53ab25ba,Polygon,"[[[126.97230920460198, 37.32732388166764], [126.97229344480682, 37.32957726806727], [126.97511529652002, 37.32958982008772], [126.97513097205089, 37.32733643267072], [126.97230920460198, 37.32732388166764]]]",0
수원시,Feature,다사53ab25bb,Polygon,"[[[126.97229344480682, 37.32957726806727], [126.97227768325746, 37.331830653600875], [126.9750996192443, 37.331843206638766], [126.97511529652002, 37.32958982008772], [126.97229344480682, 37.32957726806727]]]",0
수원시,Feature,다사53ba14ba,Polygon,"[[[126.97581897112828, 37.22818652930904], [126.97580337216799, 37.23043995480954], [126.97862152684505, 37.23045239506653], [126.9786370419524, 37.22819896855672], [126.97581897112828, 37.22818652930904]]]",0
수원시,Feature,다사53ba14bb,Polygon,"[[[126.97580337216799, 37.23043995480954], [126.97578777147183, 37.2326933794449], [126.9786060100111, 37.23270582071126], [126.97862152684505, 37.23045239506653], [126.97580337216799, 37.23043995480954]]]",1
수원시,Feature,다사53ba15aa,Polygon,"[[[126.97578777147183, 37.2326933794449], [126.97577216903957, 37.23494680321513], [126.97859049145046, 37.23495924549093], [126.9786060100111, 37.23270582071126], [126.97578777147183, 37.2326933794449]]]",6
수원시,Feature,다사53ba15ab,Polygon,"[[[126.97577216903957, 37.23494680321513], [126.97575656487106, 37.2372002261202], [126.97857497116286, 37.23721266940549], [126.97859049145046, 37.23495924549093], [126.97577216903957, 37.23494680321513]]]",4
수원시,Feature,다사53ba15ba,Polygon,"[[[126.97575656487106, 37.2372002261202], [126.97574095896606, 37.23945364816009], [126.97855944914811, 37.23946609245491], [126.97857497116286, 37.23721266940549], [126.97575656487106, 37.2372002261202]]]",1
수원시,Feature,다사53ba15bb,Polygon,"[[[126.97574095896606, 37.23945364816009], [126.97572535132439, 37.241707069334765], [126.978543925406, 37.24171951463919], [126.97855944914811, 37.23946609245491], [126.97574095896606, 37.23945364816009]]]",0
수원시,Feature,다사53ba16aa,Polygon,"[[[126.97572535132439, 37.241707069334765], [126.97570974194582, 37.24396048964422], [126.97852839993635, 37.243972935958325], [126.978543925406, 37.24171951463919], [126.97572535132439, 37.241707069334765]]]",0
수원시,Feature,다사53ba16ab,Polygon,"[[[126.97570974194582, 37.24396048964422], [126.97569413083015, 37.24621390908845], [126.97851287273892, 37.24622635641228], [126.97852839993635, 37.243972935958325], [126.97570974194582, 37.24396048964422]]]",1
수원시,Feature,다사53ba16ba,Polygon,"[[[126.97569413083015, 37.24621390908845], [126.9756785179772, 37.24846732766741], [126.97849734381356, 37.24847977600103], [126.97851287273892, 37.24622635641228], [126.97569413083015, 37.24621390908845]]]",0
수원시,Feature,다사53ba16bb,Polygon,"[[[126.9756785179772, 37.24846732766741], [126.97566290338675, 37.2507207453811], [126.97848181316006, 37.25073319472456], [126.97849734381356, 37.24847977600103], [126.9756785179772, 37.24846732766741]]]",2
수원시,Feature,다사53ba17aa,Polygon,"[[[126.97566290338675, 37.2507207453811], [126.9756472870586, 37.252974162229506], [126.97846628077818, 37.252986612582866], [126.97848181316006, 37.25073319472456], [126.97566290338675, 37.2507207453811]]]",2
수원시,Feature,다사53ba17ab,Polygon,"[[[126.9756472870586, 37.252974162229506], [126.97563166899255, 37.25522757821258], [126.97845074666775, 37.25524002957591], [126.97846628077818, 37.252986612582866], [126.9756472870586, 37.252974162229506]]]",0
수원시,Feature,다사53ba17ba,Polygon,"[[[126.97563166899255, 37.25522757821258], [126.9756160491884, 37.257480993330326], [126.97843521082855, 37.25749344570367], [126.97845074666775, 37.25524002957591], [126.97563166899255, 37.25522757821258]]]",0
수원시,Feature,다사53ba17bb,Polygon,"[[[126.9756160491884, 37.257480993330326], [126.97560042764596, 37.25973440758271], [126.97841967326038, 37.259746860966146], [126.97843521082855, 37.25749344570367], [126.9756160491884, 37.257480993330326]]]",0
수원시,Feature,다사53ba18aa,Polygon,"[[[126.97560042764596, 37.25973440758271], [126.97558480436498, 37.26198782096974], [126.97840413396307, 37.2620002753633], [126.97841967326038, 37.259746860966146], [126.97560042764596, 37.25973440758271]]]",0
수원시,Feature,다사53ba18ab,Polygon,"[[[126.97558480436498, 37.26198782096974], [126.9755691793453, 37.26424123349136], [126.97838859293635, 37.26425368889514], [126.97840413396307, 37.2620002753633], [126.97558480436498, 37.26198782096974]]]",1
수원시,Feature,다사53ba18ba,Polygon,"[[[126.9755691793453, 37.26424123349136], [126.9755535525867, 37.26649464514759], [126.97837305018008, 37.26650710156161], [126.97838859293635, 37.26425368889514], [126.9755691793453, 37.26424123349136]]]",3
수원시,Feature,다사53ba18bb,Polygon,"[[[126.9755535525867, 37.26649464514759], [126.97553792408897, 37.26874805593837], [126.97835750569405, 37.26876051336271], [126.97837305018008, 37.26650710156161], [126.9755535525867, 37.26649464514759]]]",3
수원시,Feature,다사53ba19aa,Polygon,"[[[126.97553792408897, 37.26874805593837], [126.97552229385195, 37.271001465863705], [126.97834195947806, 37.271013924298416], [126.97835750569405, 37.26876051336271], [126.97553792408897, 37.26874805593837]]]",2
수원시,Feature,다사53ba19ab,Polygon,"[[[126.97552229385195, 37.271001465863705], [126.97550666187537, 37.27325487492357], [126.97832641153188, 37.27326733436874], [126.97834195947806, 37.271013924298416], [126.97552229385195, 37.271001465863705]]]",7
수원시,Feature,다사53ba19ba,Polygon,"[[[126.97550666187537, 37.27325487492357], [126.97549102815907, 37.27550828311796], [126.9783108618553, 37.27552074357362], [126.97832641153188, 37.27326733436874], [126.97550666187537, 37.27325487492357]]]",3
수원시,Feature,다사53ba19bb,Polygon,"[[[126.97549102815907, 37.27550828311796], [126.97547539270285, 37.27776169044684], [126.97829531044816, 37.27777415191306], [126.9783108618553, 37.27552074357362], [126.97549102815907, 37.27550828311796]]]",9
수원시,Feature,다사53ba20aa,Polygon,"[[[126.97547539270285, 37.27776169044684], [126.97545975550649, 37.2800150969102], [126.97827975731025, 37.280027559387015], [126.97829531044816, 37.27777415191306], [126.97547539270285, 37.27776169044684]]]",4
수원시,Feature,다사53ba20ab,Polygon,"[[[126.97545975550649, 37.2800150969102], [126.97544411656979, 37.282268502508], [126.97826420244134, 37.282280965995504], [126.97827975731025, 37.280027559387015], [126.97545975550649, 37.2800150969102]]]",2
수원시,Feature,다사53ba20ba,Polygon,"[[[126.97544411656979, 37.282268502508], [126.97542847589253, 37.284521907240254], [126.97824864584123, 37.28453437173848], [126.97826420244134, 37.282280965995504], [126.97544411656979, 37.282268502508]]]",3
수원시,Feature,다사53ba20bb,Polygon,"[[[126.97542847589253, 37.284521907240254], [126.97541283347455, 37.28677531110692], [126.97823308750974, 37.286787776615945], [126.97824864584123, 37.28453437173848], [126.97542847589253, 37.284521907240254]]]",0
수원시,Feature,다사53ba21aa,Polygon,"[[[126.97541283347455, 37.28677531110692], [126.9753971893156, 37.28902871410798], [126.97821752744666, 37.289041180627855], [126.97823308750974, 37.286787776615945], [126.97541283347455, 37.28677531110692]]]",0
수원시,Feature,다사53ba21ab,Polygon,"[[[126.9753971893156, 37.28902871410798], [126.9753815434155, 37.29128211624342], [126.97820196565179, 37.29129458377422], [126.97821752744666, 37.289041180627855], [126.9753971893156, 37.28902871410798]]]",6
수원시,Feature,다사53ba21ba,Polygon,"[[[126.9753815434155, 37.29128211624342], [126.97536589577405, 37.293535517513234], [126.97818640212492, 37.29354798605498], [126.97820196565179, 37.29129458377422], [126.9753815434155, 37.29128211624342]]]",0
수원시,Feature,다사53ba21bb,Polygon,"[[[126.97536589577405, 37.293535517513234], [126.97535024639103, 37.295788917917385], [126.97817083686584, 37.29580138747016], [126.97818640212492, 37.29354798605498], [126.97536589577405, 37.293535517513234]]]",0
수원시,Feature,다사53ba22aa,Polygon,"[[[126.97535024639103, 37.295788917917385], [126.97533459526626, 37.29804231745584], [126.97815526987436, 37.29805478801972], [126.97817083686584, 37.29580138747016], [126.97535024639103, 37.295788917917385]]]",4
수원시,Feature,다사53ba22ab,Polygon,"[[[126.97533459526626, 37.29804231745584], [126.9753189423995, 37.30029571612862], [126.97813970115028, 37.30030818770364], [126.97815526987436, 37.29805478801972], [126.97533459526626, 37.29804231745584]]]",2
수원시,Feature,다사53ba22ba,Polygon,"[[[126.9753189423995, 37.30029571612862], [126.9753032877906, 37.302549113935676], [126.97812413069342, 37.302561586521925], [126.97813970115028, 37.30030818770364], [126.9753189423995, 37.30029571612862]]]",7
수원시,Feature,다사53ba22bb,Polygon,"[[[126.9753032877906, 37.302549113935676], [126.97528763143929, 37.30480251087701], [126.97810855850351, 37.30481498447451], [126.97812413069342, 37.302561586521925], [126.9753032877906, 37.302549113935676]]]",4
수원시,Feature,다사53ba23aa,Polygon,"[[[126.97528763143929, 37.30480251087701], [126.97527197334543, 37.307055906952584], [126.9780929845804, 37.307068381561415], [126.97810855850351, 37.30481498447451], [126.97528763143929, 37.30480251087701]]]",1
수원시,Feature,다사53ba23ab,Polygon,"[[[126.97527197334543, 37.307055906952584], [126.97525631350878, 37.309309302162376], [126.97807740892388, 37.3093217777826], [126.9780929845804, 37.307068381561415], [126.97527197334543, 37.307055906952584]]]",0
수원시,Feature,다사53ba23ba,Polygon,"[[[126.97525631350878, 37.309309302162376], [126.97524065192913, 37.311562696506385], [126.97806183153374, 37.31157517313805], [126.97807740892388, 37.3093217777826], [126.97525631350878, 37.309309302162376]]]",0
수원시,Feature,다사53ba23bb,Polygon,"[[[126.97524065192913, 37.311562696506385], [126.9752249886063, 37.31381608998459], [126.97804625240978, 37.31382856762776], [126.97806183153374, 37.31157517313805], [126.97524065192913, 37.311562696506385]]]",0
수원시,Feature,다사53ba24aa,Polygon,"[[[126.9752249886063, 37.31381608998459], [126.97520932354007, 37.316069482596966], [126.97803067155179, 37.316081961251705], [126.97804625240978, 37.31382856762776], [126.9752249886063, 37.31381608998459]]]",0
수원시,Feature,다사53ba24ab,Polygon,"[[[126.97520932354007, 37.316069482596966], [126.97519365673026, 37.31832287434348], [126.97801508895958, 37.31833535400985], [126.97803067155179, 37.316081961251705], [126.97520932354007, 37.316069482596966]]]",0
수원시,Feature,다사53ba24ba,Polygon,"[[[126.97519365673026, 37.31832287434348], [126.97517798817661, 37.32057626522414], [126.97799950463295, 37.320588745902185], [126.97801508895958, 37.31833535400985], [126.97519365673026, 37.31832287434348]]]",0
수원시,Feature,다사53ba24bb,Polygon,"[[[126.97517798817661, 37.32057626522414], [126.97516231787898, 37.322829655238905], [126.97798391857168, 37.322842136928706], [126.97799950463295, 37.320588745902185], [126.97517798817661, 37.32057626522414]]]",1
수원시,Feature,다사53ba25aa,Polygon,"[[[126.97516231787898, 37.322829655238905], [126.97514664583716, 37.325083044387775], [126.97796833077557, 37.325095527089374], [126.97798391857168, 37.322842136928706], [126.97516231787898, 37.322829655238905]]]",0
수원시,Feature,다사53ba25ab,Polygon,"[[[126.97514664583716, 37.325083044387775], [126.97513097205089, 37.32733643267072], [126.97795274124441, 37.327348916384175], [126.97796833077557, 37.325095527089374], [126.97514664583716, 37.325083044387775]]]",0
수원시,Feature,다사53ba25ba,Polygon,"[[[126.97513097205089, 37.32733643267072], [126.97511529652002, 37.32958982008772], [126.97793714997802, 37.3296023048131], [126.97795274124441, 37.327348916384175], [126.97513097205089, 37.32733643267072]]]",0
수원시,Feature,다사53bb14ba,Polygon,"[[[126.9786370419524, 37.22819896855672], [126.97862152684505, 37.23045239506653], [126.98143968324862, 37.23046476826799], [126.9814551145029, 37.228211340754314], [126.9786370419524, 37.22819896855672]]]",0
수원시,Feature,다사53bb14bb,Polygon,"[[[126.97862152684505, 37.23045239506653], [126.9786060100111, 37.23270582071126], [126.98142425027716, 37.232718194916664], [126.98143968324862, 37.23046476826799], [126.97862152684505, 37.23045239506653]]]",0
수원시,Feature,다사53bb15aa,Polygon,"[[[126.9786060100111, 37.23270582071126], [126.97859049145046, 37.23495924549093], [126.98140881558827, 37.23497162070031], [126.98142425027716, 37.232718194916664], [126.9786060100111, 37.23270582071126]]]",1
수원시,Feature,다사53bb15ab,Polygon,"[[[126.97859049145046, 37.23495924549093], [126.97857497116286, 37.23721266940549], [126.98139337918178, 37.237225045618914], [126.98140881558827, 37.23497162070031], [126.97859049145046, 37.23495924549093]]]",2
수원시,Feature,다사53bb15ba,Polygon,"[[[126.97857497116286, 37.23721266940549], [126.97855944914811, 37.23946609245491], [126.98137794105747, 37.239478469672456], [126.98139337918178, 37.237225045618914], [126.97857497116286, 37.23721266940549]]]",0
수원시,Feature,다사53bb15bb,Polygon,"[[[126.97855944914811, 37.23946609245491], [126.978543925406, 37.24171951463919], [126.98136250121514, 37.24173189286091], [126.98137794105747, 37.239478469672456], [126.97855944914811, 37.23946609245491]]]",0
수원시,Feature,다사53bb16aa,Polygon,"[[[126.978543925406, 37.24171951463919], [126.97852839993635, 37.243972935958325], [126.98134705965461, 37.24398531518426], [126.98136250121514, 37.24173189286091], [126.978543925406, 37.24171951463919]]]",1
수원시,Feature,다사53bb16ab,Polygon,"[[[126.97852839993635, 37.243972935958325], [126.97851287273892, 37.24622635641228], [126.98133161637566, 37.246238736642496], [126.98134705965461, 37.24398531518426], [126.97852839993635, 37.243972935958325]]]",2
수원시,Feature,다사53bb16ba,Polygon,"[[[126.97851287273892, 37.24622635641228], [126.97849734381356, 37.24847977600103], [126.98131617137811, 37.24849215723558], [126.98133161637566, 37.246238736642496], [126.97851287273892, 37.24622635641228]]]",5
수원시,Feature,다사53bb16bb,Polygon,"[[[126.97849734381356, 37.24847977600103], [126.97848181316006, 37.25073319472456], [126.98130072466172, 37.25074557696352], [126.98131617137811, 37.24849215723558], [126.97849734381356, 37.24847977600103]]]",4
수원시,Feature,다사53bb17aa,Polygon,"[[[126.97848181316006, 37.25073319472456], [126.97846628077818, 37.252986612582866], [126.98128527622632, 37.25299899582628], [126.98130072466172, 37.25074557696352], [126.97848181316006, 37.25073319472456]]]",1
수원시,Feature,다사53bb17ab,Polygon,"[[[126.97846628077818, 37.252986612582866], [126.97845074666775, 37.25524002957591], [126.9812698260717, 37.25525241382384], [126.98128527622632, 37.25299899582628], [126.97846628077818, 37.252986612582866]]]",0
수원시,Feature,다사53bb17ba,Polygon,"[[[126.97845074666775, 37.25524002957591], [126.97843521082855, 37.25749344570367], [126.98125437419763, 37.257505830956184], [126.9812698260717, 37.25525241382384], [126.97845074666775, 37.25524002957591]]]",0
수원시,Feature,다사53bb17bb,Polygon,"[[[126.97843521082855, 37.25749344570367], [126.97841967326038, 37.259746860966146], [126.981238920604, 37.25975924722329], [126.98125437419763, 37.257505830956184], [126.97843521082855, 37.25749344570367]]]",2
수원시,Feature,다사53bb18aa,Polygon,"[[[126.97841967326038, 37.259746860966146], [126.97840413396307, 37.2620002753633], [126.98122346529051, 37.26201266262515], [126.981238920604, 37.25975924722329], [126.97841967326038, 37.259746860966146]]]",0
수원시,Feature,다사53bb18ab,Polygon,"[[[126.97840413396307, 37.2620002753633], [126.97838859293635, 37.26425368889514], [126.98120800825701, 37.264266077161736], [126.98122346529051, 37.26201266262515], [126.97840413396307, 37.2620002753633]]]",0
수원시,Feature,다사53bb18ba,Polygon,"[[[126.97838859293635, 37.26425368889514], [126.97837305018008, 37.26650710156161], [126.98119254950328, 37.26651949083303], [126.98120800825701, 37.264266077161736], [126.97838859293635, 37.26425368889514]]]",1
수원시,Feature,다사53bb18bb,Polygon,"[[[126.97837305018008, 37.26650710156161], [126.97835750569405, 37.26876051336271], [126.98117708902913, 37.268772903639], [126.98119254950328, 37.26651949083303], [126.97837305018008, 37.26650710156161]]]",1
수원시,Feature,다사53bb19aa,Polygon,"[[[126.97835750569405, 37.26876051336271], [126.97834195947806, 37.271013924298416], [126.98116162683435, 37.27102631557965], [126.98117708902913, 37.268772903639], [126.97835750569405, 37.26876051336271]]]",5
수원시,Feature,다사53bb19ab,Polygon,"[[[126.97834195947806, 37.271013924298416], [126.97832641153188, 37.27326733436874], [126.98114616291873, 37.27327972665495], [126.98116162683435, 37.27102631557965], [126.97834195947806, 37.271013924298416]]]",2
수원시,Feature,다사53bb19ba,Polygon,"[[[126.97832641153188, 37.27326733436874], [126.9783108618553, 37.27552074357362], [126.98113069728211, 37.27553313686489], [126.98114616291873, 37.27327972665495], [126.97832641153188, 37.27326733436874]]]",1
수원시,Feature,다사53bb19bb,Polygon,"[[[126.9783108618553, 37.27552074357362], [126.97829531044816, 37.27777415191306], [126.98111522992426, 37.27778654620942], [126.98113069728211, 37.27553313686489], [126.9783108618553, 37.27552074357362]]]",1
수원시,Feature,다사53bb20aa,Polygon,"[[[126.97829531044816, 37.27777415191306], [126.97827975731025, 37.280027559387015], [126.98109976084497, 37.28003995468855], [126.98111522992426, 37.27778654620942], [126.97829531044816, 37.27777415191306]]]",3
수원시,Feature,다사53bb20ab,Polygon,"[[[126.97827975731025, 37.280027559387015], [126.97826420244134, 37.282280965995504], [126.98108429004407, 37.28229336230227], [126.98109976084497, 37.28003995468855], [126.97827975731025, 37.280027559387015]]]",1
수원시,Feature,다사53bb20ba,Polygon,"[[[126.97826420244134, 37.282280965995504], [126.97824864584123, 37.28453437173848], [126.98106881752132, 37.284546769050536], [126.98108429004407, 37.28229336230227], [126.97826420244134, 37.282280965995504]]]",1
수원시,Feature,다사53bb20bb,Polygon,"[[[126.97824864584123, 37.28453437173848], [126.97823308750974, 37.286787776615945], [126.98105334327653, 37.28680017493335], [126.98106881752132, 37.284546769050536], [126.97824864584123, 37.28453437173848]]]",2
수원시,Feature,다사53bb21aa,Polygon,"[[[126.97823308750974, 37.286787776615945], [126.97821752744666, 37.289041180627855], [126.98103786730952, 37.289053579950654], [126.98105334327653, 37.28680017493335], [126.97823308750974, 37.286787776615945]]]",1
수원시,Feature,다사53bb21ab,Polygon,"[[[126.97821752744666, 37.289041180627855], [126.97820196565179, 37.29129458377422], [126.98102238962007, 37.29130698410248], [126.98103786730952, 37.289053579950654], [126.97821752744666, 37.289041180627855]]]",3
수원시,Feature,다사53bb21ba,Polygon,"[[[126.97820196565179, 37.29129458377422], [126.97818640212492, 37.29354798605498], [126.98100691020798, 37.29356038738878], [126.98102238962007, 37.29130698410248], [126.97820196565179, 37.29129458377422]]]",1
수원시,Feature,다사53bb21bb,Polygon,"[[[126.97818640212492, 37.29354798605498], [126.97817083686584, 37.29580138747016], [126.98099142907304, 37.295813789809536], [126.98100691020798, 37.29356038738878], [126.97818640212492, 37.29354798605498]]]",2
수원시,Feature,다사53bb22aa,Polygon,"[[[126.97817083686584, 37.29580138747016], [126.97815526987436, 37.29805478801972], [126.9809759462151, 37.29806719136473], [126.98099142907304, 37.295813789809536], [126.97817083686584, 37.29580138747016]]]",1
수원시,Feature,다사53bb22ab,Polygon,"[[[126.97815526987436, 37.29805478801972], [126.97813970115028, 37.30030818770364], [126.9809604616339, 37.300320592054355], [126.9809759462151, 37.29806719136473], [126.97815526987436, 37.29805478801972]]]",9
수원시,Feature,다사53bb22ba,Polygon,"[[[126.97813970115028, 37.30030818770364], [126.97812413069342, 37.302561586521925], [126.98094497532924, 37.302573991878376], [126.9809604616339, 37.300320592054355], [126.97813970115028, 37.30030818770364]]]",4
수원시,Feature,다사53bb22bb,Polygon,"[[[126.97812413069342, 37.302561586521925], [126.97810855850351, 37.30481498447451], [126.98092948730095, 37.30482739083679], [126.98094497532924, 37.302573991878376], [126.97812413069342, 37.302561586521925]]]",0
수원시,Feature,다사53bb23aa,Polygon,"[[[126.97810855850351, 37.30481498447451], [126.9780929845804, 37.307068381561415], [126.9809139975488, 37.30708078892957], [126.98092948730095, 37.30482739083679], [126.97810855850351, 37.30481498447451]]]",0
수원시,Feature,다사53bb23ab,Polygon,"[[[126.9780929845804, 37.307068381561415], [126.97807740892388, 37.3093217777826], [126.9808985060726, 37.30933418615669], [126.9809139975488, 37.30708078892957], [126.9780929845804, 37.307068381561415]]]",0
수원시,Feature,다사53bb23ba,Polygon,"[[[126.97807740892388, 37.3093217777826], [126.97806183153374, 37.31157517313805], [126.98088301287218, 37.31158758251815], [126.9808985060726, 37.30933418615669], [126.97807740892388, 37.3093217777826]]]",1
수원시,Feature,다사53bb23bb,Polygon,"[[[126.97806183153374, 37.31157517313805], [126.97804625240978, 37.31382856762776], [126.98086751794729, 37.31384097801391], [126.98088301287218, 37.31158758251815], [126.97806183153374, 37.31157517313805]]]",1
수원시,Feature,다사53bb24aa,Polygon,"[[[126.97804625240978, 37.31382856762776], [126.97803067155179, 37.316081961251705], [126.98085202129776, 37.31609437264395], [126.98086751794729, 37.31384097801391], [126.97804625240978, 37.31382856762776]]]",0
수원시,Feature,다사53bb24ab,Polygon,"[[[126.97803067155179, 37.316081961251705], [126.97801508895958, 37.31833535400985], [126.98083652292335, 37.31834776640827], [126.98085202129776, 37.31609437264395], [126.97803067155179, 37.316081961251705]]]",0
수원시,Feature,다사53bb24ba,Polygon,"[[[126.97801508895958, 37.31833535400985], [126.97799950463295, 37.320588745902185], [126.98082102282389, 37.32060115930685], [126.98083652292335, 37.31834776640827], [126.97801508895958, 37.31833535400985]]]",1
수원시,Feature,다사53bb24bb,Polygon,"[[[126.97799950463295, 37.320588745902185], [126.97798391857168, 37.322842136928706], [126.98080552099917, 37.322854551339645], [126.98082102282389, 37.32060115930685], [126.97799950463295, 37.320588745902185]]]",0
수원시,Feature,다사53bb25aa,Polygon,"[[[126.97798391857168, 37.322842136928706], [126.97796833077557, 37.325095527089374], [126.98079001744901, 37.32510794250667], [126.98080552099917, 37.322854551339645], [126.97798391857168, 37.322842136928706]]]",0
수원시,Feature,다사53bb25ab,Polygon,"[[[126.97796833077557, 37.325095527089374], [126.97795274124441, 37.327348916384175], [126.98077451217318, 37.32736133280788], [126.98079001744901, 37.32510794250667], [126.97796833077557, 37.325095527089374]]]",0
수원시,Feature,다사53bb25ba,Polygon,"[[[126.97795274124441, 37.327348916384175], [126.97793714997802, 37.3296023048131], [126.98075900517149, 37.32961472224327], [126.98077451217318, 37.32736133280788], [126.97795274124441, 37.327348916384175]]]",0
수원시,Feature,다사54aa14bb,Polygon,"[[[126.98143968324862, 37.23046476826799], [126.98142425027716, 37.232718194916664], [126.98424249226062, 37.23273050206097], [126.98425784136944, 37.23047707441381], [126.98143968324862, 37.23046476826799]]]",1
수원시,Feature,다사54aa15aa,Polygon,"[[[126.98142425027716, 37.232718194916664], [126.98140881558827, 37.23497162070031], [126.98422714144371, 37.23498392884317], [126.98424249226062, 37.23273050206097], [126.98142425027716, 37.232718194916664]]]",2
수원시,Feature,다사54aa15ab,Polygon,"[[[126.98140881558827, 37.23497162070031], [126.98139337918178, 37.237225045618914], [126.98421178891854, 37.237237354760374], [126.98422714144371, 37.23498392884317], [126.98140881558827, 37.23497162070031]]]",2
수원시,Feature,다사54aa15ba,Polygon,"[[[126.98139337918178, 37.237225045618914], [126.98137794105747, 37.239478469672456], [126.98419643468488, 37.239490779812584], [126.98421178891854, 37.237237354760374], [126.98139337918178, 37.237225045618914]]]",0
수원시,Feature,다사54aa15bb,Polygon,"[[[126.98137794105747, 37.239478469672456], [126.98136250121514, 37.24173189286091], [126.98418107874252, 37.24174420399976], [126.98419643468488, 37.239490779812584], [126.98137794105747, 37.239478469672456]]]",1
수원시,Feature,다사54aa16aa,Polygon,"[[[126.98136250121514, 37.24173189286091], [126.98134705965461, 37.24398531518426], [126.9841657210913, 37.243997627321896], [126.98418107874252, 37.24174420399976], [126.98136250121514, 37.24173189286091]]]",0
수원시,Feature,다사54aa16ab,Polygon,"[[[126.98134705965461, 37.24398531518426], [126.98133161637566, 37.246238736642496], [126.98415036173101, 37.24625104977897], [126.9841657210913, 37.243997627321896], [126.98134705965461, 37.24398531518426]]]",0
수원시,Feature,다사54aa16ba,Polygon,"[[[126.98133161637566, 37.246238736642496], [126.98131617137811, 37.24849215723558], [126.98413500066145, 37.248504471370964], [126.98415036173101, 37.24625104977897], [126.98133161637566, 37.246238736642496]]]",5
수원시,Feature,다사54aa16bb,Polygon,"[[[126.98131617137811, 37.24849215723558], [126.98130072466172, 37.25074557696352], [126.9841196378824, 37.25075789209786], [126.98413500066145, 37.248504471370964], [126.98131617137811, 37.24849215723558]]]",4
수원시,Feature,다사54aa17aa,Polygon,"[[[126.98130072466172, 37.25074557696352], [126.98128527622632, 37.25299899582628], [126.98410427339367, 37.25301131195963], [126.9841196378824, 37.25075789209786], [126.98130072466172, 37.25074557696352]]]",2
수원시,Feature,다사54aa17ab,Polygon,"[[[126.98128527622632, 37.25299899582628], [126.9812698260717, 37.25525241382384], [126.98408890719506, 37.25526473095627], [126.98410427339367, 37.25301131195963], [126.98128527622632, 37.25299899582628]]]",2
수원시,Feature,다사54aa17ba,Polygon,"[[[126.9812698260717, 37.25525241382384], [126.98125437419763, 37.257505830956184], [126.98407353928637, 37.25751814908776], [126.98408890719506, 37.25526473095627], [126.9812698260717, 37.25525241382384]]]",2
수원시,Feature,다사54aa17bb,Polygon,"[[[126.98125437419763, 37.257505830956184], [126.981238920604, 37.25975924722329], [126.9840581696674, 37.25977156635405], [126.98407353928637, 37.25751814908776], [126.98125437419763, 37.257505830956184]]]",1
수원시,Feature,다사54aa18aa,Polygon,"[[[126.981238920604, 37.25975924722329], [126.98122346529051, 37.26201266262515], [126.98404279833797, 37.262024982755165], [126.9840581696674, 37.25977156635405], [126.981238920604, 37.25975924722329]]]",0
수원시,Feature,다사54aa18ab,Polygon,"[[[126.98122346529051, 37.26201266262515], [126.98120800825701, 37.264266077161736], [126.98402742529785, 37.26427839829105], [126.98404279833797, 37.262024982755165], [126.98122346529051, 37.26201266262515]]]",1
수원시,Feature,다사54aa18ba,Polygon,"[[[126.98120800825701, 37.264266077161736], [126.98119254950328, 37.26651949083303], [126.98401205054688, 37.26653181296171], [126.98402742529785, 37.26427839829105], [126.98120800825701, 37.264266077161736]]]",2
수원시,Feature,다사54aa18bb,Polygon,"[[[126.98119254950328, 37.26651949083303], [126.98117708902913, 37.268772903639], [126.9839966740848, 37.268785226767115], [126.98401205054688, 37.26653181296171], [126.98119254950328, 37.26651949083303]]]",1
수원시,Feature,다사54aa19aa,Polygon,"[[[126.98117708902913, 37.268772903639], [126.98116162683435, 37.27102631557965], [126.98398129591146, 37.271038639707236], [126.9839966740848, 37.268785226767115], [126.98117708902913, 37.268772903639]]]",7
수원시,Feature,다사54aa19ab,Polygon,"[[[126.98116162683435, 37.27102631557965], [126.98114616291873, 37.27327972665495], [126.98396591602666, 37.27329205178209], [126.98398129591146, 37.271038639707236], [126.98116162683435, 37.27102631557965]]]",2
수원시,Feature,다사54aa19ba,Polygon,"[[[126.98114616291873, 37.27327972665495], [126.98113069728211, 37.27553313686489], [126.98395053443016, 37.275545462991616], [126.98396591602666, 37.27329205178209], [126.98114616291873, 37.27327972665495]]]",0
수원시,Feature,다사54aa19bb,Polygon,"[[[126.98113069728211, 37.27553313686489], [126.98111522992426, 37.27778654620942], [126.9839351511218, 37.27779887333583], [126.98395053443016, 37.275545462991616], [126.98113069728211, 37.27553313686489]]]",0
수원시,Feature,다사54aa20aa,Polygon,"[[[126.98111522992426, 37.27778654620942], [126.98109976084497, 37.28003995468855], [126.98391976610134, 37.28005228281469], [126.9839351511218, 37.27779887333583], [126.98111522992426, 37.27778654620942]]]",0
수원시,Feature,다사54aa20ab,Polygon,"[[[126.98109976084497, 37.28003995468855], [126.98108429004407, 37.28229336230227], [126.98390437936862, 37.282305691428185], [126.98391976610134, 37.28005228281469], [126.98109976084497, 37.28003995468855]]]",0
수원시,Feature,다사54aa20ba,Polygon,"[[[126.98108429004407, 37.28229336230227], [126.98106881752132, 37.284546769050536], [126.98388899092343, 37.28455909917628], [126.98390437936862, 37.282305691428185], [126.98108429004407, 37.28229336230227]]]",1
수원시,Feature,다사54aa20bb,Polygon,"[[[126.98106881752132, 37.284546769050536], [126.98105334327653, 37.28680017493335], [126.98387360076558, 37.28681250605898], [126.98388899092343, 37.28455909917628], [126.98106881752132, 37.284546769050536]]]",3
수원시,Feature,다사54aa21aa,Polygon,"[[[126.98105334327653, 37.28680017493335], [126.98103786730952, 37.289053579950654], [126.98385820889482, 37.28906591207625], [126.98387360076558, 37.28681250605898], [126.98105334327653, 37.28680017493335]]]",3
수원시,Feature,다사54aa21ab,Polygon,"[[[126.98103786730952, 37.289053579950654], [126.98102238962007, 37.29130698410248], [126.98384281531098, 37.29131931722809], [126.98385820889482, 37.28906591207625], [126.98103786730952, 37.289053579950654]]]",3
수원시,Feature,다사54aa21ba,Polygon,"[[[126.98102238962007, 37.29130698410248], [126.98100691020798, 37.29356038738878], [126.98382742001388, 37.29357272151446], [126.98384281531098, 37.29131931722809], [126.98102238962007, 37.29130698410248]]]",1
수원시,Feature,다사54aa21bb,Polygon,"[[[126.98100691020798, 37.29356038738878], [126.98099142907304, 37.295813789809536], [126.98381202300332, 37.295826124935346], [126.98382742001388, 37.29357272151446], [126.98100691020798, 37.29356038738878]]]",0
수원시,Feature,다사54aa22aa,Polygon,"[[[126.98099142907304, 37.295813789809536], [126.9809759462151, 37.29806719136473], [126.98379662427905, 37.298079527490735], [126.98381202300332, 37.295826124935346], [126.98099142907304, 37.295813789809536]]]",7
수원시,Feature,다사54aa22ab,Polygon,"[[[126.9809759462151, 37.29806719136473], [126.9809604616339, 37.300320592054355], [126.98378122384092, 37.3003329291806], [126.98379662427905, 37.298079527490735], [126.9809759462151, 37.29806719136473]]]",4
수원시,Feature,다사54aa22ba,Polygon,"[[[126.9809604616339, 37.300320592054355], [126.98094497532924, 37.302573991878376], [126.9837658216887, 37.30258633000495], [126.98378122384092, 37.3003329291806], [126.9809604616339, 37.300320592054355]]]",4
수원시,Feature,다사54aa22bb,Polygon,"[[[126.98094497532924, 37.302573991878376], [126.98092948730095, 37.30482739083679], [126.98375041782222, 37.304839729963724], [126.9837658216887, 37.30258633000495], [126.98094497532924, 37.302573991878376]]]",3
수원시,Feature,다사54aa23aa,Polygon,"[[[126.98092948730095, 37.30482739083679], [126.9809139975488, 37.30708078892957], [126.98373501224124, 37.30709312905693], [126.98375041782222, 37.304839729963724], [126.98092948730095, 37.30482739083679]]]",1
수원시,Feature,다사54aa23ab,Polygon,"[[[126.9809139975488, 37.30708078892957], [126.9808985060726, 37.30933418615669], [126.98371960494559, 37.30934652728453], [126.98373501224124, 37.30709312905693], [126.9809139975488, 37.30708078892957]]]",1
수원시,Feature,다사54aa23ba,Polygon,"[[[126.9808985060726, 37.30933418615669], [126.98088301287218, 37.31158758251815], [126.98370419593505, 37.31159992464652], [126.98371960494559, 37.30934652728453], [126.9808985060726, 37.30933418615669]]]",2
수원시,Feature,다사54aa23bb,Polygon,"[[[126.98088301287218, 37.31158758251815], [126.98086751794729, 37.31384097801391], [126.98368878520945, 37.3138533211429], [126.98370419593505, 37.31159992464652], [126.98088301287218, 37.31158758251815]]]",2
수원시,Feature,다사54aa24aa,Polygon,"[[[126.98086751794729, 37.31384097801391], [126.98085202129776, 37.31609437264395], [126.98367337276855, 37.316106716773604], [126.98368878520945, 37.3138533211429], [126.98086751794729, 37.31384097801391]]]",1
수원시,Feature,다사54aa24ab,Polygon,"[[[126.98085202129776, 37.31609437264395], [126.98083652292335, 37.31834776640827], [126.98365795861218, 37.31836011153864], [126.98367337276855, 37.316106716773604], [126.98085202129776, 37.31609437264395]]]",5
수원시,Feature,다사54aa24ba,Polygon,"[[[126.98083652292335, 37.31834776640827], [126.98082102282389, 37.32060115930685], [126.98364254274011, 37.320613505438], [126.98365795861218, 37.31836011153864], [126.98083652292335, 37.31834776640827]]]",0
수원시,Feature,다사54aa24bb,Polygon,"[[[126.98082102282389, 37.32060115930685], [126.98080552099917, 37.322854551339645], [126.98362712515215, 37.32286689847162], [126.98364254274011, 37.320613505438], [126.98082102282389, 37.32060115930685]]]",0
수원시,Feature,다사54aa25aa,Polygon,"[[[126.98080552099917, 37.322854551339645], [126.98079001744901, 37.32510794250667], [126.98361170584813, 37.325120290639546], [126.98362712515215, 37.32286689847162], [126.98080552099917, 37.322854551339645]]]",0
수원시,Feature,다사54aa25ab,Polygon,"[[[126.98079001744901, 37.32510794250667], [126.98077451217318, 37.32736133280788], [126.98359628482781, 37.327373681941715], [126.98361170584813, 37.325120290639546], [126.98079001744901, 37.32510794250667]]]",0
수원시,Feature,다사54ab14bb,Polygon,"[[[126.98425784136944, 37.23047707441381], [126.98424249226062, 37.23273050206097], [126.98706073595216, 37.23274274214406], [126.98707600119813, 37.23048931350386], [126.98425784136944, 37.23047707441381]]]",0
수원시,Feature,다사54ab15aa,Polygon,"[[[126.98424249226062, 37.23273050206097], [126.98422714144371, 37.23498392884317], [126.98704546900743, 37.23499616991936], [126.98706073595216, 37.23274274214406], [126.98424249226062, 37.23273050206097]]]",0
수원시,Feature,다사54ab15ab,Polygon,"[[[126.98422714144371, 37.23498392884317], [126.98421178891854, 37.237237354760374], [126.98703020036378, 37.23724959682974], [126.98704546900743, 37.23499616991936], [126.98422714144371, 37.23498392884317]]]",1
수원시,Feature,다사54ab15ba,Polygon,"[[[126.98421178891854, 37.237237354760374], [126.98419643468488, 37.239490779812584], [126.98701493002095, 37.23950302287517], [126.98703020036378, 37.23724959682974], [126.98421178891854, 37.237237354760374]]]",1
수원시,Feature,다사54ab15bb,Polygon,"[[[126.98419643468488, 37.239490779812584], [126.98418107874252, 37.24174420399976], [126.98699965797881, 37.24175644805563], [126.98701493002095, 37.23950302287517], [126.98419643468488, 37.239490779812584]]]",2
수원시,Feature,다사54ab16aa,Polygon,"[[[126.98418107874252, 37.24174420399976], [126.9841657210913, 37.243997627321896], [126.98698438423709, 37.2440098723711], [126.98699965797881, 37.24175644805563], [126.98418107874252, 37.24174420399976]]]",0
수원시,Feature,다사54ab16ab,Polygon,"[[[126.9841657210913, 37.243997627321896], [126.98415036173101, 37.24625104977897], [126.98696910879565, 37.24626329582158], [126.98698438423709, 37.2440098723711], [126.9841657210913, 37.243997627321896]]]",0
수원시,Feature,다사54ab16ba,Polygon,"[[[126.98415036173101, 37.24625104977897], [126.98413500066145, 37.248504471370964], [126.98695383165426, 37.24851671840703], [126.98696910879565, 37.24626329582158], [126.98415036173101, 37.24625104977897]]]",3
수원시,Feature,다사54ab16bb,Polygon,"[[[126.98413500066145, 37.248504471370964], [126.9841196378824, 37.25075789209786], [126.98693855281276, 37.250770140127436], [126.98695383165426, 37.24851671840703], [126.98413500066145, 37.248504471370964]]]",4
수원시,Feature,다사54ab17aa,Polygon,"[[[126.9841196378824, 37.25075789209786], [126.98410427339367, 37.25301131195963], [126.98692327227089, 37.25302356098279], [126.98693855281276, 37.250770140127436], [126.9841196378824, 37.25075789209786]]]",2
수원시,Feature,다사54ab17ab,Polygon,"[[[126.98410427339367, 37.25301131195963], [126.98408890719506, 37.25526473095627], [126.9869079900285, 37.25527698097306], [126.98692327227089, 37.25302356098279], [126.98410427339367, 37.25301131195963]]]",2
수원시,Feature,다사54ab17ba,Polygon,"[[[126.98408890719506, 37.25526473095627], [126.98407353928637, 37.25751814908776], [126.98689270608537, 37.257530400098226], [126.9869079900285, 37.25527698097306], [126.98408890719506, 37.25526473095627]]]",1
수원시,Feature,다사54ab17bb,Polygon,"[[[126.98407353928637, 37.25751814908776], [126.9840581696674, 37.25977156635405], [126.98687742044132, 37.25978381835828], [126.98689270608537, 37.257530400098226], [126.98407353928637, 37.25751814908776]]]",2
수원시,Feature,다사54ab18aa,Polygon,"[[[126.9840581696674, 37.25977156635405], [126.98404279833797, 37.262024982755165], [126.98686213309611, 37.26203723575318], [126.98687742044132, 37.25978381835828], [126.9840581696674, 37.25977156635405]]]",0
수원시,Feature,다사54ab18ab,Polygon,"[[[126.98404279833797, 37.262024982755165], [126.98402742529785, 37.26427839829105], [126.98684684404961, 37.264290652282945], [126.98686213309611, 37.26203723575318], [126.98404279833797, 37.262024982755165]]]",0
수원시,Feature,다사54ab18ba,Polygon,"[[[126.98402742529785, 37.26427839829105], [126.98401205054688, 37.26653181296171], [126.98683155330156, 37.266544067947535], [126.98684684404961, 37.264290652282945], [126.98402742529785, 37.26427839829105]]]",0
수원시,Feature,다사54ab18bb,Polygon,"[[[126.98401205054688, 37.26653181296171], [126.9839966740848, 37.268785226767115], [126.98681626085177, 37.26879748274692], [126.98683155330156, 37.266544067947535], [126.98401205054688, 37.26653181296171]]]",0
수원시,Feature,다사54ab19aa,Polygon,"[[[126.9839966740848, 37.268785226767115], [126.98398129591146, 37.271038639707236], [126.98680096670006, 37.27105089668109], [126.98681626085177, 37.26879748274692], [126.9839966740848, 37.268785226767115]]]",5
수원시,Feature,다사54ab19ab,Polygon,"[[[126.98398129591146, 37.271038639707236], [126.98396591602666, 37.27329205178209], [126.98678567084623, 37.27330430975004], [126.98680096670006, 37.27105089668109], [126.98398129591146, 37.271038639707236]]]",1
수원시,Feature,다사54ab19ba,Polygon,"[[[126.98396591602666, 37.27329205178209], [126.98395053443016, 37.275545462991616], [126.98677037329008, 37.27555772195372], [126.98678567084623, 37.27330430975004], [126.98396591602666, 37.27329205178209]]]",1
수원시,Feature,다사54ab19bb,Polygon,"[[[126.98395053443016, 37.275545462991616], [126.9839351511218, 37.27779887333583], [126.98675507403141, 37.27781113329214], [126.98677037329008, 37.27555772195372], [126.98395053443016, 37.275545462991616]]]",1
수원시,Feature,다사54ab20aa,Polygon,"[[[126.9839351511218, 37.27779887333583], [126.98391976610134, 37.28005228281469], [126.98673977307, 37.28006454376527], [126.98675507403141, 37.27781113329214], [126.9839351511218, 37.27779887333583]]]",0
수원시,Feature,다사54ab20ab,Polygon,"[[[126.98391976610134, 37.28005228281469], [126.98390437936862, 37.282305691428185], [126.98672447040568, 37.28231795337309], [126.98673977307, 37.28006454376527], [126.98391976610134, 37.28005228281469]]]",2
수원시,Feature,다사54ab20ba,Polygon,"[[[126.98390437936862, 37.282305691428185], [126.98388899092343, 37.28455909917628], [126.98670916603824, 37.28457136211559], [126.98672447040568, 37.28231795337309], [126.98390437936862, 37.282305691428185]]]",4
수원시,Feature,다사54ab20bb,Polygon,"[[[126.98388899092343, 37.28455909917628], [126.98387360076558, 37.28681250605898], [126.98669385996747, 37.28682476999275], [126.98670916603824, 37.28457136211559], [126.98388899092343, 37.28455909917628]]]",4
수원시,Feature,다사54ab21aa,Polygon,"[[[126.98387360076558, 37.28681250605898], [126.98385820889482, 37.28906591207625], [126.98667855219318, 37.28907817700453], [126.98669385996747, 37.28682476999275], [126.98387360076558, 37.28681250605898]]]",2
수원시,Feature,다사54ab21ab,Polygon,"[[[126.98385820889482, 37.28906591207625], [126.98384281531098, 37.29131931722809], [126.9866632427152, 37.29133158315092], [126.98667855219318, 37.28907817700453], [126.98385820889482, 37.28906591207625]]]",5
수원시,Feature,다사54ab21ba,Polygon,"[[[126.98384281531098, 37.29131931722809], [126.98382742001388, 37.29357272151446], [126.98664793153328, 37.29358498843192], [126.9866632427152, 37.29133158315092], [126.98384281531098, 37.29131931722809]]]",3
수원시,Feature,다사54ab21bb,Polygon,"[[[126.98382742001388, 37.29357272151446], [126.98381202300332, 37.295826124935346], [126.98663261864725, 37.295838392847486], [126.98664793153328, 37.29358498843192], [126.98382742001388, 37.29357272151446]]]",2
수원시,Feature,다사54ab22aa,Polygon,"[[[126.98381202300332, 37.295826124935346], [126.98379662427905, 37.298079527490735], [126.9866173040569, 37.29809179639761], [126.98663261864725, 37.295838392847486], [126.98381202300332, 37.295826124935346]]]",1
수원시,Feature,다사54ab22ab,Polygon,"[[[126.98379662427905, 37.298079527490735], [126.98378122384092, 37.3003329291806], [126.98660198776203, 37.30034519908228], [126.9866173040569, 37.29809179639761], [126.98379662427905, 37.298079527490735]]]",4
수원시,Feature,다사54ab22ba,Polygon,"[[[126.98378122384092, 37.3003329291806], [126.9837658216887, 37.30258633000495], [126.98658666976245, 37.302598600901476], [126.98660198776203, 37.30034519908228], [126.98378122384092, 37.3003329291806]]]",1
수원시,Feature,다사54ab22bb,Polygon,"[[[126.9837658216887, 37.30258633000495], [126.98375041782222, 37.304839729963724], [126.98657135005797, 37.30485200185517], [126.98658666976245, 37.302598600901476], [126.9837658216887, 37.30258633000495]]]",0
수원시,Feature,다사54ab23aa,Polygon,"[[[126.98375041782222, 37.304839729963724], [126.98373501224124, 37.30709312905693], [126.98655602864837, 37.30710540194335], [126.98657135005797, 37.30485200185517], [126.98375041782222, 37.304839729963724]]]",0
수원시,Feature,다사54ab23ab,Polygon,"[[[126.98373501224124, 37.30709312905693], [126.98371960494559, 37.30934652728453], [126.98654070553346, 37.309358801165985], [126.98655602864837, 37.30710540194335], [126.98373501224124, 37.30709312905693]]]",5
수원시,Feature,다사54ab23ba,Polygon,"[[[126.98371960494559, 37.30934652728453], [126.98370419593505, 37.31159992464652], [126.98652538071302, 37.311612199523076], [126.98654070553346, 37.309358801165985], [126.98371960494559, 37.30934652728453]]]",0
수원시,Feature,다사54ab23bb,Polygon,"[[[126.98370419593505, 37.31159992464652], [126.98368878520945, 37.3138533211429], [126.98651005418688, 37.31386559701459], [126.98652538071302, 37.311612199523076], [126.98370419593505, 37.31159992464652]]]",2
수원시,Feature,다사54ab24aa,Polygon,"[[[126.98368878520945, 37.3138533211429], [126.98367337276855, 37.316106716773604], [126.98649472595483, 37.31611899364051], [126.98651005418688, 37.31386559701459], [126.98368878520945, 37.3138533211429]]]",3
수원시,Feature,다사54ab24ab,Polygon,"[[[126.98367337276855, 37.316106716773604], [126.98365795861218, 37.31836011153864], [126.98647939601668, 37.318372389400814], [126.98649472595483, 37.31611899364051], [126.98367337276855, 37.316106716773604]]]",0
수원시,Feature,다사54ab24ba,Polygon,"[[[126.98365795861218, 37.31836011153864], [126.98364254274011, 37.320613505438], [126.98646406437219, 37.32062578429549], [126.98647939601668, 37.318372389400814], [126.98365795861218, 37.31836011153864]]]",0
수원시,Feature,다사54ab24bb,Polygon,"[[[126.98364254274011, 37.320613505438], [126.98362712515215, 37.32286689847162], [126.98644873102123, 37.322879178324506], [126.98646406437219, 37.32062578429549], [126.98364254274011, 37.320613505438]]]",0
수원시,Feature,다사54ab25aa,Polygon,"[[[126.98362712515215, 37.32286689847162], [126.98361170584813, 37.325120290639546], [126.98643339596354, 37.32513257148787], [126.98644873102123, 37.322879178324506], [126.98362712515215, 37.32286689847162]]]",0
수원시,Feature,다사54ab25ab,Polygon,"[[[126.98361170584813, 37.325120290639546], [126.98359628482781, 37.327373681941715], [126.98641805919893, 37.32738596378554], [126.98643339596354, 37.32513257148787], [126.98361170584813, 37.325120290639546]]]",5
수원시,Feature,다사54ab25ba,Polygon,"[[[126.98359628482781, 37.327373681941715], [126.98358086209102, 37.329627072378116], [126.98640272072721, 37.3296393552175], [126.98641805919893, 37.32738596378554], [126.98359628482781, 37.327373681941715]]]",0
수원시,Feature,다사54ba14bb,Polygon,"[[[126.98707600119813, 37.23048931350386], [126.98706073595216, 37.23274274214406], [126.98987898134243, 37.23275491516581], [126.98989416272535, 37.230501485537985], [126.98707600119813, 37.23048931350386]]]",0
수원시,Feature,다사54ba15aa,Polygon,"[[[126.98706073595216, 37.23274274214406], [126.98704546900743, 37.23499616991936], [126.9898637982701, 37.23500834392878], [126.98987898134243, 37.23275491516581], [126.98706073595216, 37.23274274214406]]]",1
수원시,Feature,다사54ba15ab,Polygon,"[[[126.98704546900743, 37.23499616991936], [126.98703020036378, 37.23724959682974], [126.98984861350813, 37.23726177182688], [126.9898637982701, 37.23500834392878], [126.98704546900743, 37.23499616991936]]]",0
수원시,Feature,다사54ba15ba,Polygon,"[[[126.98703020036378, 37.23724959682974], [126.98701493002095, 37.23950302287517], [126.98983342705637, 37.2395151988601], [126.98984861350813, 37.23726177182688], [126.98703020036378, 37.23724959682974]]]",0
수원시,Feature,다사54ba15bb,Polygon,"[[[126.98701493002095, 37.23950302287517], [126.98699965797881, 37.24175644805563], [126.9898182389146, 37.24176862502839], [126.98983342705637, 37.2395151988601], [126.98701493002095, 37.23950302287517]]]",0
수원시,Feature,다사54ba16aa,Polygon,"[[[126.98699965797881, 37.24175644805563], [126.98698438423709, 37.2440098723711], [126.98980304908262, 37.244022050331765], [126.9898182389146, 37.24176862502839], [126.98699965797881, 37.24175644805563]]]",0
수원시,Feature,다사54ba16ab,Polygon,"[[[126.98698438423709, 37.2440098723711], [126.98696910879565, 37.24626329582158], [126.98978785756022, 37.246275474770194], [126.98980304908262, 37.244022050331765], [126.98698438423709, 37.2440098723711]]]",0
수원시,Feature,다사54ba16ba,Polygon,"[[[126.98696910879565, 37.24626329582158], [126.98695383165426, 37.24851671840703], [126.98977266434724, 37.248528898343665], [126.98978785756022, 37.246275474770194], [126.98696910879565, 37.24626329582158]]]",2
수원시,Feature,다사54ba16bb,Polygon,"[[[126.98695383165426, 37.24851671840703], [126.98693855281276, 37.250770140127436], [126.98975746944345, 37.25078232105215], [126.98977266434724, 37.248528898343665], [126.98695383165426, 37.24851671840703]]]",2
수원시,Feature,다사54ba17aa,Polygon,"[[[126.98693855281276, 37.250770140127436], [126.98692327227089, 37.25302356098279], [126.98974227284866, 37.25303574289563], [126.98975746944345, 37.25078232105215], [126.98693855281276, 37.250770140127436]]]",0
수원시,Feature,다사54ba17ab,Polygon,"[[[126.98692327227089, 37.25302356098279], [126.9869079900285, 37.25527698097306], [126.9897270745627, 37.25528916387408], [126.98974227284866, 37.25303574289563], [126.98692327227089, 37.25302356098279]]]",0
수원시,Feature,다사54ba17ba,Polygon,"[[[126.9869079900285, 37.25527698097306], [126.98689270608537, 37.257530400098226], [126.98971187458531, 37.257542583987494], [126.9897270745627, 37.25528916387408], [126.9869079900285, 37.25527698097306]]]",5
수원시,Feature,다사54ba17bb,Polygon,"[[[126.98689270608537, 37.257530400098226], [126.98687742044132, 37.25978381835828], [126.98969667291635, 37.25979600323585], [126.98971187458531, 37.257542583987494], [126.98689270608537, 37.257530400098226]]]",2
수원시,Feature,다사54ba18aa,Polygon,"[[[126.98687742044132, 37.25978381835828], [126.98686213309611, 37.26203723575318], [126.98968146955559, 37.262049421619125], [126.98969667291635, 37.25979600323585], [126.98687742044132, 37.25978381835828]]]",0
수원시,Feature,다사54ba18ab,Polygon,"[[[126.98686213309611, 37.26203723575318], [126.98684684404961, 37.264290652282945], [126.98966626450286, 37.2643028391373], [126.98968146955559, 37.262049421619125], [126.98686213309611, 37.26203723575318]]]",1
수원시,Feature,다사54ba18ba,Polygon,"[[[126.98684684404961, 37.264290652282945], [126.98683155330156, 37.266544067947535], [126.98965105775794, 37.26655625579036], [126.98966626450286, 37.2643028391373], [126.98684684404961, 37.264290652282945]]]",6
수원시,Feature,다사54ba18bb,Polygon,"[[[126.98683155330156, 37.266544067947535], [126.98681626085177, 37.26879748274692], [126.98963584932066, 37.26880967157829], [126.98965105775794, 37.26655625579036], [126.98683155330156, 37.266544067947535]]]",1
수원시,Feature,다사54ba19aa,Polygon,"[[[126.98681626085177, 37.26879748274692], [126.98680096670006, 37.27105089668109], [126.98962063919079, 37.27106308650106], [126.98963584932066, 37.26880967157829], [126.98681626085177, 37.26879748274692]]]",1
수원시,Feature,다사54ba19ab,Polygon,"[[[126.98680096670006, 37.27105089668109], [126.98678567084623, 37.27330430975004], [126.98960542736813, 37.27331650055864], [126.98962063919079, 37.27106308650106], [126.98680096670006, 37.27105089668109]]]",0
수원시,Feature,다사54ba19ba,Polygon,"[[[126.98678567084623, 37.27330430975004], [126.98677037329008, 37.27555772195372], [126.98959021385252, 37.275569913751056], [126.98960542736813, 37.27331650055864], [126.98678567084623, 37.27330430975004]]]",0
수원시,Feature,다사54ba19bb,Polygon,"[[[126.98677037329008, 37.27555772195372], [126.98675507403141, 37.27781113329214], [126.98957499864372, 37.27782332607824], [126.98959021385252, 37.275569913751056], [126.98677037329008, 37.27555772195372]]]",0
수원시,Feature,다사54ba20aa,Polygon,"[[[126.98675507403141, 37.27781113329214], [126.98673977307, 37.28006454376527], [126.98955978174156, 37.2800767375402], [126.98957499864372, 37.27782332607824], [126.98675507403141, 37.27781113329214]]]",10
수원시,Feature,다사54ba20ab,Polygon,"[[[126.98673977307, 37.28006454376527], [126.98672447040568, 37.28231795337309], [126.98954456314586, 37.2823301481369], [126.98955978174156, 37.2800767375402], [126.98673977307, 37.28006454376527]]]",0
수원시,Feature,다사54ba20ba,Polygon,"[[[126.98672447040568, 37.28231795337309], [126.98670916603824, 37.28457136211559], [126.98952934285634, 37.28458355786834], [126.98954456314586, 37.2823301481369], [126.98672447040568, 37.28231795337309]]]",0
수원시,Feature,다사54ba20bb,Polygon,"[[[126.98670916603824, 37.28457136211559], [126.98669385996747, 37.28682476999275], [126.98951412087288, 37.28683696673449], [126.98952934285634, 37.28458355786834], [126.98670916603824, 37.28457136211559]]]",6
수원시,Feature,다사54ba21aa,Polygon,"[[[126.98669385996747, 37.28682476999275], [126.98667855219318, 37.28907817700453], [126.98949889719528, 37.28909037473532], [126.98951412087288, 37.28683696673449], [126.98669385996747, 37.28682476999275]]]",4
수원시,Feature,다사54ba21ab,Polygon,"[[[126.98667855219318, 37.28907817700453], [126.9866632427152, 37.29133158315092], [126.98948367182331, 37.29134378187085], [126.98949889719528, 37.28909037473532], [126.98667855219318, 37.28907817700453]]]",1
수원시,Feature,다사54ba21ba,Polygon,"[[[126.9866632427152, 37.29133158315092], [126.98664793153328, 37.29358498843192], [126.98946844475678, 37.29359718814102], [126.98948367182331, 37.29134378187085], [126.9866632427152, 37.29133158315092]]]",8
수원시,Feature,다사54ba21bb,Polygon,"[[[126.98664793153328, 37.29358498843192], [126.98663261864725, 37.295838392847486], [126.9894532159955, 37.295850593545815], [126.98946844475678, 37.29359718814102], [126.98664793153328, 37.29358498843192]]]",4
수원시,Feature,다사54ba22aa,Polygon,"[[[126.98663261864725, 37.295838392847486], [126.9866173040569, 37.29809179639761], [126.98943798553924, 37.29810399808524], [126.9894532159955, 37.295850593545815], [126.98663261864725, 37.295838392847486]]]",3
수원시,Feature,다사54ba22ab,Polygon,"[[[126.9866173040569, 37.29809179639761], [126.98660198776203, 37.30034519908228], [126.98942275338786, 37.30035740175925], [126.98943798553924, 37.29810399808524], [126.9866173040569, 37.29809179639761]]]",1
수원시,Feature,다사54ba22ba,Polygon,"[[[126.98660198776203, 37.30034519908228], [126.98658666976245, 37.302598600901476], [126.98940751954112, 37.30261080456786], [126.98942275338786, 37.30035740175925], [126.98660198776203, 37.30034519908228]]]",1
수원시,Feature,다사54ba22bb,Polygon,"[[[126.98658666976245, 37.302598600901476], [126.98657135005797, 37.30485200185517], [126.98939228399882, 37.30486420651101], [126.98940751954112, 37.30261080456786], [126.98658666976245, 37.302598600901476]]]",0
수원시,Feature,다사54ba23aa,Polygon,"[[[126.98657135005797, 37.30485200185517], [126.98655602864837, 37.30710540194335], [126.9893770467608, 37.30711760758872], [126.98939228399882, 37.30486420651101], [126.98657135005797, 37.30485200185517]]]",0
수원시,Feature,다사54ba23ab,Polygon,"[[[126.98655602864837, 37.30710540194335], [126.98654070553346, 37.309358801165985], [126.98936180782682, 37.309371007800934], [126.9893770467608, 37.30711760758872], [126.98655602864837, 37.30710540194335]]]",5
수원시,Feature,다사54ba23ba,Polygon,"[[[126.98654070553346, 37.309358801165985], [126.98652538071302, 37.311612199523076], [126.98934656719669, 37.31162440714767], [126.98936180782682, 37.309371007800934], [126.98654070553346, 37.309358801165985]]]",4
수원시,Feature,다사54ba23bb,Polygon,"[[[126.98652538071302, 37.311612199523076], [126.98651005418688, 37.31386559701459], [126.98933132487024, 37.31387780562887], [126.98934656719669, 37.31162440714767], [126.98652538071302, 37.311612199523076]]]",0
수원시,Feature,다사54ba24aa,Polygon,"[[[126.98651005418688, 37.31386559701459], [126.98649472595483, 37.31611899364051], [126.98931608084723, 37.31613120324456], [126.98933132487024, 37.31387780562887], [126.98651005418688, 37.31386559701459]]]",0
수원시,Feature,다사54ba24ab,Polygon,"[[[126.98649472595483, 37.31611899364051], [126.98647939601668, 37.318372389400814], [126.98930083512748, 37.318384599994666], [126.98931608084723, 37.31613120324456], [126.98649472595483, 37.31611899364051]]]",0
수원시,Feature,다사54ba24ba,Polygon,"[[[126.98647939601668, 37.318372389400814], [126.98646406437219, 37.32062578429549], [126.9892855877108, 37.32063799587922], [126.98930083512748, 37.318384599994666], [126.98647939601668, 37.318372389400814]]]",2
수원시,Feature,다사54ba24bb,Polygon,"[[[126.98646406437219, 37.32062578429549], [126.98644873102123, 37.322879178324506], [126.989270338597, 37.32289139089817], [126.9892855877108, 37.32063799587922], [126.98646406437219, 37.32062578429549]]]",1
수원시,Feature,다사54ba25aa,Polygon,"[[[126.98644873102123, 37.322879178324506], [126.98643339596354, 37.32513257148787], [126.98925508778585, 37.32514478505153], [126.989270338597, 37.32289139089817], [126.98644873102123, 37.322879178324506]]]",2
수원시,Feature,다사54ba25ab,Polygon,"[[[126.98643339596354, 37.32513257148787], [126.98641805919893, 37.32738596378554], [126.98923983527715, 37.32739817833924], [126.98925508778585, 37.32514478505153], [126.98643339596354, 37.32513257148787]]]",1
수원시,Feature,다사54ba25ba,Polygon,"[[[126.98641805919893, 37.32738596378554], [126.98640272072721, 37.3296393552175], [126.98922458107074, 37.32965157076131], [126.98923983527715, 37.32739817833924], [126.98641805919893, 37.32738596378554]]]",0
수원시,Feature,다사54ba25bb,Polygon,"[[[126.98640272072721, 37.3296393552175], [126.98638738054821, 37.33189274578375], [126.98920932516641, 37.33190496231771], [126.98922458107074, 37.32965157076131], [126.98640272072721, 37.3296393552175]]]",0
수원시,Feature,다사54bb14bb,Polygon,"[[[126.98989416272535, 37.230501485537985], [126.98987898134243, 37.23275491516581], [126.99269722842213, 37.23276702112609], [126.99271232594182, 37.230513590516104], [126.98989416272535, 37.230501485537985]]]",0
수원시,Feature,다사54bb15aa,Polygon,"[[[126.98987898134243, 37.23275491516581], [126.9898637982701, 37.23500834392878], [126.99268212922239, 37.23502045087128], [126.99269722842213, 37.23276702112609], [126.98987898134243, 37.23275491516581]]]",0
수원시,Feature,다사54bb15ab,Polygon,"[[[126.9898637982701, 37.23500834392878], [126.98984861350813, 37.23726177182688], [126.99266702834232, 37.23727387975166], [126.99268212922239, 37.23502045087128], [126.9898637982701, 37.23500834392878]]]",0
수원시,Feature,다사54bb15ba,Polygon,"[[[126.98984861350813, 37.23726177182688], [126.98983342705637, 37.2395151988601], [126.9926519257818, 37.239527307767226], [126.99266702834232, 37.23727387975166], [126.98984861350813, 37.23726177182688]]]",0
수원시,Feature,다사54bb15bb,Polygon,"[[[126.98983342705637, 37.2395151988601], [126.9898182389146, 37.24176862502839], [126.99263682154061, 37.241780734917924], [126.9926519257818, 37.239527307767226], [126.98983342705637, 37.2395151988601]]]",0
수원시,Feature,다사54bb16aa,Polygon,"[[[126.9898182389146, 37.24176862502839], [126.98980304908262, 37.244022050331765], [126.99262171561854, 37.24403416120375], [126.99263682154061, 37.241780734917924], [126.9898182389146, 37.24176862502839]]]",0
수원시,Feature,다사54bb16ab,Polygon,"[[[126.98980304908262, 37.244022050331765], [126.98978785756022, 37.246275474770194], [126.99260660801541, 37.24628758662469], [126.99262171561854, 37.24403416120375], [126.98980304908262, 37.244022050331765]]]",1
수원시,Feature,다사54bb16ba,Polygon,"[[[126.98978785756022, 37.246275474770194], [126.98977266434724, 37.248528898343665], [126.992591498731, 37.248541011180734], [126.99260660801541, 37.24628758662469], [126.98978785756022, 37.246275474770194]]]",1
수원시,Feature,다사54bb16bb,Polygon,"[[[126.98977266434724, 37.248528898343665], [126.98975746944345, 37.25078232105215], [126.99257638776513, 37.25079443487184], [126.992591498731, 37.248541011180734], [126.98977266434724, 37.248528898343665]]]",1
수원시,Feature,다사54bb17aa,Polygon,"[[[126.98975746944345, 37.25078232105215], [126.98974227284866, 37.25303574289563], [126.99256127511761, 37.25304785769801], [126.99257638776513, 37.25079443487184], [126.98975746944345, 37.25078232105215]]]",1
수원시,Feature,다사54bb17ab,Polygon,"[[[126.98974227284866, 37.25303574289563], [126.9897270745627, 37.25528916387408], [126.99254616078824, 37.25530127965922], [126.99256127511761, 37.25304785769801], [126.98974227284866, 37.25303574289563]]]",0
수원시,Feature,다사54bb17ba,Polygon,"[[[126.9897270745627, 37.25528916387408], [126.98971187458531, 37.257542583987494], [126.99253104477684, 37.257554700755435], [126.99254616078824, 37.25530127965922], [126.9897270745627, 37.25528916387408]]]",1
수원시,Feature,다사54bb17bb,Polygon,"[[[126.98971187458531, 37.257542583987494], [126.98969667291635, 37.25979600323585], [126.99251592708318, 37.25980812098664], [126.99253104477684, 37.257554700755435], [126.98971187458531, 37.257542583987494]]]",7
수원시,Feature,다사54bb18aa,Polygon,"[[[126.98969667291635, 37.25979600323585], [126.98968146955559, 37.262049421619125], [126.99250080770706, 37.26206154035283], [126.99251592708318, 37.25980812098664], [126.98969667291635, 37.25979600323585]]]",2
수원시,Feature,다사54bb18ab,Polygon,"[[[126.98968146955559, 37.262049421619125], [126.98966626450286, 37.2643028391373], [126.99248568664831, 37.26431495885399], [126.99250080770706, 37.26206154035283], [126.98968146955559, 37.262049421619125]]]",3
수원시,Feature,다사54bb18ba,Polygon,"[[[126.98966626450286, 37.2643028391373], [126.98965105775794, 37.26655625579036], [126.99247056390674, 37.26656837649009], [126.99248568664831, 37.26431495885399], [126.98966626450286, 37.2643028391373]]]",2
수원시,Feature,다사54bb18bb,Polygon,"[[[126.98965105775794, 37.26655625579036], [126.98963584932066, 37.26880967157829], [126.99245543948213, 37.2688217932611], [126.99247056390674, 37.26656837649009], [126.98965105775794, 37.26655625579036]]]",3
수원시,Feature,다사54bb19aa,Polygon,"[[[126.98963584932066, 37.26880967157829], [126.98962063919079, 37.27106308650106], [126.99244031337429, 37.27107520916701], [126.99245543948213, 37.2688217932611], [126.98963584932066, 37.26880967157829]]]",0
수원시,Feature,다사54bb19ab,Polygon,"[[[126.98962063919079, 37.27106308650106], [126.98960542736813, 37.27331650055864], [126.99242518558302, 37.27332862420781], [126.99244031337429, 37.27107520916701], [126.98962063919079, 37.27106308650106]]]",2
수원시,Feature,다사54bb19ba,Polygon,"[[[126.98960542736813, 37.27331650055864], [126.98959021385252, 37.275569913751056], [126.99241005610814, 37.27558203838348], [126.99242518558302, 37.27332862420781], [126.98960542736813, 37.27331650055864]]]",0
수원시,Feature,다사54bb19bb,Polygon,"[[[126.98959021385252, 37.275569913751056], [126.98957499864372, 37.27782332607824], [126.99239492494944, 37.27783545169399], [126.99241005610814, 37.27558203838348], [126.98959021385252, 37.275569913751056]]]",0
수원시,Feature,다사54bb20aa,Polygon,"[[[126.98957499864372, 37.27782332607824], [126.98955978174156, 37.2800767375402], [126.99237979210672, 37.280088864139316], [126.99239492494944, 37.27783545169399], [126.98957499864372, 37.27782332607824]]]",0
수원시,Feature,다사54bb20ab,Polygon,"[[[126.98955978174156, 37.2800767375402], [126.98954456314586, 37.2823301481369], [126.99236465757978, 37.28234227571947], [126.99237979210672, 37.280088864139316], [126.98955978174156, 37.2800767375402]]]",2
수원시,Feature,다사54bb20ba,Polygon,"[[[126.98954456314586, 37.2823301481369], [126.98952934285634, 37.28458355786834], [126.99234952136842, 37.2845956864344], [126.99236465757978, 37.28234227571947], [126.98954456314586, 37.2823301481369]]]",1
수원시,Feature,다사54bb20bb,Polygon,"[[[126.98952934285634, 37.28458355786834], [126.98951412087288, 37.28683696673449], [126.99233438347248, 37.28684909628411], [126.99234952136842, 37.2845956864344], [126.98952934285634, 37.28458355786834]]]",6
수원시,Feature,다사54bb21aa,Polygon,"[[[126.98951412087288, 37.28683696673449], [126.98949889719528, 37.28909037473532], [126.99231924389173, 37.28910250526855], [126.99233438347248, 37.28684909628411], [126.98951412087288, 37.28683696673449]]]",0
수원시,Feature,다사54bb21ab,Polygon,"[[[126.98949889719528, 37.28909037473532], [126.98948367182331, 37.29134378187085], [126.99230410262598, 37.29135591338773], [126.99231924389173, 37.28910250526855], [126.98949889719528, 37.28909037473532]]]",1
수원시,Feature,다사54bb21ba,Polygon,"[[[126.98948367182331, 37.29134378187085], [126.98946844475678, 37.29359718814102], [126.99228895967502, 37.293609320641636], [126.99230410262598, 37.29135591338773], [126.98948367182331, 37.29134378187085]]]",6
수원시,Feature,다사54bb21bb,Polygon,"[[[126.98946844475678, 37.29359718814102], [126.9894532159955, 37.295850593545815], [126.99227381503869, 37.29586272703022], [126.99228895967502, 37.293609320641636], [126.98946844475678, 37.29359718814102]]]",9
수원시,Feature,다사54bb22aa,Polygon,"[[[126.9894532159955, 37.295850593545815], [126.98943798553924, 37.29810399808524], [126.99225866871674, 37.29811613255349], [126.99227381503869, 37.29586272703022], [126.9894532159955, 37.295850593545815]]]",0
수원시,Feature,다사54bb22ab,Polygon,"[[[126.98943798553924, 37.29810399808524], [126.98942275338786, 37.30035740175925], [126.99224352070904, 37.300369537211395], [126.99225866871674, 37.29811613255349], [126.98943798553924, 37.29810399808524]]]",8
수원시,Feature,다사54bb22ba,Polygon,"[[[126.98942275338786, 37.30035740175925], [126.98940751954112, 37.30261080456786], [126.99222837101534, 37.30262294100396], [126.99224352070904, 37.300369537211395], [126.98942275338786, 37.30035740175925]]]",5
수원시,Feature,다사54bb22bb,Polygon,"[[[126.98940751954112, 37.30261080456786], [126.98939228399882, 37.30486420651101], [126.99221321963546, 37.304876343931134], [126.99222837101534, 37.30262294100396], [126.98940751954112, 37.30261080456786]]]",0
수원시,Feature,다사54bb23aa,Polygon,"[[[126.98939228399882, 37.30486420651101], [126.9893770467608, 37.30711760758872], [126.99219806656916, 37.30712974599291], [126.99221321963546, 37.304876343931134], [126.98939228399882, 37.30486420651101]]]",4
수원시,Feature,다사54bb23ab,Polygon,"[[[126.9893770467608, 37.30711760758872], [126.98936180782682, 37.309371007800934], [126.99218291181634, 37.30938314718925], [126.99219806656916, 37.30712974599291], [126.9893770467608, 37.30711760758872]]]",8
수원시,Feature,다사54bb23ba,Polygon,"[[[126.98936180782682, 37.309371007800934], [126.98934656719669, 37.31162440714767], [126.99216775537671, 37.311636547520166], [126.99218291181634, 37.30938314718925], [126.98936180782682, 37.309371007800934]]]",5
수원시,Feature,다사54bb23bb,Polygon,"[[[126.98934656719669, 37.31162440714767], [126.98933132487024, 37.31387780562887], [126.99215259725013, 37.313889946985626], [126.99216775537671, 37.311636547520166], [126.98934656719669, 37.31162440714767]]]",0
수원시,Feature,다사54bb24aa,Polygon,"[[[126.98933132487024, 37.31387780562887], [126.98931608084723, 37.31613120324456], [126.99213743743636, 37.31614334558561], [126.99215259725013, 37.313889946985626], [126.98933132487024, 37.31387780562887]]]",0
수원시,Feature,다사54bb24ab,Polygon,"[[[126.98931608084723, 37.31613120324456], [126.98930083512748, 37.318384599994666], [126.99212227593524, 37.318396743320086], [126.99213743743636, 37.31614334558561], [126.98931608084723, 37.31613120324456]]]",0
수원시,Feature,다사54bb24ba,Polygon,"[[[126.98930083512748, 37.318384599994666], [126.9892855877108, 37.32063799587922], [126.99210711274654, 37.32065014018905], [126.99212227593524, 37.318396743320086], [126.98930083512748, 37.318384599994666]]]",0
수원시,Feature,다사54bb24bb,Polygon,"[[[126.9892855877108, 37.32063799587922], [126.989270338597, 37.32289139089817], [126.9920919478701, 37.32290353619249], [126.99210711274654, 37.32065014018905], [126.9892855877108, 37.32063799587922]]]",0
수원시,Feature,다사54bb25aa,Polygon,"[[[126.989270338597, 37.32289139089817], [126.98925508778585, 37.32514478505153], [126.99207678130568, 37.32515693133037], [126.9920919478701, 37.32290353619249], [126.989270338597, 37.32289139089817]]]",0
수원시,Feature,다사54bb25ab,Polygon,"[[[126.98925508778585, 37.32514478505153], [126.98923983527715, 37.32739817833924], [126.99206161305311, 37.327410325602685], [126.99207678130568, 37.32515693133037], [126.98925508778585, 37.32514478505153]]]",0
수원시,Feature,다사54bb25ba,Polygon,"[[[126.98923983527715, 37.32739817833924], [126.98922458107074, 37.32965157076131], [126.99204644311219, 37.3296637190094], [126.99206161305311, 37.327410325602685], [126.98923983527715, 37.32739817833924]]]",0
수원시,Feature,다사54bb25bb,Polygon,"[[[126.98922458107074, 37.32965157076131], [126.98920932516641, 37.33190496231771], [126.99203127148274, 37.33191711155051], [126.99204644311219, 37.3296637190094], [126.98922458107074, 37.32965157076131]]]",0
수원시,Feature,다사54bb26aa,Polygon,"[[[126.98920932516641, 37.33190496231771], [126.98919406756391, 37.33415835300844], [126.99201609816451, 37.334170503226], [126.99203127148274, 37.33191711155051], [126.98920932516641, 37.33190496231771]]]",0
수원시,Feature,다사55aa14ba,Polygon,"[[[126.99272742178161, 37.22826015904134], [126.99271232594182, 37.230513590516104], [126.99553049083816, 37.230525628438066], [126.99554550282384, 37.228272195986634], [126.99272742178161, 37.22826015904134]]]",0
수원시,Feature,다사55aa14bb,Polygon,"[[[126.99271232594182, 37.230513590516104], [126.99269722842213, 37.23276702112609], [126.99551547718191, 37.23277906002477], [126.99553049083816, 37.230525628438066], [126.99271232594182, 37.230513590516104]]]",0
수원시,Feature,다사55aa15aa,Polygon,"[[[126.99269722842213, 37.23276702112609], [126.99268212922239, 37.23502045087128], [126.99550046185495, 37.235032490746754], [126.99551547718191, 37.23277906002477], [126.99269722842213, 37.23276702112609]]]",0
수원시,Feature,다사55aa15ab,Polygon,"[[[126.99268212922239, 37.23502045087128], [126.99266702834232, 37.23727387975166], [126.99548544485701, 37.23728592060399], [126.99550046185495, 37.235032490746754], [126.99268212922239, 37.23502045087128]]]",0
수원시,Feature,다사55aa15ba,Polygon,"[[[126.99266702834232, 37.23727387975166], [126.9926519257818, 37.239527307767226], [126.99547042618791, 37.23953934959644], [126.99548544485701, 37.23728592060399], [126.99266702834232, 37.23727387975166]]]",0
수원시,Feature,다사55aa15bb,Polygon,"[[[126.9926519257818, 37.239527307767226], [126.99263682154061, 37.241780734917924], [126.99545540584748, 37.241792777724086], [126.99547042618791, 37.23953934959644], [126.9926519257818, 37.239527307767226]]]",0
수원시,Feature,다사55aa16aa,Polygon,"[[[126.99263682154061, 37.241780734917924], [126.99262171561854, 37.24403416120375], [126.99544038383551, 37.24404620498693], [126.99545540584748, 37.241792777724086], [126.99263682154061, 37.241780734917924]]]",0
수원시,Feature,다사55aa16ab,Polygon,"[[[126.99262171561854, 37.24403416120375], [126.99260660801541, 37.24628758662469], [126.99542536015183, 37.24629963138495], [126.99544038383551, 37.24404620498693], [126.99262171561854, 37.24403416120375]]]",0
수원시,Feature,다사55aa16ba,Polygon,"[[[126.99260660801541, 37.24628758662469], [126.992591498731, 37.248541011180734], [126.9954103347962, 37.24855305691812], [126.99542536015183, 37.24629963138495], [126.99260660801541, 37.24628758662469]]]",0
수원시,Feature,다사55aa16bb,Polygon,"[[[126.992591498731, 37.248541011180734], [126.99257638776513, 37.25079443487184], [126.99539530776849, 37.25080648158642], [126.9954103347962, 37.24855305691812], [126.992591498731, 37.248541011180734]]]",0
수원시,Feature,다사55aa17aa,Polygon,"[[[126.99257638776513, 37.25079443487184], [126.99256127511761, 37.25304785769801], [126.99538027906843, 37.253059905389826], [126.99539530776849, 37.25080648158642], [126.99257638776513, 37.25079443487184]]]",2
수원시,Feature,다사55aa17ab,Polygon,"[[[126.99256127511761, 37.25304785769801], [126.99254616078824, 37.25530127965922], [126.99536524869588, 37.25531332832833], [126.99538027906843, 37.253059905389826], [126.99256127511761, 37.25304785769801]]]",3
수원시,Feature,다사55aa17ba,Polygon,"[[[126.99254616078824, 37.25530127965922], [126.99253104477684, 37.257554700755435], [126.9953502166506, 37.25756675040191], [126.99536524869588, 37.25531332832833], [126.99254616078824, 37.25530127965922]]]",4
수원시,Feature,다사55aa17bb,Polygon,"[[[126.99253104477684, 37.257554700755435], [126.99251592708318, 37.25980812098664], [126.99533518293242, 37.259820171610535], [126.9953502166506, 37.25756675040191], [126.99253104477684, 37.257554700755435]]]",4
수원시,Feature,다사55aa18aa,Polygon,"[[[126.99251592708318, 37.25980812098664], [126.99250080770706, 37.26206154035283], [126.99532014754115, 37.26207359195421], [126.99533518293242, 37.259820171610535], [126.99251592708318, 37.25980812098664]]]",4
수원시,Feature,다사55aa18ab,Polygon,"[[[126.99250080770706, 37.26206154035283], [126.99248568664831, 37.26431495885399], [126.9953051104766, 37.26432701143289], [126.99532014754115, 37.26207359195421], [126.99250080770706, 37.26206154035283]]]",4
수원시,Feature,다사55aa18ba,Polygon,"[[[126.99248568664831, 37.26431495885399], [126.99247056390674, 37.26656837649009], [126.99529007173855, 37.266580430046574], [126.9953051104766, 37.26432701143289], [126.99248568664831, 37.26431495885399]]]",8
수원시,Feature,다사55aa18bb,Polygon,"[[[126.99247056390674, 37.26656837649009], [126.99245543948213, 37.2688217932611], [126.99527503132681, 37.26883384779523], [126.99529007173855, 37.266580430046574], [126.99247056390674, 37.26656837649009]]]",1
수원시,Feature,다사55aa19aa,Polygon,"[[[126.99245543948213, 37.2688217932611], [126.99244031337429, 37.27107520916701], [126.9952599892412, 37.27108726467884], [126.99527503132681, 37.26883384779523], [126.99245543948213, 37.2688217932611]]]",2
수원시,Feature,다사55aa19ab,Polygon,"[[[126.99244031337429, 37.27107520916701], [126.99242518558302, 37.27332862420781], [126.99524494548152, 37.27334068069741], [126.9952599892412, 37.27108726467884], [126.99244031337429, 37.27107520916701]]]",0
수원시,Feature,다사55aa19ba,Polygon,"[[[126.99242518558302, 37.27332862420781], [126.99241005610814, 37.27558203838348], [126.99522990004756, 37.275594095850884], [126.99524494548152, 37.27334068069741], [126.99242518558302, 37.27332862420781]]]",0
수원시,Feature,다사55aa19bb,Polygon,"[[[126.99241005610814, 37.27558203838348], [126.99239492494944, 37.27783545169399], [126.99521485293914, 37.27784751013927], [126.99522990004756, 37.275594095850884], [126.99241005610814, 37.27558203838348]]]",1
수원시,Feature,다사55aa20aa,Polygon,"[[[126.99239492494944, 37.27783545169399], [126.99237979210672, 37.280088864139316], [126.99519980415606, 37.280100923562536], [126.99521485293914, 37.27784751013927], [126.99239492494944, 37.27783545169399]]]",4
수원시,Feature,다사55aa20ab,Polygon,"[[[126.99237979210672, 37.280088864139316], [126.99236465757978, 37.28234227571947], [126.99518475369811, 37.282354336120676], [126.99519980415606, 37.280100923562536], [126.99237979210672, 37.280088864139316]]]",5
수원시,Feature,다사55aa20ba,Polygon,"[[[126.99236465757978, 37.28234227571947], [126.99234952136842, 37.2845956864344], [126.99516970156512, 37.284607747813645], [126.99518475369811, 37.282354336120676], [126.99236465757978, 37.28234227571947]]]",5
수원시,Feature,다사55aa20bb,Polygon,"[[[126.99234952136842, 37.2845956864344], [126.99233438347248, 37.28684909628411], [126.99515464775686, 37.28686115864146], [126.99516970156512, 37.284607747813645], [126.99234952136842, 37.2845956864344]]]",1
수원시,Feature,다사55aa21aa,Polygon,"[[[126.99233438347248, 37.28684909628411], [126.99231924389173, 37.28910250526855], [126.99513959227318, 37.28911456860407], [126.99515464775686, 37.28686115864146], [126.99233438347248, 37.28684909628411]]]",0
수원시,Feature,다사55aa21ab,Polygon,"[[[126.99231924389173, 37.28910250526855], [126.99230410262598, 37.29135591338773], [126.99512453511385, 37.291367977701476], [126.99513959227318, 37.28911456860407], [126.99231924389173, 37.28910250526855]]]",1
수원시,Feature,다사55aa21ba,Polygon,"[[[126.99230410262598, 37.29135591338773], [126.99228895967502, 37.293609320641636], [126.99510947627869, 37.29362138593364], [126.99512453511385, 37.291367977701476], [126.99230410262598, 37.29135591338773]]]",1
수원시,Feature,다사55aa21bb,Polygon,"[[[126.99228895967502, 37.293609320641636], [126.99227381503869, 37.29586272703022], [126.99509441576748, 37.29587479330056], [126.99510947627869, 37.29362138593364], [126.99228895967502, 37.293609320641636]]]",7
수원시,Feature,다사55aa22aa,Polygon,"[[[126.99227381503869, 37.29586272703022], [126.99225866871674, 37.29811613255349], [126.99507935358005, 37.298128199802214], [126.99509441576748, 37.29587479330056], [126.99227381503869, 37.29586272703022]]]",5
수원시,Feature,다사55aa22ab,Polygon,"[[[126.99225866871674, 37.29811613255349], [126.99224352070904, 37.300369537211395], [126.99506428971621, 37.30038160543858], [126.99507935358005, 37.298128199802214], [126.99225866871674, 37.29811613255349]]]",4
수원시,Feature,다사55aa22ba,Polygon,"[[[126.99224352070904, 37.300369537211395], [126.99222837101534, 37.30262294100396], [126.99504922417573, 37.30263501020965], [126.99506428971621, 37.30038160543858], [126.99224352070904, 37.300369537211395]]]",3
수원시,Feature,다사55aa22bb,Polygon,"[[[126.99222837101534, 37.30262294100396], [126.99221321963546, 37.304876343931134], [126.99503415695844, 37.30488841411539], [126.99504922417573, 37.30263501020965], [126.99222837101534, 37.30262294100396]]]",2
수원시,Feature,다사55aa23aa,Polygon,"[[[126.99221321963546, 37.304876343931134], [126.99219806656916, 37.30712974599291], [126.99501908806413, 37.30714181715579], [126.99503415695844, 37.30488841411539], [126.99221321963546, 37.304876343931134]]]",8
수원시,Feature,다사55aa23ab,Polygon,"[[[126.99219806656916, 37.30712974599291], [126.99218291181634, 37.30938314718925], [126.99500401749262, 37.30939521933082], [126.99501908806413, 37.30714181715579], [126.99219806656916, 37.30712974599291]]]",5
수원시,Feature,다사55aa23ba,Polygon,"[[[126.99218291181634, 37.30938314718925], [126.99216775537671, 37.311636547520166], [126.99498894524369, 37.31164862064046], [126.99500401749262, 37.30939521933082], [126.99218291181634, 37.30938314718925]]]",5
수원시,Feature,다사55aa23bb,Polygon,"[[[126.99216775537671, 37.311636547520166], [126.99215259725013, 37.313889946985626], [126.99497387131719, 37.313902021084715], [126.99498894524369, 37.31164862064046], [126.99216775537671, 37.311636547520166]]]",0
수원시,Feature,다사55aa24aa,Polygon,"[[[126.99215259725013, 37.313889946985626], [126.99213743743636, 37.31614334558561], [126.99495879571285, 37.31615542066355], [126.99497387131719, 37.313902021084715], [126.99215259725013, 37.313889946985626]]]",0
수원시,Feature,다사55aa24ab,Polygon,"[[[126.99213743743636, 37.31614334558561], [126.99212227593524, 37.318396743320086], [126.99494371843055, 37.318408819376934], [126.99495879571285, 37.31615542066355], [126.99213743743636, 37.31614334558561]]]",0
수원시,Feature,다사55aa24ba,Polygon,"[[[126.99212227593524, 37.318396743320086], [126.99210711274654, 37.32065014018905], [126.99492863947005, 37.32066221722487], [126.99494371843055, 37.318408819376934], [126.99212227593524, 37.318396743320086]]]",0
수원시,Feature,다사55aa24bb,Polygon,"[[[126.99210711274654, 37.32065014018905], [126.9920919478701, 37.32290353619249], [126.99491355883117, 37.322915614207325], [126.99492863947005, 37.32066221722487], [126.99210711274654, 37.32065014018905]]]",0
수원시,Feature,다사55aa25aa,Polygon,"[[[126.9920919478701, 37.32290353619249], [126.99207678130568, 37.32515693133037], [126.99489847651367, 37.32516901032429], [126.99491355883117, 37.322915614207325], [126.9920919478701, 37.32290353619249]]]",0
수원시,Feature,다사55aa25ab,Polygon,"[[[126.99207678130568, 37.32515693133037], [126.99206161305311, 37.327410325602685], [126.99488339251742, 37.327422405575746], [126.99489847651367, 37.32516901032429], [126.99207678130568, 37.32515693133037]]]",0
수원시,Feature,다사55aa25ba,Polygon,"[[[126.99206161305311, 37.327410325602685], [126.99204644311219, 37.3296637190094], [126.9948683068422, 37.32967579996167], [126.99488339251742, 37.327422405575746], [126.99206161305311, 37.327410325602685]]]",0
수원시,Feature,다사55aa25bb,Polygon,"[[[126.99204644311219, 37.3296637190094], [126.99203127148274, 37.33191711155051], [126.99485321948781, 37.33192919348203], [126.9948683068422, 37.32967579996167], [126.99204644311219, 37.3296637190094]]]",0
수원시,Feature,다사55aa26aa,Polygon,"[[[126.99203127148274, 37.33191711155051], [126.99201609816451, 37.334170503226], [126.99483813045403, 37.33418258613683], [126.99485321948781, 37.33192919348203], [126.99203127148274, 37.33191711155051]]]",0
수원시,Feature,다사55aa26ab,Polygon,"[[[126.99201609816451, 37.334170503226], [126.99200092315735, 37.33642389403584], [126.9948230397407, 37.33643597792604], [126.99483813045403, 37.33418258613683], [126.99201609816451, 37.334170503226]]]",0
수원시,Feature,다사55ab14aa,Polygon,"[[[126.99557552178429, 37.223765328489684], [126.99556051313915, 37.22601876267049], [126.99837851200677, 37.226030731593774], [126.99839343681629, 37.223777296441845], [126.99557552178429, 37.223765328489684]]]",0
수원시,Feature,다사55ab14ab,Polygon,"[[[126.99556051313915, 37.22601876267049], [126.99554550282384, 37.228272195986634], [126.99836358553645, 37.22828416588107], [126.99837851200677, 37.226030731593774], [126.99556051313915, 37.22601876267049]]]",0
수원시,Feature,다사55ab14ba,Polygon,"[[[126.99554550282384, 37.228272195986634], [126.99553049083816, 37.230525628438066], [126.99834865740507, 37.230537599303744], [126.99836358553645, 37.22828416588107], [126.99554550282384, 37.228272195986634]]]",0
수원시,Feature,다사55ab14bb,Polygon,"[[[126.99553049083816, 37.230525628438066], [126.99551547718191, 37.23277906002477], [126.99833372761248, 37.23279103186174], [126.99834865740507, 37.230537599303744], [126.99553049083816, 37.230525628438066]]]",0
수원시,Feature,다사55ab15aa,Polygon,"[[[126.99551547718191, 37.23277906002477], [126.99550046185495, 37.235032490746754], [126.99831879615844, 37.23504446355507], [126.99833372761248, 37.23279103186174], [126.99551547718191, 37.23277906002477]]]",0
수원시,Feature,다사55ab15ab,Polygon,"[[[126.99550046185495, 37.235032490746754], [126.99548544485701, 37.23728592060399], [126.99830386304279, 37.2372978943837], [126.99831879615844, 37.23504446355507], [126.99550046185495, 37.235032490746754]]]",0
수원시,Feature,다사55ab15ba,Polygon,"[[[126.99548544485701, 37.23728592060399], [126.99547042618791, 37.23953934959644], [126.99828892826535, 37.2395513243476], [126.99830386304279, 37.2372978943837], [126.99548544485701, 37.23728592060399]]]",0
수원시,Feature,다사55ab15bb,Polygon,"[[[126.99547042618791, 37.23953934959644], [126.99545540584748, 37.241792777724086], [126.99827399182591, 37.24180475344679], [126.99828892826535, 37.2395513243476], [126.99547042618791, 37.23953934959644]]]",0
수원시,Feature,다사55ab16aa,Polygon,"[[[126.99545540584748, 37.241792777724086], [126.99544038383551, 37.24404620498693], [126.99825905372425, 37.2440581816812], [126.99827399182591, 37.24180475344679], [126.99545540584748, 37.241792777724086]]]",0
수원시,Feature,다사55ab16ab,Polygon,"[[[126.99544038383551, 37.24404620498693], [126.99542536015183, 37.24629963138495], [126.99824411396018, 37.24631160905084], [126.99825905372425, 37.2440581816812], [126.99544038383551, 37.24404620498693]]]",0
수원시,Feature,다사55ab16ba,Polygon,"[[[126.99542536015183, 37.24629963138495], [126.9954103347962, 37.24855305691812], [126.99822917253354, 37.24856503555571], [126.99824411396018, 37.24631160905084], [126.99542536015183, 37.24629963138495]]]",0
수원시,Feature,다사55ab16bb,Polygon,"[[[126.9954103347962, 37.24855305691812], [126.99539530776849, 37.25080648158642], [126.99821422944414, 37.25081846119574], [126.99822917253354, 37.24856503555571], [126.9954103347962, 37.24855305691812]]]",0
수원시,Feature,다사55ab17aa,Polygon,"[[[126.99539530776849, 37.25080648158642], [126.99538027906843, 37.253059905389826], [126.99819928469175, 37.25307188597095], [126.99821422944414, 37.25081846119574], [126.99539530776849, 37.25080648158642]]]",0
수원시,Feature,다사55ab17ab,Polygon,"[[[126.99538027906843, 37.253059905389826], [126.99536524869588, 37.25531332832833], [126.99818433827619, 37.255325309881314], [126.99819928469175, 37.25307188597095], [126.99538027906843, 37.253059905389826]]]",1
수원시,Feature,다사55ab17ba,Polygon,"[[[126.99536524869588, 37.25531332832833], [126.9953502166506, 37.25756675040191], [126.99816939019726, 37.2575787329268], [126.99818433827619, 37.255325309881314], [126.99536524869588, 37.25531332832833]]]",1
수원시,Feature,다사55ab17bb,Polygon,"[[[126.9953502166506, 37.25756675040191], [126.99533518293242, 37.259820171610535], [126.99815444045478, 37.2598321551074], [126.99816939019726, 37.2575787329268], [126.9953502166506, 37.25756675040191]]]",3
수원시,Feature,다사55ab18aa,Polygon,"[[[126.99533518293242, 37.259820171610535], [126.99532014754115, 37.26207359195421], [126.99813948904855, 37.26208557642309], [126.99815444045478, 37.2598321551074], [126.99533518293242, 37.259820171610535]]]",7
수원시,Feature,다사55ab18ab,Polygon,"[[[126.99532014754115, 37.26207359195421], [126.9953051104766, 37.26432701143289], [126.99812453597838, 37.26433899687386], [126.99813948904855, 37.26208557642309], [126.99532014754115, 37.26207359195421]]]",3
수원시,Feature,다사55ab18ba,Polygon,"[[[126.9953051104766, 37.26432701143289], [126.99529007173855, 37.266580430046574], [126.99810958124405, 37.26659241645969], [126.99812453597838, 37.26433899687386], [126.9953051104766, 37.26432701143289]]]",2
수원시,Feature,다사55ab18bb,Polygon,"[[[126.99529007173855, 37.266580430046574], [126.99527503132681, 37.26883384779523], [126.9980946248454, 37.26884583518055], [126.99810958124405, 37.26659241645969], [126.99529007173855, 37.266580430046574]]]",6
수원시,Feature,다사55ab19aa,Polygon,"[[[126.99527503132681, 37.26883384779523], [126.9952599892412, 37.27108726467884], [126.99807966678219, 37.27109925303642], [126.9980946248454, 37.26884583518055], [126.99527503132681, 37.26883384779523]]]",0
수원시,Feature,다사55ab19ab,Polygon,"[[[126.9952599892412, 37.27108726467884], [126.99524494548152, 37.27334068069741], [126.9980647070543, 37.27335267002729], [126.99807966678219, 37.27109925303642], [126.9952599892412, 37.27108726467884]]]",2
수원시,Feature,다사55ab19ba,Polygon,"[[[126.99524494548152, 37.27334068069741], [126.99522990004756, 37.275594095850884], [126.99804974566146, 37.27560608615315], [126.9980647070543, 37.27335267002729], [126.99524494548152, 37.27334068069741]]]",0
수원시,Feature,다사55ab19bb,Polygon,"[[[126.99522990004756, 37.275594095850884], [126.99521485293914, 37.27784751013927], [126.99803478260353, 37.277859501413964], [126.99804974566146, 37.27560608615315], [126.99522990004756, 37.275594095850884]]]",5
수원시,Feature,다사55ab20aa,Polygon,"[[[126.99521485293914, 37.27784751013927], [126.99519980415606, 37.280100923562536], [126.99801981788026, 37.28011291580971], [126.99803478260353, 37.277859501413964], [126.99521485293914, 37.27784751013927]]]",8
수원시,Feature,다사55ab20ab,Polygon,"[[[126.99519980415606, 37.280100923562536], [126.99518475369811, 37.282354336120676], [126.99800485149149, 37.28236632934039], [126.99801981788026, 37.28011291580971], [126.99519980415606, 37.280100923562536]]]",6
수원시,Feature,다사55ab20ba,Polygon,"[[[126.99518475369811, 37.282354336120676], [126.99516970156512, 37.284607747813645], [126.99798988343706, 37.284619742005965], [126.99800485149149, 37.28236632934039], [126.99518475369811, 37.282354336120676]]]",4
수원시,Feature,다사55ab20bb,Polygon,"[[[126.99516970156512, 37.284607747813645], [126.99515464775686, 37.28686115864146], [126.99797491371672, 37.28687315380643], [126.99798988343706, 37.284619742005965], [126.99516970156512, 37.284607747813645]]]",4
수원시,Feature,다사55ab21aa,Polygon,"[[[126.99515464775686, 37.28686115864146], [126.99513959227318, 37.28911456860407], [126.99795994233027, 37.28912656474176], [126.99797491371672, 37.28687315380643], [126.99515464775686, 37.28686115864146]]]",1
수원시,Feature,다사55ab21ab,Polygon,"[[[126.99513959227318, 37.28911456860407], [126.99512453511385, 37.291367977701476], [126.99794496927755, 37.29137997481193], [126.99795994233027, 37.28912656474176], [126.99513959227318, 37.28911456860407]]]",0
수원시,Feature,다사55ab21ba,Polygon,"[[[126.99512453511385, 37.291367977701476], [126.99510947627869, 37.29362138593364], [126.99792999455838, 37.29363338401693], [126.99794496927755, 37.29137997481193], [126.99512453511385, 37.291367977701476]]]",3
수원시,Feature,다사55ab21bb,Polygon,"[[[126.99510947627869, 37.29362138593364], [126.99509441576748, 37.29587479330056], [126.9979150181725, 37.295886792356725], [126.99792999455838, 37.29363338401693], [126.99510947627869, 37.29362138593364]]]",3
수원시,Feature,다사55ab22aa,Polygon,"[[[126.99509441576748, 37.29587479330056], [126.99507935358005, 37.298128199802214], [126.99790004011977, 37.29814019983133], [126.9979150181725, 37.295886792356725], [126.99509441576748, 37.29587479330056]]]",3
수원시,Feature,다사55ab22ab,Polygon,"[[[126.99507935358005, 37.298128199802214], [126.99506428971621, 37.30038160543858], [126.99788506039998, 37.30039360644069], [126.99790004011977, 37.29814019983133], [126.99507935358005, 37.298128199802214]]]",7
수원시,Feature,다사55ab22ba,Polygon,"[[[126.99506428971621, 37.30038160543858], [126.99504922417573, 37.30263501020965], [126.99787007901293, 37.30264701218481], [126.99788506039998, 37.30039360644069], [126.99506428971621, 37.30038160543858]]]",3
수원시,Feature,다사55ab22bb,Polygon,"[[[126.99504922417573, 37.30263501020965], [126.99503415695844, 37.30488841411539], [126.99785509595843, 37.30490041706367], [126.99787007901293, 37.30264701218481], [126.99504922417573, 37.30263501020965]]]",4
수원시,Feature,다사55ab23aa,Polygon,"[[[126.99503415695844, 37.30488841411539], [126.99501908806413, 37.30714181715579], [126.99784011123629, 37.307153821077236], [126.99785509595843, 37.30490041706367], [126.99503415695844, 37.30488841411539]]]",6
수원시,Feature,다사55ab23ab,Polygon,"[[[126.99501908806413, 37.30714181715579], [126.99500401749262, 37.30939521933082], [126.9978251248463, 37.30940722422549], [126.99784011123629, 37.307153821077236], [126.99501908806413, 37.30714181715579]]]",5
수원시,Feature,다사55ab23ba,Polygon,"[[[126.99500401749262, 37.30939521933082], [126.99498894524369, 37.31164862064046], [126.99781013678829, 37.31166062650843], [126.9978251248463, 37.30940722422549], [126.99500401749262, 37.30939521933082]]]",6
수원시,Feature,다사55ab23bb,Polygon,"[[[126.99498894524369, 37.31164862064046], [126.99497387131719, 37.313902021084715], [126.99779514706202, 37.31391402792602], [126.99781013678829, 37.31166062650843], [126.99498894524369, 37.31164862064046]]]",2
수원시,Feature,다사55ab24aa,Polygon,"[[[126.99497387131719, 37.313902021084715], [126.99495879571285, 37.31615542066355], [126.99778015566736, 37.31616742847825], [126.99779514706202, 37.31391402792602], [126.99497387131719, 37.313902021084715]]]",0
수원시,Feature,다사55ab24ab,Polygon,"[[[126.99495879571285, 37.31615542066355], [126.99494371843055, 37.318408819376934], [126.99776516260405, 37.318420828165095], [126.99778015566736, 37.31616742847825], [126.99495879571285, 37.31615542066355]]]",0
수원시,Feature,다사55ab24ba,Polygon,"[[[126.99494371843055, 37.318408819376934], [126.99492863947005, 37.32066221722487], [126.99775016787194, 37.32067422698655], [126.99776516260405, 37.318420828165095], [126.99494371843055, 37.318408819376934]]]",0
수원시,Feature,다사55ab24bb,Polygon,"[[[126.99492863947005, 37.32066221722487], [126.99491355883117, 37.322915614207325], [126.9977351714708, 37.322927624942565], [126.99775016787194, 37.32067422698655], [126.99492863947005, 37.32066221722487]]]",0
수원시,Feature,다사55ab25aa,Polygon,"[[[126.99491355883117, 37.322915614207325], [126.99489847651367, 37.32516901032429], [126.99772017340047, 37.32518102203318], [126.9977351714708, 37.322927624942565], [126.99491355883117, 37.322915614207325]]]",0
수원시,Feature,다사55ab25ab,Polygon,"[[[126.99489847651367, 37.32516901032429], [126.99488339251742, 37.327422405575746], [126.99770517366072, 37.3274344182583], [126.99772017340047, 37.32518102203318], [126.99489847651367, 37.32516901032429]]]",0
수원시,Feature,다사55ab25ba,Polygon,"[[[126.99488339251742, 37.327422405575746], [126.9948683068422, 37.32967579996167], [126.99769017225138, 37.329687813617966], [126.99770517366072, 37.3274344182583], [126.99488339251742, 37.327422405575746]]]",0
수원시,Feature,다사55ab25bb,Polygon,"[[[126.9948683068422, 37.32967579996167], [126.99485321948781, 37.33192919348203], [126.99767516917224, 37.33194120811213], [126.99769017225138, 37.329687813617966], [126.9948683068422, 37.32967579996167]]]",0
수원시,Feature,다사55ab26aa,Polygon,"[[[126.99485321948781, 37.33192919348203], [126.99483813045403, 37.33418258613683], [126.99766016442312, 37.33419460174078], [126.99767516917224, 37.33194120811213], [126.99485321948781, 37.33192919348203]]]",0
수원시,Feature,다사55ab26ab,Polygon,"[[[126.99483813045403, 37.33418258613683], [126.9948230397407, 37.33643597792604], [126.99764515800382, 37.33644799450391], [126.99766016442312, 37.33419460174078], [126.99483813045403, 37.33418258613683]]]",0
수원시,Feature,다사55ab26ba,Polygon,"[[[126.9948230397407, 37.33643597792604], [126.9948079473476, 37.338689368849636], [126.99763014991413, 37.33870138640148], [126.99764515800382, 37.33644799450391], [126.9948230397407, 37.33643597792604]]]",0
수원시,Feature,다사55ba14aa,Polygon,"[[[126.99839343681629, 37.223777296441845], [126.99837851200677, 37.226030731593774], [127.00119651253526, 37.22604263347153], [127.00121135350891, 37.22378919735392], [126.99839343681629, 37.223777296441845]]]",0
수원시,Feature,다사55ba14ab,Polygon,"[[[126.99837851200677, 37.226030731593774], [126.99836358553645, 37.22828416588107], [127.00118166991008, 37.228296068724575], [127.00119651253526, 37.22604263347153], [126.99837851200677, 37.226030731593774]]]",0
수원시,Feature,다사55ba14ba,Polygon,"[[[126.99836358553645, 37.22828416588107], [126.99834865740507, 37.230537599303744], [127.0011668256332, 37.230549503113025], [127.00118166991008, 37.228296068724575], [126.99836358553645, 37.22828416588107]]]",0
수원시,Feature,다사55ba14bb,Polygon,"[[[126.99834865740507, 37.230537599303744], [126.99833372761248, 37.23279103186174], [127.00115197970443, 37.23280293663687], [127.0011668256332, 37.230549503113025], [126.99834865740507, 37.230537599303744]]]",0
수원시,Feature,다사55ba15aa,Polygon,"[[[126.99833372761248, 37.23279103186174], [126.99831879615844, 37.23504446355507], [127.00113713212357, 37.2350563692961], [127.00115197970443, 37.23280293663687], [126.99833372761248, 37.23279103186174]]]",0
수원시,Feature,다사55ba15ab,Polygon,"[[[126.99831879615844, 37.23504446355507], [126.99830386304279, 37.2372978943837], [127.0011222828904, 37.23730980109069], [127.00113713212357, 37.2350563692961], [126.99831879615844, 37.23504446355507]]]",0
수원시,Feature,다사55ba15ba,Polygon,"[[[126.99830386304279, 37.2372978943837], [126.99828892826535, 37.2395513243476], [127.0011074320048, 37.23956323202063], [127.0011222828904, 37.23730980109069], [126.99830386304279, 37.2372978943837]]]",0
수원시,Feature,다사55ba15bb,Polygon,"[[[126.99828892826535, 37.2395513243476], [126.99827399182591, 37.24180475344679], [127.00109257946652, 37.24181666208587], [127.0011074320048, 37.23956323202063], [126.99828892826535, 37.2395513243476]]]",0
수원시,Feature,다사55ba16aa,Polygon,"[[[126.99827399182591, 37.24180475344679], [126.99825905372425, 37.2440581816812], [127.00107772527534, 37.244070091286424], [127.00109257946652, 37.24181666208587], [126.99827399182591, 37.24180475344679]]]",0
수원시,Feature,다사55ba16ab,Polygon,"[[[126.99825905372425, 37.2440581816812], [126.99824411396018, 37.24631160905084], [127.00106286943115, 37.24632351962226], [127.00107772527534, 37.244070091286424], [126.99825905372425, 37.2440581816812]]]",0
수원시,Feature,다사55ba16ba,Polygon,"[[[126.99824411396018, 37.24631160905084], [126.99822917253354, 37.24856503555571], [127.00104801193368, 37.24857694709335], [127.00106286943115, 37.24632351962226], [126.99824411396018, 37.24631160905084]]]",0
수원시,Feature,다사55ba16bb,Polygon,"[[[126.99822917253354, 37.24856503555571], [126.99821422944414, 37.25081846119574], [127.00103315278278, 37.250830373699685], [127.00104801193368, 37.24857694709335], [126.99822917253354, 37.24856503555571]]]",0
수원시,Feature,다사55ba17aa,Polygon,"[[[126.99821422944414, 37.25081846119574], [126.99819928469175, 37.25307188597095], [127.00101829197824, 37.25308379944126], [127.00103315278278, 37.250830373699685], [126.99821422944414, 37.25081846119574]]]",0
수원시,Feature,다사55ba17ab,Polygon,"[[[126.99819928469175, 37.25307188597095], [126.99818433827619, 37.255325309881314], [127.00100342951987, 37.25533722431803], [127.00101829197824, 37.25308379944126], [126.99819928469175, 37.25307188597095]]]",1
수원시,Feature,다사55ba17ba,Polygon,"[[[126.99818433827619, 37.255325309881314], [126.99816939019726, 37.2575787329268], [127.00098856540748, 37.25759064832999], [127.00100342951987, 37.25533722431803], [126.99818433827619, 37.255325309881314]]]",0
수원시,Feature,다사55ba17bb,Polygon,"[[[126.99816939019726, 37.2575787329268], [126.99815444045478, 37.2598321551074], [127.00097369964091, 37.25984407147711], [127.00098856540748, 37.25759064832999], [126.99816939019726, 37.2575787329268]]]",2
수원시,Feature,다사55ba18aa,Polygon,"[[[126.99815444045478, 37.2598321551074], [126.99813948904855, 37.26208557642309], [127.00095883221988, 37.26209749375939], [127.00097369964091, 37.25984407147711], [126.99815444045478, 37.2598321551074]]]",1
수원시,Feature,다사55ba18ab,Polygon,"[[[126.99813948904855, 37.26208557642309], [126.99812453597838, 37.26433899687386], [127.00094396314427, 37.264350915176806], [127.00095883221988, 37.26209749375939], [126.99813948904855, 37.26208557642309]]]",3
수원시,Feature,다사55ba18ba,Polygon,"[[[126.99812453597838, 37.26433899687386], [126.99810958124405, 37.26659241645969], [127.00092909241388, 37.26660433572933], [127.00094396314427, 37.264350915176806], [126.99812453597838, 37.26433899687386]]]",3
수원시,Feature,다사55ba18bb,Polygon,"[[[126.99810958124405, 37.26659241645969], [126.9980946248454, 37.26884583518055], [127.00091422002849, 37.26885775541693], [127.00092909241388, 37.26660433572933], [126.99810958124405, 37.26659241645969]]]",4
수원시,Feature,다사55ba19aa,Polygon,"[[[126.9980946248454, 37.26884583518055], [126.99807966678219, 37.27109925303642], [127.00089934598792, 37.27111117423962], [127.00091422002849, 37.26885775541693], [126.9980946248454, 37.26884583518055]]]",2
수원시,Feature,다사55ba19ab,Polygon,"[[[126.99807966678219, 37.27109925303642], [126.9980647070543, 37.27335267002729], [127.00088447029198, 37.27336459219737], [127.00089934598792, 37.27111117423962], [126.99807966678219, 37.27109925303642]]]",0
수원시,Feature,다사55ba19ba,Polygon,"[[[126.9980647070543, 37.27335267002729], [126.99804974566146, 37.27560608615315], [127.00086959294046, 37.275618009290135], [127.00088447029198, 37.27336459219737], [126.9980647070543, 37.27335267002729]]]",0
수원시,Feature,다사55ba19bb,Polygon,"[[[126.99804974566146, 37.27560608615315], [126.99803478260353, 37.277859501413964], [127.0008547139332, 37.27787142551792], [127.00086959294046, 37.275618009290135], [126.99804974566146, 37.27560608615315]]]",2
수원시,Feature,다사55ba20aa,Polygon,"[[[126.99803478260353, 37.277859501413964], [126.99801981788026, 37.28011291580971], [127.00083983326998, 37.28012484088071], [127.0008547139332, 37.27787142551792], [126.99803478260353, 37.277859501413964]]]",8
수원시,Feature,다사55ba20ab,Polygon,"[[[126.99801981788026, 37.28011291580971], [126.99800485149149, 37.28236632934039], [127.0008249509506, 37.28237825537849], [127.00083983326998, 37.28012484088071], [126.99801981788026, 37.28011291580971]]]",7
수원시,Feature,다사55ba20ba,Polygon,"[[[126.99800485149149, 37.28236632934039], [126.99798988343706, 37.284619742005965], [127.00081006697488, 37.28463166901122], [127.0008249509506, 37.28237825537849], [126.99800485149149, 37.28236632934039]]]",0
수원시,Feature,다사55ba20bb,Polygon,"[[[126.99798988343706, 37.284619742005965], [126.99797491371672, 37.28687315380643], [127.00079518134264, 37.28688508177889], [127.00081006697488, 37.28463166901122], [126.99798988343706, 37.284619742005965]]]",4
수원시,Feature,다사55ba21aa,Polygon,"[[[126.99797491371672, 37.28687315380643], [126.99795994233027, 37.28912656474176], [127.00078029405364, 37.28913849368148], [127.00079518134264, 37.28688508177889], [126.99797491371672, 37.28687315380643]]]",6
수원시,Feature,다사55ba21ab,Polygon,"[[[126.99795994233027, 37.28912656474176], [126.99794496927755, 37.29137997481193], [127.00076540510774, 37.29139190471897], [127.00078029405364, 37.28913849368148], [126.99795994233027, 37.28912656474176]]]",5
수원시,Feature,다사55ba21ba,Polygon,"[[[126.99794496927755, 37.29137997481193], [126.99792999455838, 37.29363338401693], [127.00075051450472, 37.29364531489136], [127.00076540510774, 37.29139190471897], [126.99794496927755, 37.29137997481193]]]",5
수원시,Feature,다사55ba21bb,Polygon,"[[[126.99792999455838, 37.29363338401693], [126.9979150181725, 37.295886792356725], [127.00073562224439, 37.295898724198594], [127.00075051450472, 37.29364531489136], [126.99792999455838, 37.29363338401693]]]",4
수원시,Feature,다사55ba22aa,Polygon,"[[[126.9979150181725, 37.295886792356725], [126.99790004011977, 37.29814019983133], [127.00072072832656, 37.29815213264068], [127.00073562224439, 37.295898724198594], [126.9979150181725, 37.295886792356725]]]",1
수원시,Feature,다사55ba22ab,Polygon,"[[[126.99790004011977, 37.29814019983133], [126.99788506039998, 37.30039360644069], [127.00070583275102, 37.3004055402176], [127.00072072832656, 37.29815213264068], [126.99790004011977, 37.29814019983133]]]",2
수원시,Feature,다사55ba22ba,Polygon,"[[[126.99788506039998, 37.30039360644069], [126.99787007901293, 37.30264701218481], [127.00069093551761, 37.30265894692932], [127.00070583275102, 37.3004055402176], [126.99788506039998, 37.30039360644069]]]",2
수원시,Feature,다사55ba22bb,Polygon,"[[[126.99787007901293, 37.30264701218481], [126.99785509595843, 37.30490041706367], [127.00067603662609, 37.30491235277584], [127.00069093551761, 37.30265894692932], [126.99787007901293, 37.30264701218481]]]",7
수원시,Feature,다사55ba23aa,Polygon,"[[[126.99785509595843, 37.30490041706367], [126.99784011123629, 37.307153821077236], [127.0006611360763, 37.30716575775712], [127.00067603662609, 37.30491235277584], [126.99785509595843, 37.30490041706367]]]",6
수원시,Feature,다사55ba23ab,Polygon,"[[[126.99784011123629, 37.307153821077236], [126.9978251248463, 37.30940722422549], [127.00064623386804, 37.30941916187316], [127.0006611360763, 37.30716575775712], [126.99784011123629, 37.307153821077236]]]",3
수원시,Feature,다사55ba23ba,Polygon,"[[[126.9978251248463, 37.30940722422549], [126.99781013678829, 37.31166062650843], [127.00063133000111, 37.31167256512393], [127.00064623386804, 37.30941916187316], [126.9978251248463, 37.30940722422549]]]",3
수원시,Feature,다사55ba23bb,Polygon,"[[[126.99781013678829, 37.31166062650843], [126.99779514706202, 37.31391402792602], [127.00061642447531, 37.313925967509405], [127.00063133000111, 37.31167256512393], [126.99781013678829, 37.31166062650843]]]",1
수원시,Feature,다사55ba24aa,Polygon,"[[[126.99779514706202, 37.31391402792602], [126.99778015566736, 37.31616742847825], [127.00060151729048, 37.3161793690296], [127.00061642447531, 37.313925967509405], [126.99779514706202, 37.31391402792602]]]",1
수원시,Feature,다사55ba24ab,Polygon,"[[[126.99778015566736, 37.31616742847825], [126.99776516260405, 37.318420828165095], [127.00058660844638, 37.31843276968444], [127.00060151729048, 37.3161793690296], [126.99778015566736, 37.31616742847825]]]",0
수원시,Feature,다사55ba24ba,Polygon,"[[[126.99776516260405, 37.318420828165095], [126.99775016787194, 37.32067422698655], [127.00057169794283, 37.32068616947395], [127.00058660844638, 37.31843276968444], [126.99776516260405, 37.318420828165095]]]",0
수원시,Feature,다사55ba24bb,Polygon,"[[[126.99775016787194, 37.32067422698655], [126.9977351714708, 37.322927624942565], [127.00055678577965, 37.32293956839809], [127.00057169794283, 37.32068616947395], [126.99775016787194, 37.32067422698655]]]",0
수원시,Feature,다사55ba25aa,Polygon,"[[[126.9977351714708, 37.322927624942565], [126.99772017340047, 37.32518102203318], [127.00054187195664, 37.32519296645687], [127.00055678577965, 37.32293956839809], [126.9977351714708, 37.322927624942565]]]",0
수원시,Feature,다사55ba25ab,Polygon,"[[[126.99772017340047, 37.32518102203318], [126.99770517366072, 37.3274344182583], [127.0005269564736, 37.32744636365023], [127.00054187195664, 37.32519296645687], [126.99772017340047, 37.32518102203318]]]",0
수원시,Feature,다사55ba25ba,Polygon,"[[[126.99770517366072, 37.3274344182583], [126.99769017225138, 37.329687813617966], [127.00051203933036, 37.329699759978176], [127.0005269564736, 37.32744636365023], [126.99770517366072, 37.3274344182583]]]",0
수원시,Feature,다사55ba25bb,Polygon,"[[[126.99769017225138, 37.329687813617966], [126.99767516917224, 37.33194120811213], [127.00049712052667, 37.331953155440694], [127.00051203933036, 37.329699759978176], [126.99769017225138, 37.329687813617966]]]",0
수원시,Feature,다사55ba26aa,Polygon,"[[[126.99767516917224, 37.33194120811213], [126.99766016442312, 37.33419460174078], [127.0004822000624, 37.334206550037756], [127.00049712052667, 37.331953155440694], [126.99767516917224, 37.33194120811213]]]",0
수원시,Feature,다사55ba26ab,Polygon,"[[[126.99766016442312, 37.33419460174078], [126.99764515800382, 37.33644799450391], [127.0004672779373, 37.336459943769334], [127.0004822000624, 37.334206550037756], [126.99766016442312, 37.33419460174078]]]",0
수원시,Feature,다사55ba26ba,Polygon,"[[[126.99764515800382, 37.33644799450391], [126.99763014991413, 37.33870138640148], [127.00045235415122, 37.338713336635415], [127.0004672779373, 37.336459943769334], [126.99764515800382, 37.33644799450391]]]",0
수원시,Feature,다사55bb14ab,Polygon,"[[[127.00119651253526, 37.22604263347153], [127.00118166991008, 37.228296068724575], [127.00399975593544, 37.22830790451698], [127.00401451471522, 37.22605446830366], [127.00119651253526, 37.22604263347153]]]",0
수원시,Feature,다사55bb14ba,Polygon,"[[[127.00118166991008, 37.228296068724575], [127.0011668256332, 37.230549503113025], [127.00398499551325, 37.23056133986579], [127.00399975593544, 37.22830790451698], [127.00118166991008, 37.228296068724575]]]",0
수원시,Feature,다사55bb14bb,Polygon,"[[[127.0011668256332, 37.230549503113025], [127.00115197970443, 37.23280293663687], [127.0039702334485, 37.23281477435004], [127.00398499551325, 37.23056133986579], [127.0011668256332, 37.230549503113025]]]",0
수원시,Feature,다사55bb15aa,Polygon,"[[[127.00115197970443, 37.23280293663687], [127.00113713212357, 37.2350563692961], [127.00395546974099, 37.23506820796973], [127.0039702334485, 37.23281477435004], [127.00115197970443, 37.23280293663687]]]",0
수원시,Feature,다사55bb15ab,Polygon,"[[[127.00113713212357, 37.2350563692961], [127.0011222828904, 37.23730980109069], [127.00394070439052, 37.23732164072484], [127.00395546974099, 37.23506820796973], [127.00113713212357, 37.2350563692961]]]",0
수원시,Feature,다사55bb15ba,Polygon,"[[[127.0011222828904, 37.23730980109069], [127.0011074320048, 37.23956323202063], [127.00392593739693, 37.239575072615345], [127.00394070439052, 37.23732164072484], [127.0011222828904, 37.23730980109069]]]",0
수원시,Feature,다사55bb15bb,Polygon,"[[[127.0011074320048, 37.23956323202063], [127.00109257946652, 37.24181666208587], [127.00391116875998, 37.24182850364122], [127.00392593739693, 37.239575072615345], [127.0011074320048, 37.23956323202063]]]",0
수원시,Feature,다사55bb16aa,Polygon,"[[[127.00109257946652, 37.24181666208587], [127.00107772527534, 37.244070091286424], [127.00389639847951, 37.24408193380246], [127.00391116875998, 37.24182850364122], [127.00109257946652, 37.24181666208587]]]",0
수원시,Feature,다사55bb16ab,Polygon,"[[[127.00107772527534, 37.244070091286424], [127.00106286943115, 37.24632351962226], [127.00388162655534, 37.246335363099035], [127.00389639847951, 37.24408193380246], [127.00107772527534, 37.244070091286424]]]",0
수원시,Feature,다사55bb16ba,Polygon,"[[[127.00106286943115, 37.24632351962226], [127.00104801193368, 37.24857694709335], [127.00386685298724, 37.24858879153093], [127.00388162655534, 37.246335363099035], [127.00106286943115, 37.24632351962226]]]",0
수원시,Feature,다사55bb16bb,Polygon,"[[[127.00104801193368, 37.24857694709335], [127.00103315278278, 37.250830373699685], [127.00385207777505, 37.250842219098125], [127.00386685298724, 37.24858879153093], [127.00104801193368, 37.24857694709335]]]",0
수원시,Feature,다사55bb17aa,Polygon,"[[[127.00103315278278, 37.250830373699685], [127.00101829197824, 37.25308379944126], [127.00383730091856, 37.253095645800606], [127.00385207777505, 37.250842219098125], [127.00103315278278, 37.250830373699685]]]",0
수원시,Feature,다사55bb17ab,Polygon,"[[[127.00101829197824, 37.25308379944126], [127.00100342951987, 37.25533722431803], [127.0038225224176, 37.255349071638356], [127.00383730091856, 37.253095645800606], [127.00101829197824, 37.25308379944126]]]",1
수원시,Feature,다사55bb17ba,Polygon,"[[[127.00100342951987, 37.25533722431803], [127.00098856540748, 37.25759064832999], [127.00380774227193, 37.25760249661134], [127.0038225224176, 37.255349071638356], [127.00100342951987, 37.25533722431803]]]",0
수원시,Feature,다사55bb17bb,Polygon,"[[[127.00098856540748, 37.25759064832999], [127.00097369964091, 37.25984407147711], [127.0037929604814, 37.259855920719545], [127.00380774227193, 37.25760249661134], [127.00098856540748, 37.25759064832999]]]",1
수원시,Feature,다사55bb18aa,Polygon,"[[[127.00097369964091, 37.25984407147711], [127.00095883221988, 37.26209749375939], [127.00377817704582, 37.262109343962976], [127.0037929604814, 37.259855920719545], [127.00097369964091, 37.25984407147711]]]",0
수원시,Feature,다사55bb18ab,Polygon,"[[[127.00095883221988, 37.26209749375939], [127.00094396314427, 37.264350915176806], [127.00376339196498, 37.264362766341584], [127.00377817704582, 37.262109343962976], [127.00095883221988, 37.26209749375939]]]",12
수원시,Feature,다사55bb18ba,Polygon,"[[[127.00094396314427, 37.264350915176806], [127.00092909241388, 37.26660433572933], [127.00374860523868, 37.266616187855355], [127.00376339196498, 37.264362766341584], [127.00094396314427, 37.264350915176806]]]",6
수원시,Feature,다사55bb18bb,Polygon,"[[[127.00092909241388, 37.26660433572933], [127.00091422002849, 37.26885775541693], [127.00373381686678, 37.26886960850427], [127.00374860523868, 37.266616187855355], [127.00092909241388, 37.26660433572933]]]",10
수원시,Feature,다사55bb19aa,Polygon,"[[[127.00091422002849, 37.26885775541693], [127.00089934598792, 37.27111117423962], [127.00371902684901, 37.271123028288315], [127.00373381686678, 37.26886960850427], [127.00091422002849, 37.26885775541693]]]",10
수원시,Feature,다사55bb19ab,Polygon,"[[[127.00089934598792, 37.27111117423962], [127.00088447029198, 37.27336459219737], [127.00370423518523, 37.27337644720748], [127.00371902684901, 37.271123028288315], [127.00089934598792, 37.27111117423962]]]",7
수원시,Feature,다사55bb19ba,Polygon,"[[[127.00088447029198, 37.27336459219737], [127.00086959294046, 37.275618009290135], [127.00368944187525, 37.27562986526173], [127.00370423518523, 37.27337644720748], [127.00088447029198, 37.27336459219737]]]",3
수원시,Feature,다사55bb19bb,Polygon,"[[[127.00086959294046, 37.275618009290135], [127.0008547139332, 37.27787142551792], [127.00367464691882, 37.27788328245106], [127.00368944187525, 37.27562986526173], [127.00086959294046, 37.275618009290135]]]",2
수원시,Feature,다사55bb20aa,Polygon,"[[[127.0008547139332, 37.27787142551792], [127.00083983326998, 37.28012484088071], [127.00365985031583, 37.28013669877544], [127.00367464691882, 37.27788328245106], [127.0008547139332, 37.27787142551792]]]",10
수원시,Feature,다사55bb20ab,Polygon,"[[[127.00083983326998, 37.28012484088071], [127.0008249509506, 37.28237825537849], [127.00364505206603, 37.28239011423486], [127.00365985031583, 37.28013669877544], [127.00083983326998, 37.28012484088071]]]",6
수원시,Feature,다사55bb20ba,Polygon,"[[[127.0008249509506, 37.28237825537849], [127.00081006697488, 37.28463166901122], [127.00363025216924, 37.28464352882929], [127.00364505206603, 37.28239011423486], [127.0008249509506, 37.28237825537849]]]",1
수원시,Feature,다사55bb20bb,Polygon,"[[[127.00081006697488, 37.28463166901122], [127.00079518134264, 37.28688508177889], [127.00361545062528, 37.28689694255872], [127.00363025216924, 37.28464352882929], [127.00081006697488, 37.28463166901122]]]",0
수원시,Feature,다사55bb21aa,Polygon,"[[[127.00079518134264, 37.28688508177889], [127.00078029405364, 37.28913849368148], [127.00360064743394, 37.28915035542312], [127.00361545062528, 37.28689694255872], [127.00079518134264, 37.28688508177889]]]",5
수원시,Feature,다사55bb21ab,Polygon,"[[[127.00078029405364, 37.28913849368148], [127.00076540510774, 37.29139190471897], [127.00358584259503, 37.291403767422494], [127.00360064743394, 37.28915035542312], [127.00078029405364, 37.28913849368148]]]",5
수원시,Feature,다사55bb21ba,Polygon,"[[[127.00076540510774, 37.29139190471897], [127.00075051450472, 37.29364531489136], [127.0035710361084, 37.2936571785568], [127.00358584259503, 37.291403767422494], [127.00076540510774, 37.29139190471897]]]",4
수원시,Feature,다사55bb21bb,Polygon,"[[[127.00075051450472, 37.29364531489136], [127.00073562224439, 37.295898724198594], [127.00355622797379, 37.29591058882603], [127.0035710361084, 37.2936571785568], [127.00075051450472, 37.29364531489136]]]",8
수원시,Feature,다사55bb22aa,Polygon,"[[[127.00073562224439, 37.295898724198594], [127.00072072832656, 37.29815213264068], [127.00354141819103, 37.29816399823015], [127.00355622797379, 37.29591058882603], [127.00073562224439, 37.295898724198594]]]",7
수원시,Feature,다사55bb22ab,Polygon,"[[[127.00072072832656, 37.29815213264068], [127.00070583275102, 37.3004055402176], [127.00352660675995, 37.30041740676917], [127.00354141819103, 37.29816399823015], [127.00072072832656, 37.29815213264068]]]",2
수원시,Feature,다사55bb22ba,Polygon,"[[[127.00070583275102, 37.3004055402176], [127.00069093551761, 37.30265894692932], [127.00351179368035, 37.302670814443054], [127.00352660675995, 37.30041740676917], [127.00070583275102, 37.3004055402176]]]",5
수원시,Feature,다사55bb22bb,Polygon,"[[[127.00069093551761, 37.30265894692932], [127.00067603662609, 37.30491235277584], [127.00349697895203, 37.304924221251774], [127.00351179368035, 37.302670814443054], [127.00069093551761, 37.30265894692932]]]",9
수원시,Feature,다사55bb23aa,Polygon,"[[[127.00067603662609, 37.30491235277584], [127.0006611360763, 37.30716575775712], [127.00348216257478, 37.30717762719534], [127.00349697895203, 37.304924221251774], [127.00067603662609, 37.30491235277584]]]",7
수원시,Feature,다사55bb23ab,Polygon,"[[[127.0006611360763, 37.30716575775712], [127.00064623386804, 37.30941916187316], [127.00346734454843, 37.3094310322737], [127.00348216257478, 37.30717762719534], [127.0006611360763, 37.30716575775712]]]",9
수원시,Feature,다사55bb23ba,Polygon,"[[[127.00064623386804, 37.30941916187316], [127.00063133000111, 37.31167256512393], [127.00345252487278, 37.31168443648684], [127.00346734454843, 37.3094310322737], [127.00064623386804, 37.30941916187316]]]",3
수원시,Feature,다사55bb23bb,Polygon,"[[[127.00063133000111, 37.31167256512393], [127.00061642447531, 37.313925967509405], [127.00343770354765, 37.31393783983477], [127.00345252487278, 37.31168443648684], [127.00063133000111, 37.31167256512393]]]",0
수원시,Feature,다사55bb24aa,Polygon,"[[[127.00061642447531, 37.313925967509405], [127.00060151729048, 37.3161793690296], [127.00342288057283, 37.316191242317444], [127.00343770354765, 37.31393783983477], [127.00061642447531, 37.313925967509405]]]",1
수원시,Feature,다사55bb24ab,Polygon,"[[[127.00060151729048, 37.3161793690296], [127.00058660844638, 37.31843276968444], [127.00340805594814, 37.31844464393484], [127.00342288057283, 37.316191242317444], [127.00060151729048, 37.3161793690296]]]",0
수원시,Feature,다사55bb24ba,Polygon,"[[[127.00058660844638, 37.31843276968444], [127.00057169794283, 37.32068616947395], [127.00339322967336, 37.32069804468696], [127.00340805594814, 37.31844464393484], [127.00058660844638, 37.31843276968444]]]",0
수원시,Feature,다사55bb24bb,Polygon,"[[[127.00057169794283, 37.32068616947395], [127.00055678577965, 37.32293956839809], [127.00337840174834, 37.32295144457377], [127.00339322967336, 37.32069804468696], [127.00057169794283, 37.32068616947395]]]",0
수원시,Feature,다사55bb25aa,Polygon,"[[[127.00055678577965, 37.32293956839809], [127.00054187195664, 37.32519296645687], [127.00336357217286, 37.32520484359526], [127.00337840174834, 37.32295144457377], [127.00055678577965, 37.32293956839809]]]",0
수원시,Feature,다사55bb25ab,Polygon,"[[[127.00054187195664, 37.32519296645687], [127.0005269564736, 37.32744636365023], [127.00334874094672, 37.3274582417514], [127.00336357217286, 37.32520484359526], [127.00054187195664, 37.32519296645687]]]",0
수원시,Feature,다사55bb25ba,Polygon,"[[[127.0005269564736, 37.32744636365023], [127.00051203933036, 37.329699759978176], [127.00333390806975, 37.32971163904219], [127.00334874094672, 37.3274582417514], [127.0005269564736, 37.32744636365023]]]",0
수원시,Feature,다사55bb25bb,Polygon,"[[[127.00051203933036, 37.329699759978176], [127.00049712052667, 37.331953155440694], [127.0033190735417, 37.33196503546759], [127.00333390806975, 37.32971163904219], [127.00051203933036, 37.329699759978176]]]",0
수원시,Feature,다사55bb26aa,Polygon,"[[[127.00049712052667, 37.331953155440694], [127.0004822000624, 37.334206550037756], [127.00330423736249, 37.3342184310276], [127.0033190735417, 37.33196503546759], [127.00049712052667, 37.331953155440694]]]",0
수원시,Feature,다사55bb26ab,Polygon,"[[[127.0004822000624, 37.334206550037756], [127.0004672779373, 37.336459943769334], [127.00328939953181, 37.336471825722185], [127.00330423736249, 37.3342184310276], [127.0004822000624, 37.334206550037756]]]",0
수원시,Feature,다사55bb26ba,Polygon,"[[[127.0004672779373, 37.336459943769334], [127.00045235415122, 37.338713336635415], [127.00327456004953, 37.338725219551335], [127.00328939953181, 37.336471825722185], [127.0004672779373, 37.336459943769334]]]",0
수원시,Feature,다사55bb26bb,Polygon,"[[[127.00045235415122, 37.338713336635415], [127.00043742870395, 37.340966728636], [127.00325971891543, 37.34097861251503], [127.00327456004953, 37.338725219551335], [127.00045235415122, 37.338713336635415]]]",0
수원시,Feature,다사56aa14ab,Polygon,"[[[127.00401451471522, 37.22605446830366], [127.00399975593544, 37.22830790451698], [127.00681784360314, 37.228319673258184], [127.0068325185374, 37.22606623609], [127.00401451471522, 37.22605446830366]]]",0
수원시,Feature,다사56aa14ba,Polygon,"[[[127.00399975593544, 37.22830790451698], [127.00398499551325, 37.23056133986579], [127.00680316703586, 37.23057310956191], [127.00681784360314, 37.228319673258184], [127.00399975593544, 37.22830790451698]]]",0
수원시,Feature,다사56aa14bb,Polygon,"[[[127.00398499551325, 37.23056133986579], [127.0039702334485, 37.23281477435004], [127.00678848883531, 37.23282654500112], [127.00680316703586, 37.23057310956191], [127.00398499551325, 37.23056133986579]]]",0
수원시,Feature,다사56aa15aa,Polygon,"[[[127.0039702334485, 37.23281477435004], [127.00395546974099, 37.23506820796973], [127.00677380900133, 37.23507997957583], [127.00678848883531, 37.23282654500112], [127.0039702334485, 37.23281477435004]]]",0
수원시,Feature,다사56aa15ab,Polygon,"[[[127.00395546974099, 37.23506820796973], [127.00394070439052, 37.23732164072484], [127.00675912753375, 37.237333413286024], [127.00677380900133, 37.23507997957583], [127.00395546974099, 37.23506820796973]]]",0
수원시,Feature,다사56aa15ba,Polygon,"[[[127.00394070439052, 37.23732164072484], [127.00392593739693, 37.239575072615345], [127.00674444443239, 37.23958684613166], [127.00675912753375, 37.237333413286024], [127.00394070439052, 37.23732164072484]]]",0
수원시,Feature,다사56aa15bb,Polygon,"[[[127.00392593739693, 37.239575072615345], [127.00391116875998, 37.24182850364122], [127.006729759697, 37.24184027811273], [127.00674444443239, 37.23958684613166], [127.00392593739693, 37.239575072615345]]]",0
수원시,Feature,다사56aa16aa,Polygon,"[[[127.00391116875998, 37.24182850364122], [127.00389639847951, 37.24408193380246], [127.00671507332741, 37.24409370922922], [127.006729759697, 37.24184027811273], [127.00391116875998, 37.24182850364122]]]",0
수원시,Feature,다사56aa16ab,Polygon,"[[[127.00389639847951, 37.24408193380246], [127.00388162655534, 37.246335363099035], [127.00670038532346, 37.24634713948109], [127.00671507332741, 37.24409370922922], [127.00389639847951, 37.24408193380246]]]",0
수원시,Feature,다사56aa16ba,Polygon,"[[[127.00388162655534, 37.246335363099035], [127.00386685298724, 37.24858879153093], [127.00668569568492, 37.248600568868355], [127.00670038532346, 37.24634713948109], [127.00388162655534, 37.246335363099035]]]",0
수원시,Feature,다사56aa16bb,Polygon,"[[[127.00386685298724, 37.24858879153093], [127.00385207777505, 37.250842219098125], [127.00667100441161, 37.25085399739095], [127.00668569568492, 37.248600568868355], [127.00386685298724, 37.24858879153093]]]",0
수원시,Feature,다사56aa17aa,Polygon,"[[[127.00385207777505, 37.250842219098125], [127.00383730091856, 37.253095645800606], [127.00665631150336, 37.25310742504891], [127.00667100441161, 37.25085399739095], [127.00385207777505, 37.250842219098125]]]",2
수원시,Feature,다사56aa17ab,Polygon,"[[[127.00383730091856, 37.253095645800606], [127.0038225224176, 37.255349071638356], [127.00664161695997, 37.25536085184218], [127.00665631150336, 37.25310742504891], [127.00383730091856, 37.253095645800606]]]",3
수원시,Feature,다사56aa17ba,Polygon,"[[[127.0038225224176, 37.255349071638356], [127.00380774227193, 37.25760249661134], [127.00662692078124, 37.25761427777075], [127.00664161695997, 37.25536085184218], [127.0038225224176, 37.255349071638356]]]",2
수원시,Feature,다사56aa17bb,Polygon,"[[[127.00380774227193, 37.25760249661134], [127.0037929604814, 37.259855920719545], [127.00661222296698, 37.2598677028346], [127.00662692078124, 37.25761427777075], [127.00380774227193, 37.25760249661134]]]",5
수원시,Feature,다사56aa18aa,Polygon,"[[[127.0037929604814, 37.259855920719545], [127.00377817704582, 37.262109343962976], [127.00659752351703, 37.262121127033716], [127.00661222296698, 37.2598677028346], [127.0037929604814, 37.259855920719545]]]",5
수원시,Feature,다사56aa18ab,Polygon,"[[[127.00377817704582, 37.262109343962976], [127.00376339196498, 37.264362766341584], [127.00658282243114, 37.26437455036807], [127.00659752351703, 37.262121127033716], [127.00377817704582, 37.262109343962976]]]",9
수원시,Feature,다사56aa18ba,Polygon,"[[[127.00376339196498, 37.264362766341584], [127.00374860523868, 37.266616187855355], [127.00656811970916, 37.26662797283765], [127.00658282243114, 37.26437455036807], [127.00376339196498, 37.264362766341584]]]",7
수원시,Feature,다사56aa18bb,Polygon,"[[[127.00374860523868, 37.266616187855355], [127.00373381686678, 37.26886960850427], [127.0065534153509, 37.268881394442424], [127.00656811970916, 37.26662797283765], [127.00374860523868, 37.266616187855355]]]",9
수원시,Feature,다사56aa19aa,Polygon,"[[[127.00373381686678, 37.26886960850427], [127.00371902684901, 37.271123028288315], [127.00653870935615, 37.271134815182386], [127.0065534153509, 37.268881394442424], [127.00373381686678, 37.26886960850427]]]",16
수원시,Feature,다사56aa19ab,Polygon,"[[[127.00371902684901, 37.271123028288315], [127.00370423518523, 37.27337644720748], [127.00652400172471, 37.27338823505754], [127.00653870935615, 37.271134815182386], [127.00371902684901, 37.271123028288315]]]",10
수원시,Feature,다사56aa19ba,Polygon,"[[[127.00370423518523, 37.27337644720748], [127.00368944187525, 37.27562986526173], [127.00650929245643, 37.275641654067805], [127.00652400172471, 37.27338823505754], [127.00370423518523, 37.27337644720748]]]",11
수원시,Feature,다사56aa19bb,Polygon,"[[[127.00368944187525, 37.27562986526173], [127.00367464691882, 37.27788328245106], [127.00649458155108, 37.277895072213234], [127.00650929245643, 37.275641654067805], [127.00368944187525, 37.27562986526173]]]",6
수원시,Feature,다사56aa20aa,Polygon,"[[[127.00367464691882, 37.27788328245106], [127.00365985031583, 37.28013669877544], [127.00647986900849, 37.280148489493754], [127.00649458155108, 37.277895072213234], [127.00367464691882, 37.27788328245106]]]",5
수원시,Feature,다사56aa20ab,Polygon,"[[[127.00365985031583, 37.28013669877544], [127.00364505206603, 37.28239011423486], [127.00646515482843, 37.28240190590937], [127.00647986900849, 37.280148489493754], [127.00365985031583, 37.28013669877544]]]",5
수원시,Feature,다사56aa20ba,Polygon,"[[[127.00364505206603, 37.28239011423486], [127.00363025216924, 37.28464352882929], [127.00645043901079, 37.28465532146006], [127.00646515482843, 37.28240190590937], [127.00364505206603, 37.28239011423486]]]",6
수원시,Feature,다사56aa20bb,Polygon,"[[[127.00363025216924, 37.28464352882929], [127.00361545062528, 37.28689694255872], [127.0064357215553, 37.286908736145804], [127.00645043901079, 37.28465532146006], [127.00363025216924, 37.28464352882929]]]",3
수원시,Feature,다사56aa21aa,Polygon,"[[[127.00361545062528, 37.28689694255872], [127.00360064743394, 37.28915035542312], [127.0064210024618, 37.28916214996657], [127.0064357215553, 37.286908736145804], [127.00361545062528, 37.28689694255872]]]",3
수원시,Feature,다사56aa21ab,Polygon,"[[[127.00360064743394, 37.28915035542312], [127.00358584259503, 37.291403767422494], [127.0064062817301, 37.29141556292237], [127.0064210024618, 37.28916214996657], [127.00360064743394, 37.28915035542312]]]",4
수원시,Feature,다사56aa21ba,Polygon,"[[[127.00358584259503, 37.291403767422494], [127.0035710361084, 37.2936571785568], [127.00639155936, 37.29366897501315], [127.0064062817301, 37.29141556292237], [127.00358584259503, 37.291403767422494]]]",2
수원시,Feature,다사56aa21bb,Polygon,"[[[127.0035710361084, 37.2936571785568], [127.00355622797379, 37.29591058882603], [127.00637683535132, 37.295922386238914], [127.00639155936, 37.29366897501315], [127.0035710361084, 37.2936571785568]]]",5
수원시,Feature,다사56aa22aa,Polygon,"[[[127.00355622797379, 37.29591058882603], [127.00354141819103, 37.29816399823015], [127.00636210970384, 37.298175796599644], [127.00637683535132, 37.295922386238914], [127.00355622797379, 37.29591058882603]]]",5
수원시,Feature,다사56aa22ab,Polygon,"[[[127.00354141819103, 37.29816399823015], [127.00352660675995, 37.30041740676917], [127.00634738241742, 37.3004292060953], [127.00636210970384, 37.298175796599644], [127.00354141819103, 37.29816399823015]]]",7
수원시,Feature,다사56aa22ba,Polygon,"[[[127.00352660675995, 37.30041740676917], [127.00351179368035, 37.302670814443054], [127.00633265349181, 37.30268261472589], [127.00634738241742, 37.3004292060953], [127.00352660675995, 37.30041740676917]]]",7
수원시,Feature,다사56aa22bb,Polygon,"[[[127.00351179368035, 37.302670814443054], [127.00349697895203, 37.304924221251774], [127.00631792292687, 37.304936022491376], [127.00633265349181, 37.30268261472589], [127.00351179368035, 37.302670814443054]]]",5
수원시,Feature,다사56aa23aa,Polygon,"[[[127.00349697895203, 37.304924221251774], [127.00348216257478, 37.30717762719534], [127.00630319072236, 37.30718942939174], [127.00631792292687, 37.304936022491376], [127.00349697895203, 37.304924221251774]]]",3
수원시,Feature,다사56aa23ab,Polygon,"[[[127.00348216257478, 37.30717762719534], [127.00346734454843, 37.3094310322737], [127.00628845687812, 37.30944283542698], [127.00630319072236, 37.30718942939174], [127.00348216257478, 37.30717762719534]]]",4
수원시,Feature,다사56aa23ba,Polygon,"[[[127.00346734454843, 37.3094310322737], [127.00345252487278, 37.31168443648684], [127.00627372139395, 37.311696240597065], [127.00628845687812, 37.30944283542698], [127.00346734454843, 37.3094310322737]]]",3
수원시,Feature,다사56aa23bb,Polygon,"[[[127.00345252487278, 37.31168443648684], [127.00343770354765, 37.31393783983477], [127.00625898426966, 37.31394964490197], [127.00627372139395, 37.311696240597065], [127.00345252487278, 37.31168443648684]]]",0
수원시,Feature,다사56aa24aa,Polygon,"[[[127.00343770354765, 37.31393783983477], [127.00342288057283, 37.316191242317444], [127.00624424550507, 37.31620304834169], [127.00625898426966, 37.31394964490197], [127.00343770354765, 37.31393783983477]]]",0
수원시,Feature,다사56aa24ab,Polygon,"[[[127.00342288057283, 37.316191242317444], [127.00340805594814, 37.31844464393484], [127.00622950509998, 37.31845645091618], [127.00624424550507, 37.31620304834169], [127.00342288057283, 37.316191242317444]]]",1
수원시,Feature,다사56aa24ba,Polygon,"[[[127.00340805594814, 37.31844464393484], [127.00339322967336, 37.32069804468696], [127.00621476305417, 37.32070985262546], [127.00622950509998, 37.31845645091618], [127.00340805594814, 37.31844464393484]]]",1
수원시,Feature,다사56aa24bb,Polygon,"[[[127.00339322967336, 37.32069804468696], [127.00337840174834, 37.32295144457377], [127.0062000193675, 37.322963253469474], [127.00621476305417, 37.32070985262546], [127.00339322967336, 37.32069804468696]]]",0
수원시,Feature,다사56aa25aa,Polygon,"[[[127.00337840174834, 37.32295144457377], [127.00336357217286, 37.32520484359526], [127.00618527403971, 37.32521665344823], [127.0062000193675, 37.322963253469474], [127.00337840174834, 37.32295144457377]]]",0
수원시,Feature,다사56aa25ab,Polygon,"[[[127.00336357217286, 37.32520484359526], [127.00334874094672, 37.3274582417514], [127.00617052707067, 37.32747005256171], [127.00618527403971, 37.32521665344823], [127.00336357217286, 37.32520484359526]]]",0
수원시,Feature,다사56aa25ba,Polygon,"[[[127.00334874094672, 37.3274582417514], [127.00333390806975, 37.32971163904219], [127.00615577846014, 37.32972345080987], [127.00617052707067, 37.32747005256171], [127.00334874094672, 37.3274582417514]]]",0
수원시,Feature,다사56aa25bb,Polygon,"[[[127.00333390806975, 37.32971163904219], [127.0033190735417, 37.33196503546759], [127.00614102820798, 37.33197684819272], [127.00615577846014, 37.32972345080987], [127.00333390806975, 37.32971163904219]]]",0
수원시,Feature,다사56aa26aa,Polygon,"[[[127.0033190735417, 37.33196503546759], [127.00330423736249, 37.3342184310276], [127.00612627631398, 37.334230244710206], [127.00614102820798, 37.33197684819272], [127.0033190735417, 37.33196503546759]]]",0
수원시,Feature,다사56aa26ab,Polygon,"[[[127.00330423736249, 37.3342184310276], [127.00328939953181, 37.336471825722185], [127.0061115227779, 37.336483640362346], [127.00612627631398, 37.334230244710206], [127.00330423736249, 37.3342184310276]]]",0
수원시,Feature,다사56aa26ba,Polygon,"[[[127.00328939953181, 37.336471825722185], [127.00327456004953, 37.338725219551335], [127.00609676759962, 37.338737035149094], [127.0061115227779, 37.336483640362346], [127.00328939953181, 37.336471825722185]]]",0
수원시,Feature,다사56aa26bb,Polygon,"[[[127.00327456004953, 37.338725219551335], [127.00325971891543, 37.34097861251503], [127.00608201077891, 37.34099042907045], [127.00609676759962, 37.338737035149094], [127.00327456004953, 37.338725219551335]]]",0
수원시,Feature,다사56ab14ab,Polygon,"[[[127.0068325185374, 37.22606623609], [127.00681784360314, 37.228319673258184], [127.0096359329039, 37.22833137494807], [127.00965052399242, 37.226077936830464], [127.0068325185374, 37.22606623609]]]",0
수원시,Feature,다사56ab14ba,Polygon,"[[[127.00681784360314, 37.228319673258184], [127.00680316703586, 37.23057310956191], [127.00962134019169, 37.23058481220125], [127.0096359329039, 37.22833137494807], [127.00681784360314, 37.228319673258184]]]",0
수원시,Feature,다사56ab14bb,Polygon,"[[[127.00680316703586, 37.23057310956191], [127.00678848883531, 37.23282654500112], [127.00960674585555, 37.23283824858999], [127.00962134019169, 37.23058481220125], [127.00680316703586, 37.23057310956191]]]",0
수원시,Feature,다사56ab15aa,Polygon,"[[[127.00678848883531, 37.23282654500112], [127.00677380900133, 37.23507997957583], [127.00959214989533, 37.2350916841143], [127.00960674585555, 37.23283824858999], [127.00678848883531, 37.23282654500112]]]",0
수원시,Feature,다사56ab15ab,Polygon,"[[[127.00677380900133, 37.23507997957583], [127.00675912753375, 37.237333413286024], [127.00957755231082, 37.23734511877412], [127.00959214989533, 37.2350916841143], [127.00677380900133, 37.23507997957583]]]",0
수원시,Feature,다사56ab15ba,Polygon,"[[[127.00675912753375, 37.237333413286024], [127.00674444443239, 37.23958684613166], [127.00956295310182, 37.23959855256945], [127.00957755231082, 37.23734511877412], [127.00675912753375, 37.237333413286024]]]",0
수원시,Feature,다사56ab15bb,Polygon,"[[[127.00674444443239, 37.23958684613166], [127.006729759697, 37.24184027811273], [127.00954835226817, 37.24185198550027], [127.00956295310182, 37.23959855256945], [127.00674444443239, 37.23958684613166]]]",0
수원시,Feature,다사56ab16aa,Polygon,"[[[127.006729759697, 37.24184027811273], [127.00671507332741, 37.24409370922922], [127.00953374980966, 37.24410541756655], [127.00954835226817, 37.24185198550027], [127.006729759697, 37.24184027811273]]]",0
수원시,Feature,다사56ab16ab,Polygon,"[[[127.00671507332741, 37.24409370922922], [127.00670038532346, 37.24634713948109], [127.00951914572612, 37.246358848768296], [127.00953374980966, 37.24410541756655], [127.00671507332741, 37.24409370922922]]]",0
수원시,Feature,다사56ab16ba,Polygon,"[[[127.00670038532346, 37.24634713948109], [127.00668569568492, 37.248600568868355], [127.00950454001733, 37.24861227910545], [127.00951914572612, 37.246358848768296], [127.00670038532346, 37.24634713948109]]]",0
수원시,Feature,다사56ab16bb,Polygon,"[[[127.00668569568492, 37.248600568868355], [127.00667100441161, 37.25085399739095], [127.00948993268314, 37.25086570857804], [127.00950454001733, 37.24861227910545], [127.00668569568492, 37.248600568868355]]]",2
수원시,Feature,다사56ab17aa,Polygon,"[[[127.00667100441161, 37.25085399739095], [127.00665631150336, 37.25310742504891], [127.00947532372332, 37.25311913718602], [127.00948993268314, 37.25086570857804], [127.00667100441161, 37.25085399739095]]]",8
수원시,Feature,다사56ab17ab,Polygon,"[[[127.00665631150336, 37.25310742504891], [127.00664161695997, 37.25536085184218], [127.0094607131377, 37.255372564929374], [127.00947532372332, 37.25311913718602], [127.00665631150336, 37.25310742504891]]]",7
수원시,Feature,다사56ab17ba,Polygon,"[[[127.00664161695997, 37.25536085184218], [127.00662692078124, 37.25761427777075], [127.00944610092608, 37.257625991808084], [127.0094607131377, 37.255372564929374], [127.00664161695997, 37.25536085184218]]]",5
수원시,Feature,다사56ab17bb,Polygon,"[[[127.00662692078124, 37.25761427777075], [127.00661222296698, 37.2598677028346], [127.00943148708829, 37.25987941782212], [127.00944610092608, 37.257625991808084], [127.00662692078124, 37.25761427777075]]]",6
수원시,Feature,다사56ab18aa,Polygon,"[[[127.00661222296698, 37.2598677028346], [127.00659752351703, 37.262121127033716], [127.00941687162414, 37.26213284297148], [127.00943148708829, 37.25987941782212], [127.00661222296698, 37.2598677028346]]]",7
수원시,Feature,다사56ab18ab,Polygon,"[[[127.00659752351703, 37.262121127033716], [127.00658282243114, 37.26437455036807], [127.0094022545334, 37.26438626725614], [127.00941687162414, 37.26213284297148], [127.00659752351703, 37.262121127033716]]]",9
수원시,Feature,다사56ab18ba,Polygon,"[[[127.00658282243114, 37.26437455036807], [127.00656811970916, 37.26662797283765], [127.00938763581591, 37.26663969067609], [127.0094022545334, 37.26438626725614], [127.00658282243114, 37.26437455036807]]]",13
수원시,Feature,다사56ab18bb,Polygon,"[[[127.00656811970916, 37.26662797283765], [127.0065534153509, 37.268881394442424], [127.0093730154715, 37.26889311323128], [127.00938763581591, 37.26663969067609], [127.00656811970916, 37.26662797283765]]]",15
수원시,Feature,다사56ab19aa,Polygon,"[[[127.0065534153509, 37.268881394442424], [127.00653870935615, 37.271134815182386], [127.00935839349992, 37.271146534921726], [127.0093730154715, 37.26889311323128], [127.0065534153509, 37.268881394442424]]]",9
수원시,Feature,다사56ab19ab,Polygon,"[[[127.00653870935615, 37.271134815182386], [127.00652400172471, 37.27338823505754], [127.00934376990105, 37.273399955747394], [127.00935839349992, 37.271146534921726], [127.00653870935615, 37.271134815182386]]]",10
수원시,Feature,다사56ab19ba,Polygon,"[[[127.00652400172471, 37.27338823505754], [127.00650929245643, 37.275641654067805], [127.00932914467467, 37.275653375708266], [127.00934376990105, 37.273399955747394], [127.00652400172471, 37.27338823505754]]]",4
수원시,Feature,다사56ab19bb,Polygon,"[[[127.00650929245643, 37.275641654067805], [127.00649458155108, 37.277895072213234], [127.00931451782056, 37.277906794804316], [127.00932914467467, 37.275653375708266], [127.00650929245643, 37.275641654067805]]]",5
수원시,Feature,다사56ab20aa,Polygon,"[[[127.00649458155108, 37.277895072213234], [127.00647986900849, 37.280148489493754], [127.00929988933858, 37.28016021303553], [127.00931451782056, 37.277906794804316], [127.00649458155108, 37.277895072213234]]]",4
수원시,Feature,다사56ab20ab,Polygon,"[[[127.00647986900849, 37.280148489493754], [127.00646515482843, 37.28240190590937], [127.0092852592285, 37.282413630401905], [127.00929988933858, 37.28016021303553], [127.00647986900849, 37.280148489493754]]]",4
수원시,Feature,다사56ab20ba,Polygon,"[[[127.00646515482843, 37.28240190590937], [127.00645043901079, 37.28465532146006], [127.00927062749014, 37.2846670469034], [127.0092852592285, 37.282413630401905], [127.00646515482843, 37.28240190590937]]]",3
수원시,Feature,다사56ab20bb,Polygon,"[[[127.00645043901079, 37.28465532146006], [127.0064357215553, 37.286908736145804], [127.00925599412332, 37.28692046254], [127.00927062749014, 37.2846670469034], [127.00645043901079, 37.28465532146006]]]",2
수원시,Feature,다사56ab21aa,Polygon,"[[[127.0064357215553, 37.286908736145804], [127.0064210024618, 37.28916214996657], [127.00924135912787, 37.2891738773117], [127.00925599412332, 37.28692046254], [127.0064357215553, 37.286908736145804]]]",4
수원시,Feature,다사56ab21ab,Polygon,"[[[127.0064210024618, 37.28916214996657], [127.0064062817301, 37.29141556292237], [127.00922672250356, 37.29142729121846], [127.00924135912787, 37.2891738773117], [127.0064210024618, 37.28916214996657]]]",4
수원시,Feature,다사56ab21ba,Polygon,"[[[127.0064062817301, 37.29141556292237], [127.00639155936, 37.29366897501315], [127.0092120842502, 37.29368070426028], [127.00922672250356, 37.29142729121846], [127.0064062817301, 37.29141556292237]]]",4
수원시,Feature,다사56ab21bb,Polygon,"[[[127.00639155936, 37.29366897501315], [127.00637683535132, 37.295922386238914], [127.00919744436763, 37.29593411643713], [127.0092120842502, 37.29368070426028], [127.00639155936, 37.29366897501315]]]",5
수원시,Feature,다사56ab22aa,Polygon,"[[[127.00637683535132, 37.295922386238914], [127.00636210970384, 37.298175796599644], [127.00918280285562, 37.29818752774899], [127.00919744436763, 37.29593411643713], [127.00637683535132, 37.295922386238914]]]",3
수원시,Feature,다사56ab22ab,Polygon,"[[[127.00636210970384, 37.298175796599644], [127.00634738241742, 37.3004292060953], [127.00916815971402, 37.300440938195855], [127.00918280285562, 37.29818752774899], [127.00636210970384, 37.298175796599644]]]",1
수원시,Feature,다사56ab22ba,Polygon,"[[[127.00634738241742, 37.3004292060953], [127.00633265349181, 37.30268261472589], [127.00915351494264, 37.3026943477777], [127.00916815971402, 37.300440938195855], [127.00634738241742, 37.3004292060953]]]",5
수원시,Feature,다사56ab22bb,Polygon,"[[[127.00633265349181, 37.30268261472589], [127.00631792292687, 37.304936022491376], [127.00913886854126, 37.30494775649449], [127.00915351494264, 37.3026943477777], [127.00633265349181, 37.30268261472589]]]",1
수원시,Feature,다사56ab23aa,Polygon,"[[[127.00631792292687, 37.304936022491376], [127.00630319072236, 37.30718942939174], [127.0091242205097, 37.30720116434624], [127.00913886854126, 37.30494775649449], [127.00631792292687, 37.304936022491376]]]",2
수원시,Feature,다사56ab23ab,Polygon,"[[[127.00630319072236, 37.30718942939174], [127.00628845687812, 37.30944283542698], [127.00910957084776, 37.30945457133289], [127.0091242205097, 37.30720116434624], [127.00630319072236, 37.30718942939174]]]",0
수원시,Feature,다사56ab23ba,Polygon,"[[[127.00628845687812, 37.30944283542698], [127.00627372139395, 37.311696240597065], [127.00909491955527, 37.311707977454454], [127.00910957084776, 37.30945457133289], [127.00628845687812, 37.30944283542698]]]",1
수원시,Feature,다사56ab23bb,Polygon,"[[[127.00627372139395, 37.311696240597065], [127.00625898426966, 37.31394964490197], [127.00908026663203, 37.31396138271089], [127.00909491955527, 37.311707977454454], [127.00627372139395, 37.311696240597065]]]",0
수원시,Feature,다사56ab24aa,Polygon,"[[[127.00625898426966, 37.31394964490197], [127.00624424550507, 37.31620304834169], [127.00906561207783, 37.3162147871022], [127.00908026663203, 37.31396138271089], [127.00625898426966, 37.31394964490197]]]",0
수원시,Feature,다사56ab24ab,Polygon,"[[[127.00624424550507, 37.31620304834169], [127.00622950509998, 37.31845645091618], [127.0090509558925, 37.31846819062835], [127.00906561207783, 37.3162147871022], [127.00624424550507, 37.31620304834169]]]",0
수원시,Feature,다사56ab24ba,Polygon,"[[[127.00622950509998, 37.31845645091618], [127.00621476305417, 37.32070985262546], [127.00903629807586, 37.32072159328932], [127.0090509558925, 37.31846819062835], [127.00622950509998, 37.31845645091618]]]",0
수원시,Feature,다사56ab24bb,Polygon,"[[[127.00621476305417, 37.32070985262546], [127.0062000193675, 37.322963253469474], [127.0090216386277, 37.32297499508509], [127.00903629807586, 37.32072159328932], [127.00621476305417, 37.32070985262546]]]",0
수원시,Feature,다사56ab25aa,Polygon,"[[[127.0062000193675, 37.322963253469474], [127.00618527403971, 37.32521665344823], [127.00900697754783, 37.32522839601567], [127.0090216386277, 37.32297499508509], [127.0062000193675, 37.322963253469474]]]",1
수원시,Feature,다사56ab25ab,Polygon,"[[[127.00618527403971, 37.32521665344823], [127.00617052707067, 37.32747005256171], [127.00899231483608, 37.32748179608101], [127.00900697754783, 37.32522839601567], [127.00618527403971, 37.32521665344823]]]",0
수원시,Feature,다사56ab25ba,Polygon,"[[[127.00617052707067, 37.32747005256171], [127.00615577846014, 37.32972345080987], [127.00897765049223, 37.329735195281096], [127.00899231483608, 37.32748179608101], [127.00617052707067, 37.32747005256171]]]",0
수원시,Feature,다사56ab25bb,Polygon,"[[[127.00615577846014, 37.32972345080987], [127.00614102820798, 37.33197684819272], [127.0089629845161, 37.33198859361592], [127.00897765049223, 37.329735195281096], [127.00615577846014, 37.32972345080987]]]",0
수원시,Feature,다사56ab26aa,Polygon,"[[[127.00614102820798, 37.33197684819272], [127.00612627631398, 37.334230244710206], [127.00894831690752, 37.334241991085456], [127.0089629845161, 37.33198859361592], [127.00614102820798, 37.33197684819272]]]",0
수원시,Feature,다사56ab26ab,Polygon,"[[[127.00612627631398, 37.334230244710206], [127.0061115227779, 37.336483640362346], [127.00893364766627, 37.336495387689695], [127.00894831690752, 37.334241991085456], [127.00612627631398, 37.334230244710206]]]",0
수원시,Feature,다사56ab26ba,Polygon,"[[[127.0061115227779, 37.336483640362346], [127.00609676759962, 37.338737035149094], [127.00891897679215, 37.33874878342859], [127.00893364766627, 37.336495387689695], [127.0061115227779, 37.336483640362346]]]",0
수원시,Feature,다사56ab26bb,Polygon,"[[[127.00609676759962, 37.338737035149094], [127.00608201077891, 37.34099042907045], [127.008904304285, 37.341002178302155], [127.00891897679215, 37.33874878342859], [127.00609676759962, 37.338737035149094]]]",0
수원시,Feature,다사56ba14ab,Polygon,"[[[127.00965052399242, 37.226077936830464], [127.0096359329039, 37.22833137494807], [127.01245402382838, 37.2283430095865], [127.01246853107095, 37.22608957052492], [127.00965052399242, 37.226077936830464]]]",0
수원시,Feature,다사56ba14ba,Polygon,"[[[127.0096359329039, 37.22833137494807], [127.00962134019169, 37.23058481220125], [127.01243951497143, 37.23059644778371], [127.01245402382838, 37.2283430095865], [127.0096359329039, 37.22833137494807]]]",0
수원시,Feature,다사56ba14bb,Polygon,"[[[127.00962134019169, 37.23058481220125], [127.00960674585555, 37.23283824858999], [127.01242500449989, 37.23284988511654], [127.01243951497143, 37.23059644778371], [127.00962134019169, 37.23058481220125]]]",0
수원시,Feature,다사56ba15aa,Polygon,"[[[127.00960674585555, 37.23283824858999], [127.00959214989533, 37.2350916841143], [127.01241049241358, 37.23510332158499], [127.01242500449989, 37.23284988511654], [127.00960674585555, 37.23283824858999]]]",0
수원시,Feature,다사56ba15ab,Polygon,"[[[127.00959214989533, 37.2350916841143], [127.00957755231082, 37.23734511877412], [127.01239597871233, 37.237356757189], [127.01241049241358, 37.23510332158499], [127.00959214989533, 37.2350916841143]]]",0
수원시,Feature,다사56ba15ba,Polygon,"[[[127.00957755231082, 37.23734511877412], [127.00956295310182, 37.23959855256945], [127.01238146339594, 37.23961019192859], [127.01239597871233, 37.237356757189], [127.00957755231082, 37.23734511877412]]]",0
수원시,Feature,다사56ba15bb,Polygon,"[[[127.00956295310182, 37.23959855256945], [127.00954835226817, 37.24185198550027], [127.01236694646423, 37.24186362580371], [127.01238146339594, 37.23961019192859], [127.00956295310182, 37.23959855256945]]]",0
수원시,Feature,다사56ba16aa,Polygon,"[[[127.00954835226817, 37.24185198550027], [127.00953374980966, 37.24410541756655], [127.01235242791697, 37.24411705881435], [127.01236694646423, 37.24186362580371], [127.00954835226817, 37.24185198550027]]]",0
수원시,Feature,다사56ba16ab,Polygon,"[[[127.00953374980966, 37.24410541756655], [127.00951914572612, 37.246358848768296], [127.01233790775403, 37.24637049096051], [127.01235242791697, 37.24411705881435], [127.00953374980966, 37.24410541756655]]]",0
수원시,Feature,다사56ba16ba,Polygon,"[[[127.00951914572612, 37.246358848768296], [127.00950454001733, 37.24861227910545], [127.01232338597518, 37.248623922242146], [127.01233790775403, 37.24637049096051], [127.00951914572612, 37.246358848768296]]]",1
수원시,Feature,다사56ba16bb,Polygon,"[[[127.00950454001733, 37.24861227910545], [127.00948993268314, 37.25086570857804], [127.01230886258027, 37.250877352659266], [127.01232338597518, 37.248623922242146], [127.00950454001733, 37.24861227910545]]]",1
수원시,Feature,다사56ba17aa,Polygon,"[[[127.00948993268314, 37.25086570857804], [127.00947532372332, 37.25311913718602], [127.01229433756906, 37.25313078221183], [127.01230886258027, 37.250877352659266], [127.00948993268314, 37.25086570857804]]]",1
수원시,Feature,다사56ba17ab,Polygon,"[[[127.00947532372332, 37.25311913718602], [127.0094607131377, 37.255372564929374], [127.01227981094141, 37.25538421089982], [127.01229433756906, 37.25313078221183], [127.00947532372332, 37.25311913718602]]]",6
수원시,Feature,다사56ba17ba,Polygon,"[[[127.0094607131377, 37.255372564929374], [127.00944610092608, 37.257625991808084], [127.0122652826971, 37.25763763872322], [127.01227981094141, 37.25538421089982], [127.0094607131377, 37.255372564929374]]]",3
수원시,Feature,다사56ba17bb,Polygon,"[[[127.00944610092608, 37.257625991808084], [127.00943148708829, 37.25987941782212], [127.01225075283597, 37.25989106568201], [127.0122652826971, 37.25763763872322], [127.00944610092608, 37.257625991808084]]]",3
수원시,Feature,다사56ba18aa,Polygon,"[[[127.00943148708829, 37.25987941782212], [127.00941687162414, 37.26213284297148], [127.0122362213578, 37.262144491776176], [127.01225075283597, 37.25989106568201], [127.00943148708829, 37.25987941782212]]]",10
수원시,Feature,다사56ba18ab,Polygon,"[[[127.00941687162414, 37.26213284297148], [127.0094022545334, 37.26438626725614], [127.0122216882624, 37.2643979170057], [127.0122362213578, 37.262144491776176], [127.00941687162414, 37.26213284297148]]]",4
수원시,Feature,다사56ba18ba,Polygon,"[[[127.0094022545334, 37.26438626725614], [127.00938763581591, 37.26663969067609], [127.01220715354961, 37.26665134137056], [127.0122216882624, 37.2643979170057], [127.0094022545334, 37.26438626725614]]]",1
수원시,Feature,다사56ba18bb,Polygon,"[[[127.00938763581591, 37.26663969067609], [127.0093730154715, 37.26889311323128], [127.01219261721921, 37.268904764870726], [127.01220715354961, 37.26665134137056], [127.00938763581591, 37.26663969067609]]]",2
수원시,Feature,다사56ba19aa,Polygon,"[[[127.0093730154715, 37.26889311323128], [127.00935839349992, 37.271146534921726], [127.01217807927105, 37.27115818750619], [127.01219261721921, 37.268904764870726], [127.0093730154715, 37.26889311323128]]]",3
수원시,Feature,다사56ba19ab,Polygon,"[[[127.00935839349992, 37.271146534921726], [127.00934376990105, 37.273399955747394], [127.0121635397049, 37.273411609276934], [127.01217807927105, 37.27115818750619], [127.00935839349992, 37.271146534921726]]]",5
수원시,Feature,다사56ba19ba,Polygon,"[[[127.00934376990105, 37.273399955747394], [127.00932914467467, 37.275653375708266], [127.0121489985206, 37.27566503018295], [127.0121635397049, 37.273411609276934], [127.00934376990105, 37.273399955747394]]]",1
수원시,Feature,다사56ba19bb,Polygon,"[[[127.00932914467467, 37.275653375708266], [127.00931451782056, 37.277906794804316], [127.01213445571794, 37.2779184502242], [127.0121489985206, 37.27566503018295], [127.00932914467467, 37.275653375708266]]]",2
수원시,Feature,다사56ba20aa,Polygon,"[[[127.00931451782056, 37.277906794804316], [127.00929988933858, 37.28016021303553], [127.01211991129675, 37.28017186940066], [127.01213445571794, 37.2779184502242], [127.00931451782056, 37.277906794804316]]]",1
수원시,Feature,다사56ba20ab,Polygon,"[[[127.00929988933858, 37.28016021303553], [127.0092852592285, 37.282413630401905], [127.01210536525683, 37.282425287712336], [127.01211991129675, 37.28017186940066], [127.00929988933858, 37.28016021303553]]]",0
수원시,Feature,다사56ba20ba,Polygon,"[[[127.0092852592285, 37.282413630401905], [127.00927062749014, 37.2846670469034], [127.01209081759798, 37.28467870515919], [127.01210536525683, 37.282425287712336], [127.0092852592285, 37.282413630401905]]]",5
수원시,Feature,다사56ba20bb,Polygon,"[[[127.00927062749014, 37.2846670469034], [127.00925599412332, 37.28692046254], [127.01207626832002, 37.286932121741216], [127.01209081759798, 37.28467870515919], [127.00927062749014, 37.2846670469034]]]",3
수원시,Feature,다사56ba21aa,Polygon,"[[[127.00925599412332, 37.28692046254], [127.00924135912787, 37.2891738773117], [127.01206171742278, 37.28918553745838], [127.01207626832002, 37.286932121741216], [127.00925599412332, 37.28692046254]]]",5
수원시,Feature,다사56ba21ab,Polygon,"[[[127.00924135912787, 37.2891738773117], [127.00922672250356, 37.29142729121846], [127.01204716490602, 37.29143895231067], [127.01206171742278, 37.28918553745838], [127.00924135912787, 37.2891738773117]]]",8
수원시,Feature,다사56ba21ba,Polygon,"[[[127.00922672250356, 37.29142729121846], [127.0092120842502, 37.29368070426028], [127.01203261076964, 37.29369236629807], [127.01204716490602, 37.29143895231067], [127.00922672250356, 37.29142729121846]]]",7
수원시,Feature,다사56ba21bb,Polygon,"[[[127.0092120842502, 37.29368070426028], [127.00919744436763, 37.29593411643713], [127.01201805501334, 37.29594577942055], [127.01203261076964, 37.29369236629807], [127.0092120842502, 37.29368070426028]]]",3
수원시,Feature,다사56ba22aa,Polygon,"[[[127.00919744436763, 37.29593411643713], [127.00918280285562, 37.29818752774899], [127.01200349763704, 37.29819919167811], [127.01201805501334, 37.29594577942055], [127.00919744436763, 37.29593411643713]]]",0
수원시,Feature,다사56ba22ab,Polygon,"[[[127.00918280285562, 37.29818752774899], [127.00916815971402, 37.300440938195855], [127.01198893864044, 37.300452603070724], [127.01200349763704, 37.29819919167811], [127.00918280285562, 37.29818752774899]]]",0
수원시,Feature,다사56ba22ba,Polygon,"[[[127.00916815971402, 37.300440938195855], [127.00915351494264, 37.3026943477777], [127.01197437802344, 37.30270601359838], [127.01198893864044, 37.300452603070724], [127.00916815971402, 37.300440938195855]]]",6
수원시,Feature,다사56ba22bb,Polygon,"[[[127.00915351494264, 37.3026943477777], [127.00913886854126, 37.30494775649449], [127.01195981578581, 37.304959423261025], [127.01197437802344, 37.30270601359838], [127.00915351494264, 37.3026943477777]]]",3
수원시,Feature,다사56ba23aa,Polygon,"[[[127.00913886854126, 37.30494775649449], [127.0091242205097, 37.30720116434624], [127.01194525192737, 37.307212832058674], [127.01195981578581, 37.304959423261025], [127.00913886854126, 37.30494775649449]]]",1
수원시,Feature,다사56ba23ab,Polygon,"[[[127.0091242205097, 37.30720116434624], [127.00910957084776, 37.30945457133289], [127.01193068644793, 37.3094662399913], [127.01194525192737, 37.307212832058674], [127.0091242205097, 37.30720116434624]]]",3
수원시,Feature,다사56ba23ba,Polygon,"[[[127.00910957084776, 37.30945457133289], [127.00909491955527, 37.311707977454454], [127.01191611934729, 37.311719647058894], [127.01193068644793, 37.3094662399913], [127.00910957084776, 37.30945457133289]]]",1
수원시,Feature,다사56ba23bb,Polygon,"[[[127.00909491955527, 37.311707977454454], [127.00908026663203, 37.31396138271089], [127.01190155062528, 37.313973053261414], [127.01191611934729, 37.311719647058894], [127.00909491955527, 37.311707977454454]]]",0
수원시,Feature,다사56ba24aa,Polygon,"[[[127.00908026663203, 37.31396138271089], [127.00906561207783, 37.3162147871022], [127.0118869802817, 37.31622645859886], [127.01190155062528, 37.313973053261414], [127.00908026663203, 37.31396138271089]]]",0
수원시,Feature,다사56ba24ab,Polygon,"[[[127.00906561207783, 37.3162147871022], [127.0090509558925, 37.31846819062835], [127.01187240831636, 37.318479863071204], [127.0118869802817, 37.31622645859886], [127.00906561207783, 37.3162147871022]]]",0
수원시,Feature,다사56ba24ba,Polygon,"[[[127.0090509558925, 37.31846819062835], [127.00903629807586, 37.32072159328932], [127.01185783472907, 37.320733266678424], [127.01187240831636, 37.318479863071204], [127.0090509558925, 37.31846819062835]]]",0
수원시,Feature,다사56ba24bb,Polygon,"[[[127.00903629807586, 37.32072159328932], [127.0090216386277, 37.32297499508509], [127.01184325951962, 37.3229866694205], [127.01185783472907, 37.320733266678424], [127.00903629807586, 37.32072159328932]]]",0
수원시,Feature,다사56ba25aa,Polygon,"[[[127.0090216386277, 37.32297499508509], [127.00900697754783, 37.32522839601567], [127.01182868268786, 37.32524007129744], [127.01184325951962, 37.3229866694205], [127.0090216386277, 37.32297499508509]]]",0
수원시,Feature,다사56ba25ab,Polygon,"[[[127.00900697754783, 37.32522839601567], [127.00899231483608, 37.32748179608101], [127.01181410423358, 37.327493472309186], [127.01182868268786, 37.32524007129744], [127.00900697754783, 37.32522839601567]]]",0
수원시,Feature,다사56ba25ba,Polygon,"[[[127.00899231483608, 37.32748179608101], [127.00897765049223, 37.329735195281096], [127.01179952415659, 37.32974687245576], [127.01181410423358, 37.327493472309186], [127.00899231483608, 37.32748179608101]]]",0
수원시,Feature,다사56ba25bb,Polygon,"[[[127.00897765049223, 37.329735195281096], [127.0089629845161, 37.33198859361592], [127.01178494245669, 37.3320002717371], [127.01179952415659, 37.32974687245576], [127.00897765049223, 37.329735195281096]]]",0
수원시,Feature,다사56ba26aa,Polygon,"[[[127.0089629845161, 37.33198859361592], [127.00894831690752, 37.334241991085456], [127.01177035913372, 37.33425367015323], [127.01178494245669, 37.3320002717371], [127.0089629845161, 37.33198859361592]]]",0
수원시,Feature,다사56ba26ab,Polygon,"[[[127.00894831690752, 37.334241991085456], [127.00893364766627, 37.336495387689695], [127.01175577418745, 37.33650706770409], [127.01177035913372, 37.33425367015323], [127.00894831690752, 37.334241991085456]]]",0
수원시,Feature,다사56ba26ba,Polygon,"[[[127.00893364766627, 37.336495387689695], [127.00891897679215, 37.33874878342859], [127.01174118761772, 37.338760464389686], [127.01175577418745, 37.33650706770409], [127.00893364766627, 37.336495387689695]]]",0
수원시,Feature,다사56ba26bb,Polygon,"[[[127.00891897679215, 37.33874878342859], [127.008904304285, 37.341002178302155], [127.01172659942432, 37.341013860210005], [127.01174118761772, 37.338760464389686], [127.00891897679215, 37.33874878342859]]]",0
수원시,Feature,다사56ba27aa,Polygon,"[[[127.008904304285, 37.341002178302155], [127.00888963014462, 37.34325557231036], [127.0117120096071, 37.34326725516501], [127.01172659942432, 37.341013860210005], [127.008904304285, 37.341002178302155]]]",1
수원시,Feature,다사56ba27ab,Polygon,"[[[127.00888963014462, 37.34325557231036], [127.00887495437081, 37.34550896545317], [127.01169741816582, 37.345520649254695], [127.0117120096071, 37.34326725516501], [127.00888963014462, 37.34325557231036]]]",0
수원시,Feature,다사56bb14aa,Polygon,"[[[127.01248303669934, 37.223836130599004], [127.01246853107095, 37.22608957052492], [127.01528653976372, 37.22610113717325], [127.0153009615553, 37.223847696308866], [127.01248303669934, 37.223836130599004]]]",0
수원시,Feature,다사56bb14ab,Polygon,"[[[127.01246853107095, 37.22608957052492], [127.01245402382838, 37.2283430095865], [127.01527211636726, 37.22835457717338], [127.01528653976372, 37.22610113717325], [127.01246853107095, 37.22608957052492]]]",0
수원시,Feature,다사56bb14ba,Polygon,"[[[127.01245402382838, 37.2283430095865], [127.01243951497143, 37.23059644778371], [127.01525769136573, 37.230608016309176], [127.01527211636726, 37.22835457717338], [127.01245402382838, 37.2283430095865]]]",0
수원시,Feature,다사56bb14bb,Polygon,"[[[127.01243951497143, 37.23059644778371], [127.01242500449989, 37.23284988511654], [127.015243264759, 37.23286145458065], [127.01525769136573, 37.230608016309176], [127.01243951497143, 37.23059644778371]]]",0
수원시,Feature,다사56bb15aa,Polygon,"[[[127.01242500449989, 37.23284988511654], [127.01241049241358, 37.23510332158499], [127.0152288365468, 37.235114891987784], [127.015243264759, 37.23286145458065], [127.01242500449989, 37.23284988511654]]]",0
수원시,Feature,다사56bb15ab,Polygon,"[[[127.01241049241358, 37.23510332158499], [127.01239597871233, 37.237356757189], [127.015214406729, 37.23736832853056], [127.0152288365468, 37.235114891987784], [127.01241049241358, 37.23510332158499]]]",0
수원시,Feature,다사56bb15ba,Polygon,"[[[127.01239597871233, 37.237356757189], [127.01238146339594, 37.23961019192859], [127.01519997530538, 37.239621764208955], [127.015214406729, 37.23736832853056], [127.01239597871233, 37.237356757189]]]",0
수원시,Feature,다사56bb15bb,Polygon,"[[[127.01238146339594, 37.23961019192859], [127.01236694646423, 37.24186362580371], [127.01518554227577, 37.241875199022935], [127.01519997530538, 37.239621764208955], [127.01238146339594, 37.23961019192859]]]",0
수원시,Feature,다사56bb16aa,Polygon,"[[[127.01236694646423, 37.24186362580371], [127.01235242791697, 37.24411705881435], [127.01517110764, 37.24412863297251], [127.01518554227577, 37.241875199022935], [127.01236694646423, 37.24186362580371]]]",0
수원시,Feature,다사56bb16ab,Polygon,"[[[127.01235242791697, 37.24411705881435], [127.01233790775403, 37.24637049096051], [127.01515667139783, 37.246382066057635], [127.01517110764, 37.24412863297251], [127.01235242791697, 37.24411705881435]]]",0
수원시,Feature,다사56bb16ba,Polygon,"[[[127.01233790775403, 37.24637049096051], [127.01232338597518, 37.248623922242146], [127.01514223354914, 37.24863549827831], [127.01515667139783, 37.246382066057635], [127.01233790775403, 37.24637049096051]]]",2
수원시,Feature,다사56bb16bb,Polygon,"[[[127.01232338597518, 37.248623922242146], [127.01230886258027, 37.250877352659266], [127.01512779409367, 37.250888929634506], [127.01514223354914, 37.24863549827831], [127.01232338597518, 37.248623922242146]]]",7
수원시,Feature,다사56bb17aa,Polygon,"[[[127.01230886258027, 37.250877352659266], [127.01229433756906, 37.25313078221183], [127.0151133530313, 37.25314236012621], [127.01512779409367, 37.250888929634506], [127.01230886258027, 37.250877352659266]]]",5
수원시,Feature,다사56bb17ab,Polygon,"[[[127.01229433756906, 37.25313078221183], [127.01227981094141, 37.25538421089982], [127.01509891036179, 37.255395789753386], [127.0151133530313, 37.25314236012621], [127.01229433756906, 37.25313078221183]]]",7
수원시,Feature,다사56bb17ba,Polygon,"[[[127.01227981094141, 37.25538421089982], [127.0122652826971, 37.25763763872322], [127.01508446608496, 37.25764921851604], [127.01509891036179, 37.255395789753386], [127.01227981094141, 37.25538421089982]]]",9
수원시,Feature,다사56bb17bb,Polygon,"[[[127.0122652826971, 37.25763763872322], [127.01225075283597, 37.25989106568201], [127.01507002020065, 37.25990264641415], [127.01508446608496, 37.25764921851604], [127.0122652826971, 37.25763763872322]]]",3
수원시,Feature,다사56bb18aa,Polygon,"[[[127.01225075283597, 37.25989106568201], [127.0122362213578, 37.262144491776176], [127.01505557270866, 37.26215607344766], [127.01507002020065, 37.25990264641415], [127.01225075283597, 37.25989106568201]]]",3
수원시,Feature,다사56bb18ab,Polygon,"[[[127.0122362213578, 37.262144491776176], [127.0122216882624, 37.2643979170057], [127.01504112360882, 37.264409499616605], [127.01505557270866, 37.26215607344766], [127.0122362213578, 37.262144491776176]]]",5
수원시,Feature,다사56bb18ba,Polygon,"[[[127.0122216882624, 37.2643979170057], [127.01220715354961, 37.26665134137056], [127.01502667290089, 37.26666292492093], [127.01504112360882, 37.264409499616605], [127.0122216882624, 37.2643979170057]]]",7
수원시,Feature,다사56bb18bb,Polygon,"[[[127.01220715354961, 37.26665134137056], [127.01219261721921, 37.268904764870726], [127.01501222058474, 37.26891634936062], [127.01502667290089, 37.26666292492093], [127.01220715354961, 37.26665134137056]]]",2
수원시,Feature,다사56bb19aa,Polygon,"[[[127.01219261721921, 37.268904764870726], [127.01217807927105, 37.27115818750619], [127.01499776666013, 37.27116977293568], [127.01501222058474, 37.26891634936062], [127.01219261721921, 37.268904764870726]]]",4
수원시,Feature,다사56bb19ab,Polygon,"[[[127.01217807927105, 37.27115818750619], [127.0121635397049, 37.273411609276934], [127.01498331112691, 37.27342319564606], [127.01499776666013, 37.27116977293568], [127.01217807927105, 37.27115818750619]]]",6
수원시,Feature,다사56bb19ba,Polygon,"[[[127.0121635397049, 37.273411609276934], [127.0121489985206, 37.27566503018295], [127.01496885398487, 37.275676617491754], [127.01498331112691, 37.27342319564606], [127.0121635397049, 37.273411609276934]]]",4
수원시,Feature,다사56bb19bb,Polygon,"[[[127.0121489985206, 37.27566503018295], [127.01213445571794, 37.2779184502242], [127.01495439523384, 37.27793003847275], [127.01496885398487, 37.275676617491754], [127.0121489985206, 37.27566503018295]]]",2
수원시,Feature,다사56bb20aa,Polygon,"[[[127.01213445571794, 37.2779184502242], [127.01211991129675, 37.28017186940066], [127.01493993487364, 37.28018345858903], [127.01495439523384, 37.27793003847275], [127.01213445571794, 37.2779184502242]]]",6
수원시,Feature,다사56bb20ab,Polygon,"[[[127.01211991129675, 37.28017186940066], [127.01210536525683, 37.282425287712336], [127.01492547290405, 37.28243687784055], [127.01493993487364, 37.28018345858903], [127.01211991129675, 37.28017186940066]]]",2
수원시,Feature,다사56bb20ba,Polygon,"[[[127.01210536525683, 37.282425287712336], [127.01209081759798, 37.28467870515919], [127.01491100932489, 37.28469029622731], [127.01492547290405, 37.28243687784055], [127.01210536525683, 37.282425287712336]]]",6
수원시,Feature,다사56bb20bb,Polygon,"[[[127.01209081759798, 37.28467870515919], [127.01207626832002, 37.286932121741216], [127.014896544136, 37.2869437137493], [127.01491100932489, 37.28469029622731], [127.01209081759798, 37.28467870515919]]]",5
수원시,Feature,다사56bb21aa,Polygon,"[[[127.01207626832002, 37.286932121741216], [127.01206171742278, 37.28918553745838], [127.01488207733718, 37.28919713040649], [127.014896544136, 37.2869437137493], [127.01207626832002, 37.286932121741216]]]",4
수원시,Feature,다사56bb21ab,Polygon,"[[[127.01206171742278, 37.28918553745838], [127.01204716490602, 37.29143895231067], [127.01486760892821, 37.29145054619885], [127.01488207733718, 37.28919713040649], [127.01206171742278, 37.28918553745838]]]",6
수원시,Feature,다사56bb21ba,Polygon,"[[[127.01204716490602, 37.29143895231067], [127.01203261076964, 37.29369236629807], [127.0148531389089, 37.2937039611264], [127.01486760892821, 37.29145054619885], [127.01204716490602, 37.29143895231067]]]",6
수원시,Feature,다사56bb21bb,Polygon,"[[[127.01203261076964, 37.29369236629807], [127.01201805501334, 37.29594577942055], [127.01483866727914, 37.29595737518907], [127.0148531389089, 37.2937039611264], [127.01203261076964, 37.29369236629807]]]",3
수원시,Feature,다사56bb22aa,Polygon,"[[[127.01201805501334, 37.29594577942055], [127.01200349763704, 37.29819919167811], [127.01482419403865, 37.29821078838687], [127.01483866727914, 37.29595737518907], [127.01201805501334, 37.29594577942055]]]",1
수원시,Feature,다사56bb22ab,Polygon,"[[[127.01200349763704, 37.29819919167811], [127.01198893864044, 37.300452603070724], [127.0148097191873, 37.30046420071977], [127.01482419403865, 37.29821078838687], [127.01200349763704, 37.29819919167811]]]",5
수원시,Feature,다사56bb22ba,Polygon,"[[[127.01198893864044, 37.300452603070724], [127.01197437802344, 37.30270601359838], [127.01479524272489, 37.30271761218778], [127.0148097191873, 37.30046420071977], [127.01198893864044, 37.300452603070724]]]",4
수원시,Feature,다사56bb22bb,Polygon,"[[[127.01197437802344, 37.30270601359838], [127.01195981578581, 37.304959423261025], [127.0147807646512, 37.304971022790845], [127.01479524272489, 37.30271761218778], [127.01197437802344, 37.30270601359838]]]",7
수원시,Feature,다사56bb23aa,Polygon,"[[[127.01195981578581, 37.304959423261025], [127.01194525192737, 37.307212832058674], [127.01476628496607, 37.30722443252897], [127.0147807646512, 37.304971022790845], [127.01195981578581, 37.304959423261025]]]",2
수원시,Feature,다사56bb23ab,Polygon,"[[[127.01194525192737, 37.307212832058674], [127.01193068644793, 37.3094662399913], [127.01475180366933, 37.309477841402106], [127.01476628496607, 37.30722443252897], [127.01194525192737, 37.307212832058674]]]",0
수원시,Feature,다사56bb23ba,Polygon,"[[[127.01193068644793, 37.3094662399913], [127.01191611934729, 37.311719647058894], [127.01473732076073, 37.311731249410265], [127.01475180366933, 37.309477841402106], [127.01193068644793, 37.3094662399913]]]",0
수원시,Feature,다사56bb23bb,Polygon,"[[[127.01191611934729, 37.311719647058894], [127.01190155062528, 37.313973053261414], [127.01472283624015, 37.313984656553416], [127.01473732076073, 37.311731249410265], [127.01191611934729, 37.311719647058894]]]",0
수원시,Feature,다사56bb24aa,Polygon,"[[[127.01190155062528, 37.313973053261414], [127.0118869802817, 37.31622645859886], [127.01470835010734, 37.31623806283156], [127.01472283624015, 37.313984656553416], [127.01190155062528, 37.313973053261414]]]",0
수원시,Feature,다사56bb24ab,Polygon,"[[[127.0118869802817, 37.31622645859886], [127.01187240831636, 37.318479863071204], [127.01469386236215, 37.31849146824462], [127.01470835010734, 37.31623806283156], [127.0118869802817, 37.31622645859886]]]",0
수원시,Feature,다사56bb24ba,Polygon,"[[[127.01187240831636, 37.318479863071204], [127.01185783472907, 37.320733266678424], [127.0146793730044, 37.320744872792645], [127.01469386236215, 37.31849146824462], [127.01187240831636, 37.318479863071204]]]",0
수원시,Feature,다사56bb24bb,Polygon,"[[[127.01185783472907, 37.320733266678424], [127.01184325951962, 37.3229866694205], [127.0146648820339, 37.32299827647559], [127.0146793730044, 37.320744872792645], [127.01185783472907, 37.320733266678424]]]",0
수원시,Feature,다사56bb25aa,Polygon,"[[[127.01184325951962, 37.3229866694205], [127.01182868268786, 37.32524007129744], [127.01465038945042, 37.32525167929342], [127.0146648820339, 37.32299827647559], [127.01184325951962, 37.3229866694205]]]",0
수원시,Feature,다사56bb25ab,Polygon,"[[[127.01182868268786, 37.32524007129744], [127.01181410423358, 37.327493472309186], [127.0146358952538, 37.32750508124614], [127.01465038945042, 37.32525167929342], [127.01182868268786, 37.32524007129744]]]",1
수원시,Feature,다사56bb25ba,Polygon,"[[[127.01181410423358, 37.327493472309186], [127.01179952415659, 37.32974687245576], [127.01462139944384, 37.329758482333716], [127.0146358952538, 37.32750508124614], [127.01181410423358, 37.327493472309186]]]",0
수원시,Feature,다사56bb25bb,Polygon,"[[[127.01179952415659, 37.32974687245576], [127.01178494245669, 37.3320002717371], [127.01460690202038, 37.33201188255614], [127.01462139944384, 37.329758482333716], [127.01179952415659, 37.32974687245576]]]",0
수원시,Feature,다사56bb26aa,Polygon,"[[[127.01178494245669, 37.3320002717371], [127.01177035913372, 37.33425367015323], [127.0145924029832, 37.33426528191339], [127.01460690202038, 37.33201188255614], [127.01178494245669, 37.3320002717371]]]",0
수원시,Feature,다사56bb26ab,Polygon,"[[[127.01177035913372, 37.33425367015323], [127.01175577418745, 37.33650706770409], [127.0145779023321, 37.33651868040543], [127.0145924029832, 37.33426528191339], [127.01177035913372, 37.33425367015323]]]",0
수원시,Feature,다사56bb26ba,Polygon,"[[[127.01175577418745, 37.33650706770409], [127.01174118761772, 37.338760464389686], [127.01456340006695, 37.33877207803228], [127.0145779023321, 37.33651868040543], [127.01175577418745, 37.33650706770409]]]",0
수원시,Feature,다사56bb26bb,Polygon,"[[[127.01174118761772, 37.338760464389686], [127.01172659942432, 37.341013860210005], [127.01454889618752, 37.341025474793874], [127.01456340006695, 37.33877207803228], [127.01174118761772, 37.338760464389686]]]",0
수원시,Feature,다사56bb27aa,Polygon,"[[[127.01172659942432, 37.341013860210005], [127.0117120096071, 37.34326725516501], [127.01453439069361, 37.34327887069023], [127.01454889618752, 37.341025474793874], [127.01172659942432, 37.341013860210005]]]",0
수원시,Feature,다사56bb27ab,Polygon,"[[[127.0117120096071, 37.34326725516501], [127.01169741816582, 37.345520649254695], [127.01451988358505, 37.34553226572132], [127.01453439069361, 37.34327887069023], [127.0117120096071, 37.34326725516501]]]",0
수원시,Feature,다사56bb27ba,Polygon,"[[[127.01169741816582, 37.345520649254695], [127.01168282510031, 37.34777404247902], [127.01450537486164, 37.347785659887116], [127.01451988358505, 37.34553226572132], [127.01169741816582, 37.345520649254695]]]",0
수원시,Feature,다사56bb27bb,Polygon,"[[[127.01168282510031, 37.34777404247902], [127.01166823041036, 37.35002743483798], [127.01449086452321, 37.3500390531876], [127.01450537486164, 37.347785659887116], [127.01168282510031, 37.34777404247902]]]",0
수원시,Feature,다사57aa14aa,Polygon,"[[[127.0153009615553, 37.223847696308866], [127.01528653976372, 37.22610113717325], [127.01810455006134, 37.22611263677534], [127.01811888801593, 37.22385919497791], [127.0153009615553, 37.223847696308866]]]",0
수원시,Feature,다사57aa14ab,Polygon,"[[[127.01528653976372, 37.22610113717325], [127.01527211636726, 37.22835457717338], [127.01809021051119, 37.22836607770856], [127.01810455006134, 37.22611263677534], [127.01528653976372, 37.22610113717325]]]",0
수원시,Feature,다사57aa14ba,Polygon,"[[[127.01527211636726, 37.22835457717338], [127.01525769136573, 37.230608016309176], [127.01807586936529, 37.230619517777505], [127.01809021051119, 37.22836607770856], [127.01527211636726, 37.22835457717338]]]",0
수원시,Feature,다사57aa14bb,Polygon,"[[[127.01525769136573, 37.230608016309176], [127.015243264759, 37.23286145458065], [127.01806152662353, 37.23287295698219], [127.01807586936529, 37.230619517777505], [127.01525769136573, 37.230608016309176]]]",0
수원시,Feature,다사57aa15aa,Polygon,"[[[127.015243264759, 37.23286145458065], [127.0152288365468, 37.235114891987784], [127.01804718228563, 37.23512639532258], [127.01806152662353, 37.23287295698219], [127.015243264759, 37.23286145458065]]]",0
수원시,Feature,다사57aa15ab,Polygon,"[[[127.0152288365468, 37.235114891987784], [127.015214406729, 37.23736832853056], [127.01803283635148, 37.237379832798666], [127.01804718228563, 37.23512639532258], [127.0152288365468, 37.235114891987784]]]",0
수원시,Feature,다사57aa15ba,Polygon,"[[[127.015214406729, 37.23736832853056], [127.01519997530538, 37.239621764208955], [127.01801848882083, 37.23963326941043], [127.01803283635148, 37.237379832798666], [127.015214406729, 37.23736832853056]]]",0
수원시,Feature,다사57aa15bb,Polygon,"[[[127.01519997530538, 37.239621764208955], [127.01518554227577, 37.241875199022935], [127.01800413969353, 37.24188670515783], [127.01801848882083, 37.23963326941043], [127.01519997530538, 37.239621764208955]]]",1
수원시,Feature,다사57aa16aa,Polygon,"[[[127.01518554227577, 37.241875199022935], [127.01517110764, 37.24412863297251], [127.01798978896939, 37.244140140040884], [127.01800413969353, 37.24188670515783], [127.01518554227577, 37.241875199022935]]]",5
수원시,Feature,다사57aa16ab,Polygon,"[[[127.01517110764, 37.24412863297251], [127.01515667139783, 37.246382066057635], [127.0179754366482, 37.24639357405955], [127.01798978896939, 37.244140140040884], [127.01517110764, 37.24412863297251]]]",3
수원시,Feature,다사57aa16ba,Polygon,"[[[127.01515667139783, 37.246382066057635], [127.01514223354914, 37.24863549827831], [127.01796108272981, 37.248647007213805], [127.0179754366482, 37.24639357405955], [127.01515667139783, 37.246382066057635]]]",5
수원시,Feature,다사57aa16bb,Polygon,"[[[127.01514223354914, 37.24863549827831], [127.01512779409367, 37.250888929634506], [127.01794672721401, 37.25090043950364], [127.01796108272981, 37.248647007213805], [127.01514223354914, 37.24863549827831]]]",2
수원시,Feature,다사57aa17aa,Polygon,"[[[127.01512779409367, 37.250888929634506], [127.0151133530313, 37.25314236012621], [127.01793237010062, 37.25315387092903], [127.01794672721401, 37.25090043950364], [127.01512779409367, 37.250888929634506]]]",4
수원시,Feature,다사57aa17ab,Polygon,"[[[127.0151133530313, 37.25314236012621], [127.01509891036179, 37.255395789753386], [127.01791801138947, 37.25540730148998], [127.01793237010062, 37.25315387092903], [127.0151133530313, 37.25314236012621]]]",1
수원시,Feature,다사57aa17ba,Polygon,"[[[127.01509891036179, 37.255395789753386], [127.01508446608496, 37.25764921851604], [127.01790365108032, 37.25766073118644], [127.01791801138947, 37.25540730148998], [127.01509891036179, 37.255395789753386]]]",7
수원시,Feature,다사57aa17bb,Polygon,"[[[127.01508446608496, 37.25764921851604], [127.01507002020065, 37.25990264641415], [127.01788928917304, 37.25991416001839], [127.01790365108032, 37.25766073118644], [127.01508446608496, 37.25764921851604]]]",5
수원시,Feature,다사57aa18aa,Polygon,"[[[127.01507002020065, 37.25990264641415], [127.01505557270866, 37.26215607344766], [127.01787492566741, 37.262167587985836], [127.01788928917304, 37.25991416001839], [127.01507002020065, 37.25990264641415]]]",2
수원시,Feature,다사57aa18ab,Polygon,"[[[127.01505557270866, 37.26215607344766], [127.01504112360882, 37.264409499616605], [127.01786056056326, 37.26442101508875], [127.01787492566741, 37.262167587985836], [127.01505557270866, 37.26215607344766]]]",0
수원시,Feature,다사57aa18ba,Polygon,"[[[127.01504112360882, 37.264409499616605], [127.01502667290089, 37.26666292492093], [127.01784619386042, 37.2666744413271], [127.01786056056326, 37.26442101508875], [127.01504112360882, 37.264409499616605]]]",3
수원시,Feature,다사57aa18bb,Polygon,"[[[127.01502667290089, 37.26666292492093], [127.01501222058474, 37.26891634936062], [127.01783182555867, 37.26892786670087], [127.01784619386042, 37.2666744413271], [127.01502667290089, 37.26666292492093]]]",2
수원시,Feature,다사57aa19aa,Polygon,"[[[127.01501222058474, 37.26891634936062], [127.01499776666013, 37.27116977293568], [127.01781745565785, 37.27118129121005], [127.01783182555867, 37.26892786670087], [127.01501222058474, 37.26891634936062]]]",8
수원시,Feature,다사57aa19ab,Polygon,"[[[127.01499776666013, 37.27116977293568], [127.01498331112691, 37.27342319564606], [127.01780308415773, 37.27343471485462], [127.01781745565785, 37.27118129121005], [127.01499776666013, 37.27116977293568]]]",7
수원시,Feature,다사57aa19ba,Polygon,"[[[127.01498331112691, 37.27342319564606], [127.01496885398487, 37.275676617491754], [127.01778871105819, 37.27568813763458], [127.01780308415773, 37.27343471485462], [127.01498331112691, 37.27342319564606]]]",3
수원시,Feature,다사57aa19bb,Polygon,"[[[127.01496885398487, 37.275676617491754], [127.01495439523384, 37.27793003847275], [127.01777433635897, 37.277941559549866], [127.01778871105819, 37.27568813763458], [127.01496885398487, 37.275676617491754]]]",5
수원시,Feature,다사57aa20aa,Polygon,"[[[127.01495439523384, 37.27793003847275], [127.01493993487364, 37.28018345858903], [127.01775996005993, 37.28019498060048], [127.01777433635897, 37.277941559549866], [127.01495439523384, 37.27793003847275]]]",8
수원시,Feature,다사57aa20ab,Polygon,"[[[127.01493993487364, 37.28018345858903], [127.01492547290405, 37.28243687784055], [127.01774558216084, 37.28244840078642], [127.01775996005993, 37.28019498060048], [127.01493993487364, 37.28018345858903]]]",2
수원시,Feature,다사57aa20ba,Polygon,"[[[127.01492547290405, 37.28243687784055], [127.01491100932489, 37.28469029622731], [127.01773120266158, 37.28470182010766], [127.01774558216084, 37.28244840078642], [127.01492547290405, 37.28243687784055]]]",4
수원시,Feature,다사57aa20bb,Polygon,"[[[127.01491100932489, 37.28469029622731], [127.014896544136, 37.2869437137493], [127.01771682156192, 37.28695523856416], [127.01773120266158, 37.28470182010766], [127.01491100932489, 37.28469029622731]]]",10
수원시,Feature,다사57aa21aa,Polygon,"[[[127.014896544136, 37.2869437137493], [127.01488207733718, 37.28919713040649], [127.01770243886168, 37.28920865615592], [127.01771682156192, 37.28695523856416], [127.014896544136, 37.2869437137493]]]",4
수원시,Feature,다사57aa21ab,Polygon,"[[[127.01488207733718, 37.28919713040649], [127.01486760892821, 37.29145054619885], [127.01768805456067, 37.291462072882915], [127.01770243886168, 37.28920865615592], [127.01488207733718, 37.28919713040649]]]",5
수원시,Feature,다사57aa21ba,Polygon,"[[[127.01486760892821, 37.29145054619885], [127.0148531389089, 37.2937039611264], [127.01767366865872, 37.293715488745136], [127.01768805456067, 37.291462072882915], [127.01486760892821, 37.29145054619885]]]",6
수원시,Feature,다사57aa21bb,Polygon,"[[[127.0148531389089, 37.2937039611264], [127.01483866727914, 37.29595737518907], [127.0176592811556, 37.295968903742555], [127.01767366865872, 37.293715488745136], [127.0148531389089, 37.2937039611264]]]",3
수원시,Feature,다사57aa22aa,Polygon,"[[[127.01483866727914, 37.29595737518907], [127.01482419403865, 37.29821078838687], [127.01764489205118, 37.298222317875144], [127.0176592811556, 37.295968903742555], [127.01483866727914, 37.29595737518907]]]",4
수원시,Feature,다사57aa22ab,Polygon,"[[[127.01482419403865, 37.29821078838687], [127.0148097191873, 37.30046420071977], [127.01763050134521, 37.30047573114291], [127.01764489205118, 37.298222317875144], [127.01482419403865, 37.29821078838687]]]",8
수원시,Feature,다사57aa22ba,Polygon,"[[[127.0148097191873, 37.30046420071977], [127.01479524272489, 37.30271761218778], [127.01761610903756, 37.302729143545804], [127.01763050134521, 37.30047573114291], [127.0148097191873, 37.30046420071977]]]",10
수원시,Feature,다사57aa22bb,Polygon,"[[[127.01479524272489, 37.30271761218778], [127.0147807646512, 37.304971022790845], [127.01760171512802, 37.304982555083825], [127.01761610903756, 37.302729143545804], [127.01479524272489, 37.30271761218778]]]",6
수원시,Feature,다사57aa23aa,Polygon,"[[[127.0147807646512, 37.304971022790845], [127.01476628496607, 37.30722443252897], [127.0175873196164, 37.307235965756966], [127.01760171512802, 37.304982555083825], [127.0147807646512, 37.304971022790845]]]",2
수원시,Feature,다사57aa23ab,Polygon,"[[[127.01476628496607, 37.30722443252897], [127.01475180366933, 37.309477841402106], [127.01757292250251, 37.309489375565164], [127.0175873196164, 37.307235965756966], [127.01476628496607, 37.30722443252897]]]",0
수원시,Feature,다사57aa23ba,Polygon,"[[[127.01475180366933, 37.309477841402106], [127.01473732076073, 37.311731249410265], [127.01755852378616, 37.311742784508446], [127.01757292250251, 37.309489375565164], [127.01475180366933, 37.309477841402106]]]",1
수원시,Feature,다사57aa23bb,Polygon,"[[[127.01473732076073, 37.311731249410265], [127.01472283624015, 37.313984656553416], [127.01754412346719, 37.313996192586785], [127.01755852378616, 37.311742784508446], [127.01473732076073, 37.311731249410265]]]",0
수원시,Feature,다사57aa24aa,Polygon,"[[[127.01472283624015, 37.313984656553416], [127.01470835010734, 37.31623806283156], [127.01752972154539, 37.316249599800145], [127.01754412346719, 37.313996192586785], [127.01472283624015, 37.313984656553416]]]",0
수원시,Feature,다사57aa24ab,Polygon,"[[[127.01470835010734, 37.31623806283156], [127.01469386236215, 37.31849146824462], [127.01751531802054, 37.31850300614852], [127.01752972154539, 37.316249599800145], [127.01470835010734, 37.31623806283156]]]",0
수원시,Feature,다사57aa24ba,Polygon,"[[[127.01469386236215, 37.31849146824462], [127.0146793730044, 37.320744872792645], [127.01750091289253, 37.320756411631876], [127.01751531802054, 37.31850300614852], [127.01469386236215, 37.31849146824462]]]",0
수원시,Feature,다사57aa24bb,Polygon,"[[[127.0146793730044, 37.320744872792645], [127.0146648820339, 37.32299827647559], [127.0174865061611, 37.323009816250206], [127.01750091289253, 37.320756411631876], [127.0146793730044, 37.320744872792645]]]",0
수원시,Feature,다사57aa25aa,Polygon,"[[[127.0146648820339, 37.32299827647559], [127.01465038945042, 37.32525167929342], [127.01747209782609, 37.3252632200035], [127.0174865061611, 37.323009816250206], [127.0146648820339, 37.32299827647559]]]",1
수원시,Feature,다사57aa25ab,Polygon,"[[[127.01465038945042, 37.32525167929342], [127.0146358952538, 37.32750508124614], [127.01745768788734, 37.327516622891714], [127.01747209782609, 37.3252632200035], [127.01465038945042, 37.32525167929342]]]",0
수원시,Feature,다사57aa25ba,Polygon,"[[[127.0146358952538, 37.32750508124614], [127.01462139944384, 37.329758482333716], [127.01744327634464, 37.329770024914865], [127.01745768788734, 37.327516622891714], [127.0146358952538, 37.32750508124614]]]",1
수원시,Feature,다사57aa25bb,Polygon,"[[[127.01462139944384, 37.329758482333716], [127.01460690202038, 37.33201188255614], [127.01742886319775, 37.3320234260729], [127.01744327634464, 37.329770024914865], [127.01462139944384, 37.329758482333716]]]",1
수원시,Feature,다사57aa26aa,Polygon,"[[[127.01460690202038, 37.33201188255614], [127.0145924029832, 37.33426528191339], [127.01741444844657, 37.33427682636582], [127.01742886319775, 37.3320234260729], [127.01460690202038, 37.33201188255614]]]",1
수원시,Feature,다사57aa26ab,Polygon,"[[[127.0145924029832, 37.33426528191339], [127.0145779023321, 37.33651868040543], [127.01740003209086, 37.33653022579362], [127.01741444844657, 37.33427682636582], [127.0145924029832, 37.33426528191339]]]",3
수원시,Feature,다사57aa26ba,Polygon,"[[[127.0145779023321, 37.33651868040543], [127.01456340006695, 37.33877207803228], [127.01738561413046, 37.338783624356225], [127.01740003209086, 37.33653022579362], [127.0145779023321, 37.33651868040543]]]",0
수원시,Feature,다사57aa26bb,Polygon,"[[[127.01456340006695, 37.33877207803228], [127.01454889618752, 37.341025474793874], [127.01737119456516, 37.341037022053676], [127.01738561413046, 37.338783624356225], [127.01456340006695, 37.33877207803228]]]",1
수원시,Feature,다사57aa27aa,Polygon,"[[[127.01454889618752, 37.341025474793874], [127.01453439069361, 37.34327887069023], [127.01735677339478, 37.34329041888592], [127.01737119456516, 37.341037022053676], [127.01454889618752, 37.341025474793874]]]",0
수원시,Feature,다사57aa27ab,Polygon,"[[[127.01453439069361, 37.34327887069023], [127.01451988358505, 37.34553226572132], [127.01734235061912, 37.34554381485296], [127.01735677339478, 37.34329041888592], [127.01453439069361, 37.34327887069023]]]",0
수원시,Feature,다사57aa27ba,Polygon,"[[[127.01451988358505, 37.34553226572132], [127.01450537486164, 37.347785659887116], [127.01732792623801, 37.34779720995475], [127.01734235061912, 37.34554381485296], [127.01451988358505, 37.34553226572132]]]",0
수원시,Feature,다사57aa27bb,Polygon,"[[[127.01450537486164, 37.347785659887116], [127.01449086452321, 37.3500390531876], [127.01731350025128, 37.35005060419129], [127.01732792623801, 37.34779720995475], [127.01450537486164, 37.347785659887116]]]",1
수원시,Feature,다사57aa28aa,Polygon,"[[[127.01449086452321, 37.3500390531876], [127.01447635256955, 37.35229244562275], [127.01729907265867, 37.352303997562565], [127.01731350025128, 37.35005060419129], [127.01449086452321, 37.3500390531876]]]",0
수원시,Feature,다사57ab14aa,Polygon,"[[[127.01811888801593, 37.22385919497791], [127.01810455006134, 37.22611263677534], [127.02092256195446, 37.226124069331085], [127.02093681607191, 37.223870626606036], [127.01811888801593, 37.22385919497791]]]",0
수원시,Feature,다사57ab14ab,Polygon,"[[[127.01810455006134, 37.22611263677534], [127.01809021051119, 37.22836607770856], [127.02090830625082, 37.228377511191944], [127.02092256195446, 37.226124069331085], [127.01810455006134, 37.22611263677534]]]",0
수원시,Feature,다사57ab14ba,Polygon,"[[[127.01809021051119, 37.22836607770856], [127.01807586936529, 37.230619517777505], [127.02089404896078, 37.230630952188605], [127.02090830625082, 37.228377511191944], [127.01809021051119, 37.22836607770856]]]",0
수원시,Feature,다사57ab14bb,Polygon,"[[[127.01807586936529, 37.230619517777505], [127.01806152662353, 37.23287295698219], [127.02087979008417, 37.23288439232105], [127.02089404896078, 37.230630952188605], [127.01807586936529, 37.230619517777505]]]",0
수원시,Feature,다사57ab15aa,Polygon,"[[[127.01806152662353, 37.23287295698219], [127.01804718228563, 37.23512639532258], [127.02086552962075, 37.235137831589256], [127.02087979008417, 37.23288439232105], [127.01806152662353, 37.23287295698219]]]",1
수원시,Feature,다사57ab15ab,Polygon,"[[[127.01804718228563, 37.23512639532258], [127.01803283635148, 37.237379832798666], [127.02085126757042, 37.23739126999322], [127.02086552962075, 37.235137831589256], [127.01804718228563, 37.23512639532258]]]",1
수원시,Feature,다사57ab15ba,Polygon,"[[[127.01803283635148, 37.237379832798666], [127.01801848882083, 37.23963326941043], [127.02083700393291, 37.2396447075329], [127.02085126757042, 37.23739126999322], [127.01803283635148, 37.237379832798666]]]",3
수원시,Feature,다사57ab15bb,Polygon,"[[[127.01801848882083, 37.23963326941043], [127.01800413969353, 37.24188670515783], [127.0208227387081, 37.2418981442083], [127.02083700393291, 37.2396447075329], [127.01801848882083, 37.23963326941043]]]",1
수원시,Feature,다사57ab16aa,Polygon,"[[[127.01800413969353, 37.24188670515783], [127.01798978896939, 37.244140140040884], [127.02080847189579, 37.24415158001938], [127.0208227387081, 37.2418981442083], [127.01800413969353, 37.24188670515783]]]",3
수원시,Feature,다사57ab16ab,Polygon,"[[[127.01798978896939, 37.244140140040884], [127.0179754366482, 37.24639357405955], [127.02079420349578, 37.24640501496612], [127.02080847189579, 37.24415158001938], [127.01798978896939, 37.244140140040884]]]",4
수원시,Feature,다사57ab16ba,Polygon,"[[[127.0179754366482, 37.24639357405955], [127.01796108272981, 37.248647007213805], [127.0207799335079, 37.248658449048534], [127.02079420349578, 37.24640501496612], [127.0179754366482, 37.24639357405955]]]",2
수원시,Feature,다사57ab16bb,Polygon,"[[[127.01796108272981, 37.248647007213805], [127.01794672721401, 37.25090043950364], [127.02076566193193, 37.250911882266564], [127.0207799335079, 37.248658449048534], [127.01796108272981, 37.248647007213805]]]",2
수원시,Feature,다사57ab17aa,Polygon,"[[[127.01794672721401, 37.25090043950364], [127.01793237010062, 37.25315387092903], [127.02075138876772, 37.25316531462021], [127.02076566193193, 37.250911882266564], [127.01794672721401, 37.25090043950364]]]",3
수원시,Feature,다사57ab17ab,Polygon,"[[[127.01793237010062, 37.25315387092903], [127.01791801138947, 37.25540730148998], [127.0207371140151, 37.255418746109456], [127.02075138876772, 37.25316531462021], [127.01793237010062, 37.25315387092903]]]",3
수원시,Feature,다사57ab17ba,Polygon,"[[[127.01791801138947, 37.25540730148998], [127.01790365108032, 37.25766073118644], [127.02072283767383, 37.25767217673428], [127.0207371140151, 37.255418746109456], [127.01791801138947, 37.25540730148998]]]",5
수원시,Feature,다사57ab17bb,Polygon,"[[[127.01790365108032, 37.25766073118644], [127.01788928917304, 37.25991416001839], [127.02070855974377, 37.25992560649465], [127.02072283767383, 37.25767217673428], [127.01790365108032, 37.25766073118644]]]",5
수원시,Feature,다사57ab18aa,Polygon,"[[[127.01788928917304, 37.25991416001839], [127.01787492566741, 37.262167587985836], [127.02069428022472, 37.26217903539056], [127.02070855974377, 37.25992560649465], [127.01788928917304, 37.25991416001839]]]",3
수원시,Feature,다사57ab18ab,Polygon,"[[[127.01787492566741, 37.262167587985836], [127.01786056056326, 37.26442101508875], [127.02067999911647, 37.264432463422], [127.02069428022472, 37.26217903539056], [127.01787492566741, 37.262167587985836]]]",2
수원시,Feature,다사57ab18ba,Polygon,"[[[127.01786056056326, 37.26442101508875], [127.01784619386042, 37.2666744413271], [127.02066571641888, 37.26668589058893], [127.02067999911647, 37.264432463422], [127.01786056056326, 37.26442101508875]]]",2
수원시,Feature,다사57ab18bb,Polygon,"[[[127.01784619386042, 37.2666744413271], [127.01783182555867, 37.26892786670087], [127.0206514321317, 37.268939316891334], [127.02066571641888, 37.26668589058893], [127.01784619386042, 37.2666744413271]]]",0
수원시,Feature,다사57ab19aa,Polygon,"[[[127.01783182555867, 37.26892786670087], [127.01781745565785, 37.27118129121005], [127.02063714625481, 37.271192742329205], [127.0206514321317, 37.268939316891334], [127.01783182555867, 37.26892786670087]]]",0
수원시,Feature,다사57ab19ab,Polygon,"[[[127.01781745565785, 37.27118129121005], [127.01780308415773, 37.27343471485462], [127.02062285878802, 37.273446166902524], [127.02063714625481, 37.271192742329205], [127.01781745565785, 37.27118129121005]]]",2
수원시,Feature,다사57ab19ba,Polygon,"[[[127.01780308415773, 37.27343471485462], [127.01778871105819, 37.27568813763458], [127.02060856973111, 37.27569959061126], [127.02062285878802, 37.273446166902524], [127.01780308415773, 37.27343471485462]]]",6
수원시,Feature,다사57ab19bb,Polygon,"[[[127.01778871105819, 37.27568813763458], [127.01777433635897, 37.277941559549866], [127.0205942790839, 37.27795301345542], [127.02060856973111, 37.27569959061126], [127.01778871105819, 37.27568813763458]]]",5
수원시,Feature,다사57ab20aa,Polygon,"[[[127.01777433635897, 37.277941559549866], [127.01775996005993, 37.28019498060048], [127.02057998684622, 37.28020643543494], [127.0205942790839, 37.27795301345542], [127.01777433635897, 37.277941559549866]]]",6
수원시,Feature,다사57ab20ab,Polygon,"[[[127.01775996005993, 37.28019498060048], [127.01774558216084, 37.28244840078642], [127.02056569301786, 37.28245985654984], [127.02057998684622, 37.28020643543494], [127.01775996005993, 37.28019498060048]]]",8
수원시,Feature,다사57ab20ba,Polygon,"[[[127.01774558216084, 37.28244840078642], [127.01773120266158, 37.28470182010766], [127.02055139759868, 37.28471327680008], [127.02056569301786, 37.28245985654984], [127.01774558216084, 37.28244840078642]]]",2
수원시,Feature,다사57ab20bb,Polygon,"[[[127.01773120266158, 37.28470182010766], [127.01771682156192, 37.28695523856416], [127.02053710058843, 37.286966696185665], [127.02055139759868, 37.28471327680008], [127.01773120266158, 37.28470182010766]]]",2
수원시,Feature,다사57ab21aa,Polygon,"[[[127.01771682156192, 37.28695523856416], [127.01770243886168, 37.28920865615592], [127.02052280198698, 37.28922011470655], [127.02053710058843, 37.286966696185665], [127.01771682156192, 37.28695523856416]]]",3
수원시,Feature,다사57ab21ab,Polygon,"[[[127.01770243886168, 37.28920865615592], [127.01768805456067, 37.291462072882915], [127.02050850179411, 37.29147353236272], [127.02052280198698, 37.28922011470655], [127.01770243886168, 37.28920865615592]]]",6
수원시,Feature,다사57ab21ba,Polygon,"[[[127.01768805456067, 37.291462072882915], [127.01767366865872, 37.293715488745136], [127.02049420000965, 37.293726949154184], [127.02050850179411, 37.29147353236272], [127.01768805456067, 37.291462072882915]]]",3
수원시,Feature,다사57ab21bb,Polygon,"[[[127.01767366865872, 37.293715488745136], [127.0176592811556, 37.295968903742555], [127.0204798966334, 37.29598036508088], [127.02049420000965, 37.293726949154184], [127.01767366865872, 37.293715488745136]]]",0
수원시,Feature,다사57ab22aa,Polygon,"[[[127.0176592811556, 37.295968903742555], [127.01764489205118, 37.298222317875144], [127.0204655916652, 37.298233780142816], [127.0204798966334, 37.29598036508088], [127.0176592811556, 37.295968903742555]]]",2
수원시,Feature,다사57ab22ab,Polygon,"[[[127.01764489205118, 37.298222317875144], [127.01763050134521, 37.30047573114291], [127.02045128510484, 37.30048719433998], [127.0204655916652, 37.298233780142816], [127.01764489205118, 37.298222317875144]]]",6
수원시,Feature,다사57ab22ba,Polygon,"[[[127.01763050134521, 37.30047573114291], [127.01761610903756, 37.302729143545804], [127.02043697695215, 37.30274060767234], [127.02045128510484, 37.30048719433998], [127.01763050134521, 37.30047573114291]]]",6
수원시,Feature,다사57ab22bb,Polygon,"[[[127.01761610903756, 37.302729143545804], [127.01760171512802, 37.304982555083825], [127.02042266720692, 37.30499402013986], [127.02043697695215, 37.30274060767234], [127.01761610903756, 37.302729143545804]]]",1
수원시,Feature,다사57ab23aa,Polygon,"[[[127.01760171512802, 37.304982555083825], [127.0175873196164, 37.307235965756966], [127.02040835586901, 37.30724743174255], [127.02042266720692, 37.30499402013986], [127.01760171512802, 37.304982555083825]]]",1
수원시,Feature,다사57ab23ab,Polygon,"[[[127.0175873196164, 37.307235965756966], [127.01757292250251, 37.309489375565164], [127.02039404293816, 37.30950084248038], [127.02040835586901, 37.30724743174255], [127.0175873196164, 37.307235965756966]]]",0
수원시,Feature,다사57ab23ba,Polygon,"[[[127.01757292250251, 37.309489375565164], [127.01755852378616, 37.311742784508446], [127.02037972841426, 37.31175425235333], [127.02039404293816, 37.30950084248038], [127.01757292250251, 37.309489375565164]]]",0
수원시,Feature,다사57ab23bb,Polygon,"[[[127.01755852378616, 37.311742784508446], [127.01754412346719, 37.313996192586785], [127.02036541229707, 37.314007661361394], [127.02037972841426, 37.31175425235333], [127.01755852378616, 37.311742784508446]]]",0
수원시,Feature,다사57ab24aa,Polygon,"[[[127.01754412346719, 37.313996192586785], [127.01752972154539, 37.316249599800145], [127.02035109458642, 37.316261069504534], [127.02036541229707, 37.314007661361394], [127.01754412346719, 37.313996192586785]]]",0
수원시,Feature,다사57ab24ab,Polygon,"[[[127.01752972154539, 37.316249599800145], [127.01751531802054, 37.31850300614852], [127.02033677528213, 37.31851447678274], [127.02035109458642, 37.316261069504534], [127.01752972154539, 37.316249599800145]]]",0
수원시,Feature,다사57ab24ba,Polygon,"[[[127.01751531802054, 37.31850300614852], [127.01750091289253, 37.320756411631876], [127.02032245438403, 37.32076788319599], [127.02033677528213, 37.31851447678274], [127.01751531802054, 37.31850300614852]]]",0
수원시,Feature,다사57ab24bb,Polygon,"[[[127.01750091289253, 37.320756411631876], [127.0174865061611, 37.323009816250206], [127.02030813189188, 37.323021288744265], [127.02032245438403, 37.32076788319599], [127.01750091289253, 37.320756411631876]]]",0
수원시,Feature,다사57ab25aa,Polygon,"[[[127.0174865061611, 37.323009816250206], [127.01747209782609, 37.3252632200035], [127.02029380780557, 37.32527469342756], [127.02030813189188, 37.323021288744265], [127.0174865061611, 37.323009816250206]]]",0
수원시,Feature,다사57ab25ab,Polygon,"[[[127.01747209782609, 37.3252632200035], [127.01745768788734, 37.327516622891714], [127.02027948212483, 37.32752809724584], [127.02029380780557, 37.32527469342756], [127.01747209782609, 37.3252632200035]]]",0
수원시,Feature,다사57ab25ba,Polygon,"[[[127.01745768788734, 37.327516622891714], [127.01744327634464, 37.329770024914865], [127.02026515484954, 37.329781500199076], [127.02027948212483, 37.32752809724584], [127.01745768788734, 37.327516622891714]]]",0
수원시,Feature,다사57ab25bb,Polygon,"[[[127.01744327634464, 37.329770024914865], [127.01742886319775, 37.3320234260729], [127.02025082597947, 37.33203490228729], [127.02026515484954, 37.329781500199076], [127.01744327634464, 37.329770024914865]]]",0
수원시,Feature,다사57ab26aa,Polygon,"[[[127.01742886319775, 37.3320234260729], [127.01741444844657, 37.33427682636582], [127.02023649551447, 37.33428830351042], [127.02025082597947, 37.33203490228729], [127.01742886319775, 37.3320234260729]]]",0
수원시,Feature,다사57ab26ab,Polygon,"[[[127.01741444844657, 37.33427682636582], [127.01740003209086, 37.33653022579362], [127.02022216345433, 37.336541703868484], [127.02023649551447, 37.33428830351042], [127.01741444844657, 37.33427682636582]]]",1
수원시,Feature,다사57ab26ba,Polygon,"[[[127.01740003209086, 37.33653022579362], [127.01738561413046, 37.338783624356225], [127.02020782979888, 37.33879510336143], [127.02022216345433, 37.336541703868484], [127.01740003209086, 37.33653022579362]]]",0
수원시,Feature,다사57ab26bb,Polygon,"[[[127.01738561413046, 37.338783624356225], [127.01737119456516, 37.341037022053676], [127.0201934945479, 37.34104850198925], [127.02020782979888, 37.33879510336143], [127.01738561413046, 37.338783624356225]]]",0
수원시,Feature,다사57ab27aa,Polygon,"[[[127.01737119456516, 37.341037022053676], [127.01735677339478, 37.34329041888592], [127.02017915770122, 37.34330189975194], [127.0201934945479, 37.34104850198925], [127.01737119456516, 37.341037022053676]]]",0
수원시,Feature,다사57ab27ab,Polygon,"[[[127.01735677339478, 37.34329041888592], [127.01734235061912, 37.34554381485296], [127.02016481925865, 37.345555296649465], [127.02017915770122, 37.34330189975194], [127.01735677339478, 37.34329041888592]]]",0
수원시,Feature,다사57ab27ba,Polygon,"[[[127.01734235061912, 37.34554381485296], [127.01732792623801, 37.34779720995475], [127.02015047922005, 37.3478086926818], [127.02016481925865, 37.345555296649465], [127.01734235061912, 37.34554381485296]]]",0
수원시,Feature,다사57ab27bb,Polygon,"[[[127.01732792623801, 37.34779720995475], [127.01731350025128, 37.35005060419129], [127.02013613758517, 37.350062087848954], [127.02015047922005, 37.3478086926818], [127.01732792623801, 37.34779720995475]]]",0
수원시,Feature,다사57ab28aa,Polygon,"[[[127.01731350025128, 37.35005060419129], [127.01729907265867, 37.352303997562565], [127.02012179435381, 37.35231548215088], [127.02013613758517, 37.350062087848954], [127.01731350025128, 37.35005060419129]]]",0
수원시,Feature,다사57ba14aa,Polygon,"[[[127.02093681607191, 37.223870626606036], [127.02092256195446, 37.226124069331085], [127.02374057543383, 37.22613543484033], [127.02375474571394, 37.22388199119312], [127.02093681607191, 37.223870626606036]]]",0
수원시,Feature,다사57ba14ab,Polygon,"[[[127.02092256195446, 37.226124069331085], [127.02090830625082, 37.228377511191944], [127.02372640357689, 37.2283888776234], [127.02374057543383, 37.22613543484033], [127.02092256195446, 37.226124069331085]]]",1
수원시,Feature,다사57ba14ba,Polygon,"[[[127.02090830625082, 37.228377511191944], [127.02089404896078, 37.230630952188605], [127.02371223014283, 37.23064231954233], [127.02372640357689, 37.2283888776234], [127.02090830625082, 37.228377511191944]]]",0
수원시,Feature,다사57ba14bb,Polygon,"[[[127.02089404896078, 37.230630952188605], [127.02087979008417, 37.23288439232105], [127.02369805513156, 37.232895760597096], [127.02371223014283, 37.23064231954233], [127.02089404896078, 37.230630952188605]]]",1
수원시,Feature,다사57ba15aa,Polygon,"[[[127.02087979008417, 37.23288439232105], [127.02086552962075, 37.235137831589256], [127.02368387854284, 37.23514920078769], [127.02369805513156, 37.232895760597096], [127.02087979008417, 37.23288439232105]]]",4
수원시,Feature,다사57ba15ab,Polygon,"[[[127.02086552962075, 37.235137831589256], [127.02085126757042, 37.23739126999322], [127.02366970037647, 37.23740264011407], [127.02368387854284, 37.23514920078769], [127.02086552962075, 37.235137831589256]]]",2
수원시,Feature,다사57ba15ba,Polygon,"[[[127.02085126757042, 37.23739126999322], [127.02083700393291, 37.2396447075329], [127.02365552063233, 37.239656078576246], [127.02366970037647, 37.23740264011407], [127.02085126757042, 37.23739126999322]]]",0
수원시,Feature,다사57ba15bb,Polygon,"[[[127.02083700393291, 37.2396447075329], [127.0208227387081, 37.2418981442083], [127.0236413393102, 37.241909516174175], [127.02365552063233, 37.239656078576246], [127.02083700393291, 37.2396447075329]]]",1
수원시,Feature,다사57ba16aa,Polygon,"[[[127.0208227387081, 37.2418981442083], [127.02080847189579, 37.24415158001938], [127.02362715640992, 37.24416295290785], [127.0236413393102, 37.241909516174175], [127.0208227387081, 37.2418981442083]]]",1
수원시,Feature,다사57ba16ab,Polygon,"[[[127.02080847189579, 37.24415158001938], [127.02079420349578, 37.24640501496612], [127.02361297193124, 37.24641638877724], [127.02362715640992, 37.24416295290785], [127.02080847189579, 37.24415158001938]]]",1
수원시,Feature,다사57ba16ba,Polygon,"[[[127.02079420349578, 37.24640501496612], [127.0207799335079, 37.248658449048534], [127.02359878587403, 37.24866982378236], [127.02361297193124, 37.24641638877724], [127.02079420349578, 37.24640501496612]]]",0
수원시,Feature,다사57ba16bb,Polygon,"[[[127.0207799335079, 37.248658449048534], [127.02076566193193, 37.250911882266564], [127.02358459823812, 37.250923257923134], [127.02359878587403, 37.24866982378236], [127.0207799335079, 37.248658449048534]]]",4
수원시,Feature,다사57ba17aa,Polygon,"[[[127.02076566193193, 37.250911882266564], [127.02075138876772, 37.25316531462021], [127.02357040902328, 37.253176691199606], [127.02358459823812, 37.250923257923134], [127.02076566193193, 37.250911882266564]]]",3
수원시,Feature,다사57ba17ab,Polygon,"[[[127.02075138876772, 37.25316531462021], [127.0207371140151, 37.255418746109456], [127.02355621822936, 37.25543012361171], [127.02357040902328, 37.253176691199606], [127.02075138876772, 37.25316531462021]]]",4
수원시,Feature,다사57ba17ba,Polygon,"[[[127.0207371140151, 37.255418746109456], [127.02072283767383, 37.25767217673428], [127.02354202585614, 37.257683555159446], [127.02355621822936, 37.25543012361171], [127.0207371140151, 37.255418746109456]]]",3
수원시,Feature,다사57ba17bb,Polygon,"[[[127.02072283767383, 37.25767217673428], [127.02070855974377, 37.25992560649465], [127.02352783190348, 37.2599369858428], [127.02354202585614, 37.257683555159446], [127.02072283767383, 37.25767217673428]]]",4
수원시,Feature,다사57ba18aa,Polygon,"[[[127.02070855974377, 37.25992560649465], [127.02069428022472, 37.26217903539056], [127.02351363637116, 37.26219041566173], [127.02352783190348, 37.2599369858428], [127.02070855974377, 37.25992560649465]]]",2
수원시,Feature,다사57ba18ab,Polygon,"[[[127.02069428022472, 37.26217903539056], [127.02067999911647, 37.264432463422], [127.02349943925901, 37.264443844616245], [127.02351363637116, 37.26219041566173], [127.02069428022472, 37.26217903539056]]]",9
수원시,Feature,다사57ba18ba,Polygon,"[[[127.02067999911647, 37.264432463422], [127.02066571641888, 37.26668589058893], [127.02348524056686, 37.26669727270632], [127.02349943925901, 37.264443844616245], [127.02067999911647, 37.264432463422]]]",1
수원시,Feature,다사57ba18bb,Polygon,"[[[127.02066571641888, 37.26668589058893], [127.0206514321317, 37.268939316891334], [127.02347104029447, 37.26895069993191], [127.02348524056686, 37.26669727270632], [127.02066571641888, 37.26668589058893]]]",2
수원시,Feature,다사57ba19aa,Polygon,"[[[127.0206514321317, 37.268939316891334], [127.02063714625481, 37.271192742329205], [127.02345683844173, 37.27120412629303], [127.02347104029447, 37.26895069993191], [127.0206514321317, 37.268939316891334]]]",0
수원시,Feature,다사57ba19ab,Polygon,"[[[127.02063714625481, 37.271192742329205], [127.02062285878802, 37.273446166902524], [127.02344263500841, 37.27345755178964], [127.02345683844173, 37.27120412629303], [127.02063714625481, 37.271192742329205]]]",1
수원시,Feature,다사57ba19ba,Polygon,"[[[127.02062285878802, 37.273446166902524], [127.02060856973111, 37.27569959061126], [127.02342842999433, 37.275710976421735], [127.02344263500841, 37.27345755178964], [127.02062285878802, 37.273446166902524]]]",7
수원시,Feature,다사57ba19bb,Polygon,"[[[127.02060856973111, 37.27569959061126], [127.0205942790839, 37.27795301345542], [127.02341422339931, 37.27796440018929], [127.02342842999433, 37.275710976421735], [127.02060856973111, 37.27569959061126]]]",12
수원시,Feature,다사57ba20aa,Polygon,"[[[127.0205942790839, 37.27795301345542], [127.02057998684622, 37.28020643543494], [127.02340001522317, 37.28021782309227], [127.02341422339931, 37.27796440018929], [127.0205942790839, 37.27795301345542]]]",7
수원시,Feature,다사57ba20ab,Polygon,"[[[127.02057998684622, 37.28020643543494], [127.02056569301786, 37.28245985654984], [127.02338580546572, 37.28247124513068], [127.02340001522317, 37.28021782309227], [127.02057998684622, 37.28020643543494]]]",7
수원시,Feature,다사57ba20ba,Polygon,"[[[127.02056569301786, 37.28245985654984], [127.02055139759868, 37.28471327680008], [127.02337159412679, 37.2847246663045], [127.02338580546572, 37.28247124513068], [127.02056569301786, 37.28245985654984]]]",5
수원시,Feature,다사57ba20bb,Polygon,"[[[127.02055139759868, 37.28471327680008], [127.02053710058843, 37.286966696185665], [127.02335738120615, 37.28697808661371], [127.02337159412679, 37.2847246663045], [127.02055139759868, 37.28471327680008]]]",20
수원시,Feature,다사57ba21aa,Polygon,"[[[127.02053710058843, 37.286966696185665], [127.02052280198698, 37.28922011470655], [127.02334316670365, 37.28923150605826], [127.02335738120615, 37.28697808661371], [127.02053710058843, 37.286966696185665]]]",4
수원시,Feature,다사57ba21ab,Polygon,"[[[127.02052280198698, 37.28922011470655], [127.02050850179411, 37.29147353236272], [127.02332895061913, 37.29148492463817], [127.02334316670365, 37.28923150605826], [127.02052280198698, 37.28922011470655]]]",7
수원시,Feature,다사57ba21ba,Polygon,"[[[127.02050850179411, 37.29147353236272], [127.02049420000965, 37.293726949154184], [127.02331473295237, 37.29373834235341], [127.02332895061913, 37.29148492463817], [127.02050850179411, 37.29147353236272]]]",7
수원시,Feature,다사57ba21bb,Polygon,"[[[127.02049420000965, 37.293726949154184], [127.0204798966334, 37.29598036508088], [127.02330051370318, 37.29599175920394], [127.02331473295237, 37.29373834235341], [127.02049420000965, 37.293726949154184]]]",3
수원시,Feature,다사57ba22aa,Polygon,"[[[127.0204798966334, 37.29598036508088], [127.0204655916652, 37.298233780142816], [127.02328629287138, 37.298245175189784], [127.02330051370318, 37.29599175920394], [127.0204798966334, 37.29598036508088]]]",1
수원시,Feature,다사57ba22ab,Polygon,"[[[127.0204655916652, 37.298233780142816], [127.02045128510484, 37.30048719433998], [127.02327207045681, 37.30049859031088], [127.02328629287138, 37.298245175189784], [127.0204655916652, 37.298233780142816]]]",5
수원시,Feature,다사57ba22ba,Polygon,"[[[127.02045128510484, 37.30048719433998], [127.02043697695215, 37.30274060767234], [127.02325784645925, 37.30275200456724], [127.02327207045681, 37.30049859031088], [127.02045128510484, 37.30048719433998]]]",2
수원시,Feature,다사57ba22bb,Polygon,"[[[127.02043697695215, 37.30274060767234], [127.02042266720692, 37.30499402013986], [127.02324362087853, 37.30500541795883], [127.02325784645925, 37.30275200456724], [127.02043697695215, 37.30274060767234]]]",0
수원시,Feature,다사57ba23aa,Polygon,"[[[127.02042266720692, 37.30499402013986], [127.02040835586901, 37.30724743174255], [127.02322939371449, 37.30725883048562], [127.02324362087853, 37.30500541795883], [127.02042266720692, 37.30499402013986]]]",0
수원시,Feature,다사57ba23ab,Polygon,"[[[127.02040835586901, 37.30724743174255], [127.02039404293816, 37.30950084248038], [127.0232151649669, 37.30951224214762], [127.02322939371449, 37.30725883048562], [127.02040835586901, 37.30724743174255]]]",2
수원시,Feature,다사57ba23ba,Polygon,"[[[127.02039404293816, 37.30950084248038], [127.02037972841426, 37.31175425235333], [127.02320093463561, 37.31176565294479], [127.0232151649669, 37.30951224214762], [127.02039404293816, 37.30950084248038]]]",0
수원시,Feature,다사57ba23bb,Polygon,"[[[127.02037972841426, 37.31175425235333], [127.02036541229707, 37.314007661361394], [127.0231867027204, 37.31401906287712], [127.02320093463561, 37.31176565294479], [127.02037972841426, 37.31175425235333]]]",2
수원시,Feature,다사57ba24aa,Polygon,"[[[127.02036541229707, 37.314007661361394], [127.02035109458642, 37.316261069504534], [127.02317246922111, 37.3162724719446], [127.0231867027204, 37.31401906287712], [127.02036541229707, 37.314007661361394]]]",0
수원시,Feature,다사57ba24ab,Polygon,"[[[127.02035109458642, 37.316261069504534], [127.02033677528213, 37.31851447678274], [127.02315823413755, 37.31852588014718], [127.02317246922111, 37.3162724719446], [127.02035109458642, 37.316261069504534]]]",0
수원시,Feature,다사57ba24ba,Polygon,"[[[127.02033677528213, 37.31851447678274], [127.02032245438403, 37.32076788319599], [127.02314399746955, 37.32077928748487], [127.02315823413755, 37.31852588014718], [127.02033677528213, 37.31851447678274]]]",1
수원시,Feature,다사57ba24bb,Polygon,"[[[127.02032245438403, 37.32076788319599], [127.02030813189188, 37.323021288744265], [127.0231297592169, 37.323032693957636], [127.02314399746955, 37.32077928748487], [127.02032245438403, 37.32076788319599]]]",0
수원시,Feature,다사57ba25aa,Polygon,"[[[127.02030813189188, 37.323021288744265], [127.02029380780557, 37.32527469342756], [127.0231155193794, 37.325286099565474], [127.0231297592169, 37.323032693957636], [127.02030813189188, 37.323021288744265]]]",0
수원시,Feature,다사57ba25ab,Polygon,"[[[127.02029380780557, 37.32527469342756], [127.02027948212483, 37.32752809724584], [127.0231012779569, 37.32753950430835], [127.0231155193794, 37.325286099565474], [127.02029380780557, 37.32527469342756]]]",0
수원시,Feature,다사57ba25ba,Polygon,"[[[127.02027948212483, 37.32752809724584], [127.02026515484954, 37.329781500199076], [127.02308703494921, 37.329792908186256], [127.0231012779569, 37.32753950430835], [127.02027948212483, 37.32752809724584]]]",0
수원시,Feature,다사57ba25bb,Polygon,"[[[127.02026515484954, 37.329781500199076], [127.02025082597947, 37.33203490228729], [127.02307279035615, 37.33204631119917], [127.02308703494921, 37.329792908186256], [127.02026515484954, 37.329781500199076]]]",0
수원시,Feature,다사57ba26aa,Polygon,"[[[127.02025082597947, 37.33203490228729], [127.02023649551447, 37.33428830351042], [127.0230585441775, 37.33429971334707], [127.02307279035615, 37.33204631119917], [127.02025082597947, 37.33203490228729]]]",0
수원시,Feature,다사57ba26ab,Polygon,"[[[127.02023649551447, 37.33428830351042], [127.02022216345433, 37.336541703868484], [127.0230442964131, 37.336553114629936], [127.0230585441775, 37.33429971334707], [127.02023649551447, 37.33428830351042]]]",0
수원시,Feature,다사57ba26ba,Polygon,"[[[127.02022216345433, 37.336541703868484], [127.02020782979888, 37.33879510336143], [127.02303004706278, 37.33880651504775], [127.0230442964131, 37.336553114629936], [127.02022216345433, 37.336541703868484]]]",1
수원시,Feature,다사57ba26bb,Polygon,"[[[127.02020782979888, 37.33879510336143], [127.0201934945479, 37.34104850198925], [127.0230157961263, 37.34105991460051], [127.02303004706278, 37.33880651504775], [127.02020782979888, 37.33879510336143]]]",0
수원시,Feature,다사57ba27aa,Polygon,"[[[127.0201934945479, 37.34104850198925], [127.02017915770122, 37.34330189975194], [127.02300154360353, 37.34331331328818], [127.0230157961263, 37.34105991460051], [127.0201934945479, 37.34104850198925]]]",0
수원시,Feature,다사57ba27ab,Polygon,"[[[127.02017915770122, 37.34330189975194], [127.02016481925865, 37.345555296649465], [127.02298728949425, 37.345566711110735], [127.02300154360353, 37.34331331328818], [127.02017915770122, 37.34330189975194]]]",0
수원시,Feature,다사57ba27ba,Polygon,"[[[127.02016481925865, 37.345555296649465], [127.02015047922005, 37.3478086926818], [127.02297303379832, 37.34782010806816], [127.02298728949425, 37.345566711110735], [127.02016481925865, 37.345555296649465]]]",0
수원시,Feature,다사57ba27bb,Polygon,"[[[127.02015047922005, 37.3478086926818], [127.02013613758517, 37.350062087848954], [127.02295877651548, 37.350073504160456], [127.02297303379832, 37.34782010806816], [127.02015047922005, 37.3478086926818]]]",0
수원시,Feature,다사57ba28aa,Polygon,"[[[127.02013613758517, 37.350062087848954], [127.02012179435381, 37.35231548215088], [127.0229445176456, 37.352326899387585], [127.02295877651548, 37.350073504160456], [127.02013613758517, 37.350062087848954]]]",0
수원시,Feature,다사57bb14ab,Polygon,"[[[127.02374057543383, 37.22613543484033], [127.02372640357689, 37.2283888776234], [127.02654450248, 37.22840017700282], [127.0265585904901, 37.22614673330297], [127.02374057543383, 37.22613543484033]]]",1
수원시,Feature,다사57bb14ba,Polygon,"[[[127.02372640357689, 37.2283888776234], [127.02371223014283, 37.23064231954233], [127.02653041290213, 37.230653619838584], [127.02654450248, 37.22840017700282], [127.02372640357689, 37.2283888776234]]]",1
수원시,Feature,다사57bb14bb,Polygon,"[[[127.02371223014283, 37.23064231954233], [127.02369805513156, 37.232895760597096], [127.02651632175639, 37.23290706181023], [127.02653041290213, 37.230653619838584], [127.02371223014283, 37.23064231954233]]]",1
수원시,Feature,다사57bb15aa,Polygon,"[[[127.02369805513156, 37.232895760597096], [127.02368387854284, 37.23514920078769], [127.02650222904253, 37.23516050291776], [127.02651632175639, 37.23290706181023], [127.02369805513156, 37.232895760597096]]]",9
수원시,Feature,다사57bb15ab,Polygon,"[[[127.02368387854284, 37.23514920078769], [127.02366970037647, 37.23740264011407], [127.02648813476037, 37.237413943161144], [127.02650222904253, 37.23516050291776], [127.02368387854284, 37.23514920078769]]]",3
수원시,Feature,다사57bb15ba,Polygon,"[[[127.02366970037647, 37.23740264011407], [127.02365552063233, 37.239656078576246], [127.02647403890975, 37.239667382540354], [127.02648813476037, 37.237413943161144], [127.02366970037647, 37.23740264011407]]]",1
수원시,Feature,다사57bb15bb,Polygon,"[[[127.02365552063233, 37.239656078576246], [127.0236413393102, 37.241909516174175], [127.02645994149047, 37.241920821055366], [127.02647403890975, 37.239667382540354], [127.02365552063233, 37.239656078576246]]]",2
수원시,Feature,다사57bb16aa,Polygon,"[[[127.0236413393102, 37.241909516174175], [127.02362715640992, 37.24416295290785], [127.02644584250237, 37.244174258706195], [127.02645994149047, 37.241920821055366], [127.0236413393102, 37.241909516174175]]]",0
수원시,Feature,다사57bb16ab,Polygon,"[[[127.02362715640992, 37.24416295290785], [127.02361297193124, 37.24641638877724], [127.02643174194523, 37.2464276954928], [127.02644584250237, 37.244174258706195], [127.02362715640992, 37.24416295290785]]]",1
수원시,Feature,다사57bb16ba,Polygon,"[[[127.02361297193124, 37.24641638877724], [127.02359878587403, 37.24866982378236], [127.02641763981892, 37.24868113141517], [127.02643174194523, 37.2464276954928], [127.02361297193124, 37.24641638877724]]]",0
수원시,Feature,다사57bb16bb,Polygon,"[[[127.02359878587403, 37.24866982378236], [127.02358459823812, 37.250923257923134], [127.02640353612318, 37.25093456647326], [127.02641763981892, 37.24868113141517], [127.02359878587403, 37.24866982378236]]]",4
수원시,Feature,다사57bb17aa,Polygon,"[[[127.02358459823812, 37.250923257923134], [127.02357040902328, 37.253176691199606], [127.02638943085792, 37.253188000667095], [127.02640353612318, 37.25093456647326], [127.02358459823812, 37.250923257923134]]]",4
수원시,Feature,다사57bb17ab,Polygon,"[[[127.02357040902328, 37.253176691199606], [127.02355621822936, 37.25543012361171], [127.02637532402288, 37.25544143399662], [127.02638943085792, 37.253188000667095], [127.02357040902328, 37.253176691199606]]]",2
수원시,Feature,다사57bb17ba,Polygon,"[[[127.02355621822936, 37.25543012361171], [127.02354202585614, 37.257683555159446], [127.02636121561792, 37.25769486646183], [127.02637532402288, 37.25544143399662], [127.02355621822936, 37.25543012361171]]]",8
수원시,Feature,다사57bb17bb,Polygon,"[[[127.02354202585614, 37.257683555159446], [127.02352783190348, 37.2599369858428], [127.02634710564283, 37.25994829806271], [127.02636121561792, 37.25769486646183], [127.02354202585614, 37.257683555159446]]]",4
수원시,Feature,다사57bb18aa,Polygon,"[[[127.02352783190348, 37.2599369858428], [127.02351363637116, 37.26219041566173], [127.02633299409744, 37.26220172879923], [127.02634710564283, 37.25994829806271], [127.02352783190348, 37.2599369858428]]]",3
수원시,Feature,다사57bb18ab,Polygon,"[[[127.02351363637116, 37.26219041566173], [127.02349943925901, 37.264443844616245], [127.02631888098156, 37.264455158671375], [127.02633299409744, 37.26220172879923], [127.02351363637116, 37.26219041566173]]]",4
수원시,Feature,다사57bb18ba,Polygon,"[[[127.02349943925901, 37.264443844616245], [127.02348524056686, 37.26669727270632], [127.02630476629501, 37.26670858767913], [127.02631888098156, 37.264455158671375], [127.02349943925901, 37.264443844616245]]]",6
수원시,Feature,다사57bb18bb,Polygon,"[[[127.02348524056686, 37.26669727270632], [127.02347104029447, 37.26895069993191], [127.02629065003762, 37.268962015822474], [127.02630476629501, 37.26670858767913], [127.02348524056686, 37.26669727270632]]]",5
수원시,Feature,다사57bb19aa,Polygon,"[[[127.02347104029447, 37.26895069993191], [127.02345683844173, 37.27120412629303], [127.02627653220921, 37.271215443101376], [127.02629065003762, 37.268962015822474], [127.02347104029447, 37.26895069993191]]]",5
수원시,Feature,다사57bb19ab,Polygon,"[[[127.02345683844173, 37.27120412629303], [127.02344263500841, 37.27345755178964], [127.02626241280954, 37.273468869515845], [127.02627653220921, 37.271215443101376], [127.02345683844173, 37.27120412629303]]]",6
수원시,Feature,다사57bb19ba,Polygon,"[[[127.02344263500841, 37.27345755178964], [127.02342842999433, 37.275710976421735], [127.0262482918385, 37.27572229506585], [127.02626241280954, 37.273468869515845], [127.02344263500841, 37.27345755178964]]]",5
수원시,Feature,다사57bb19bb,Polygon,"[[[127.02342842999433, 37.275710976421735], [127.02341422339931, 37.27796440018929], [127.02623416929585, 37.27797571975135], [127.0262482918385, 37.27572229506585], [127.02342842999433, 37.275710976421735]]]",10
수원시,Feature,다사57bb20aa,Polygon,"[[[127.02341422339931, 37.27796440018929], [127.02340001522317, 37.28021782309227], [127.02622004518143, 37.28022914357235], [127.02623416929585, 37.27797571975135], [127.02341422339931, 37.27796440018929]]]",9
수원시,Feature,다사57bb20ab,Polygon,"[[[127.02340001522317, 37.28021782309227], [127.02338580546572, 37.28247124513068], [127.02620591949507, 37.28248256652883], [127.02622004518143, 37.28022914357235], [127.02340001522317, 37.28021782309227]]]",6
수원시,Feature,다사57bb20ba,Polygon,"[[[127.02338580546572, 37.28247124513068], [127.02337159412679, 37.2847246663045], [127.02619179223657, 37.28473598862077], [127.02620591949507, 37.28248256652883], [127.02338580546572, 37.28247124513068]]]",11
수원시,Feature,다사57bb20bb,Polygon,"[[[127.02337159412679, 37.2847246663045], [127.02335738120615, 37.28697808661371], [127.02617766340575, 37.28698940984814], [127.02619179223657, 37.28473598862077], [127.02337159412679, 37.2847246663045]]]",9
수원시,Feature,다사57bb21aa,Polygon,"[[[127.02335738120615, 37.28697808661371], [127.02334316670365, 37.28923150605826], [127.02616353300242, 37.289242830210924], [127.02617766340575, 37.28698940984814], [127.02335738120615, 37.28697808661371]]]",0
수원시,Feature,다사57bb21ab,Polygon,"[[[127.02334316670365, 37.28923150605826], [127.02332895061913, 37.29148492463817], [127.0261494010264, 37.29149624970911], [127.02616353300242, 37.289242830210924], [127.02334316670365, 37.28923150605826]]]",2
수원시,Feature,다사57bb21ba,Polygon,"[[[127.02332895061913, 37.29148492463817], [127.02331473295237, 37.29373834235341], [127.0261352674775, 37.29374966834269], [127.0261494010264, 37.29149624970911], [127.02332895061913, 37.29148492463817]]]",9
수원시,Feature,다사57bb21bb,Polygon,"[[[127.02331473295237, 37.29373834235341], [127.02330051370318, 37.29599175920394], [127.02612113235554, 37.296003086111625], [127.0261352674775, 37.29374966834269], [127.02331473295237, 37.29373834235341]]]",5
수원시,Feature,다사57bb22aa,Polygon,"[[[127.02330051370318, 37.29599175920394], [127.02328629287138, 37.298245175189784], [127.02610699566036, 37.29825650301589], [127.02612113235554, 37.296003086111625], [127.02330051370318, 37.29599175920394]]]",0
수원시,Feature,다사57bb22ab,Polygon,"[[[127.02328629287138, 37.298245175189784], [127.02327207045681, 37.30049859031088], [127.02609285739175, 37.30050991905549], [127.02610699566036, 37.29825650301589], [127.02328629287138, 37.298245175189784]]]",1
수원시,Feature,다사57bb22ba,Polygon,"[[[127.02327207045681, 37.30049859031088], [127.02325784645925, 37.30275200456724], [127.02607871754952, 37.302763334230406], [127.02609285739175, 37.30050991905549], [127.02327207045681, 37.30049859031088]]]",0
수원시,Feature,다사57bb22bb,Polygon,"[[[127.02325784645925, 37.30275200456724], [127.02324362087853, 37.30500541795883], [127.0260645761335, 37.305016748540595], [127.02607871754952, 37.302763334230406], [127.02325784645925, 37.30275200456724]]]",0
수원시,Feature,다사57bb23aa,Polygon,"[[[127.02324362087853, 37.30500541795883], [127.02322939371449, 37.30725883048562], [127.0260504331435, 37.30727016198606], [127.0260645761335, 37.305016748540595], [127.02324362087853, 37.30500541795883]]]",0
수원시,Feature,다사57bb23ab,Polygon,"[[[127.02322939371449, 37.30725883048562], [127.0232151649669, 37.30951224214762], [127.02603628857935, 37.30952357456677], [127.0260504331435, 37.30727016198606], [127.02322939371449, 37.30725883048562]]]",0
수원시,Feature,다사57bb23ba,Polygon,"[[[127.0232151649669, 37.30951224214762], [127.02320093463561, 37.31176565294479], [127.02602214244084, 37.3117769862827], [127.02603628857935, 37.30952357456677], [127.0232151649669, 37.30951224214762]]]",0
수원시,Feature,다사57bb23bb,Polygon,"[[[127.02320093463561, 37.31176565294479], [127.0231867027204, 37.31401906287712], [127.02600799472782, 37.31403039713387], [127.02602214244084, 37.3117769862827], [127.02320093463561, 37.31176565294479]]]",0
수원시,Feature,다사57bb24aa,Polygon,"[[[127.0231867027204, 37.31401906287712], [127.02317246922111, 37.3162724719446], [127.02599384544008, 37.31628380712021], [127.02600799472782, 37.31403039713387], [127.0231867027204, 37.31401906287712]]]",0
수원시,Feature,다사57bb24ab,Polygon,"[[[127.02317246922111, 37.3162724719446], [127.02315823413755, 37.31852588014718], [127.02597969457743, 37.318537216241715], [127.02599384544008, 37.31628380712021], [127.02317246922111, 37.3162724719446]]]",0
수원시,Feature,다사57bb24ba,Polygon,"[[[127.02315823413755, 37.31852588014718], [127.02314399746955, 37.32077928748487], [127.0259655421397, 37.320790624498386], [127.02597969457743, 37.318537216241715], [127.02315823413755, 37.31852588014718]]]",0
수원시,Feature,다사57bb24bb,Polygon,"[[[127.02314399746955, 37.32077928748487], [127.0231297592169, 37.323032693957636], [127.02595138812671, 37.3230440318902], [127.0259655421397, 37.320790624498386], [127.02314399746955, 37.32077928748487]]]",0
수원시,Feature,다사57bb25aa,Polygon,"[[[127.0231297592169, 37.323032693957636], [127.0231155193794, 37.325286099565474], [127.02593723253827, 37.325297438417124], [127.02595138812671, 37.3230440318902], [127.0231297592169, 37.323032693957636]]]",0
수원시,Feature,다사57bb25ab,Polygon,"[[[127.0231155193794, 37.325286099565474], [127.0231012779569, 37.32753950430835], [127.02592307537418, 37.32755084407914], [127.02593723253827, 37.325297438417124], [127.0231155193794, 37.325286099565474]]]",0
수원시,Feature,다사57bb25ba,Polygon,"[[[127.0231012779569, 37.32753950430835], [127.02308703494921, 37.329792908186256], [127.0259089166343, 37.32980424887626], [127.02592307537418, 37.32755084407914], [127.0231012779569, 37.32753950430835]]]",0
수원시,Feature,다사57bb25bb,Polygon,"[[[127.02308703494921, 37.329792908186256], [127.02307279035615, 37.33204631119917], [127.02589475631838, 37.332057652808416], [127.0259089166343, 37.32980424887626], [127.02308703494921, 37.329792908186256]]]",0
수원시,Feature,다사57bb26aa,Polygon,"[[[127.02307279035615, 37.33204631119917], [127.0230585441775, 37.33429971334707], [127.02588059442628, 37.33431105587563], [127.02589475631838, 37.332057652808416], [127.02307279035615, 37.33204631119917]]]",0
수원시,Feature,다사57bb26ab,Polygon,"[[[127.0230585441775, 37.33429971334707], [127.0230442964131, 37.336553114629936], [127.02586643095783, 37.336564458077866], [127.02588059442628, 37.33431105587563], [127.0230585441775, 37.33429971334707]]]",0
수원시,Feature,다사57bb26ba,Polygon,"[[[127.0230442964131, 37.336553114629936], [127.02303004706278, 37.33880651504775], [127.02585226591282, 37.338817859415094], [127.02586643095783, 37.336564458077866], [127.0230442964131, 37.336553114629936]]]",0
수원시,Feature,다사57bb26bb,Polygon,"[[[127.02303004706278, 37.33880651504775], [127.0230157961263, 37.34105991460051], [127.02583809929104, 37.34107125988732], [127.02585226591282, 37.338817859415094], [127.02303004706278, 37.33880651504775]]]",0
수원시,Feature,다사57bb27aa,Polygon,"[[[127.0230157961263, 37.34105991460051], [127.02300154360353, 37.34331331328818], [127.02582393109236, 37.343324659494506], [127.02583809929104, 37.34107125988732], [127.0230157961263, 37.34105991460051]]]",0
수원시,Feature,다사57bb27ab,Polygon,"[[[127.02300154360353, 37.34331331328818], [127.02298728949425, 37.345566711110735], [127.02580976131655, 37.345578058236654], [127.02582393109236, 37.343324659494506], [127.02300154360353, 37.34331331328818]]]",0
수원시,Feature,다사57bb27ba,Polygon,"[[[127.02298728949425, 37.345566711110735], [127.02297303379832, 37.34782010806816], [127.02579558996345, 37.34783145611371], [127.02580976131655, 37.345578058236654], [127.02298728949425, 37.345566711110735]]]",0
수원시,Feature,다사57bb27bb,Polygon,"[[[127.02297303379832, 37.34782010806816], [127.02295877651548, 37.350073504160456], [127.02578141703287, 37.350084853125686], [127.02579558996345, 37.34783145611371], [127.02297303379832, 37.34782010806816]]]",0
수원시,Feature,다사58aa14ba,Polygon,"[[[127.02654450248, 37.22840017700282], [127.02653041290213, 37.230653619838584], [127.02934859722937, 37.23066485307724], [127.02936260295084, 37.2284114093301], [127.02654450248, 37.22840017700282]]]",1
수원시,Feature,다사58aa14bb,Polygon,"[[[127.02653041290213, 37.230653619838584], [127.02651632175639, 37.23290706181023], [127.02933458994933, 37.23291829596034], [127.02934859722937, 37.23066485307724], [127.02653041290213, 37.230653619838584]]]",0
수원시,Feature,다사58aa15aa,Polygon,"[[[127.02651632175639, 37.23290706181023], [127.02650222904253, 37.23516050291776], [127.02932058111048, 37.23517173797934], [127.02933458994933, 37.23291829596034], [127.02651632175639, 37.23290706181023]]]",4
수원시,Feature,다사58aa15ab,Polygon,"[[[127.02650222904253, 37.23516050291776], [127.02648813476037, 37.237413943161144], [127.02930657071272, 37.23742517913428], [127.02932058111048, 37.23517173797934], [127.02650222904253, 37.23516050291776]]]",1
수원시,Feature,다사58aa15ba,Polygon,"[[[127.02648813476037, 37.237413943161144], [127.02647403890975, 37.239667382540354], [127.02929255875581, 37.23967861942509], [127.02930657071272, 37.23742517913428], [127.02648813476037, 37.237413943161144]]]",3
수원시,Feature,다사58aa15bb,Polygon,"[[[127.02647403890975, 37.239667382540354], [127.02645994149047, 37.241920821055366], [127.02927854523956, 37.24193205885177], [127.02929255875581, 37.23967861942509], [127.02647403890975, 37.239667382540354]]]",2
수원시,Feature,다사58aa16aa,Polygon,"[[[127.02645994149047, 37.241920821055366], [127.02644584250237, 37.244174258706195], [127.02926453016386, 37.24418549741429], [127.02927854523956, 37.24193205885177], [127.02645994149047, 37.241920821055366]]]",0
수원시,Feature,다사58aa16ab,Polygon,"[[[127.02644584250237, 37.244174258706195], [127.02643174194523, 37.2464276954928], [127.02925051352844, 37.24643893511267], [127.02926453016386, 37.24418549741429], [127.02644584250237, 37.244174258706195]]]",1
수원시,Feature,다사58aa16ba,Polygon,"[[[127.02643174194523, 37.2464276954928], [127.02641763981892, 37.24868113141517], [127.02923649533317, 37.248692371946845], [127.02925051352844, 37.24643893511267], [127.02643174194523, 37.2464276954928]]]",3
수원시,Feature,다사58aa16bb,Polygon,"[[[127.02641763981892, 37.24868113141517], [127.02640353612318, 37.25093456647326], [127.02922247557785, 37.250945807916814], [127.02923649533317, 37.248692371946845], [127.02641763981892, 37.24868113141517]]]",2
수원시,Feature,다사58aa17aa,Polygon,"[[[127.02640353612318, 37.25093456647326], [127.02638943085792, 37.253188000667095], [127.0292084542623, 37.25319924302257], [127.02922247557785, 37.250945807916814], [127.02640353612318, 37.25093456647326]]]",4
수원시,Feature,다사58aa17ab,Polygon,"[[[127.02638943085792, 37.253188000667095], [127.02637532402288, 37.25544143399662], [127.02919443138634, 37.255452677264074], [127.0292084542623, 37.25319924302257], [127.02638943085792, 37.253188000667095]]]",3
수원시,Feature,다사58aa17ba,Polygon,"[[[127.02637532402288, 37.25544143399662], [127.02636121561792, 37.25769486646183], [127.0291804069498, 37.257706110641315], [127.02919443138634, 37.255452677264074], [127.02637532402288, 37.25544143399662]]]",2
수원시,Feature,다사58aa17bb,Polygon,"[[[127.02636121561792, 37.25769486646183], [127.02634710564283, 37.25994829806271], [127.02916638095249, 37.25995954315427], [127.0291804069498, 37.257706110641315], [127.02636121561792, 37.25769486646183]]]",1
수원시,Feature,다사58aa18aa,Polygon,"[[[127.02634710564283, 37.25994829806271], [127.02633299409744, 37.26220172879923], [127.02915235339422, 37.26221297480293], [127.02916638095249, 37.25995954315427], [127.02634710564283, 37.25994829806271]]]",6
수원시,Feature,다사58aa18ab,Polygon,"[[[127.02633299409744, 37.26220172879923], [127.02631888098156, 37.264455158671375], [127.02913832427478, 37.26446640558728], [127.02915235339422, 37.26221297480293], [127.02633299409744, 37.26220172879923]]]",3
수원시,Feature,다사58aa18ba,Polygon,"[[[127.02631888098156, 37.264455158671375], [127.02630476629501, 37.26670858767913], [127.02912429359407, 37.26671983550727], [127.02913832427478, 37.26446640558728], [127.02631888098156, 37.264455158671375]]]",1
수원시,Feature,다사58aa18bb,Polygon,"[[[127.02630476629501, 37.26670858767913], [127.02629065003762, 37.268962015822474], [127.0291102613518, 37.2689732645629], [127.02912429359407, 37.26671983550727], [127.02630476629501, 37.26670858767913]]]",2
수원시,Feature,다사58aa19aa,Polygon,"[[[127.02629065003762, 37.268962015822474], [127.02627653220921, 37.271215443101376], [127.0290962275479, 37.271226692754155], [127.0291102613518, 37.2689732645629], [127.02629065003762, 37.268962015822474]]]",2
수원시,Feature,다사58aa19ab,Polygon,"[[[127.02627653220921, 37.271215443101376], [127.02626241280954, 37.273468869515845], [127.02908219218209, 37.27348012008103], [127.0290962275479, 37.271226692754155], [127.02627653220921, 37.271215443101376]]]",2
수원시,Feature,다사58aa19ba,Polygon,"[[[127.02626241280954, 37.273468869515845], [127.0262482918385, 37.27572229506585], [127.02906815525424, 37.27573354654349], [127.02908219218209, 37.27348012008103], [127.02626241280954, 37.273468869515845]]]",3
수원시,Feature,다사58aa19bb,Polygon,"[[[127.0262482918385, 37.27572229506585], [127.02623416929585, 37.27797571975135], [127.02905411676416, 37.27798697214151], [127.02906815525424, 37.27573354654349], [127.0262482918385, 37.27572229506585]]]",3
수원시,Feature,다사58aa20aa,Polygon,"[[[127.02623416929585, 37.27797571975135], [127.02622004518143, 37.28022914357235], [127.02904007671165, 37.280240396875065], [127.02905411676416, 37.27798697214151], [127.02623416929585, 37.27797571975135]]]",4
수원시,Feature,다사58aa20ab,Polygon,"[[[127.02622004518143, 37.28022914357235], [127.02620591949507, 37.28248256652883], [127.02902603509656, 37.28249382074417], [127.02904007671165, 37.280240396875065], [127.02622004518143, 37.28022914357235]]]",9
수원시,Feature,다사58aa20ba,Polygon,"[[[127.02620591949507, 37.28248256652883], [127.02619179223657, 37.28473598862077], [127.0290119919187, 37.284747243748775], [127.02902603509656, 37.28249382074417], [127.02620591949507, 37.28248256652883]]]",7
수원시,Feature,다사58aa20bb,Polygon,"[[[127.02619179223657, 37.28473598862077], [127.02617766340575, 37.28698940984814], [127.02899794717786, 37.28700066588887], [127.0290119919187, 37.284747243748775], [127.02619179223657, 37.28473598862077]]]",4
수원시,Feature,다사58aa21aa,Polygon,"[[[127.02617766340575, 37.28698940984814], [127.02616353300242, 37.289242830210924], [127.02898390087385, 37.28925408716444], [127.02899794717786, 37.28700066588887], [127.02617766340575, 37.28698940984814]]]",8
수원시,Feature,다사58aa21ab,Polygon,"[[[127.02616353300242, 37.289242830210924], [127.0261494010264, 37.29149624970911], [127.02896985300653, 37.291507507575474], [127.02898390087385, 37.28925408716444], [127.02616353300242, 37.289242830210924]]]",2
수원시,Feature,다사58aa21ba,Polygon,"[[[127.0261494010264, 37.29149624970911], [127.0261352674775, 37.29374966834269], [127.0289558035757, 37.29376092712193], [127.02896985300653, 37.291507507575474], [127.0261494010264, 37.29149624970911]]]",6
수원시,Feature,다사58aa21bb,Polygon,"[[[127.0261352674775, 37.29374966834269], [127.02612113235554, 37.296003086111625], [127.02894175258116, 37.2960143458038], [127.0289558035757, 37.29376092712193], [127.0261352674775, 37.29374966834269]]]",7
수원시,Feature,다사58aa22aa,Polygon,"[[[127.02612113235554, 37.296003086111625], [127.02610699566036, 37.29825650301589], [127.02892770002275, 37.29826776362107], [127.02894175258116, 37.2960143458038], [127.02612113235554, 37.296003086111625]]]",7
수원시,Feature,다사58aa22ab,Polygon,"[[[127.02610699566036, 37.29825650301589], [127.02609285739175, 37.30050991905549], [127.02891364590029, 37.30052118057371], [127.02892770002275, 37.29826776362107], [127.02610699566036, 37.29825650301589]]]",2
수원시,Feature,다사58aa22ba,Polygon,"[[[127.02609285739175, 37.30050991905549], [127.02607871754952, 37.302763334230406], [127.02889959021358, 37.30277459666173], [127.02891364590029, 37.30052118057371], [127.02609285739175, 37.30050991905549]]]",1
수원시,Feature,다사58aa22bb,Polygon,"[[[127.02607871754952, 37.302763334230406], [127.0260645761335, 37.305016748540595], [127.02888553296242, 37.30502801188507], [127.02889959021358, 37.30277459666173], [127.02607871754952, 37.302763334230406]]]",0
수원시,Feature,다사58aa23aa,Polygon,"[[[127.0260645761335, 37.305016748540595], [127.0260504331435, 37.30727016198606], [127.02887147414668, 37.30728142624374], [127.02888553296242, 37.30502801188507], [127.0260645761335, 37.305016748540595]]]",0
수원시,Feature,다사58aa23ab,Polygon,"[[[127.0260504331435, 37.30727016198606], [127.02603628857935, 37.30952357456677], [127.02885741376615, 37.30953483973771], [127.02887147414668, 37.30728142624374], [127.0260504331435, 37.30727016198606]]]",1
수원시,Feature,다사58aa23ba,Polygon,"[[[127.02603628857935, 37.30952357456677], [127.02602214244084, 37.3117769862827], [127.02884335182064, 37.31178825236697], [127.02885741376615, 37.30953483973771], [127.02603628857935, 37.30952357456677]]]",0
수원시,Feature,다사58aa23bb,Polygon,"[[[127.02602214244084, 37.3117769862827], [127.02600799472782, 37.31403039713387], [127.02882928830994, 37.31404166413149], [127.02884335182064, 37.31178825236697], [127.02602214244084, 37.3117769862827]]]",0
수원시,Feature,다사58aa24aa,Polygon,"[[[127.02600799472782, 37.31403039713387], [127.02599384544008, 37.31628380712021], [127.02881522323393, 37.316295075031256], [127.02882928830994, 37.31404166413149], [127.02600799472782, 37.31403039713387]]]",0
수원시,Feature,다사58aa24ab,Polygon,"[[[127.02599384544008, 37.31628380712021], [127.02597969457743, 37.318537216241715], [127.02880115659238, 37.31854848506624], [127.02881522323393, 37.316295075031256], [127.02599384544008, 37.31628380712021]]]",0
수원시,Feature,다사58aa24ba,Polygon,"[[[127.02597969457743, 37.318537216241715], [127.0259655421397, 37.320790624498386], [127.02878708838512, 37.320801894236446], [127.02880115659238, 37.31854848506624], [127.02597969457743, 37.318537216241715]]]",0
수원시,Feature,다사58aa24bb,Polygon,"[[[127.0259655421397, 37.320790624498386], [127.02595138812671, 37.3230440318902], [127.02877301861196, 37.32305530254184], [127.02878708838512, 37.320801894236446], [127.0259655421397, 37.320790624498386]]]",0
수원시,Feature,다사58aa25aa,Polygon,"[[[127.02595138812671, 37.3230440318902], [127.02593723253827, 37.325297438417124], [127.02875894727275, 37.32530870998241], [127.02877301861196, 37.32305530254184], [127.02595138812671, 37.3230440318902]]]",1
수원시,Feature,다사58aa25ab,Polygon,"[[[127.02593723253827, 37.325297438417124], [127.02592307537418, 37.32755084407914], [127.02874487436729, 37.32756211655812], [127.02875894727275, 37.32530870998241], [127.02593723253827, 37.325297438417124]]]",0
수원시,Feature,다사58aa25ba,Polygon,"[[[127.02592307537418, 37.32755084407914], [127.0259089166343, 37.32980424887626], [127.02873079989536, 37.329815522268966], [127.02874487436729, 37.32756211655812], [127.02592307537418, 37.32755084407914]]]",0
수원시,Feature,다사58aa25bb,Polygon,"[[[127.0259089166343, 37.32980424887626], [127.02589475631838, 37.332057652808416], [127.02871672385682, 37.332068927114946], [127.02873079989536, 37.329815522268966], [127.0259089166343, 37.32980424887626]]]",0
수원시,Feature,다사58aa26aa,Polygon,"[[[127.02589475631838, 37.332057652808416], [127.02588059442628, 37.33431105587563], [127.02870264625146, 37.334322331096004], [127.02871672385682, 37.332068927114946], [127.02589475631838, 37.332057652808416]]]",0
수원시,Feature,다사58aa26ab,Polygon,"[[[127.02588059442628, 37.33431105587563], [127.02586643095783, 37.336564458077866], [127.0286885670791, 37.33657573421213], [127.02870264625146, 37.334322331096004], [127.02588059442628, 37.33431105587563]]]",0
수원시,Feature,다사58aa26ba,Polygon,"[[[127.02586643095783, 37.336564458077866], [127.02585226591282, 37.338817859415094], [127.0286744863396, 37.33882913646333], [127.0286885670791, 37.33657573421213], [127.02586643095783, 37.336564458077866]]]",0
수원시,Feature,다사58aa26bb,Polygon,"[[[127.02585226591282, 37.338817859415094], [127.02583809929104, 37.34107125988732], [127.0286604040327, 37.34108253784957], [127.0286744863396, 37.33882913646333], [127.02585226591282, 37.338817859415094]]]",0
수원시,Feature,다사58aa27aa,Polygon,"[[[127.02583809929104, 37.34107125988732], [127.02582393109236, 37.343324659494506], [127.02864632015827, 37.343335938370835], [127.0286604040327, 37.34108253784957], [127.02583809929104, 37.34107125988732]]]",0
수원시,Feature,다사58aa27ab,Polygon,"[[[127.02582393109236, 37.343324659494506], [127.02580976131655, 37.345578058236654], [127.02863223471613, 37.34558933802709], [127.02864632015827, 37.343335938370835], [127.02582393109236, 37.343324659494506]]]",0
수원시,Feature,다사58aa27ba,Polygon,"[[[127.02580976131655, 37.345578058236654], [127.02579558996345, 37.34783145611371], [127.02861814770607, 37.34784273681833], [127.02863223471613, 37.34558933802709], [127.02580976131655, 37.345578058236654]]]",0
수원시,Feature,다사58aa27bb,Polygon,"[[[127.02579558996345, 37.34783145611371], [127.02578141703287, 37.350084853125686], [127.02860405912793, 37.350096134744526], [127.02861814770607, 37.34784273681833], [127.02579558996345, 37.34783145611371]]]",0
수원시,Feature,다사58ab14bb,Polygon,"[[[127.02934859722937, 37.23066485307724], [127.02933458994933, 37.23291829596034], [127.03215285970103, 37.23292946304728], [127.03216678311519, 37.2306760192582], [127.02934859722937, 37.23066485307724]]]",0
수원시,Feature,다사58ab15aa,Polygon,"[[[127.02933458994933, 37.23291829596034], [127.02932058111048, 37.23517173797934], [127.03213893473743, 37.23518290597235], [127.03215285970103, 37.23292946304728], [127.02933458994933, 37.23291829596034]]]",0
수원시,Feature,다사58ab15ab,Polygon,"[[[127.02932058111048, 37.23517173797934], [127.02930657071272, 37.23742517913428], [127.03212500822421, 37.237436348033384], [127.03213893473743, 37.23518290597235], [127.02932058111048, 37.23517173797934]]]",3
수원시,Feature,다사58ab15ba,Polygon,"[[[127.02930657071272, 37.23742517913428], [127.02929255875581, 37.23967861942509], [127.03211108016119, 37.23968978923036], [127.03212500822421, 37.237436348033384], [127.02930657071272, 37.23742517913428]]]",5
수원시,Feature,다사58ab15bb,Polygon,"[[[127.02929255875581, 37.23967861942509], [127.02927854523956, 37.24193205885177], [127.03209715054818, 37.241943229563255], [127.03211108016119, 37.23968978923036], [127.02929255875581, 37.23967861942509]]]",4
수원시,Feature,다사58ab16aa,Polygon,"[[[127.02927854523956, 37.24193205885177], [127.02926453016386, 37.24418549741429], [127.03208321938503, 37.24419666903204], [127.03209715054818, 37.241943229563255], [127.02927854523956, 37.24193205885177]]]",3
수원시,Feature,다사58ab16ab,Polygon,"[[[127.02926453016386, 37.24418549741429], [127.02925051352844, 37.24643893511267], [127.03206928667151, 37.24645010763674], [127.03208321938503, 37.24419666903204], [127.02926453016386, 37.24418549741429]]]",0
수원시,Feature,다사58ab16ba,Polygon,"[[[127.02925051352844, 37.24643893511267], [127.02923649533317, 37.248692371946845], [127.03205535240748, 37.24870354537729], [127.03206928667151, 37.24645010763674], [127.02925051352844, 37.24643893511267]]]",3
수원시,Feature,다사58ab16bb,Polygon,"[[[127.02923649533317, 37.248692371946845], [127.02922247557785, 37.250945807916814], [127.03204141659273, 37.25095698225368], [127.03205535240748, 37.24870354537729], [127.02923649533317, 37.248692371946845]]]",3
수원시,Feature,다사58ab17aa,Polygon,"[[[127.02922247557785, 37.250945807916814], [127.0292084542623, 37.25319924302257], [127.03202747922711, 37.253210418265915], [127.03204141659273, 37.25095698225368], [127.02922247557785, 37.250945807916814]]]",5
수원시,Feature,다사58ab17ab,Polygon,"[[[127.0292084542623, 37.25319924302257], [127.02919443138634, 37.255452677264074], [127.03201354031042, 37.25546385341396], [127.03202747922711, 37.253210418265915], [127.0292084542623, 37.25319924302257]]]",4
수원시,Feature,다사58ab17ba,Polygon,"[[[127.02919443138634, 37.255452677264074], [127.0291804069498, 37.257706110641315], [127.0319995998425, 37.25771728769779], [127.03201354031042, 37.25546385341396], [127.02919443138634, 37.255452677264074]]]",2
수원시,Feature,다사58ab17bb,Polygon,"[[[127.0291804069498, 37.257706110641315], [127.02916638095249, 37.25995954315427], [127.0319856578231, 37.25997072111738], [127.0319995998425, 37.25771728769779], [127.0291804069498, 37.257706110641315]]]",3
수원시,Feature,다사58ab18aa,Polygon,"[[[127.02916638095249, 37.25995954315427], [127.02915235339422, 37.26221297480293], [127.03197171425212, 37.26222415367272], [127.0319856578231, 37.25997072111738], [127.02916638095249, 37.25995954315427]]]",6
수원시,Feature,다사58ab18ab,Polygon,"[[[127.02915235339422, 37.26221297480293], [127.02913832427478, 37.26446640558728], [127.03195776912935, 37.2644775853638], [127.03197171425212, 37.26222415367272], [127.02915235339422, 37.26221297480293]]]",2
수원시,Feature,다사58ab18ba,Polygon,"[[[127.02913832427478, 37.26446640558728], [127.02912429359407, 37.26671983550727], [127.03194382245461, 37.2667310161906], [127.03195776912935, 37.2644775853638], [127.02913832427478, 37.26446640558728]]]",4
수원시,Feature,다사58ab18bb,Polygon,"[[[127.02912429359407, 37.26671983550727], [127.0291102613518, 37.2689732645629], [127.0319298742277, 37.26898444615309], [127.03194382245461, 37.2667310161906], [127.02912429359407, 37.26671983550727]]]",4
수원시,Feature,다사58ab19aa,Polygon,"[[[127.0291102613518, 37.2689732645629], [127.0290962275479, 37.271226692754155], [127.03191592444844, 37.27123787525125], [127.0319298742277, 37.26898444615309], [127.0291102613518, 37.2689732645629]]]",0
수원시,Feature,다사58ab19ab,Polygon,"[[[127.0290962275479, 37.271226692754155], [127.02908219218209, 37.27348012008103], [127.03190197311667, 37.27349130348508], [127.03191592444844, 37.27123787525125], [127.0290962275479, 37.271226692754155]]]",2
수원시,Feature,다사58ab19ba,Polygon,"[[[127.02908219218209, 37.27348012008103], [127.02906815525424, 37.27573354654349], [127.03188802023222, 37.27574473085455], [127.03190197311667, 37.27349130348508], [127.02908219218209, 37.27348012008103]]]",1
수원시,Feature,다사58ab19bb,Polygon,"[[[127.02906815525424, 37.27573354654349], [127.02905411676416, 37.27798697214151], [127.03187406579488, 37.27799815735963], [127.03188802023222, 37.27574473085455], [127.02906815525424, 37.27573354654349]]]",7
수원시,Feature,다사58ab20aa,Polygon,"[[[127.02905411676416, 37.27798697214151], [127.02904007671165, 37.280240396875065], [127.03186010980448, 37.28025158300032], [127.03187406579488, 37.27799815735963], [127.02905411676416, 37.27798697214151]]]",3
수원시,Feature,다사58ab20ab,Polygon,"[[[127.02904007671165, 37.280240396875065], [127.02902603509656, 37.28249382074417], [127.03184615226084, 37.28250500777658], [127.03186010980448, 37.28025158300032], [127.02904007671165, 37.280240396875065]]]",5
수원시,Feature,다사58ab20ba,Polygon,"[[[127.02902603509656, 37.28249382074417], [127.0290119919187, 37.284747243748775], [127.03183219316377, 37.28475843168841], [127.03184615226084, 37.28250500777658], [127.02902603509656, 37.28249382074417]]]",4
수원시,Feature,다사58ab20bb,Polygon,"[[[127.0290119919187, 37.284747243748775], [127.02899794717786, 37.28700066588887], [127.03181823251307, 37.287011854735795], [127.03183219316377, 37.28475843168841], [127.0290119919187, 37.284747243748775]]]",4
수원시,Feature,다사58ab21aa,Polygon,"[[[127.02899794717786, 37.28700066588887], [127.02898390087385, 37.28925408716444], [127.03180427030863, 37.28926527691868], [127.03181823251307, 37.287011854735795], [127.02899794717786, 37.28700066588887]]]",3
수원시,Feature,다사58ab21ab,Polygon,"[[[127.02898390087385, 37.28925408716444], [127.02896985300653, 37.291507507575474], [127.03179030655016, 37.2915186982371], [127.03180427030863, 37.28926527691868], [127.02898390087385, 37.28925408716444]]]",3
수원시,Feature,다사58ab21ba,Polygon,"[[[127.02896985300653, 37.291507507575474], [127.0289558035757, 37.29376092712193], [127.03177634123757, 37.29377211869099], [127.03179030655016, 37.2915186982371], [127.02896985300653, 37.291507507575474]]]",2
수원시,Feature,다사58ab21bb,Polygon,"[[[127.0289558035757, 37.29376092712193], [127.02894175258116, 37.2960143458038], [127.03176237437066, 37.29602553828035], [127.03177634123757, 37.29377211869099], [127.0289558035757, 37.29376092712193]]]",4
수원시,Feature,다사58ab22aa,Polygon,"[[[127.02894175258116, 37.2960143458038], [127.02892770002275, 37.29826776362107], [127.0317484059492, 37.29827895700516], [127.03176237437066, 37.29602553828035], [127.02894175258116, 37.2960143458038]]]",13
수원시,Feature,다사58ab22ab,Polygon,"[[[127.02892770002275, 37.29826776362107], [127.02891364590029, 37.30052118057371], [127.03173443597308, 37.30053237486541], [127.0317484059492, 37.29827895700516], [127.02892770002275, 37.29826776362107]]]",6
수원시,Feature,다사58ab22ba,Polygon,"[[[127.02891364590029, 37.30052118057371], [127.02889959021358, 37.30277459666173], [127.03172046444207, 37.30278579186107], [127.03173443597308, 37.30053237486541], [127.02891364590029, 37.30052118057371]]]",1
수원시,Feature,다사58ab22bb,Polygon,"[[[127.02889959021358, 37.30277459666173], [127.02888553296242, 37.30502801188507], [127.03170649135599, 37.305039207992124], [127.03172046444207, 37.30278579186107], [127.02889959021358, 37.30277459666173]]]",1
수원시,Feature,다사58ab23aa,Polygon,"[[[127.02888553296242, 37.30502801188507], [127.02887147414668, 37.30728142624374], [127.03169251671466, 37.30729262325855], [127.03170649135599, 37.305039207992124], [127.02888553296242, 37.30502801188507]]]",1
수원시,Feature,다사58ab23ab,Polygon,"[[[127.02887147414668, 37.30728142624374], [127.02885741376615, 37.30953483973771], [127.03167854051792, 37.30954603766033], [127.03169251671466, 37.30729262325855], [127.02887147414668, 37.30728142624374]]]",0
수원시,Feature,다사58ab23ba,Polygon,"[[[127.02885741376615, 37.30953483973771], [127.02884335182064, 37.31178825236697], [127.03166456276557, 37.31179945119745], [127.03167854051792, 37.30954603766033], [127.02885741376615, 37.30953483973771]]]",0
수원시,Feature,다사58ab23bb,Polygon,"[[[127.02884335182064, 37.31178825236697], [127.02882928830994, 37.31404166413149], [127.0316505834574, 37.31405286386989], [127.03166456276557, 37.31179945119745], [127.02884335182064, 37.31178825236697]]]",1
수원시,Feature,다사58ab24aa,Polygon,"[[[127.02882928830994, 37.31404166413149], [127.02881522323393, 37.316295075031256], [127.0316366025933, 37.31630627567763], [127.0316505834574, 37.31405286386989], [127.02882928830994, 37.31404166413149]]]",0
수원시,Feature,다사58ab24ab,Polygon,"[[[127.02881522323393, 37.316295075031256], [127.02880115659238, 37.31854848506624], [127.03162262017304, 37.31855968662064], [127.0316366025933, 37.31630627567763], [127.02881522323393, 37.316295075031256]]]",0
수원시,Feature,다사58ab24ba,Polygon,"[[[127.02880115659238, 37.31854848506624], [127.02878708838512, 37.320801894236446], [127.03160863619644, 37.32081309669893], [127.03162262017304, 37.31855968662064], [127.02880115659238, 37.31854848506624]]]",0
수원시,Feature,다사58ab24bb,Polygon,"[[[127.02878708838512, 37.320801894236446], [127.02877301861196, 37.32305530254184], [127.03159465066332, 37.32306650591244], [127.03160863619644, 37.32081309669893], [127.02878708838512, 37.320801894236446]]]",0
수원시,Feature,다사58ab25aa,Polygon,"[[[127.02877301861196, 37.32305530254184], [127.02875894727275, 37.32530870998241], [127.0315806635735, 37.325319914261186], [127.03159465066332, 37.32306650591244], [127.02877301861196, 37.32305530254184]]]",0
수원시,Feature,다사58ab25ab,Polygon,"[[[127.02875894727275, 37.32530870998241], [127.02874487436729, 37.32756211655812], [127.03156667492681, 37.32757332174514], [127.0315806635735, 37.325319914261186], [127.02875894727275, 37.32530870998241]]]",0
수원시,Feature,다사58ab25ba,Polygon,"[[[127.02874487436729, 37.32756211655812], [127.02873079989536, 37.329815522268966], [127.03155268472304, 37.32982672836428], [127.03156667492681, 37.32757332174514], [127.02874487436729, 37.32756211655812]]]",0
수원시,Feature,다사58ab25bb,Polygon,"[[[127.02873079989536, 37.329815522268966], [127.02871672385682, 37.332068927114946], [127.03153869296204, 37.3320801341186], [127.03155268472304, 37.32982672836428], [127.02873079989536, 37.329815522268966]]]",0
수원시,Feature,다사58ab26aa,Polygon,"[[[127.02871672385682, 37.332068927114946], [127.02870264625146, 37.334322331096004], [127.0315246996436, 37.33433353900806], [127.03153869296204, 37.3320801341186], [127.02871672385682, 37.332068927114946]]]",0
수원시,Feature,다사58ab26ab,Polygon,"[[[127.02870264625146, 37.334322331096004], [127.0286885670791, 37.33657573421213], [127.03151070476757, 37.33658694303264], [127.0315246996436, 37.33433353900806], [127.02870264625146, 37.334322331096004]]]",0
수원시,Feature,다사58ab26ba,Polygon,"[[[127.0286885670791, 37.33657573421213], [127.0286744863396, 37.33882913646333], [127.03149670833372, 37.33884034619234], [127.03151070476757, 37.33658694303264], [127.0286885670791, 37.33657573421213]]]",0
수원시,Feature,다사58ab26bb,Polygon,"[[[127.0286744863396, 37.33882913646333], [127.0286604040327, 37.34108253784957], [127.03148271034189, 37.34109374848713], [127.03149670833372, 37.33884034619234], [127.0286744863396, 37.33882913646333]]]",0
수원시,Feature,다사58ab27aa,Polygon,"[[[127.0286604040327, 37.34108253784957], [127.02864632015827, 37.343335938370835], [127.03146871079193, 37.343347149917015], [127.03148271034189, 37.34109374848713], [127.0286604040327, 37.34108253784957]]]",0
수원시,Feature,다사58ab27ab,Polygon,"[[[127.02864632015827, 37.343335938370835], [127.02863223471613, 37.34558933802709], [127.03145470968362, 37.34560055048193], [127.03146871079193, 37.343347149917015], [127.02864632015827, 37.343335938370835]]]",0
수원시,Feature,다사58ab27ba,Polygon,"[[[127.02863223471613, 37.34558933802709], [127.02861814770607, 37.34784273681833], [127.03144070701678, 37.34785395018189], [127.03145470968362, 37.34560055048193], [127.02863223471613, 37.34558933802709]]]",0
수원시,Feature,다사58ba15aa,Polygon,"[[[127.03215285970103, 37.23292946304728], [127.03213893473743, 37.23518290597235], [127.03495728991396, 37.23519400689665], [127.03497113100218, 37.23294056307096], [127.03215285970103, 37.23292946304728]]]",0
수원시,Feature,다사58ba15ab,Polygon,"[[[127.03213893473743, 37.23518290597235], [127.03212500822421, 37.237436348033384], [127.03494344728549, 37.23744744985835], [127.03495728991396, 37.23519400689665], [127.03213893473743, 37.23518290597235]]]",0
수원시,Feature,다사58ba15ba,Polygon,"[[[127.03212500822421, 37.237436348033384], [127.03211108016119, 37.23968978923036], [127.03492960311654, 37.23970089195604], [127.03494344728549, 37.23744744985835], [127.03212500822421, 37.237436348033384]]]",0
수원시,Feature,다사58ba15bb,Polygon,"[[[127.03211108016119, 37.23968978923036], [127.03209715054818, 37.241943229563255], [127.03491575740694, 37.2419543331897], [127.03492960311654, 37.23970089195604], [127.03211108016119, 37.23968978923036]]]",0
수원시,Feature,다사58ba16aa,Polygon,"[[[127.03209715054818, 37.241943229563255], [127.03208321938503, 37.24419666903204], [127.03490191015653, 37.244207773559324], [127.03491575740694, 37.2419543331897], [127.03209715054818, 37.241943229563255]]]",2
수원시,Feature,다사58ba16ab,Polygon,"[[[127.03208321938503, 37.24419666903204], [127.03206928667151, 37.24645010763674], [127.0348880613651, 37.24646121306489], [127.03490191015653, 37.244207773559324], [127.03208321938503, 37.24419666903204]]]",7
수원시,Feature,다사58ba16ba,Polygon,"[[[127.03206928667151, 37.24645010763674], [127.03205535240748, 37.24870354537729], [127.0348742110325, 37.24871465170637], [127.0348880613651, 37.24646121306489], [127.03206928667151, 37.24645010763674]]]",3
수원시,Feature,다사58ba16bb,Polygon,"[[[127.03205535240748, 37.24870354537729], [127.03204141659273, 37.25095698225368], [127.0348603591585, 37.25096808948375], [127.0348742110325, 37.24871465170637], [127.03205535240748, 37.24870354537729]]]",2
수원시,Feature,다사58ba17aa,Polygon,"[[[127.03204141659273, 37.25095698225368], [127.03202747922711, 37.253210418265915], [127.03484650574299, 37.253221526397006], [127.0348603591585, 37.25096808948375], [127.03204141659273, 37.25095698225368]]]",1
수원시,Feature,다사58ba17ab,Polygon,"[[[127.03202747922711, 37.253210418265915], [127.03201354031042, 37.25546385341396], [127.03483265078575, 37.255474962446144], [127.03484650574299, 37.253221526397006], [127.03202747922711, 37.253210418265915]]]",3
수원시,Feature,다사58ba17ba,Polygon,"[[[127.03201354031042, 37.25546385341396], [127.0319995998425, 37.25771728769779], [127.03481879428656, 37.2577283976311], [127.03483265078575, 37.255474962446144], [127.03201354031042, 37.25546385341396]]]",5
수원시,Feature,다사58ba17bb,Polygon,"[[[127.0319995998425, 37.25771728769779], [127.0319856578231, 37.25997072111738], [127.03480493624532, 37.25998183195189], [127.03481879428656, 37.2577283976311], [127.0319995998425, 37.25771728769779]]]",9
수원시,Feature,다사58ba18aa,Polygon,"[[[127.0319856578231, 37.25997072111738], [127.03197171425212, 37.26222415367272], [127.03479107666182, 37.26223526540849], [127.03480493624532, 37.25998183195189], [127.0319856578231, 37.25997072111738]]]",3
수원시,Feature,다사58ba18ab,Polygon,"[[[127.03197171425212, 37.26222415367272], [127.03195776912935, 37.2644775853638], [127.03477721553588, 37.26448869800087], [127.03479107666182, 37.26223526540849], [127.03197171425212, 37.26222415367272]]]",4
수원시,Feature,다사58ba18ba,Polygon,"[[[127.03195776912935, 37.2644775853638], [127.03194382245461, 37.2667310161906], [127.03476335286729, 37.266742129729025], [127.03477721553588, 37.26448869800087], [127.03195776912935, 37.2644775853638]]]",7
수원시,Feature,다사58ba18bb,Polygon,"[[[127.03194382245461, 37.2667310161906], [127.0319298742277, 37.26898444615309], [127.0347494886559, 37.26899556059291], [127.03476335286729, 37.266742129729025], [127.03194382245461, 37.2667310161906]]]",2
수원시,Feature,다사58ba19aa,Polygon,"[[[127.0319298742277, 37.26898444615309], [127.03191592444844, 37.27123787525125], [127.03473562290151, 37.27124899059254], [127.0347494886559, 37.26899556059291], [127.0319298742277, 37.26898444615309]]]",3
수원시,Feature,다사58ba19ab,Polygon,"[[[127.03191592444844, 37.27123787525125], [127.03190197311667, 37.27349130348508], [127.034721755604, 37.27350241972787], [127.03473562290151, 37.27124899059254], [127.03191592444844, 37.27123787525125]]]",1
수원시,Feature,다사58ba19ba,Polygon,"[[[127.03190197311667, 37.27349130348508], [127.03188802023222, 37.27574473085455], [127.0347078867631, 37.27575584799891], [127.034721755604, 37.27350241972787], [127.03190197311667, 37.27349130348508]]]",1
수원시,Feature,다사58ba19bb,Polygon,"[[[127.03188802023222, 37.27574473085455], [127.03187406579488, 37.27799815735963], [127.03469401637868, 37.27800927540561], [127.0347078867631, 37.27575584799891], [127.03188802023222, 37.27574473085455]]]",9
수원시,Feature,다사58ba20aa,Polygon,"[[[127.03187406579488, 37.27799815735963], [127.03186010980448, 37.28025158300032], [127.03468014445056, 37.280262701947954], [127.03469401637868, 37.27800927540561], [127.03187406579488, 37.27799815735963]]]",0
수원시,Feature,다사58ba20ab,Polygon,"[[[127.03186010980448, 37.28025158300032], [127.03184615226084, 37.28250500777658], [127.03466627097853, 37.28251612762596], [127.03468014445056, 37.280262701947954], [127.03186010980448, 37.28025158300032]]]",1
수원시,Feature,다사58ba20ba,Polygon,"[[[127.03184615226084, 37.28250500777658], [127.03183219316377, 37.28475843168841], [127.03465239596245, 37.284769552439556], [127.03466627097853, 37.28251612762596], [127.03184615226084, 37.28250500777658]]]",7
수원시,Feature,다사58ba20bb,Polygon,"[[[127.03183219316377, 37.28475843168841], [127.03181823251307, 37.287011854735795], [127.03463851940212, 37.28702297638876], [127.03465239596245, 37.284769552439556], [127.03183219316377, 37.28475843168841]]]",4
수원시,Feature,다사58ba21aa,Polygon,"[[[127.03181823251307, 37.287011854735795], [127.03180427030863, 37.28926527691868], [127.03462464129736, 37.28927639947354], [127.03463851940212, 37.28702297638876], [127.03181823251307, 37.287011854735795]]]",0
수원시,Feature,다사58ba21ab,Polygon,"[[[127.03180427030863, 37.28926527691868], [127.03179030655016, 37.2915186982371], [127.03461076164795, 37.29152982169389], [127.03462464129736, 37.28927639947354], [127.03180427030863, 37.28926527691868]]]",0
수원시,Feature,다사58ba21ba,Polygon,"[[[127.03179030655016, 37.2915186982371], [127.03177634123757, 37.29377211869099], [127.0345968804538, 37.293783243049766], [127.03461076164795, 37.29152982169389], [127.03179030655016, 37.2915186982371]]]",4
수원시,Feature,다사58ba21bb,Polygon,"[[[127.03177634123757, 37.29377211869099], [127.03176237437066, 37.29602553828035], [127.03458299771468, 37.29603666354117], [127.0345968804538, 37.293783243049766], [127.03177634123757, 37.29377211869099]]]",0
수원시,Feature,다사58ba22aa,Polygon,"[[[127.03176237437066, 37.29602553828035], [127.0317484059492, 37.29827895700516], [127.03456911343038, 37.29829008316808], [127.03458299771468, 37.29603666354117], [127.03176237437066, 37.29602553828035]]]",5
수원시,Feature,다사58ba22ab,Polygon,"[[[127.0317484059492, 37.29827895700516], [127.03173443597308, 37.30053237486541], [127.03455522760075, 37.30054350193047], [127.03456911343038, 37.29829008316808], [127.0317484059492, 37.29827895700516]]]",0
수원시,Feature,다사58ba22ba,Polygon,"[[[127.03173443597308, 37.30053237486541], [127.03172046444207, 37.30278579186107], [127.03454134022562, 37.30279691982833], [127.03455522760075, 37.30054350193047], [127.03173443597308, 37.30053237486541]]]",3
수원시,Feature,다사58ba22bb,Polygon,"[[[127.03172046444207, 37.30278579186107], [127.03170649135599, 37.305039207992124], [127.03452745130478, 37.30505033686163], [127.03454134022562, 37.30279691982833], [127.03172046444207, 37.30278579186107]]]",1
수원시,Feature,다사58ba23aa,Polygon,"[[[127.03170649135599, 37.305039207992124], [127.03169251671466, 37.30729262325855], [127.03451356083806, 37.30730375303037], [127.03452745130478, 37.30505033686163], [127.03170649135599, 37.305039207992124]]]",0
수원시,Feature,다사58ba23ab,Polygon,"[[[127.03169251671466, 37.30729262325855], [127.03167854051792, 37.30954603766033], [127.03449966882529, 37.3095571683345], [127.03451356083806, 37.30730375303037], [127.03169251671466, 37.30729262325855]]]",0
수원시,Feature,다사58ba23ba,Polygon,"[[[127.03167854051792, 37.30954603766033], [127.03166456276557, 37.31179945119745], [127.03448577526629, 37.311810582774044], [127.03449966882529, 37.3095571683345], [127.03167854051792, 37.30954603766033]]]",0
수원시,Feature,다사58ba23bb,Polygon,"[[[127.03166456276557, 37.31179945119745], [127.0316505834574, 37.31405286386989], [127.03447188016085, 37.31406399634894], [127.03448577526629, 37.311810582774044], [127.03166456276557, 37.31179945119745]]]",0
수원시,Feature,다사58ba24aa,Polygon,"[[[127.0316505834574, 37.31405286386989], [127.0316366025933, 37.31630627567763], [127.03445798350883, 37.3163174090592], [127.03447188016085, 37.31406399634894], [127.0316505834574, 37.31405286386989]]]",0
수원시,Feature,다사58ba24ab,Polygon,"[[[127.0316366025933, 37.31630627567763], [127.03162262017304, 37.31855968662064], [127.03444408531003, 37.31857082090478], [127.03445798350883, 37.3163174090592], [127.0316366025933, 37.31630627567763]]]",0
수원시,Feature,다사58ba24ba,Polygon,"[[[127.03162262017304, 37.31855968662064], [127.03160863619644, 37.32081309669893], [127.03443018556428, 37.32082423188569], [127.03444408531003, 37.31857082090478], [127.03162262017304, 37.31855968662064]]]",0
수원시,Feature,다사58ba24bb,Polygon,"[[[127.03160863619644, 37.32081309669893], [127.03159465066332, 37.32306650591244], [127.03441628427136, 37.32307764200189], [127.03443018556428, 37.32082423188569], [127.03160863619644, 37.32081309669893]]]",0
수원시,Feature,다사58ba25aa,Polygon,"[[[127.03159465066332, 37.32306650591244], [127.0315806635735, 37.325319914261186], [127.03440238143114, 37.32533105125337], [127.03441628427136, 37.32307764200189], [127.03159465066332, 37.32306650591244]]]",0
수원시,Feature,다사58ba25ab,Polygon,"[[[127.0315806635735, 37.325319914261186], [127.03156667492681, 37.32757332174514], [127.0343884770434, 37.3275844596401], [127.03440238143114, 37.32533105125337], [127.0315806635735, 37.325319914261186]]]",0
수원시,Feature,다사58ba25ba,Polygon,"[[[127.03156667492681, 37.32757332174514], [127.03155268472304, 37.32982672836428], [127.03437457110799, 37.329837867162084], [127.0343884770434, 37.3275844596401], [127.03156667492681, 37.32757332174514]]]",0
수원시,Feature,다사58ba25bb,Polygon,"[[[127.03155268472304, 37.32982672836428], [127.03153869296204, 37.3320801341186], [127.0343606636247, 37.33209127381928], [127.03437457110799, 37.329837867162084], [127.03155268472304, 37.32982672836428]]]",0
수원시,Feature,다사58ba26aa,Polygon,"[[[127.03153869296204, 37.3320801341186], [127.0315246996436, 37.33433353900806], [127.03434675459336, 37.33434467961168], [127.0343606636247, 37.33209127381928], [127.03153869296204, 37.3320801341186]]]",0
수원시,Feature,다사58ba26ab,Polygon,"[[[127.0315246996436, 37.33433353900806], [127.03151070476757, 37.33658694303264], [127.03433284401382, 37.336598084539276], [127.03434675459336, 37.33434467961168], [127.0315246996436, 37.33433353900806]]]",1
수원시,Feature,다사58ba26ba,Polygon,"[[[127.03151070476757, 37.33658694303264], [127.03149670833372, 37.33884034619234], [127.03431893188582, 37.33885148860201], [127.03433284401382, 37.336598084539276], [127.03151070476757, 37.33658694303264]]]",0
수원시,Feature,다사58ba26bb,Polygon,"[[[127.03149670833372, 37.33884034619234], [127.03148271034189, 37.34109374848713], [127.03430501820927, 37.34110489179992], [127.03431893188582, 37.33885148860201], [127.03149670833372, 37.33884034619234]]]",0
수원시,Feature,다사58ba27aa,Polygon,"[[[127.03148271034189, 37.34109374848713], [127.03146871079193, 37.343347149917015], [127.03429110298393, 37.34335829413294], [127.03430501820927, 37.34110489179992], [127.03148271034189, 37.34109374848713]]]",0
수원시,Feature,다사58ba27ab,Polygon,"[[[127.03146871079193, 37.343347149917015], [127.03145470968362, 37.34560055048193], [127.03427718620965, 37.34561169560107], [127.03429110298393, 37.34335829413294], [127.03146871079193, 37.343347149917015]]]",0
수원시,Feature,다사58bb15ab,Polygon,"[[[127.03495728991396, 37.23519400689665], [127.03494344728549, 37.23744744985835], [127.03776188788724, 37.23745848460904], [127.0377756466308, 37.23520504075212], [127.03495728991396, 37.23519400689665]]]",1
수원시,Feature,다사58bb15ba,Polygon,"[[[127.03494344728549, 37.23744744985835], [127.03492960311654, 37.23970089195604], [127.03774812761255, 37.23971192760201], [127.03776188788724, 37.23745848460904], [127.03494344728549, 37.23744744985835]]]",0
수원시,Feature,다사58bb15bb,Polygon,"[[[127.03492960311654, 37.23970089195604], [127.03491575740694, 37.2419543331897], [127.03773436580654, 37.241965369731005], [127.03774812761255, 37.23971192760201], [127.03492960311654, 37.23970089195604]]]",1
수원시,Feature,다사58bb16aa,Polygon,"[[[127.03491575740694, 37.2419543331897], [127.03490191015653, 37.244207773559324], [127.03772060246904, 37.244218810996], [127.03773436580654, 37.241965369731005], [127.03491575740694, 37.2419543331897]]]",0
수원시,Feature,다사58bb16ab,Polygon,"[[[127.03490191015653, 37.244207773559324], [127.0348880613651, 37.24646121306489], [127.03770683759986, 37.24647225139701], [127.03772060246904, 37.244218810996], [127.03490191015653, 37.244207773559324]]]",2
수원시,Feature,다사58bb16ba,Polygon,"[[[127.0348880613651, 37.24646121306489], [127.0348742110325, 37.24871465170637], [127.03769307119886, 37.24872569093398], [127.03770683759986, 37.24647225139701], [127.0348880613651, 37.24646121306489]]]",3
수원시,Feature,다사58bb16bb,Polygon,"[[[127.0348742110325, 37.24871465170637], [127.0348603591585, 37.25096808948375], [127.03767930326583, 37.2509791296069], [127.03769307119886, 37.24872569093398], [127.0348742110325, 37.24871465170637]]]",3
수원시,Feature,다사58bb17aa,Polygon,"[[[127.0348603591585, 37.25096808948375], [127.03484650574299, 37.253221526397006], [127.03766553380058, 37.25323256741576], [127.03767930326583, 37.2509791296069], [127.0348603591585, 37.25096808948375]]]",3
수원시,Feature,다사58bb17ab,Polygon,"[[[127.03484650574299, 37.253221526397006], [127.03483265078575, 37.255474962446144], [127.03765176280295, 37.25548600436052], [127.03766553380058, 37.25323256741576], [127.03484650574299, 37.253221526397006]]]",3
수원시,Feature,다사58bb17ba,Polygon,"[[[127.03483265078575, 37.255474962446144], [127.03481879428656, 37.2577283976311], [127.03763799027276, 37.257739440441185], [127.03765176280295, 37.25548600436052], [127.03483265078575, 37.255474962446144]]]",4
수원시,Feature,다사58bb17bb,Polygon,"[[[127.03481879428656, 37.2577283976311], [127.03480493624532, 37.25998183195189], [127.03762421620984, 37.25999287565772], [127.03763799027276, 37.257739440441185], [127.03481879428656, 37.2577283976311]]]",4
수원시,Feature,다사58bb18aa,Polygon,"[[[127.03480493624532, 37.25998183195189], [127.03479107666182, 37.26223526540849], [127.03761044061397, 37.26224631001012], [127.03762421620984, 37.25999287565772], [127.03480493624532, 37.25998183195189]]]",2
수원시,Feature,다사58bb18ab,Polygon,"[[[127.03479107666182, 37.26223526540849], [127.03477721553588, 37.26448869800087], [127.03759666348502, 37.26449974349835], [127.03761044061397, 37.26224631001012], [127.03479107666182, 37.26223526540849]]]",5
수원시,Feature,다사58bb18ba,Polygon,"[[[127.03477721553588, 37.26448869800087], [127.03476335286729, 37.266742129729025], [127.0375828848228, 37.266753176122414], [127.03759666348502, 37.26449974349835], [127.03477721553588, 37.26448869800087]]]",1
수원시,Feature,다사58bb18bb,Polygon,"[[[127.03476335286729, 37.266742129729025], [127.0347494886559, 37.26899556059291], [127.03756910462711, 37.26900660788227], [127.0375828848228, 37.266753176122414], [127.03476335286729, 37.266742129729025]]]",1
수원시,Feature,다사58bb19aa,Polygon,"[[[127.0347494886559, 37.26899556059291], [127.03473562290151, 37.27124899059254], [127.03755532289776, 37.2712600387779], [127.03756910462711, 37.26900660788227], [127.0347494886559, 37.26899556059291]]]",2
수원시,Feature,다사58bb19ab,Polygon,"[[[127.03473562290151, 37.27124899059254], [127.034721755604, 37.27350241972787], [127.03754153963462, 37.273513468809305], [127.03755532289776, 37.2712600387779], [127.03473562290151, 37.27124899059254]]]",1
수원시,Feature,다사58bb19ba,Polygon,"[[[127.034721755604, 37.27350241972787], [127.0347078867631, 37.27575584799891], [127.03752775483748, 37.27576689797645], [127.03754153963462, 37.273513468809305], [127.034721755604, 37.27350241972787]]]",5
수원시,Feature,다사58bb19bb,Polygon,"[[[127.0347078867631, 37.27575584799891], [127.03469401637868, 37.27800927540561], [127.03751396850618, 37.278020326279325], [127.03752775483748, 37.27576689797645], [127.0347078867631, 37.27575584799891]]]",1
수원시,Feature,다사58bb20aa,Polygon,"[[[127.03469401637868, 37.27800927540561], [127.03468014445056, 37.280262701947954], [127.03750018064049, 37.2802737537179], [127.03751396850618, 37.278020326279325], [127.03469401637868, 37.27800927540561]]]",4
수원시,Feature,다사58bb20ab,Polygon,"[[[127.03468014445056, 37.280262701947954], [127.03466627097853, 37.28251612762596], [127.03748639124031, 37.28252718029217], [127.03750018064049, 37.2802737537179], [127.03468014445056, 37.280262701947954]]]",0
수원시,Feature,다사58bb20ba,Polygon,"[[[127.03466627097853, 37.28251612762596], [127.03465239596245, 37.284769552439556], [127.03747260030539, 37.28478060600211], [127.03748639124031, 37.28252718029217], [127.03466627097853, 37.28251612762596]]]",3
수원시,Feature,다사58bb20bb,Polygon,"[[[127.03465239596245, 37.284769552439556], [127.03463851940212, 37.28702297638876], [127.03745880783558, 37.287034030847686], [127.03747260030539, 37.28478060600211], [127.03465239596245, 37.284769552439556]]]",1
수원시,Feature,다사58bb21aa,Polygon,"[[[127.03463851940212, 37.28702297638876], [127.03462464129736, 37.28927639947354], [127.03744501383069, 37.2892874548289], [127.03745880783558, 37.287034030847686], [127.03463851940212, 37.28702297638876]]]",0
수원시,Feature,다사58bb21ab,Polygon,"[[[127.03462464129736, 37.28927639947354], [127.03461076164795, 37.29152982169389], [127.03743121829056, 37.291540877945735], [127.03744501383069, 37.2892874548289], [127.03462464129736, 37.28927639947354]]]",0
수원시,Feature,다사58bb21ba,Polygon,"[[[127.03461076164795, 37.29152982169389], [127.0345968804538, 37.293783243049766], [127.03741742121501, 37.29379430019816], [127.03743121829056, 37.291540877945735], [127.03461076164795, 37.29152982169389]]]",2
수원시,Feature,다사58bb21bb,Polygon,"[[[127.0345968804538, 37.293783243049766], [127.03458299771468, 37.29603666354117], [127.03740362260383, 37.29604772158615], [127.03741742121501, 37.29379430019816], [127.0345968804538, 37.293783243049766]]]",4
수원시,Feature,다사58bb22aa,Polygon,"[[[127.03458299771468, 37.29603666354117], [127.03456911343038, 37.29829008316808], [127.03738982245686, 37.29830114210969], [127.03740362260383, 37.29604772158615], [127.03458299771468, 37.29603666354117]]]",1
수원시,Feature,다사58bb22ab,Polygon,"[[[127.03456911343038, 37.29829008316808], [127.03455522760075, 37.30054350193047], [127.03737602077392, 37.30055456176879], [127.03738982245686, 37.29830114210969], [127.03456911343038, 37.29829008316808]]]",0
수원시,Feature,다사58bb22ba,Polygon,"[[[127.03455522760075, 37.30054350193047], [127.03454134022562, 37.30279691982833], [127.03736221755484, 37.30280798056339], [127.03737602077392, 37.30055456176879], [127.03455522760075, 37.30054350193047]]]",0
수원시,Feature,다사58bb22bb,Polygon,"[[[127.03454134022562, 37.30279691982833], [127.03452745130478, 37.30505033686163], [127.03734841279945, 37.3050613984935], [127.03736221755484, 37.30280798056339], [127.03454134022562, 37.30279691982833]]]",0
수원시,Feature,다사58bb23aa,Polygon,"[[[127.03452745130478, 37.30505033686163], [127.03451356083806, 37.30730375303037], [127.03733460650751, 37.30731481555909], [127.03734841279945, 37.3050613984935], [127.03452745130478, 37.30505033686163]]]",0
수원시,Feature,다사58bb23ab,Polygon,"[[[127.03451356083806, 37.30730375303037], [127.03449966882529, 37.3095571683345], [127.0373207986789, 37.30956823176013], [127.03733460650751, 37.30731481555909], [127.03451356083806, 37.30730375303037]]]",2
수원시,Feature,다사58bb23ba,Polygon,"[[[127.03449966882529, 37.3095571683345], [127.03448577526629, 37.311810582774044], [127.03730698931344, 37.31182164709663], [127.0373207986789, 37.30956823176013], [127.03449966882529, 37.3095571683345]]]",2
수원시,Feature,다사58bb23bb,Polygon,"[[[127.03448577526629, 37.311810582774044], [127.03447188016085, 37.31406399634894], [127.03729317841089, 37.31407506156854], [127.03730698931344, 37.31182164709663], [127.03448577526629, 37.311810582774044]]]",0
수원시,Feature,다사58bb24aa,Polygon,"[[[127.03447188016085, 37.31406399634894], [127.03445798350883, 37.3163174090592], [127.03727936597114, 37.316328475175865], [127.03729317841089, 37.31407506156854], [127.03447188016085, 37.31406399634894]]]",0
수원시,Feature,다사58bb24ab,Polygon,"[[[127.03445798350883, 37.3163174090592], [127.03444408531003, 37.31857082090478], [127.037265551994, 37.31858188791857], [127.03727936597114, 37.316328475175865], [127.03445798350883, 37.3163174090592]]]",0
수원시,Feature,다사58bb24ba,Polygon,"[[[127.03444408531003, 37.31857082090478], [127.03443018556428, 37.32082423188569], [127.03725173647925, 37.320835299796656], [127.037265551994, 37.31858188791857], [127.03444408531003, 37.31857082090478]]]",0
수원시,Feature,다사58bb24bb,Polygon,"[[[127.03443018556428, 37.32082423188569], [127.03441628427136, 37.32307764200189], [127.03723791942673, 37.32308871081007], [127.03725173647925, 37.320835299796656], [127.03443018556428, 37.32082423188569]]]",0
수원시,Feature,다사58bb25aa,Polygon,"[[[127.03441628427136, 37.32307764200189], [127.03440238143114, 37.32533105125337], [127.03722410083628, 37.32534212095883], [127.03723791942673, 37.32308871081007], [127.03441628427136, 37.32307764200189]]]",0
수원시,Feature,다사58bb25ab,Polygon,"[[[127.03440238143114, 37.32533105125337], [127.0343884770434, 37.3275844596401], [127.03721028070768, 37.32759553024289], [127.03722410083628, 37.32534212095883], [127.03440238143114, 37.32533105125337]]]",1
수원시,Feature,다사58bb25ba,Polygon,"[[[127.0343884770434, 37.3275844596401], [127.03437457110799, 37.329837867162084], [127.0371964590408, 37.32984893866224], [127.03721028070768, 37.32759553024289], [127.0343884770434, 37.3275844596401]]]",0
수원시,Feature,다사58bb25bb,Polygon,"[[[127.03437457110799, 37.329837867162084], [127.0343606636247, 37.33209127381928], [127.0371826358354, 37.332102346216885], [127.0371964590408, 37.32984893866224], [127.03437457110799, 37.329837867162084]]]",0
수원시,Feature,다사58bb26aa,Polygon,"[[[127.0343606636247, 37.33209127381928], [127.03434675459336, 37.33434467961168], [127.03716881109135, 37.334355752906774], [127.0371826358354, 37.332102346216885], [127.0343606636247, 37.33209127381928]]]",0
수원시,Feature,다사58bb26ab,Polygon,"[[[127.03434675459336, 37.33434467961168], [127.03433284401382, 37.336598084539276], [127.03715498480845, 37.3366091587319], [127.03716881109135, 37.334355752906774], [127.03434675459336, 37.33434467961168]]]",0
수원시,Feature,다사59aa15ba,Polygon,"[[[127.03776188788724, 37.23745848460904], [127.03774812761255, 37.23971192760201], [127.04056665363987, 37.23972289616817], [127.04058033002015, 37.23746945228537], [127.03776188788724, 37.23745848460904]]]",0
수원시,Feature,다사59aa15bb,Polygon,"[[[127.03774812761255, 37.23971192760201], [127.03773436580654, 37.241965369731005], [127.04055297573763, 37.241976339187055], [127.04056665363987, 37.23972289616817], [127.03774812761255, 37.23971192760201]]]",0
수원시,Feature,다사59aa16aa,Polygon,"[[[127.03773436580654, 37.241965369731005], [127.03772060246904, 37.244218810996], [127.04053929631323, 37.24422978134199], [127.04055297573763, 37.241976339187055], [127.03773436580654, 37.241965369731005]]]",0
수원시,Feature,다사59aa16ab,Polygon,"[[[127.03772060246904, 37.244218810996], [127.03770683759986, 37.24647225139701], [127.04052561536649, 37.24648322263299], [127.04053929631323, 37.24422978134199], [127.03772060246904, 37.244218810996]]]",3
수원시,Feature,다사59aa16ba,Polygon,"[[[127.03770683759986, 37.24647225139701], [127.03769307119886, 37.24872569093398], [127.04051193289727, 37.24873666306], [127.04052561536649, 37.24648322263299], [127.03770683759986, 37.24647225139701]]]",4
수원시,Feature,다사59aa16bb,Polygon,"[[[127.03769307119886, 37.24872569093398], [127.03767930326583, 37.2509791296069], [127.04049824890535, 37.25099010262301], [127.04051193289727, 37.24873666306], [127.03769307119886, 37.24872569093398]]]",0
수원시,Feature,다사59aa17aa,Polygon,"[[[127.03767930326583, 37.2509791296069], [127.03766553380058, 37.25323256741576], [127.04048456339055, 37.253243541322014], [127.04049824890535, 37.25099010262301], [127.03767930326583, 37.2509791296069]]]",7
수원시,Feature,다사59aa17ab,Polygon,"[[[127.03766553380058, 37.25323256741576], [127.03765176280295, 37.25548600436052], [127.04047087635273, 37.25549697915699], [127.04048456339055, 37.253243541322014], [127.03766553380058, 37.25323256741576]]]",4
수원시,Feature,다사59aa17ba,Polygon,"[[[127.03765176280295, 37.25548600436052], [127.03763799027276, 37.257739440441185], [127.04045718779169, 37.257750416127905], [127.04047087635273, 37.25549697915699], [127.03765176280295, 37.25548600436052]]]",6
수원시,Feature,다사59aa17bb,Polygon,"[[[127.03763799027276, 37.257739440441185], [127.03762421620984, 37.25999287565772], [127.04044349770724, 37.260003852234746], [127.04045718779169, 37.257750416127905], [127.03763799027276, 37.257739440441185]]]",6
수원시,Feature,다사59aa18aa,Polygon,"[[[127.03762421620984, 37.25999287565772], [127.03761044061397, 37.26224631001012], [127.04042980609923, 37.2622572874775], [127.04044349770724, 37.260003852234746], [127.03762421620984, 37.25999287565772]]]",0
수원시,Feature,다사59aa18ab,Polygon,"[[[127.03761044061397, 37.26224631001012], [127.03759666348502, 37.26449974349835], [127.04041611296745, 37.26451072185614], [127.04042980609923, 37.2622572874775], [127.03761044061397, 37.26224631001012]]]",4
수원시,Feature,다사59aa18ba,Polygon,"[[[127.03759666348502, 37.26449974349835], [127.0375828848228, 37.266753176122414], [127.04040241831174, 37.266764155370666], [127.04041611296745, 37.26451072185614], [127.03759666348502, 37.26449974349835]]]",3
수원시,Feature,다사59aa18bb,Polygon,"[[[127.0375828848228, 37.266753176122414], [127.03756910462711, 37.26900660788227], [127.04038872213194, 37.26901758802103], [127.04040241831174, 37.266764155370666], [127.0375828848228, 37.266753176122414]]]",1
수원시,Feature,다사59aa19aa,Polygon,"[[[127.03756910462711, 37.26900660788227], [127.03755532289776, 37.2712600387779], [127.04037502442782, 37.27127101980723], [127.04038872213194, 37.26901758802103], [127.03756910462711, 37.26900660788227]]]",0
수원시,Feature,다사59aa19ab,Polygon,"[[[127.03755532289776, 37.2712600387779], [127.03754153963462, 37.273513468809305], [127.04036132519926, 37.273524450729255], [127.04037502442782, 37.27127101980723], [127.03755532289776, 37.2712600387779]]]",6
수원시,Feature,다사59aa19ba,Polygon,"[[[127.03754153963462, 37.273513468809305], [127.03752775483748, 37.27576689797645], [127.04034762444604, 37.275777880787075], [127.04036132519926, 37.273524450729255], [127.03754153963462, 37.273513468809305]]]",7
수원시,Feature,다사59aa19bb,Polygon,"[[[127.03752775483748, 37.27576689797645], [127.03751396850618, 37.278020326279325], [127.04033392216802, 37.27803130998067], [127.04034762444604, 37.275777880787075], [127.03752775483748, 37.27576689797645]]]",4
수원시,Feature,다사59aa20aa,Polygon,"[[[127.03751396850618, 37.278020326279325], [127.03750018064049, 37.2802737537179], [127.04032021836498, 37.280284738310016], [127.04033392216802, 37.27803130998067], [127.03751396850618, 37.278020326279325]]]",5
수원시,Feature,다사59aa20ab,Polygon,"[[[127.03750018064049, 37.2802737537179], [127.03748639124031, 37.28252718029217], [127.04030651303678, 37.282538165775115], [127.04032021836498, 37.280284738310016], [127.03750018064049, 37.2802737537179]]]",0
수원시,Feature,다사59aa20ba,Polygon,"[[[127.03748639124031, 37.28252718029217], [127.03747260030539, 37.28478060600211], [127.0402928061832, 37.28479159237593], [127.04030651303678, 37.282538165775115], [127.03748639124031, 37.28252718029217]]]",6
수원시,Feature,다사59aa20bb,Polygon,"[[[127.03747260030539, 37.28478060600211], [127.03745880783558, 37.287034030847686], [127.04027909780412, 37.28704501811245], [127.0402928061832, 37.28479159237593], [127.03747260030539, 37.28478060600211]]]",3
수원시,Feature,다사59aa21aa,Polygon,"[[[127.03745880783558, 37.287034030847686], [127.03744501383069, 37.2892874548289], [127.0402653878993, 37.28929844298464], [127.04027909780412, 37.28704501811245], [127.03745880783558, 37.287034030847686]]]",0
수원시,Feature,다사59aa21ab,Polygon,"[[[127.03744501383069, 37.2892874548289], [127.03743121829056, 37.291540877945735], [127.04025167646857, 37.29155186699251], [127.0402653878993, 37.28929844298464], [127.03744501383069, 37.2892874548289]]]",0
수원시,Feature,다사59aa21ba,Polygon,"[[[127.03743121829056, 37.291540877945735], [127.03741742121501, 37.29379430019816], [127.0402379635118, 37.293805290136014], [127.04025167646857, 37.29155186699251], [127.03743121829056, 37.291540877945735]]]",1
수원시,Feature,다사59aa21bb,Polygon,"[[[127.03741742121501, 37.29379430019816], [127.03740362260383, 37.29604772158615], [127.04022424902878, 37.29605871241516], [127.0402379635118, 37.293805290136014], [127.03741742121501, 37.29379430019816]]]",1
수원시,Feature,다사59aa22aa,Polygon,"[[[127.03740362260383, 37.29604772158615], [127.03738982245686, 37.29830114210969], [127.04021053301932, 37.298312133829896], [127.04022424902878, 37.29605871241516], [127.03740362260383, 37.29604772158615]]]",2
수원시,Feature,다사59aa22ab,Polygon,"[[[127.03738982245686, 37.29830114210969], [127.03737602077392, 37.30055456176879], [127.04019681548326, 37.300565554380235], [127.04021053301932, 37.298312133829896], [127.03738982245686, 37.29830114210969]]]",0
수원시,Feature,다사59aa22ba,Polygon,"[[[127.03737602077392, 37.30055456176879], [127.03736221755484, 37.30280798056339], [127.04018309642042, 37.30281897406614], [127.04019681548326, 37.300565554380235], [127.03737602077392, 37.30055456176879]]]",0
수원시,Feature,다사59aa22bb,Polygon,"[[[127.03736221755484, 37.30280798056339], [127.03734841279945, 37.3050613984935], [127.04016937583062, 37.3050723928876], [127.04018309642042, 37.30281897406614], [127.03736221755484, 37.30280798056339]]]",1
수원시,Feature,다사59aa23aa,Polygon,"[[[127.03734841279945, 37.3050613984935], [127.03733460650751, 37.30731481555909], [127.04015565371367, 37.30732581084459], [127.04016937583062, 37.3050723928876], [127.03734841279945, 37.3050613984935]]]",0
수원시,Feature,다사59aa23ab,Polygon,"[[[127.03733460650751, 37.30731481555909], [127.0373207986789, 37.30956823176013], [127.04014193006938, 37.30957922793709], [127.04015565371367, 37.30732581084459], [127.03733460650751, 37.30731481555909]]]",8
수원시,Feature,다사59aa23ba,Polygon,"[[[127.0373207986789, 37.30956823176013], [127.03730698931344, 37.31182164709663], [127.04012820489763, 37.311832644165094], [127.04014193006938, 37.30957922793709], [127.0373207986789, 37.30956823176013]]]",3
수원시,Feature,다사59aa23bb,Polygon,"[[[127.03730698931344, 37.31182164709663], [127.03729317841089, 37.31407506156854], [127.04011447819818, 37.31408605952857], [127.04012820489763, 37.311832644165094], [127.03730698931344, 37.31182164709663]]]",1
수원시,Feature,다사59aa24aa,Polygon,"[[[127.03729317841089, 37.31407506156854], [127.03727936597114, 37.316328475175865], [127.04010074997088, 37.3163394740275], [127.04011447819818, 37.31408605952857], [127.03729317841089, 37.31407506156854]]]",0
수원시,Feature,다사59aa24ab,Polygon,"[[[127.03727936597114, 37.316328475175865], [127.037265551994, 37.31858188791857], [127.04008702021555, 37.31859288766188], [127.04010074997088, 37.3163394740275], [127.03727936597114, 37.316328475175865]]]",0
수원시,Feature,다사59aa24ba,Polygon,"[[[127.037265551994, 37.31858188791857], [127.03725173647925, 37.320835299796656], [127.04007328893199, 37.32084630043167], [127.04008702021555, 37.31859288766188], [127.037265551994, 37.31858188791857]]]",0
수원시,Feature,다사59aa24bb,Polygon,"[[[127.03725173647925, 37.320835299796656], [127.03723791942673, 37.32308871081007], [127.04005955612006, 37.32309971233686], [127.04007328893199, 37.32084630043167], [127.03725173647925, 37.320835299796656]]]",0
수원시,Feature,다사59aa25aa,Polygon,"[[[127.03723791942673, 37.32308871081007], [127.03722410083628, 37.32534212095883], [127.04004582177954, 37.32535312337744], [127.04005955612006, 37.32309971233686], [127.03723791942673, 37.32308871081007]]]",0
수원시,Feature,다사59aa25ab,Polygon,"[[[127.03722410083628, 37.32534212095883], [127.03721028070768, 37.32759553024289], [127.04003208591028, 37.32760653355337], [127.04004582177954, 37.32535312337744], [127.03722410083628, 37.32534212095883]]]",0
수원시,Feature,다사59aa25ba,Polygon,"[[[127.03721028070768, 37.32759553024289], [127.0371964590408, 37.32984893866224], [127.04001834851208, 37.32985994286467], [127.04003208591028, 37.32760653355337], [127.03721028070768, 37.32759553024289]]]",0
수원시,Feature,다사59ab15ba,Polygon,"[[[127.04058033002015, 37.23746945228537], [127.04056665363987, 37.23972289616817], [127.04338518118917, 37.2397337976544], [127.04339877367482, 37.2374803528872], [127.04058033002015, 37.23746945228537]]]",0
수원시,Feature,다사59ab15bb,Polygon,"[[[127.04056665363987, 37.23972289616817], [127.04055297573763, 37.241976339187055], [127.04337158719086, 37.24198724155772], [127.04338518118917, 37.2397337976544], [127.04056665363987, 37.23972289616817]]]",5
수원시,Feature,다사59ab16aa,Polygon,"[[[127.04055297573763, 37.241976339187055], [127.04053929631323, 37.24422978134199], [127.04335799167973, 37.244240684597166], [127.04337158719086, 37.24198724155772], [127.04055297573763, 37.241976339187055]]]",0
수원시,Feature,다사59ab16ab,Polygon,"[[[127.04053929631323, 37.24422978134199], [127.04052561536649, 37.24648322263299], [127.04334439465562, 37.24649412677271], [127.04335799167973, 37.244240684597166], [127.04053929631323, 37.24422978134199]]]",2
수원시,Feature,다사59ab16ba,Polygon,"[[[127.04052561536649, 37.24648322263299], [127.04051193289727, 37.24873666306], [127.04333079611835, 37.24874756808431], [127.04334439465562, 37.24649412677271], [127.04052561536649, 37.24648322263299]]]",6
수원시,Feature,다사59ab16bb,Polygon,"[[[127.04051193289727, 37.24873666306], [127.04049824890535, 37.25099010262301], [127.04331719606773, 37.251001008531986], [127.04333079611835, 37.24874756808431], [127.04051193289727, 37.24873666306]]]",3
수원시,Feature,다사59ab17aa,Polygon,"[[[127.04049824890535, 37.25099010262301], [127.04048456339055, 37.253243541322014], [127.04330359450357, 37.25325444811568], [127.04331719606773, 37.251001008531986], [127.04049824890535, 37.25099010262301]]]",4
수원시,Feature,다사59ab17ab,Polygon,"[[[127.04048456339055, 37.253243541322014], [127.04047087635273, 37.25549697915699], [127.04328999142572, 37.255507886835424], [127.04330359450357, 37.25325444811568], [127.04048456339055, 37.253243541322014]]]",3
수원시,Feature,다사59ab17ba,Polygon,"[[[127.04047087635273, 37.25549697915699], [127.04045718779169, 37.257750416127905], [127.04327638683401, 37.25776132469114], [127.04328999142572, 37.255507886835424], [127.04047087635273, 37.25549697915699]]]",7
수원시,Feature,다사59ab17bb,Polygon,"[[[127.04045718779169, 37.257750416127905], [127.04044349770724, 37.260003852234746], [127.04326278072823, 37.26001476168285], [127.04327638683401, 37.25776132469114], [127.04045718779169, 37.257750416127905]]]",4
수원시,Feature,다사59ab18aa,Polygon,"[[[127.04044349770724, 37.260003852234746], [127.04042980609923, 37.2622572874775], [127.04324917310824, 37.26226819781052], [127.04326278072823, 37.26001476168285], [127.04044349770724, 37.260003852234746]]]",0
수원시,Feature,다사59ab18ab,Polygon,"[[[127.04042980609923, 37.2622572874775], [127.04041611296745, 37.26451072185614], [127.04323556397382, 37.264521633074125], [127.04324917310824, 37.26226819781052], [127.04042980609923, 37.2622572874775]]]",2
수원시,Feature,다사59ab18ba,Polygon,"[[[127.04041611296745, 37.26451072185614], [127.04040241831174, 37.266764155370666], [127.04322195332483, 37.26677506747367], [127.04323556397382, 37.264521633074125], [127.04041611296745, 37.26451072185614]]]",2
수원시,Feature,다사59ab18bb,Polygon,"[[[127.04040241831174, 37.266764155370666], [127.04038872213194, 37.26901758802103], [127.04320834116105, 37.26902850100909], [127.04322195332483, 37.26677506747367], [127.04040241831174, 37.266764155370666]]]",1
수원시,Feature,다사59ab19aa,Polygon,"[[[127.04038872213194, 37.26901758802103], [127.04037502442782, 37.27127101980723], [127.04319472748236, 37.27128193368042], [127.04320834116105, 37.26902850100909], [127.04038872213194, 37.26901758802103]]]",4
수원시,Feature,다사59ab19ab,Polygon,"[[[127.04037502442782, 37.27127101980723], [127.04036132519926, 37.273524450729255], [127.04318111228856, 37.27353536548761], [127.04319472748236, 37.27128193368042], [127.04037502442782, 37.27127101980723]]]",9
수원시,Feature,다사59ab19ba,Polygon,"[[[127.04036132519926, 37.273524450729255], [127.04034762444604, 37.275777880787075], [127.04316749557944, 37.27578879643065], [127.04318111228856, 37.27353536548761], [127.04036132519926, 37.273524450729255]]]",3
수원시,Feature,다사59ab19bb,Polygon,"[[[127.04034762444604, 37.275777880787075], [127.04033392216802, 37.27803130998067], [127.04315387735487, 37.27804222650952], [127.04316749557944, 37.27578879643065], [127.04034762444604, 37.275777880787075]]]",5
수원시,Feature,다사59ab20aa,Polygon,"[[[127.04033392216802, 37.27803130998067], [127.04032021836498, 37.280284738310016], [127.04314025761465, 37.2802956557242], [127.04315387735487, 37.27804222650952], [127.04033392216802, 37.27803130998067]]]",6
수원시,Feature,다사59ab20ab,Polygon,"[[[127.04032021836498, 37.280284738310016], [127.04030651303678, 37.282538165775115], [127.04312663635862, 37.282549084074674], [127.04314025761465, 37.2802956557242], [127.04032021836498, 37.280284738310016]]]",1
수원시,Feature,다사59ab20ba,Polygon,"[[[127.04030651303678, 37.282538165775115], [127.0402928061832, 37.28479159237593], [127.04311301358658, 37.28480251156092], [127.04312663635862, 37.282549084074674], [127.04030651303678, 37.282538165775115]]]",0
수원시,Feature,다사59ab20bb,Polygon,"[[[127.0402928061832, 37.28479159237593], [127.04027909780412, 37.28704501811245], [127.04309938929836, 37.287055938182924], [127.04311301358658, 37.28480251156092], [127.0402928061832, 37.28479159237593]]]",3
수원시,Feature,다사59ab21aa,Polygon,"[[[127.04027909780412, 37.28704501811245], [127.0402653878993, 37.28929844298464], [127.04308576349378, 37.28930936394065], [127.04309938929836, 37.287055938182924], [127.04027909780412, 37.28704501811245]]]",2
수원시,Feature,다사59ab21ab,Polygon,"[[[127.0402653878993, 37.28929844298464], [127.04025167646857, 37.29155186699251], [127.04307213617267, 37.291562788834106], [127.04308576349378, 37.28930936394065], [127.0402653878993, 37.28929844298464]]]",2
수원시,Feature,다사59ab21ba,Polygon,"[[[127.04025167646857, 37.29155186699251], [127.0402379635118, 37.293805290136014], [127.04305850733485, 37.29381621286326], [127.04307213617267, 37.291562788834106], [127.04025167646857, 37.29155186699251]]]",1
수원시,Feature,다사59ab21bb,Polygon,"[[[127.0402379635118, 37.293805290136014], [127.04022424902878, 37.29605871241516], [127.04304487698016, 37.296069636028086], [127.04305850733485, 37.29381621286326], [127.0402379635118, 37.293805290136014]]]",2
수원시,Feature,다사59ab22aa,Polygon,"[[[127.04022424902878, 37.29605871241516], [127.04021053301932, 37.298312133829896], [127.0430312451084, 37.29832305832857], [127.04304487698016, 37.296069636028086], [127.04022424902878, 37.29605871241516]]]",6
수원시,Feature,다사59ab22ab,Polygon,"[[[127.04021053301932, 37.298312133829896], [127.04019681548326, 37.300565554380235], [127.04301761171938, 37.30057647976471], [127.0430312451084, 37.29832305832857], [127.04021053301932, 37.298312133829896]]]",1
수원시,Feature,다사59ab22ba,Polygon,"[[[127.04019681548326, 37.300565554380235], [127.04018309642042, 37.30281897406614], [127.04300397681295, 37.30282990033646], [127.04301761171938, 37.30057647976471], [127.04019681548326, 37.300565554380235]]]",2
수원시,Feature,다사59ab22bb,Polygon,"[[[127.04018309642042, 37.30281897406614], [127.04016937583062, 37.3050723928876], [127.04299034038891, 37.30508332004382], [127.04300397681295, 37.30282990033646], [127.04018309642042, 37.30281897406614]]]",1
수원시,Feature,다사59ab23aa,Polygon,"[[[127.04016937583062, 37.3050723928876], [127.04015565371367, 37.30732581084459], [127.04297670244712, 37.30733673888677], [127.04299034038891, 37.30508332004382], [127.04016937583062, 37.3050723928876]]]",4
수원시,Feature,다사59ab23ab,Polygon,"[[[127.04015565371367, 37.30732581084459], [127.04014193006938, 37.30957922793709], [127.04296306298737, 37.30959015686527], [127.04297670244712, 37.30733673888677], [127.04015565371367, 37.30732581084459]]]",3
수원시,Feature,다사59ab23ba,Polygon,"[[[127.04014193006938, 37.30957922793709], [127.04012820489763, 37.311832644165094], [127.0429494220095, 37.311843573979324], [127.04296306298737, 37.30959015686527], [127.04014193006938, 37.30957922793709]]]",1
수원시,Feature,다사59ab23bb,Polygon,"[[[127.04012820489763, 37.311832644165094], [127.04011447819818, 37.31408605952857], [127.0429357795133, 37.31409699022892], [127.0429494220095, 37.311843573979324], [127.04012820489763, 37.311832644165094]]]",0
수원시,Feature,다사59ab24aa,Polygon,"[[[127.04011447819818, 37.31408605952857], [127.04010074997088, 37.3163394740275], [127.04292213549864, 37.31635040561402], [127.0429357795133, 37.31409699022892], [127.04011447819818, 37.31408605952857]]]",0
수원시,Feature,다사59ab24ab,Polygon,"[[[127.04010074997088, 37.3163394740275], [127.04008702021555, 37.31859288766188], [127.0429084899653, 37.31860382013459], [127.04292213549864, 37.31635040561402], [127.04010074997088, 37.3163394740275]]]",0
수원시,Feature,다사59ab24ba,Polygon,"[[[127.04008702021555, 37.31859288766188], [127.04007328893199, 37.32084630043167], [127.04289484291313, 37.32085723379065], [127.0429084899653, 37.31860382013459], [127.04008702021555, 37.31859288766188]]]",0
수원시,Feature,다사59ab24bb,Polygon,"[[[127.04007328893199, 37.32084630043167], [127.04005955612006, 37.32309971233686], [127.04288119434194, 37.32311064658216], [127.04289484291313, 37.32085723379065], [127.04007328893199, 37.32084630043167]]]",0
수원시,Feature,다사59ba14bb,Polygon,"[[[127.04343954205773, 37.23072001340259], [127.04342595410891, 37.23297346076127], [127.0462442315145, 37.23298429253076], [127.04625773559651, 37.23073084429326], [127.04343954205773, 37.23072001340259]]]",0
수원시,Feature,다사59ba15aa,Polygon,"[[[127.04342595410891, 37.23297346076127], [127.04341236464802, 37.23522690725615], [127.04623072592972, 37.235237739904484], [127.0462442315145, 37.23298429253076], [127.04342595410891, 37.23297346076127]]]",3
수원시,Feature,다사59ba15ab,Polygon,"[[[127.04341236464802, 37.23522690725615], [127.04339877367482, 37.2374803528872], [127.04621721884197, 37.23749118641443], [127.04623072592972, 37.235237739904484], [127.04341236464802, 37.23522690725615]]]",0
수원시,Feature,다사59ba15ba,Polygon,"[[[127.04339877367482, 37.2374803528872], [127.04338518118917, 37.2397337976544], [127.04620371025108, 37.23974463206058], [127.04621721884197, 37.23749118641443], [127.04339877367482, 37.2374803528872]]]",4
수원시,Feature,다사59ba15bb,Polygon,"[[[127.04338518118917, 37.2397337976544], [127.04337158719086, 37.24198724155772], [127.0461902001569, 37.241998076842904], [127.04620371025108, 37.23974463206058], [127.04338518118917, 37.2397337976544]]]",7
수원시,Feature,다사59ba16aa,Polygon,"[[[127.04337158719086, 37.24198724155772], [127.04335799167973, 37.244240684597166], [127.04617668855926, 37.244251520761395], [127.0461902001569, 37.241998076842904], [127.04337158719086, 37.24198724155772]]]",2
수원시,Feature,다사59ba16ab,Polygon,"[[[127.04335799167973, 37.244240684597166], [127.04334439465562, 37.24649412677271], [127.04616317545792, 37.246504963816044], [127.04617668855926, 37.244251520761395], [127.04335799167973, 37.244240684597166]]]",0
수원시,Feature,다사59ba16ba,Polygon,"[[[127.04334439465562, 37.24649412677271], [127.04333079611835, 37.24874756808431], [127.04614966085278, 37.24875840600683], [127.04616317545792, 37.246504963816044], [127.04334439465562, 37.24649412677271]]]",4
수원시,Feature,다사59ba16bb,Polygon,"[[[127.04333079611835, 37.24874756808431], [127.04331719606773, 37.251001008531986], [127.04613614474363, 37.25101184733369], [127.04614966085278, 37.24875840600683], [127.04333079611835, 37.24874756808431]]]",0
수원시,Feature,다사59ba17aa,Polygon,"[[[127.04331719606773, 37.251001008531986], [127.04330359450357, 37.25325444811568], [127.04612262713029, 37.25326528779667], [127.04613614474363, 37.25101184733369], [127.04331719606773, 37.251001008531986]]]",0
수원시,Feature,다사59ba17ab,Polygon,"[[[127.04330359450357, 37.25325444811568], [127.04328999142572, 37.255507886835424], [127.0461091080126, 37.2555187273957], [127.04612262713029, 37.25326528779667], [127.04330359450357, 37.25325444811568]]]",2
수원시,Feature,다사59ba17ba,Polygon,"[[[127.04328999142572, 37.255507886835424], [127.04327638683401, 37.25776132469114], [127.04609558739037, 37.25777216613079], [127.0461091080126, 37.2555187273957], [127.04328999142572, 37.255507886835424]]]",3
수원시,Feature,다사59ba17bb,Polygon,"[[[127.04327638683401, 37.25776132469114], [127.04326278072823, 37.26001476168285], [127.04608206526345, 37.26002560400191], [127.04609558739037, 37.25777216613079], [127.04327638683401, 37.25776132469114]]]",3
수원시,Feature,다사59ba18aa,Polygon,"[[[127.04326278072823, 37.26001476168285], [127.04324917310824, 37.26226819781052], [127.04606854163163, 37.26227904100906], [127.04608206526345, 37.26002560400191], [127.04326278072823, 37.26001476168285]]]",2
수원시,Feature,다사59ba18ab,Polygon,"[[[127.04324917310824, 37.26226819781052], [127.04323556397382, 37.264521633074125], [127.04605501649475, 37.26453247715218], [127.04606854163163, 37.26227904100906], [127.04324917310824, 37.26226819781052]]]",6
수원시,Feature,다사59ba18ba,Polygon,"[[[127.04323556397382, 37.264521633074125], [127.04322195332483, 37.26677506747367], [127.04604148985266, 37.26678591243128], [127.04605501649475, 37.26453247715218], [127.04323556397382, 37.264521633074125]]]",6
수원시,Feature,다사59ba18bb,Polygon,"[[[127.04322195332483, 37.26677506747367], [127.04320834116105, 37.26902850100909], [127.04602796170511, 37.26903934684635], [127.04604148985266, 37.26678591243128], [127.04322195332483, 37.26677506747367]]]",6
수원시,Feature,다사59ba19aa,Polygon,"[[[127.04320834116105, 37.26902850100909], [127.04319472748236, 37.27128193368042], [127.04601443205199, 37.27129278039733], [127.04602796170511, 37.26903934684635], [127.04320834116105, 37.26902850100909]]]",7
수원시,Feature,다사59ba19ab,Polygon,"[[[127.04319472748236, 37.27128193368042], [127.04318111228856, 37.27353536548761], [127.04600090089313, 37.27354621308426], [127.04601443205199, 37.27129278039733], [127.04319472748236, 37.27128193368042]]]",11
수원시,Feature,다사59ba19ba,Polygon,"[[[127.04318111228856, 37.27353536548761], [127.04316749557944, 37.27578879643065], [127.04598736822831, 37.275799644907075], [127.04600090089313, 37.27354621308426], [127.04318111228856, 37.27353536548761]]]",8
수원시,Feature,다사59ba19bb,Polygon,"[[[127.04316749557944, 37.27578879643065], [127.04315387735487, 37.27804222650952], [127.04597383405738, 37.27805307586578], [127.04598736822831, 37.275799644907075], [127.04316749557944, 37.27578879643065]]]",5
수원시,Feature,다사59ba20aa,Polygon,"[[[127.04315387735487, 37.27804222650952], [127.04314025761465, 37.2802956557242], [127.04596029838014, 37.28030650596033], [127.04597383405738, 37.27805307586578], [127.04315387735487, 37.27804222650952]]]",3
수원시,Feature,다사59ba20ab,Polygon,"[[[127.04314025761465, 37.2802956557242], [127.04312663635862, 37.282549084074674], [127.04594676119646, 37.28255993519075], [127.04596029838014, 37.28030650596033], [127.04314025761465, 37.2802956557242]]]",0
수원시,Feature,다사59ba20ba,Polygon,"[[[127.04312663635862, 37.282549084074674], [127.04311301358658, 37.28480251156092], [127.04593322250612, 37.28481336355697], [127.04594676119646, 37.28255993519075], [127.04312663635862, 37.282549084074674]]]",0
수원시,Feature,다사59ba20bb,Polygon,"[[[127.04311301358658, 37.28480251156092], [127.04309938929836, 37.287055938182924], [127.04591968230896, 37.28706679105901], [127.04593322250612, 37.28481336355697], [127.04311301358658, 37.28480251156092]]]",1
수원시,Feature,다사59ba21aa,Polygon,"[[[127.04309938929836, 37.287055938182924], [127.04308576349378, 37.28930936394065], [127.0459061406048, 37.28932021769683], [127.04591968230896, 37.28706679105901], [127.04309938929836, 37.287055938182924]]]",3
수원시,Feature,다사59ba21ab,Polygon,"[[[127.04308576349378, 37.28930936394065], [127.04307213617267, 37.291562788834106], [127.04589259739349, 37.29157364347042], [127.0459061406048, 37.28932021769683], [127.04308576349378, 37.28930936394065]]]",0
수원시,Feature,다사59ba21ba,Polygon,"[[[127.04307213617267, 37.291562788834106], [127.04305850733485, 37.29381621286326], [127.04587905267479, 37.29382706837976], [127.04589259739349, 37.29157364347042], [127.04307213617267, 37.291562788834106]]]",0
수원시,Feature,다사59ba21bb,Polygon,"[[[127.04305850733485, 37.29381621286326], [127.04304487698016, 37.296069636028086], [127.04586550644859, 37.296080492424835], [127.04587905267479, 37.29382706837976], [127.04305850733485, 37.29381621286326]]]",0
수원시,Feature,다사59ba22aa,Polygon,"[[[127.04304487698016, 37.296069636028086], [127.0430312451084, 37.29832305832857], [127.04585195871469, 37.29833391560561], [127.04586550644859, 37.296080492424835], [127.04304487698016, 37.296069636028086]]]",5
수원시,Feature,다사59ba22ab,Polygon,"[[[127.0430312451084, 37.29832305832857], [127.04301761171938, 37.30057647976471], [127.04583840947292, 37.300587337922096], [127.04585195871469, 37.29833391560561], [127.0430312451084, 37.29832305832857]]]",11
수원시,Feature,다사59ba22ba,Polygon,"[[[127.04301761171938, 37.30057647976471], [127.04300397681295, 37.30282990033646], [127.04582485872308, 37.30284075937424], [127.04583840947292, 37.300587337922096], [127.04301761171938, 37.30057647976471]]]",2
수원시,Feature,다사59ba22bb,Polygon,"[[[127.04300397681295, 37.30282990033646], [127.04299034038891, 37.30508332004382], [127.045811306465, 37.305094179962055], [127.04582485872308, 37.30284075937424], [127.04300397681295, 37.30282990033646]]]",1
수원시,Feature,다사59ba23aa,Polygon,"[[[127.04299034038891, 37.30508332004382], [127.04297670244712, 37.30733673888677], [127.04579775269855, 37.30734759968549], [127.045811306465, 37.305094179962055], [127.04299034038891, 37.30508332004382]]]",7
수원시,Feature,다사59ba23ab,Polygon,"[[[127.04297670244712, 37.30733673888677], [127.04296306298737, 37.30959015686527], [127.04578419742347, 37.309601018544555], [127.04579775269855, 37.30734759968549], [127.04297670244712, 37.30733673888677]]]",4
수원시,Feature,다사59ba23ba,Polygon,"[[[127.04296306298737, 37.30959015686527], [127.0429494220095, 37.311843573979324], [127.04577064063966, 37.31185443653922], [127.04578419742347, 37.309601018544555], [127.04296306298737, 37.30959015686527]]]",5
수원시,Feature,다사59ba23bb,Polygon,"[[[127.0429494220095, 37.311843573979324], [127.0429357795133, 37.31409699022892], [127.04575708234692, 37.314107853669455], [127.04577064063966, 37.31185443653922], [127.0429494220095, 37.311843573979324]]]",1
수원시,Feature,다사59ba24aa,Polygon,"[[[127.0429357795133, 37.31409699022892], [127.04292213549864, 37.31635040561402], [127.04574352254505, 37.316361269935264], [127.04575708234692, 37.314107853669455], [127.0429357795133, 37.31409699022892]]]",0
수원시,Feature,다사59ba24ab,Polygon,"[[[127.04292213549864, 37.31635040561402], [127.0429084899653, 37.31860382013459], [127.04572996123389, 37.3186146853366], [127.04574352254505, 37.316361269935264], [127.04292213549864, 37.31635040561402]]]",0
수원시,Feature,다사59ba24ba,Polygon,"[[[127.0429084899653, 37.31860382013459], [127.04289484291313, 37.32085723379065], [127.04571639841326, 37.32086809987348], [127.04572996123389, 37.3186146853366], [127.0429084899653, 37.31860382013459]]]",0
수원시,Feature,다사59bb14bb,Polygon,"[[[127.04625773559651, 37.23073084429326], [127.0462442315145, 37.23298429253076], [127.04906251042286, 37.23299505723641], [127.04907593063793, 37.23074160812557], [127.04625773559651, 37.23073084429326]]]",0
수원시,Feature,다사59bb15aa,Polygon,"[[[127.0462442315145, 37.23298429253076], [127.04623072592972, 37.235237739904484], [127.04904908871437, 37.23524850548354], [127.04906251042286, 37.23299505723641], [127.0462442315145, 37.23298429253076]]]",0
수원시,Feature,다사59bb15ab,Polygon,"[[[127.04623072592972, 37.235237739904484], [127.04621721884197, 37.23749118641443], [127.04903566551222, 37.23750195286696], [127.04904908871437, 37.23524850548354], [127.04623072592972, 37.235237739904484]]]",0
수원시,Feature,다사59bb15ba,Polygon,"[[[127.04621721884197, 37.23749118641443], [127.04620371025108, 37.23974463206058], [127.04902224081631, 37.23975539938661], [127.04903566551222, 37.23750195286696], [127.04621721884197, 37.23749118641443]]]",6
수원시,Feature,다사59bb15bb,Polygon,"[[[127.04620371025108, 37.23974463206058], [127.0461902001569, 37.241998076842904], [127.04900881462642, 37.242008845042506], [127.04902224081631, 37.23975539938661], [127.04620371025108, 37.23974463206058]]]",5
수원시,Feature,다사59bb16aa,Polygon,"[[[127.0461902001569, 37.241998076842904], [127.04617668855926, 37.244251520761395], [127.0489953869424, 37.24426228983461], [127.04900881462642, 37.242008845042506], [127.0461902001569, 37.241998076842904]]]",1
수원시,Feature,다사59bb16ab,Polygon,"[[[127.04617668855926, 37.244251520761395], [127.04616317545792, 37.246504963816044], [127.04898195776407, 37.24651573376292], [127.0489953869424, 37.24426228983461], [127.04617668855926, 37.244251520761395]]]",1
수원시,Feature,다사59bb16ba,Polygon,"[[[127.04616317545792, 37.246504963816044], [127.04614966085278, 37.24875840600683], [127.04896852709122, 37.2487691768274], [127.04898195776407, 37.24651573376292], [127.04616317545792, 37.246504963816044]]]",3
수원시,Feature,다사59bb16bb,Polygon,"[[[127.04614966085278, 37.24875840600683], [127.04613614474363, 37.25101184733369], [127.04895509492373, 37.25102261902804], [127.04896852709122, 37.2487691768274], [127.04614966085278, 37.24875840600683]]]",0
수원시,Feature,다사59bb17aa,Polygon,"[[[127.04613614474363, 37.25101184733369], [127.04612262713029, 37.25326528779667], [127.04894166126138, 37.25327606036483], [127.04895509492373, 37.25102261902804], [127.04613614474363, 37.25101184733369]]]",0
수원시,Feature,다사59bb17ab,Polygon,"[[[127.04612262713029, 37.25326528779667], [127.0461091080126, 37.2555187273957], [127.04892822610402, 37.255529500837746], [127.04894166126138, 37.25327606036483], [127.04612262713029, 37.25326528779667]]]",0
수원시,Feature,다사59bb17ba,Polygon,"[[[127.0461091080126, 37.2555187273957], [127.04609558739037, 37.25777216613079], [127.04891478945147, 37.25778294044675], [127.04892822610402, 37.255529500837746], [127.0461091080126, 37.2555187273957]]]",1
수원시,Feature,다사59bb17bb,Polygon,"[[[127.04609558739037, 37.25777216613079], [127.04608206526345, 37.26002560400191], [127.04890135130356, 37.260036379191845], [127.04891478945147, 37.25778294044675], [127.04609558739037, 37.25777216613079]]]",7
수원시,Feature,다사59bb18aa,Polygon,"[[[127.04608206526345, 37.26002560400191], [127.04606854163163, 37.26227904100906], [127.0488879116601, 37.262289817073], [127.04890135130356, 37.260036379191845], [127.04608206526345, 37.26002560400191]]]",4
수원시,Feature,다사59bb18ab,Polygon,"[[[127.04606854163163, 37.26227904100906], [127.04605501649475, 37.26453247715218], [127.04887447052094, 37.26454325409021], [127.0488879116601, 37.262289817073], [127.04606854163163, 37.26227904100906]]]",12
수원시,Feature,다사59bb18ba,Polygon,"[[[127.04605501649475, 37.26453247715218], [127.04604148985266, 37.26678591243128], [127.04886102788589, 37.26679669024343], [127.04887447052094, 37.26454325409021], [127.04605501649475, 37.26453247715218]]]",14
수원시,Feature,다사59bb18bb,Polygon,"[[[127.04604148985266, 37.26678591243128], [127.04602796170511, 37.26903934684635], [127.04884758375476, 37.269050125532665], [127.04886102788589, 37.26679669024343], [127.04604148985266, 37.26678591243128]]]",14
수원시,Feature,다사59bb19aa,Polygon,"[[[127.04602796170511, 37.26903934684635], [127.04601443205199, 37.27129278039733], [127.04883413812742, 37.271303559957886], [127.04884758375476, 37.269050125532665], [127.04602796170511, 37.26903934684635]]]",12
수원시,Feature,다사59bb19ab,Polygon,"[[[127.04601443205199, 37.27129278039733], [127.04600090089313, 37.27354621308426], [127.04882069100364, 37.27355699351909], [127.04883413812742, 37.271303559957886], [127.04601443205199, 37.27129278039733]]]",11
수원시,Feature,다사59bb19ba,Polygon,"[[[127.04600090089313, 37.27354621308426], [127.04598736822831, 37.275799644907075], [127.04880724238328, 37.27581042621623], [127.04882069100364, 37.27355699351909], [127.04600090089313, 37.27354621308426]]]",7
수원시,Feature,다사59bb19bb,Polygon,"[[[127.04598736822831, 37.275799644907075], [127.04597383405738, 37.27805307586578], [127.04879379226617, 37.27806385804933], [127.04880724238328, 37.27581042621623], [127.04598736822831, 37.275799644907075]]]",4
수원시,Feature,다사59bb20aa,Polygon,"[[[127.04597383405738, 37.27805307586578], [127.04596029838014, 37.28030650596033], [127.04878034065212, 37.280317289018306], [127.04879379226617, 37.27806385804933], [127.04597383405738, 37.27805307586578]]]",0
수원시,Feature,다사59bb20ab,Polygon,"[[[127.04596029838014, 37.28030650596033], [127.04594676119646, 37.28255993519075], [127.04876688754092, 37.2825707191232], [127.04878034065212, 37.280317289018306], [127.04596029838014, 37.28030650596033]]]",0
수원시,Feature,다사59bb20ba,Polygon,"[[[127.04594676119646, 37.28255993519075], [127.04593322250612, 37.28481336355697], [127.04875343293249, 37.28482414836397], [127.04876688754092, 37.2825707191232], [127.04594676119646, 37.28255993519075]]]",0
수원시,Feature,다사59bb20bb,Polygon,"[[[127.04593322250612, 37.28481336355697], [127.04591968230896, 37.28706679105901], [127.04873997682654, 37.28707757674059], [127.04875343293249, 37.28482414836397], [127.04593322250612, 37.28481336355697]]]",0
수원시,Feature,다사59bb21aa,Polygon,"[[[127.04591968230896, 37.28706679105901], [127.0459061406048, 37.28932021769683], [127.048726519223, 37.28933100425305], [127.04873997682654, 37.28707757674059], [127.04591968230896, 37.28706679105901]]]",2
수원시,Feature,다사59bb21ab,Polygon,"[[[127.0459061406048, 37.28932021769683], [127.04589259739349, 37.29157364347042], [127.04871306012163, 37.29158443090133], [127.048726519223, 37.28933100425305], [127.0459061406048, 37.28932021769683]]]",6
수원시,Feature,다사59bb21ba,Polygon,"[[[127.04589259739349, 37.29157364347042], [127.04587905267479, 37.29382706837976], [127.04869959952228, 37.293837856685414], [127.04871306012163, 37.29158443090133], [127.04589259739349, 37.29157364347042]]]",1
수원시,Feature,다사59bb21bb,Polygon,"[[[127.04587905267479, 37.29382706837976], [127.04586550644859, 37.296080492424835], [127.04868613742475, 37.29609128160528], [127.04869959952228, 37.293837856685414], [127.04587905267479, 37.29382706837976]]]",0
수원시,Feature,다사59bb22aa,Polygon,"[[[127.04586550644859, 37.296080492424835], [127.04585195871469, 37.29833391560561], [127.04867267382888, 37.29834470566091], [127.04868613742475, 37.29609128160528], [127.04586550644859, 37.296080492424835]]]",1
수원시,Feature,다사59bb22ab,Polygon,"[[[127.04585195871469, 37.29833391560561], [127.04583840947292, 37.300587337922096], [127.0486592087345, 37.300598128852286], [127.04867267382888, 37.29834470566091], [127.04585195871469, 37.29833391560561]]]",5
수원시,Feature,다사59bb22ba,Polygon,"[[[127.04583840947292, 37.300587337922096], [127.04582485872308, 37.30284075937424], [127.04864574214145, 37.30285155117937], [127.0486592087345, 37.300598128852286], [127.04583840947292, 37.300587337922096]]]",5
수원시,Feature,다사59bb22bb,Polygon,"[[[127.04582485872308, 37.30284075937424], [127.045811306465, 37.305094179962055], [127.04863227404951, 37.305104972642184], [127.04864574214145, 37.30285155117937], [127.04582485872308, 37.30284075937424]]]",13
수원시,Feature,다사59bb23aa,Polygon,"[[[127.045811306465, 37.305094179962055], [127.04579775269855, 37.30734759968549], [127.04861880445853, 37.307358393240676], [127.04863227404951, 37.305104972642184], [127.045811306465, 37.305094179962055]]]",4
수원시,Feature,다사59bb23ab,Polygon,"[[[127.04579775269855, 37.30734759968549], [127.04578419742347, 37.309601018544555], [127.04860533336836, 37.30961181297483], [127.04861880445853, 37.307358393240676], [127.04579775269855, 37.30734759968549]]]",4
수원시,Feature,다사59bb23ba,Polygon,"[[[127.04578419742347, 37.309601018544555], [127.04577064063966, 37.31185443653922], [127.04859186077879, 37.31186523184465], [127.04860533336836, 37.30961181297483], [127.04578419742347, 37.309601018544555]]]",2
수원시,Feature,다사59bb23bb,Polygon,"[[[127.04577064063966, 37.31185443653922], [127.04575708234692, 37.314107853669455], [127.04857838668964, 37.31411864985009], [127.04859186077879, 37.31186523184465], [127.04577064063966, 37.31185443653922]]]",0
수원시,Feature,다사59bb24aa,Polygon,"[[[127.04575708234692, 37.314107853669455], [127.04574352254505, 37.316361269935264], [127.04856491110075, 37.31637206699115], [127.04857838668964, 37.31411864985009], [127.04575708234692, 37.314107853669455]]]",0
수원시,Feature,다사59bb24ab,Polygon,"[[[127.04574352254505, 37.316361269935264], [127.04572996123389, 37.3186146853366], [127.04855143401196, 37.3186254832678], [127.04856491110075, 37.31637206699115], [127.04574352254505, 37.316361269935264]]]",0
수원시,Feature,다사60aa15aa,Polygon,"[[[127.04906251042286, 37.23299505723641], [127.04904908871437, 37.23524850548354], [127.05186745299262, 37.235259203993216], [127.05188079082465, 37.23300575487812], [127.04906251042286, 37.23299505723641]]]",1
수원시,Feature,다사60aa15ab,Polygon,"[[[127.04904908871437, 37.23524850548354], [127.04903566551222, 37.23750195286696], [127.0518541136763, 37.23751265224465], [127.05186745299262, 37.235259203993216], [127.04904908871437, 37.23524850548354]]]",0
수원시,Feature,다사60aa15ba,Polygon,"[[[127.04903566551222, 37.23750195286696], [127.04902224081631, 37.23975539938661], [127.05184077287551, 37.23976609963238], [127.0518541136763, 37.23751265224465], [127.04903566551222, 37.23750195286696]]]",1
수원시,Feature,다사60aa15bb,Polygon,"[[[127.04902224081631, 37.23975539938661], [127.04900881462642, 37.242008845042506], [127.0518274305901, 37.242019546156385], [127.05184077287551, 37.23976609963238], [127.04902224081631, 37.23975539938661]]]",3
수원시,Feature,다사60aa16aa,Polygon,"[[[127.04900881462642, 37.242008845042506], [127.0489953869424, 37.24426228983461], [127.05181408681989, 37.24427299181666], [127.0518274305901, 37.242019546156385], [127.04900881462642, 37.242008845042506]]]",4
수원시,Feature,다사60aa16ab,Polygon,"[[[127.0489953869424, 37.24426228983461], [127.04898195776407, 37.24651573376292], [127.05180074156468, 37.246526436613195], [127.05181408681989, 37.24427299181666], [127.0489953869424, 37.24426228983461]]]",3
수원시,Feature,다사60aa16ba,Polygon,"[[[127.04898195776407, 37.24651573376292], [127.04896852709122, 37.2487691768274], [127.05178739482432, 37.24877988054596], [127.05180074156468, 37.246526436613195], [127.04898195776407, 37.24651573376292]]]",0
수원시,Feature,다사60aa16bb,Polygon,"[[[127.04896852709122, 37.2487691768274], [127.04895509492373, 37.25102261902804], [127.05177404659864, 37.25103332361491], [127.05178739482432, 37.24877988054596], [127.04896852709122, 37.2487691768274]]]",0
수원시,Feature,다사60aa17aa,Polygon,"[[[127.04895509492373, 37.25102261902804], [127.04894166126138, 37.25327606036483], [127.05176069688747, 37.25328676582008], [127.05177404659864, 37.25103332361491], [127.04895509492373, 37.25102261902804]]]",1
수원시,Feature,다사60aa17ab,Polygon,"[[[127.04894166126138, 37.25327606036483], [127.04892822610402, 37.255529500837746], [127.05174734569061, 37.2555402071614], [127.05176069688747, 37.25328676582008], [127.04894166126138, 37.25327606036483]]]",1
수원시,Feature,다사60aa17ba,Polygon,"[[[127.04892822610402, 37.255529500837746], [127.04891478945147, 37.25778294044675], [127.05173399300791, 37.2577936476389], [127.05174734569061, 37.2555402071614], [127.04892822610402, 37.255529500837746]]]",0
수원시,Feature,다사60aa17bb,Polygon,"[[[127.04891478945147, 37.25778294044675], [127.04890135130356, 37.260036379191845], [127.05172063883921, 37.26004708725251], [127.05173399300791, 37.2577936476389], [127.04891478945147, 37.25778294044675]]]",0
수원시,Feature,다사60aa18aa,Polygon,"[[[127.04890135130356, 37.260036379191845], [127.0488879116601, 37.262289817073], [127.05170728318429, 37.26230052600225], [127.05172063883921, 37.26004708725251], [127.04890135130356, 37.260036379191845]]]",4
수원시,Feature,다사60aa18ab,Polygon,"[[[127.0488879116601, 37.262289817073], [127.04887447052094, 37.26454325409021], [127.05169392604301, 37.264553963888076], [127.05170728318429, 37.26230052600225], [127.0488879116601, 37.262289817073]]]",6
수원시,Feature,다사60aa18ba,Polygon,"[[[127.04887447052094, 37.26454325409021], [127.04886102788589, 37.26679669024343], [127.05168056741519, 37.26680740090999], [127.05169392604301, 37.264553963888076], [127.04887447052094, 37.26454325409021]]]",4
수원시,Feature,다사60aa18bb,Polygon,"[[[127.04886102788589, 37.26679669024343], [127.04884758375476, 37.269050125532665], [127.05166720730065, 37.269060837067954], [127.05168056741519, 37.26680740090999], [127.04886102788589, 37.26679669024343]]]",3
수원시,Feature,다사60aa19aa,Polygon,"[[[127.04884758375476, 37.269050125532665], [127.04883413812742, 37.271303559957886], [127.05165384569925, 37.271314272361955], [127.05166720730065, 37.269060837067954], [127.04884758375476, 37.269050125532665]]]",5
수원시,Feature,다사60aa19ab,Polygon,"[[[127.04883413812742, 37.271303559957886], [127.04882069100364, 37.27355699351909], [127.05164048261076, 37.27356770679199], [127.05165384569925, 37.271314272361955], [127.04883413812742, 37.271303559957886]]]",9
수원시,Feature,다사60aa19ba,Polygon,"[[[127.04882069100364, 37.27355699351909], [127.04880724238328, 37.27581042621623], [127.05162711803501, 37.27582114035802], [127.05164048261076, 37.27356770679199], [127.04882069100364, 37.27355699351909]]]",9
수원시,Feature,다사60aa19bb,Polygon,"[[[127.04880724238328, 37.27581042621623], [127.04879379226617, 37.27806385804933], [127.0516137519719, 37.27807457306004], [127.05162711803501, 37.27582114035802], [127.04880724238328, 37.27581042621623]]]",9
수원시,Feature,다사60aa20aa,Polygon,"[[[127.04879379226617, 37.27806385804933], [127.04878034065212, 37.280317289018306], [127.05160038442118, 37.28032800489802], [127.0516137519719, 37.27807457306004], [127.04879379226617, 37.27806385804933]]]",7
수원시,Feature,다사60aa20ab,Polygon,"[[[127.04878034065212, 37.280317289018306], [127.04876688754092, 37.2825707191232], [127.05158701538272, 37.28258143587194], [127.05160038442118, 37.28032800489802], [127.04878034065212, 37.280317289018306]]]",1
수원시,Feature,다사60aa20ba,Polygon,"[[[127.04876688754092, 37.2825707191232], [127.04875343293249, 37.28482414836397], [127.05157364485632, 37.28483486598179], [127.05158701538272, 37.28258143587194], [127.04876688754092, 37.2825707191232]]]",2
수원시,Feature,다사60aa20bb,Polygon,"[[[127.04875343293249, 37.28482414836397], [127.04873997682654, 37.28707757674059], [127.0515602728418, 37.287088295227555], [127.05157364485632, 37.28483486598179], [127.04875343293249, 37.28482414836397]]]",5
수원시,Feature,다사60aa21aa,Polygon,"[[[127.04873997682654, 37.28707757674059], [127.048726519223, 37.28933100425305], [127.051546899339, 37.28934172360921], [127.0515602728418, 37.287088295227555], [127.04873997682654, 37.28707757674059]]]",1
수원시,Feature,다사60aa21ab,Polygon,"[[[127.048726519223, 37.28933100425305], [127.04871306012163, 37.29158443090133], [127.05153352434776, 37.291595151126735], [127.051546899339, 37.28934172360921], [127.048726519223, 37.28933100425305]]]",5
수원시,Feature,다사60aa21ba,Polygon,"[[[127.04871306012163, 37.29158443090133], [127.04869959952228, 37.293837856685414], [127.05152014786789, 37.29384857778011], [127.05153352434776, 37.291595151126735], [127.04871306012163, 37.29158443090133]]]",4
수원시,Feature,다사60aa21bb,Polygon,"[[[127.04869959952228, 37.293837856685414], [127.04868613742475, 37.29609128160528], [127.05150676989922, 37.29610200356931], [127.05152014786789, 37.29384857778011], [127.04869959952228, 37.293837856685414]]]",2
수원시,Feature,다사60aa22aa,Polygon,"[[[127.04868613742475, 37.29609128160528], [127.04867267382888, 37.29834470566091], [127.05149339044156, 37.298355428494325], [127.05150676989922, 37.29610200356931], [127.04868613742475, 37.29609128160528]]]",5
수원시,Feature,다사60aa22ab,Polygon,"[[[127.04867267382888, 37.29834470566091], [127.0486592087345, 37.300598128852286], [127.05148000949478, 37.30060885255514], [127.05149339044156, 37.298355428494325], [127.04867267382888, 37.29834470566091]]]",4
수원시,Feature,다사60aa22ba,Polygon,"[[[127.0486592087345, 37.300598128852286], [127.04864574214145, 37.30285155117937], [127.05146662705864, 37.30286227575174], [127.05148000949478, 37.30060885255514], [127.0486592087345, 37.300598128852286]]]",0
수원시,Feature,다사60aa22bb,Polygon,"[[[127.04864574214145, 37.30285155117937], [127.04863227404951, 37.305104972642184], [127.05145324313303, 37.30511569808409], [127.05146662705864, 37.30286227575174], [127.04864574214145, 37.30285155117937]]]",1
수원시,Feature,다사60aa23aa,Polygon,"[[[127.04863227404951, 37.305104972642184], [127.04861880445853, 37.307358393240676], [127.05143985771777, 37.307369119552185], [127.05145324313303, 37.30511569808409], [127.04863227404951, 37.305104972642184]]]",5
수원시,Feature,다사60aa23ab,Polygon,"[[[127.04861880445853, 37.307358393240676], [127.04860533336836, 37.30961181297483], [127.05142647081263, 37.30962254015599], [127.05143985771777, 37.307369119552185], [127.04861880445853, 37.307358393240676]]]",1
수원시,Feature,다사60aa23ba,Polygon,"[[[127.04860533336836, 37.30961181297483], [127.04859186077879, 37.31186523184465], [127.05141308241745, 37.31187595989551], [127.05142647081263, 37.30962254015599], [127.04860533336836, 37.30961181297483]]]",0
수원시,Feature,다사60aa23bb,Polygon,"[[[127.04859186077879, 37.31186523184465], [127.04857838668964, 37.31411864985009], [127.05139969253212, 37.31412937877071], [127.05141308241745, 37.31187595989551], [127.04859186077879, 37.31186523184465]]]",0
수원시,Feature,다사60aa24aa,Polygon,"[[[127.04857838668964, 37.31411864985009], [127.04856491110075, 37.31637206699115], [127.05138630115638, 37.31638279678157], [127.05139969253212, 37.31412937877071], [127.04857838668964, 37.31411864985009]]]",0
수원시,Feature,다사60aa24ab,Polygon,"[[[127.04856491110075, 37.31637206699115], [127.04855143401196, 37.3186254832678], [127.05137290829012, 37.31863621392807], [127.05138630115638, 37.31638279678157], [127.04856491110075, 37.31637206699115]]]",0
수원시,Feature,다사60ab14bb,Polygon,"[[[127.05189412717259, 37.23075230489937], [127.05188079082465, 37.23300575487812], [127.05469907271058, 37.23301638545578], [127.0547123251912, 37.23076293461455], [127.05189412717259, 37.23075230489937]]]",1
수원시,Feature,다사60ab15aa,Polygon,"[[[127.05188079082465, 37.23300575487812], [127.05186745299262, 37.235259203993216], [127.05468581875516, 37.235269835433414], [127.05469907271058, 37.23301638545578], [127.05188079082465, 37.23300575487812]]]",1
수원시,Feature,다사60ab15ab,Polygon,"[[[127.05186745299262, 37.235259203993216], [127.0518541136763, 37.23751265224465], [127.05467256332481, 37.23752328454741], [127.05468581875516, 37.235269835433414], [127.05186745299262, 37.235259203993216]]]",0
수원시,Feature,다사60ab15ba,Polygon,"[[[127.0518541136763, 37.23751265224465], [127.05184077287551, 37.23976609963238], [127.05465930641935, 37.23977673279776], [127.05467256332481, 37.23752328454741], [127.0518541136763, 37.23751265224465]]]",2
수원시,Feature,다사60ab15bb,Polygon,"[[[127.05184077287551, 37.23976609963238], [127.0518274305901, 37.242019546156385], [127.05464604803858, 37.24203018018445], [127.05465930641935, 37.23977673279776], [127.05184077287551, 37.23976609963238]]]",1
수원시,Feature,다사60ab16aa,Polygon,"[[[127.0518274305901, 37.242019546156385], [127.05181408681989, 37.24427299181666], [127.05463278818235, 37.244283626707464], [127.05464604803858, 37.24203018018445], [127.0518274305901, 37.242019546156385]]]",5
수원시,Feature,다사60ab16ab,Polygon,"[[[127.05181408681989, 37.24427299181666], [127.05180074156468, 37.246526436613195], [127.05461952685046, 37.24653707236677], [127.05463278818235, 37.244283626707464], [127.05181408681989, 37.24427299181666]]]",3
수원시,Feature,다사60ab16ba,Polygon,"[[[127.05180074156468, 37.246526436613195], [127.05178739482432, 37.24877988054596], [127.05460626404276, 37.248790517162355], [127.05461952685046, 37.24653707236677], [127.05180074156468, 37.246526436613195]]]",2
수원시,Feature,다사60ab16bb,Polygon,"[[[127.05178739482432, 37.24877988054596], [127.05177404659864, 37.25103332361491], [127.05459299975907, 37.25104396109419], [127.05460626404276, 37.248790517162355], [127.05178739482432, 37.24877988054596]]]",0
수원시,Feature,다사60ab17aa,Polygon,"[[[127.05177404659864, 37.25103332361491], [127.05176069688747, 37.25328676582008], [127.05457973399925, 37.25329740416229], [127.05459299975907, 37.25104396109419], [127.05177404659864, 37.25103332361491]]]",0
수원시,Feature,다사60ab17ab,Polygon,"[[[127.05176069688747, 37.25328676582008], [127.05174734569061, 37.2555402071614], [127.05456646676306, 37.255550846366596], [127.05457973399925, 37.25329740416229], [127.05176069688747, 37.25328676582008]]]",0
수원시,Feature,다사60ab17ba,Polygon,"[[[127.05174734569061, 37.2555402071614], [127.05173399300791, 37.2577936476389], [127.05455319805039, 37.25780428770712], [127.05456646676306, 37.255550846366596], [127.05174734569061, 37.2555402071614]]]",0
수원시,Feature,다사60ab17bb,Polygon,"[[[127.05173399300791, 37.2577936476389], [127.05172063883921, 37.26004708725251], [127.05453992786104, 37.26005772818382], [127.05455319805039, 37.25780428770712], [127.05173399300791, 37.2577936476389]]]",0
수원시,Feature,다사60ab18aa,Polygon,"[[[127.05172063883921, 37.26004708725251], [127.05170728318429, 37.26230052600225], [127.05452665619484, 37.26231116779668], [127.05453992786104, 37.26005772818382], [127.05172063883921, 37.26004708725251]]]",0
수원시,Feature,다사60ab18ab,Polygon,"[[[127.05170728318429, 37.26230052600225], [127.05169392604301, 37.264553963888076], [127.05451338305163, 37.264564606545704], [127.05452665619484, 37.26231116779668], [127.05170728318429, 37.26230052600225]]]",1
수원시,Feature,다사60ab18ba,Polygon,"[[[127.05169392604301, 37.264553963888076], [127.05168056741519, 37.26680740090999], [127.05450010843121, 37.26681804443084], [127.05451338305163, 37.264564606545704], [127.05169392604301, 37.264553963888076]]]",1
수원시,Feature,다사60ab18bb,Polygon,"[[[127.05168056741519, 37.26680740090999], [127.05166720730065, 37.269060837067954], [127.05448683233344, 37.26907148145209], [127.05450010843121, 37.26681804443084], [127.05168056741519, 37.26680740090999]]]",6
수원시,Feature,다사60ab19aa,Polygon,"[[[127.05166720730065, 37.269060837067954], [127.05165384569925, 37.271314272361955], [127.0544735547581, 37.271324917609434], [127.05448683233344, 37.26907148145209], [127.05166720730065, 37.269060837067954]]]",5
수원시,Feature,다사60ab19ab,Polygon,"[[[127.05165384569925, 37.271314272361955], [127.05164048261076, 37.27356770679199], [127.0544602757051, 37.27357835290285], [127.0544735547581, 37.271324917609434], [127.05165384569925, 37.271314272361955]]]",4
수원시,Feature,다사60ab19ba,Polygon,"[[[127.05164048261076, 37.27356770679199], [127.05162711803501, 37.27582114035802], [127.05444699517417, 37.275831787332315], [127.0544602757051, 37.27357835290285], [127.05164048261076, 37.27356770679199]]]",2
수원시,Feature,다사60ab19bb,Polygon,"[[[127.05162711803501, 37.27582114035802], [127.0516137519719, 37.27807457306004], [127.0544337131652, 37.27808522089782], [127.05444699517417, 37.275831787332315], [127.05162711803501, 37.27582114035802]]]",2
수원시,Feature,다사60ab20aa,Polygon,"[[[127.0516137519719, 37.27807457306004], [127.05160038442118, 37.28032800489802], [127.054420429678, 37.28033865359934], [127.0544337131652, 37.27808522089782], [127.0516137519719, 37.27807457306004]]]",2
수원시,Feature,다사60ab20ab,Polygon,"[[[127.05160038442118, 37.28032800489802], [127.05158701538272, 37.28258143587194], [127.0544071447124, 37.28259208543686], [127.054420429678, 37.28033865359934], [127.05160038442118, 37.28032800489802]]]",1
수원시,Feature,다사60ab20ba,Polygon,"[[[127.05158701538272, 37.28258143587194], [127.05157364485632, 37.28483486598179], [127.05439385826823, 37.28484551641036], [127.0544071447124, 37.28259208543686], [127.05158701538272, 37.28258143587194]]]",3
수원시,Feature,다사60ab20bb,Polygon,"[[[127.05157364485632, 37.28483486598179], [127.0515602728418, 37.287088295227555], [127.05438057034532, 37.287098946519805], [127.05439385826823, 37.28484551641036], [127.05157364485632, 37.28483486598179]]]",3
수원시,Feature,다사60ab21aa,Polygon,"[[[127.0515602728418, 37.287088295227555], [127.051546899339, 37.28934172360921], [127.05436728094345, 37.28935237576518], [127.05438057034532, 37.287098946519805], [127.0515602728418, 37.287088295227555]]]",0
수원시,Feature,다사60ab21ab,Polygon,"[[[127.051546899339, 37.28934172360921], [127.05153352434776, 37.291595151126735], [127.05435399006252, 37.29160580414651], [127.05436728094345, 37.28935237576518], [127.051546899339, 37.28934172360921]]]",1
수원시,Feature,다사60ab21ba,Polygon,"[[[127.05153352434776, 37.291595151126735], [127.05152014786789, 37.29384857778011], [127.05434069770233, 37.293859231663724], [127.05435399006252, 37.29160580414651], [127.05153352434776, 37.291595151126735]]]",2
수원시,Feature,다사60ab21bb,Polygon,"[[[127.05152014786789, 37.29384857778011], [127.05150676989922, 37.29610200356931], [127.05432740386269, 37.29611265831683], [127.05434069770233, 37.293859231663724], [127.05152014786789, 37.29384857778011]]]",8
수원시,Feature,다사60ab22aa,Polygon,"[[[127.05150676989922, 37.29610200356931], [127.05149339044156, 37.298355428494325], [127.05431410854342, 37.29836608410579], [127.05432740386269, 37.29611265831683], [127.05150676989922, 37.29610200356931]]]",1
수원시,Feature,다사60ab22ab,Polygon,"[[[127.05149339044156, 37.298355428494325], [127.05148000949478, 37.30060885255514], [127.05430081174438, 37.3006195090306], [127.05431410854342, 37.29836608410579], [127.05149339044156, 37.298355428494325]]]",0
수원시,Feature,다사60ab22ba,Polygon,"[[[127.05148000949478, 37.30060885255514], [127.05146662705864, 37.30286227575174], [127.05428751346538, 37.30287293309123], [127.05430081174438, 37.3006195090306], [127.05148000949478, 37.30060885255514]]]",0
수원시,Feature,다사60ab22bb,Polygon,"[[[127.05146662705864, 37.30286227575174], [127.05145324313303, 37.30511569808409], [127.05427421370624, 37.30512635628769], [127.05428751346538, 37.30287293309123], [127.05146662705864, 37.30286227575174]]]",0
수원시,Feature,다사60ab23aa,Polygon,"[[[127.05145324313303, 37.30511569808409], [127.05143985771777, 37.307369119552185], [127.05426091246683, 37.307379778619925], [127.05427421370624, 37.30512635628769], [127.05145324313303, 37.30511569808409]]]",5
수원시,Feature,다사60ab23ab,Polygon,"[[[127.05143985771777, 37.307369119552185], [127.05142647081263, 37.30962254015599], [127.0542476097469, 37.30963320008792], [127.05426091246683, 37.307379778619925], [127.05143985771777, 37.307369119552185]]]",4
수원시,Feature,다사60ab23ba,Polygon,"[[[127.05142647081263, 37.30962254015599], [127.05141308241745, 37.31187595989551], [127.05423430554633, 37.311886620691695], [127.0542476097469, 37.30963320008792], [127.05142647081263, 37.30962254015599]]]",3
수원시,Feature,다사60ab23bb,Polygon,"[[[127.05141308241745, 37.31187595989551], [127.05139969253212, 37.31412937877071], [127.05422099986495, 37.3141400404312], [127.05423430554633, 37.311886620691695], [127.05141308241745, 37.31187595989551]]]",0
수원시,Feature,다사60ab24aa,Polygon,"[[[127.05139969253212, 37.31412937877071], [127.05138630115638, 37.31638279678157], [127.05420769270255, 37.316393459306404], [127.05422099986495, 37.3141400404312], [127.05139969253212, 37.31412937877071]]]",0
수원시,Feature,다사60ba14bb,Polygon,"[[[127.0547123251912, 37.23076293461455], [127.05469907271058, 37.23301638545578], [127.05751735607127, 37.233026948969275], [127.05753052468441, 37.23077349727101], [127.0547123251912, 37.23076293461455]]]",0
수원시,Feature,다사60ba15aa,Polygon,"[[[127.05469907271058, 37.23301638545578], [127.05468581875516, 37.235269835433414], [127.0575041859927, 37.23528039980398], [127.05751735607127, 37.233026948969275], [127.05469907271058, 37.23301638545578]]]",1
수원시,Feature,다사60ba15ab,Polygon,"[[[127.05468581875516, 37.235269835433414], [127.05467256332481, 37.23752328454741], [127.05749101444849, 37.23753384977512], [127.0575041859927, 37.23528039980398], [127.05468581875516, 37.235269835433414]]]",0
수원시,Feature,다사60ba15ba,Polygon,"[[[127.05467256332481, 37.23752328454741], [127.05465930641935, 37.23977673279776], [127.05747784143847, 37.23978729888267], [127.05749101444849, 37.23753384977512], [127.05467256332481, 37.23752328454741]]]",8
수원시,Feature,다사60ba15bb,Polygon,"[[[127.05465930641935, 37.23977673279776], [127.05464604803858, 37.24203018018445], [127.05746466696253, 37.242040747126595], [127.05747784143847, 37.23978729888267], [127.05465930641935, 37.23977673279776]]]",4
수원시,Feature,다사60ba16aa,Polygon,"[[[127.05464604803858, 37.24203018018445], [127.05463278818235, 37.244283626707464], [127.05745149102043, 37.24429419450688], [127.05746466696253, 37.242040747126595], [127.05464604803858, 37.24203018018445]]]",1
수원시,Feature,다사60ba16ab,Polygon,"[[[127.05463278818235, 37.244283626707464], [127.05461952685046, 37.24653707236677], [127.05743831361204, 37.246547641023525], [127.05745149102043, 37.24429419450688], [127.05463278818235, 37.244283626707464]]]",2
수원시,Feature,다사60ba16ba,Polygon,"[[[127.05461952685046, 37.24653707236677], [127.05460626404276, 37.248790517162355], [127.05742513473719, 37.24880108667651], [127.05743831361204, 37.246547641023525], [127.05461952685046, 37.24653707236677]]]",4
수원시,Feature,다사60ba16bb,Polygon,"[[[127.05460626404276, 37.248790517162355], [127.05459299975907, 37.25104396109419], [127.05741195439566, 37.25105453146577], [127.05742513473719, 37.24880108667651], [127.05460626404276, 37.248790517162355]]]",1
수원시,Feature,다사60ba17aa,Polygon,"[[[127.05459299975907, 37.25104396109419], [127.05457973399925, 37.25329740416229], [127.05739877258735, 37.25330797539135], [127.05741195439566, 37.25105453146577], [127.05459299975907, 37.25104396109419]]]",0
수원시,Feature,다사60ba17ab,Polygon,"[[[127.05457973399925, 37.25329740416229], [127.05456646676306, 37.255550846366596], [127.05738558931202, 37.25556141845321], [127.05739877258735, 37.25330797539135], [127.05457973399925, 37.25329740416229]]]",0
수원시,Feature,다사60ba17ba,Polygon,"[[[127.05456646676306, 37.255550846366596], [127.05455319805039, 37.25780428770712], [127.05737240456953, 37.25781486065131], [127.05738558931202, 37.25556141845321], [127.05456646676306, 37.255550846366596]]]",0
수원시,Feature,다사60ba17bb,Polygon,"[[[127.05455319805039, 37.25780428770712], [127.05453992786104, 37.26005772818382], [127.05735921835974, 37.26006830198564], [127.05737240456953, 37.25781486065131], [127.05455319805039, 37.25780428770712]]]",0
수원시,Feature,다사60ba18aa,Polygon,"[[[127.05453992786104, 37.26005772818382], [127.05452665619484, 37.26231116779668], [127.0573460306824, 37.2623217424562], [127.05735921835974, 37.26006830198564], [127.05453992786104, 37.26005772818382]]]",0
수원시,Feature,다사60ba18ab,Polygon,"[[[127.05452665619484, 37.26231116779668], [127.05451338305163, 37.264564606545704], [127.05733284153743, 37.26457518206296], [127.0573460306824, 37.2623217424562], [127.05452665619484, 37.26231116779668]]]",0
수원시,Feature,다사60ba18ba,Polygon,"[[[127.05451338305163, 37.264564606545704], [127.05450010843121, 37.26681804443084], [127.05731965092461, 37.26682862080589], [127.05733284153743, 37.26457518206296], [127.05451338305163, 37.264564606545704]]]",2
수원시,Feature,다사60ba18bb,Polygon,"[[[127.05450010843121, 37.26681804443084], [127.05448683233344, 37.26907148145209], [127.05730645884375, 37.26908205868497], [127.05731965092461, 37.26682862080589], [127.05450010843121, 37.26681804443084]]]",3
수원시,Feature,다사60ba19aa,Polygon,"[[[127.05448683233344, 37.26907148145209], [127.0544735547581, 37.271324917609434], [127.05729326529472, 37.27133549570021], [127.05730645884375, 37.26908205868497], [127.05448683233344, 37.26907148145209]]]",4
수원시,Feature,다사60ba19ab,Polygon,"[[[127.0544735547581, 37.271324917609434], [127.0544602757051, 37.27357835290285], [127.0572800702773, 37.27358893185156], [127.05729326529472, 37.27133549570021], [127.0544735547581, 37.271324917609434]]]",1
수원시,Feature,다사60ba19ba,Polygon,"[[[127.0544602757051, 37.27357835290285], [127.05444699517417, 37.275831787332315], [127.05726687379138, 37.27584236713902], [127.0572800702773, 37.27358893185156], [127.0544602757051, 37.27357835290285]]]",4
수원시,Feature,다사60ba19bb,Polygon,"[[[127.05444699517417, 37.275831787332315], [127.0544337131652, 37.27808522089782], [127.05725367583673, 37.278095801562564], [127.05726687379138, 37.27584236713902], [127.05444699517417, 37.275831787332315]]]",1
수원시,Feature,다사60ba20aa,Polygon,"[[[127.0544337131652, 37.27808522089782], [127.054420429678, 37.28033865359934], [127.05724047641324, 37.280349235122166], [127.05725367583673, 37.278095801562564], [127.0544337131652, 37.27808522089782]]]",1
수원시,Feature,다사60ba20ab,Polygon,"[[[127.054420429678, 37.28033865359934], [127.0544071447124, 37.28259208543686], [127.05722727552067, 37.28260266781783], [127.05724047641324, 37.280349235122166], [127.054420429678, 37.28033865359934]]]",1
수원시,Feature,다사60ba20ba,Polygon,"[[[127.0544071447124, 37.28259208543686], [127.05439385826823, 37.28484551641036], [127.0572140731589, 37.28485609964951], [127.05722727552067, 37.28260266781783], [127.0544071447124, 37.28259208543686]]]",1
수원시,Feature,다사60ba20bb,Polygon,"[[[127.05439385826823, 37.28484551641036], [127.05438057034532, 37.287098946519805], [127.05720086932773, 37.287109530617215], [127.0572140731589, 37.28485609964951], [127.05439385826823, 37.28484551641036]]]",7
수원시,Feature,다사60ba21aa,Polygon,"[[[127.05438057034532, 37.287098946519805], [127.05436728094345, 37.28935237576518], [127.05718766402703, 37.289362960720894], [127.05720086932773, 37.287109530617215], [127.05438057034532, 37.287098946519805]]]",2
수원시,Feature,다사60ba21ab,Polygon,"[[[127.05436728094345, 37.28935237576518], [127.05435399006252, 37.29160580414651], [127.05717445725655, 37.291616389960545], [127.05718766402703, 37.289362960720894], [127.05436728094345, 37.28935237576518]]]",0
수원시,Feature,다사60ba21ba,Polygon,"[[[127.05435399006252, 37.29160580414651], [127.05434069770233, 37.293859231663724], [127.05716124901619, 37.293869818336155], [127.05717445725655, 37.291616389960545], [127.05435399006252, 37.29160580414651]]]",1
수원시,Feature,다사60ba21bb,Polygon,"[[[127.05434069770233, 37.293859231663724], [127.05432740386269, 37.29611265831683], [127.05714803930576, 37.2961232458477], [127.05716124901619, 37.293869818336155], [127.05434069770233, 37.293859231663724]]]",9
수원시,Feature,다사60ba22aa,Polygon,"[[[127.05432740386269, 37.29611265831683], [127.05431410854342, 37.29836608410579], [127.05713482812504, 37.29837667249515], [127.05714803930576, 37.2961232458477], [127.05432740386269, 37.29611265831683]]]",0
수원시,Feature,다사60ba22ab,Polygon,"[[[127.05431410854342, 37.29836608410579], [127.05430081174438, 37.3006195090306], [127.05712161547395, 37.30063009827851], [127.05713482812504, 37.29837667249515], [127.05431410854342, 37.29836608410579]]]",0
수원시,Feature,다사60ba22ba,Polygon,"[[[127.05430081174438, 37.3006195090306], [127.05428751346538, 37.30287293309123], [127.05710840135224, 37.30288352319774], [127.05712161547395, 37.30063009827851], [127.05430081174438, 37.3006195090306]]]",0
수원시,Feature,다사60ba22bb,Polygon,"[[[127.05428751346538, 37.30287293309123], [127.05427421370624, 37.30512635628769], [127.05709518575976, 37.30513694725284], [127.05710840135224, 37.30288352319774], [127.05428751346538, 37.30287293309123]]]",0
수원시,Feature,다사60ba23aa,Polygon,"[[[127.05427421370624, 37.30512635628769], [127.05426091246683, 37.307379778619925], [127.05708196869634, 37.30739037044377], [127.05709518575976, 37.30513694725284], [127.05427421370624, 37.30512635628769]]]",0
수원시,Feature,다사60ba23ab,Polygon,"[[[127.05426091246683, 37.307379778619925], [127.0542476097469, 37.30963320008792], [127.05706875016183, 37.30964379277053], [127.05708196869634, 37.30739037044377], [127.05426091246683, 37.307379778619925]]]",0
수원시,Feature,다사60ba23ba,Polygon,"[[[127.0542476097469, 37.30963320008792], [127.05423430554633, 37.311886620691695], [127.05705553015602, 37.311897214233085], [127.05706875016183, 37.30964379277053], [127.0542476097469, 37.30963320008792]]]",0
수원시,Feature,다사60ba23bb,Polygon,"[[[127.05423430554633, 37.311886620691695], [127.05422099986495, 37.3141400404312], [127.05704230867877, 37.31415063483142], [127.05705553015602, 37.311897214233085], [127.05423430554633, 37.311886620691695]]]",2
수원시,Feature,다사60ba24aa,Polygon,"[[[127.05422099986495, 37.3141400404312], [127.05420769270255, 37.316393459306404], [127.05702908572988, 37.316404054565545], [127.05704230867877, 37.31415063483142], [127.05422099986495, 37.3141400404312]]]",0
수원시,Feature,다사60bb15aa,Polygon,"[[[127.05751735607127, 37.233026948969275], [127.0575041859927, 37.23528039980398], [127.0603225546958, 37.23529089710485], [127.0603356408974, 37.23303744541851], [127.05751735607127, 37.233026948969275]]]",0
수원시,Feature,다사60bb15ab,Polygon,"[[[127.0575041859927, 37.23528039980398], [127.05749101444849, 37.23753384977512], [127.06030946703792, 37.23754434792769], [127.0603225546958, 37.23529089710485], [127.0575041859927, 37.23528039980398]]]",2
수원시,Feature,다사60bb15ba,Polygon,"[[[127.05749101444849, 37.23753384977512], [127.05747784143847, 37.23978729888267], [127.06029637792356, 37.23979779788697], [127.06030946703792, 37.23754434792769], [127.05749101444849, 37.23753384977512]]]",5
수원시,Feature,다사60bb15bb,Polygon,"[[[127.05747784143847, 37.23978729888267], [127.05746466696253, 37.242040747126595], [127.06028328735259, 37.24205124698269], [127.06029637792356, 37.23979779788697], [127.05747784143847, 37.23978729888267]]]",6
수원시,Feature,다사60bb16aa,Polygon,"[[[127.05746466696253, 37.242040747126595], [127.05745149102043, 37.24429419450688], [127.06027019532485, 37.24430469521483], [127.06028328735259, 37.24205124698269], [127.05746466696253, 37.242040747126595]]]",6
수원시,Feature,다사60bb16ab,Polygon,"[[[127.05745149102043, 37.24429419450688], [127.05743831361204, 37.246547641023525], [127.0602571018401, 37.24655814258337], [127.06027019532485, 37.24430469521483], [127.05745149102043, 37.24429419450688]]]",4
수원시,Feature,다사60bb16ba,Polygon,"[[[127.05743831361204, 37.246547641023525], [127.05742513473719, 37.24880108667651], [127.06024400689824, 37.24881158908827], [127.0602571018401, 37.24655814258337], [127.05743831361204, 37.246547641023525]]]",2
수원시,Feature,다사60bb16bb,Polygon,"[[[127.05742513473719, 37.24880108667651], [127.05741195439566, 37.25105453146577], [127.06023091049907, 37.25106503472955], [127.06024400689824, 37.24881158908827], [127.05742513473719, 37.24880108667651]]]",1
수원시,Feature,다사60bb17aa,Polygon,"[[[127.05741195439566, 37.25105453146577], [127.05739877258735, 37.25330797539135], [127.0602178126424, 37.25331847950717], [127.06023091049907, 37.25106503472955], [127.05741195439566, 37.25105453146577]]]",1
수원시,Feature,다사60bb17ab,Polygon,"[[[127.05739877258735, 37.25330797539135], [127.05738558931202, 37.25556141845321], [127.06020471332812, 37.255571923421115], [127.0602178126424, 37.25331847950717], [127.05739877258735, 37.25330797539135]]]",1
수원시,Feature,다사60bb17ba,Polygon,"[[[127.05738558931202, 37.25556141845321], [127.05737240456953, 37.25781486065131], [127.06019161255601, 37.257825366471366], [127.06020471332812, 37.255571923421115], [127.05738558931202, 37.25556141845321]]]",3
수원시,Feature,다사60bb17bb,Polygon,"[[[127.05737240456953, 37.25781486065131], [127.05735921835974, 37.26006830198564], [127.0601785103259, 37.26007880865789], [127.06019161255601, 37.257825366471366], [127.05737240456953, 37.25781486065131]]]",3
수원시,Feature,다사60bb18aa,Polygon,"[[[127.05735921835974, 37.26006830198564], [127.0573460306824, 37.2623217424562], [127.06016540663765, 37.26233224998068], [127.0601785103259, 37.26007880865789], [127.05735921835974, 37.26006830198564]]]",0
수원시,Feature,다사60bb18ab,Polygon,"[[[127.0573460306824, 37.2623217424562], [127.05733284153743, 37.26457518206296], [127.06015230149109, 37.26458569043974], [127.06016540663765, 37.26233224998068], [127.0573460306824, 37.2623217424562]]]",0
수원시,Feature,다사60bb18ba,Polygon,"[[[127.05733284153743, 37.26457518206296], [127.05731965092461, 37.26682862080589], [127.06013919488599, 37.26683913003501], [127.06015230149109, 37.26458569043974], [127.05733284153743, 37.26457518206296]]]",3
수원시,Feature,다사60bb18bb,Polygon,"[[[127.05731965092461, 37.26682862080589], [127.05730645884375, 37.26908205868497], [127.06012608682225, 37.269092568766496], [127.06013919488599, 37.26683913003501], [127.05731965092461, 37.26682862080589]]]",2
수원시,Feature,다사60bb19aa,Polygon,"[[[127.05730645884375, 37.26908205868497], [127.05729326529472, 37.27133549570021], [127.06011297729967, 37.27134600663416], [127.06012608682225, 37.269092568766496], [127.05730645884375, 37.26908205868497]]]",4
수원시,Feature,다사60bb19ab,Polygon,"[[[127.05729326529472, 37.27133549570021], [127.0572800702773, 37.27358893185156], [127.06009986631805, 37.27359944363801], [127.06011297729967, 37.27134600663416], [127.05729326529472, 37.27133549570021]]]",1
수원시,Feature,다사60bb19ba,Polygon,"[[[127.0572800702773, 37.27358893185156], [127.05726687379138, 37.27584236713902], [127.06008675387727, 37.27585287977802], [127.06009986631805, 37.27359944363801], [127.0572800702773, 37.27358893185156]]]",2
수원시,Feature,다사60bb19bb,Polygon,"[[[127.05726687379138, 37.27584236713902], [127.05725367583673, 37.278095801562564], [127.06007363997716, 37.27810631505415], [127.06008675387727, 37.27585287977802], [127.05726687379138, 37.27584236713902]]]",2
수원시,Feature,다사60bb20aa,Polygon,"[[[127.05725367583673, 37.278095801562564], [127.05724047641324, 37.280349235122166], [127.06006052461753, 37.2803597494664], [127.06007363997716, 37.27810631505415], [127.05725367583673, 37.278095801562564]]]",4
수원시,Feature,다사60bb20ab,Polygon,"[[[127.05724047641324, 37.280349235122166], [127.05722727552067, 37.28260266781783], [127.06004740779817, 37.28261318301475], [127.06006052461753, 37.2803597494664], [127.05724047641324, 37.280349235122166]]]",4
수원시,Feature,다사60bb20ba,Polygon,"[[[127.05722727552067, 37.28260266781783], [127.0572140731589, 37.28485609964951], [127.06003428951897, 37.28486661569918], [127.06004740779817, 37.28261318301475], [127.05722727552067, 37.28260266781783]]]",3
수원시,Feature,다사60bb20bb,Polygon,"[[[127.0572140731589, 37.28485609964951], [127.05720086932773, 37.287109530617215], [127.06002116977973, 37.28712004751967], [127.06003428951897, 37.28486661569918], [127.0572140731589, 37.28485609964951]]]",3
수원시,Feature,다사60bb21aa,Polygon,"[[[127.05720086932773, 37.287109530617215], [127.05718766402703, 37.289362960720894], [127.06000804858031, 37.28937347847619], [127.06002116977973, 37.28712004751967], [127.05720086932773, 37.287109530617215]]]",6
수원시,Feature,다사60bb21ab,Polygon,"[[[127.05718766402703, 37.289362960720894], [127.05717445725655, 37.291616389960545], [127.05999492592049, 37.291626908568745], [127.06000804858031, 37.28937347847619], [127.05718766402703, 37.289362960720894]]]",5
수원시,Feature,다사60bb21ba,Polygon,"[[[127.05717445725655, 37.291616389960545], [127.05716124901619, 37.293869818336155], [127.05998180180013, 37.2938803377973], [127.05999492592049, 37.291626908568745], [127.05717445725655, 37.291616389960545]]]",2
수원시,Feature,다사60bb21bb,Polygon,"[[[127.05716124901619, 37.293869818336155], [127.05714803930576, 37.2961232458477], [127.05996867621907, 37.29613376616183], [127.05998180180013, 37.2938803377973], [127.05716124901619, 37.293869818336155]]]",8
수원시,Feature,다사60bb22aa,Polygon,"[[[127.05714803930576, 37.2961232458477], [127.05713482812504, 37.29837667249515], [127.0599555491771, 37.29838719366233], [127.05996867621907, 37.29613376616183], [127.05714803930576, 37.2961232458477]]]",4
수원시,Feature,다사60bb22ab,Polygon,"[[[127.05713482812504, 37.29837667249515], [127.05712161547395, 37.30063009827851], [127.05994242067409, 37.300640620298786], [127.0599555491771, 37.29838719366233], [127.05713482812504, 37.29837667249515]]]",1
수원시,Feature,다사60bb22ba,Polygon,"[[[127.05712161547395, 37.30063009827851], [127.05710840135224, 37.30288352319774], [127.05992929070986, 37.30289404607116], [127.05994242067409, 37.300640620298786], [127.05712161547395, 37.30063009827851]]]",0
수원시,Feature,다사60bb22bb,Polygon,"[[[127.05710840135224, 37.30288352319774], [127.05709518575976, 37.30513694725284], [127.05991615928423, 37.305147470979456], [127.05992929070986, 37.30289404607116], [127.05710840135224, 37.30288352319774]]]",0
수원시,Feature,다사60bb23aa,Polygon,"[[[127.05709518575976, 37.30513694725284], [127.05708196869634, 37.30739037044377], [127.05990302639701, 37.30740089502363], [127.05991615928423, 37.305147470979456], [127.05709518575976, 37.30513694725284]]]",0
수원시,Feature,다사60bb23ab,Polygon,"[[[127.05708196869634, 37.30739037044377], [127.05706875016183, 37.30964379277053], [127.05988989204803, 37.30965431820368], [127.05990302639701, 37.30740089502363], [127.05708196869634, 37.30739037044377]]]",0
수원시,Feature,다사60bb23ba,Polygon,"[[[127.05706875016183, 37.30964379277053], [127.05705553015602, 37.311897214233085], [127.05987675623719, 37.31190774051959], [127.05988989204803, 37.30965431820368], [127.05706875016183, 37.30964379277053]]]",0
수원시,Feature,다사60bb23bb,Polygon,"[[[127.05705553015602, 37.311897214233085], [127.05704230867877, 37.31415063483142], [127.05986361896424, 37.31416116197131], [127.05987675623719, 37.31190774051959], [127.05705553015602, 37.311897214233085]]]",0
수원시,Feature,다사60bb24aa,Polygon,"[[[127.05704230867877, 37.31415063483142], [127.05702908572988, 37.316404054565545], [127.05985048022903, 37.31641458255888], [127.05986361896424, 37.31416116197131], [127.05704230867877, 37.31415063483142]]]",1
수원시,Feature,다사61aa15ab,Polygon,"[[[127.0603225546958, 37.23529089710485], [127.06030946703792, 37.23754434792769], [127.0631279210838, 37.237554779004995], [127.0631409248552, 37.23530132733591], [127.0603225546958, 37.23529089710485]]]",0
수원시,Feature,다사61aa15ba,Polygon,"[[[127.06030946703792, 37.23754434792769], [127.06029637792356, 37.23979779788697], [127.06311491586528, 37.239808229810585], [127.0631279210838, 37.237554779004995], [127.06030946703792, 37.23754434792769]]]",0
수원시,Feature,다사61aa15bb,Polygon,"[[[127.06029637792356, 37.23979779788697], [127.06028328735259, 37.24205124698269], [127.06310190919947, 37.24206167975265], [127.06311491586528, 37.239808229810585], [127.06029637792356, 37.23979779788697]]]",2
수원시,Feature,다사61aa16aa,Polygon,"[[[127.06028328735259, 37.24205124698269], [127.06027019532485, 37.24430469521483], [127.0630889010862, 37.24431512883118], [127.06310190919947, 37.24206167975265], [127.06028328735259, 37.24205124698269]]]",3
수원시,Feature,다사61aa16ab,Polygon,"[[[127.06027019532485, 37.24430469521483], [127.0602571018401, 37.24655814258337], [127.06307589152532, 37.24656857704617], [127.0630889010862, 37.24431512883118], [127.06027019532485, 37.24430469521483]]]",4
수원시,Feature,다사61aa16ba,Polygon,"[[[127.0602571018401, 37.24655814258337], [127.06024400689824, 37.24881158908827], [127.06306288051663, 37.24882202439758], [127.06307589152532, 37.24656857704617], [127.0602571018401, 37.24655814258337]]]",3
수원시,Feature,다사61aa16bb,Polygon,"[[[127.06024400689824, 37.24881158908827], [127.06023091049907, 37.25106503472955], [127.06304986805993, 37.25107547088541], [127.06306288051663, 37.24882202439758], [127.06024400689824, 37.24881158908827]]]",2
수원시,Feature,다사61aa17aa,Polygon,"[[[127.06023091049907, 37.25106503472955], [127.0602178126424, 37.25331847950717], [127.06303685415514, 37.25332891650963], [127.06304986805993, 37.25107547088541], [127.06023091049907, 37.25106503472955]]]",2
수원시,Feature,다사61aa17ab,Polygon,"[[[127.0602178126424, 37.25331847950717], [127.06020471332812, 37.255571923421115], [127.06302383880204, 37.25558236127022], [127.06303685415514, 37.25332891650963], [127.0602178126424, 37.25331847950717]]]",5
수원시,Feature,다사61aa17ba,Polygon,"[[[127.06020471332812, 37.255571923421115], [127.06019161255601, 37.257825366471366], [127.06301082200046, 37.25783580516717], [127.06302383880204, 37.25558236127022], [127.06020471332812, 37.255571923421115]]]",1
수원시,Feature,다사61aa17bb,Polygon,"[[[127.06019161255601, 37.257825366471366], [127.0601785103259, 37.26007880865789], [127.06299780375026, 37.260089248200444], [127.06301082200046, 37.25783580516717], [127.06019161255601, 37.257825366471366]]]",2
수원시,Feature,다사61aa18aa,Polygon,"[[[127.0601785103259, 37.26007880865789], [127.06016540663765, 37.26233224998068], [127.06298478405124, 37.26234269037004], [127.06299780375026, 37.260089248200444], [127.0601785103259, 37.26007880865789]]]",4
수원시,Feature,다사61aa18ab,Polygon,"[[[127.06016540663765, 37.26233224998068], [127.06015230149109, 37.26458569043974], [127.06297176290322, 37.26459613167593], [127.06298478405124, 37.26234269037004], [127.06016540663765, 37.26233224998068]]]",2
수원시,Feature,다사61aa18ba,Polygon,"[[[127.06015230149109, 37.26458569043974], [127.06013919488599, 37.26683913003501], [127.06295874030606, 37.26684957211812], [127.06297176290322, 37.26459613167593], [127.06015230149109, 37.26458569043974]]]",2
수원시,Feature,다사61aa18bb,Polygon,"[[[127.06013919488599, 37.26683913003501], [127.06012608682225, 37.269092568766496], [127.06294571625959, 37.26910301169654], [127.06295874030606, 37.26684957211812], [127.06013919488599, 37.26683913003501]]]",4
수원시,Feature,다사61aa19aa,Polygon,"[[[127.06012608682225, 37.269092568766496], [127.06011297729967, 37.27134600663416], [127.06293269076363, 37.271356450411204], [127.06294571625959, 37.26910301169654], [127.06012608682225, 37.269092568766496]]]",5
수원시,Feature,다사61aa19ab,Polygon,"[[[127.06011297729967, 37.27134600663416], [127.06009986631805, 37.27359944363801], [127.062919663818, 37.273609888262094], [127.06293269076363, 37.271356450411204], [127.06011297729967, 37.27134600663416]]]",4
수원시,Feature,다사61aa19ba,Polygon,"[[[127.06009986631805, 37.27359944363801], [127.06008675387727, 37.27585287977802], [127.06290663542254, 37.275863325249205], [127.062919663818, 37.273609888262094], [127.06009986631805, 37.27359944363801]]]",6
수원시,Feature,다사61aa19bb,Polygon,"[[[127.06008675387727, 37.27585287977802], [127.06007363997716, 37.27810631505415], [127.0628936055771, 37.27811676137249], [127.06290663542254, 37.275863325249205], [127.06008675387727, 37.27585287977802]]]",5
수원시,Feature,다사61aa20aa,Polygon,"[[[127.06007363997716, 37.27810631505415], [127.06006052461753, 37.2803597494664], [127.06288057428148, 37.28037019663193], [127.0628936055771, 37.27811676137249], [127.06007363997716, 37.27810631505415]]]",3
수원시,Feature,다사61aa20ab,Polygon,"[[[127.06006052461753, 37.2803597494664], [127.06004740779817, 37.28261318301475], [127.06286754153554, 37.28262363102751], [127.06288057428148, 37.28037019663193], [127.06006052461753, 37.2803597494664]]]",1
수원시,Feature,다사61aa20ba,Polygon,"[[[127.06004740779817, 37.28261318301475], [127.06003428951897, 37.28486661569918], [127.06285450733908, 37.28487706455924], [127.06286754153554, 37.28262363102751], [127.06004740779817, 37.28261318301475]]]",0
수원시,Feature,다사61aa20bb,Polygon,"[[[127.06003428951897, 37.28486661569918], [127.06002116977973, 37.28712004751967], [127.06284147169195, 37.287130497227075], [127.06285450733908, 37.28487706455924], [127.06003428951897, 37.28486661569918]]]",4
수원시,Feature,다사61aa21aa,Polygon,"[[[127.06002116977973, 37.28712004751967], [127.06000804858031, 37.28937347847619], [127.06282843459397, 37.289383929031], [127.06284147169195, 37.287130497227075], [127.06002116977973, 37.28712004751967]]]",7
수원시,Feature,다사61aa21ab,Polygon,"[[[127.06000804858031, 37.28937347847619], [127.05999492592049, 37.291626908568745], [127.06281539604498, 37.29163735997099], [127.06282843459397, 37.289383929031], [127.06000804858031, 37.28937347847619]]]",3
수원시,Feature,다사61aa21ba,Polygon,"[[[127.05999492592049, 37.291626908568745], [127.05998180180013, 37.2938803377973], [127.0628023560448, 37.29389079004704], [127.06281539604498, 37.29163735997099], [127.05999492592049, 37.291626908568745]]]",1
수원시,Feature,다사61aa21bb,Polygon,"[[[127.05998180180013, 37.2938803377973], [127.05996867621907, 37.29613376616183], [127.06278931459326, 37.29614421925911], [127.0628023560448, 37.29389079004704], [127.05998180180013, 37.2938803377973]]]",0
수원시,Feature,다사61aa22aa,Polygon,"[[[127.05996867621907, 37.29613376616183], [127.0599555491771, 37.29838719366233], [127.06277627169023, 37.29839764760722], [127.06278931459326, 37.29614421925911], [127.05996867621907, 37.29613376616183]]]",0
수원시,Feature,다사61aa22ab,Polygon,"[[[127.0599555491771, 37.29838719366233], [127.05994242067409, 37.300640620298786], [127.06276322733548, 37.3006510750913], [127.06277627169023, 37.29839764760722], [127.0599555491771, 37.29838719366233]]]",0
수원시,Feature,다사61aa22ba,Polygon,"[[[127.05994242067409, 37.300640620298786], [127.05992929070986, 37.30289404607116], [127.06275018152888, 37.302904501711375], [127.06276322733548, 37.3006510750913], [127.05994242067409, 37.300640620298786]]]",0
수원시,Feature,다사61aa22bb,Polygon,"[[[127.05992929070986, 37.30289404607116], [127.05991615928423, 37.305147470979456], [127.06273713427024, 37.305157927467405], [127.06275018152888, 37.302904501711375], [127.05992929070986, 37.30289404607116]]]",0
수원시,Feature,다사61aa23aa,Polygon,"[[[127.05991615928423, 37.305147470979456], [127.05990302639701, 37.30740089502363], [127.06272408555938, 37.30741135235938], [127.06273713427024, 37.305157927467405], [127.05991615928423, 37.305147470979456]]]",0
수원시,Feature,다사61aa23ab,Polygon,"[[[127.05990302639701, 37.30740089502363], [127.05988989204803, 37.30965431820368], [127.06271103539618, 37.30966477638727], [127.06272408555938, 37.30741135235938], [127.05990302639701, 37.30740089502363]]]",0
수원시,Feature,다사61aa23ba,Polygon,"[[[127.05988989204803, 37.30965431820368], [127.05987675623719, 37.31190774051959], [127.06269798378041, 37.311918199551066], [127.06271103539618, 37.30966477638727], [127.05988989204803, 37.30965431820368]]]",0
수원시,Feature,다사61ab15ba,Polygon,"[[[127.0631279210838, 37.237554779004995], [127.06311491586528, 37.239808229810585], [127.0659334552543, 37.23981859465338], [127.06594637657682, 37.23756514300694], [127.0631279210838, 37.237554779004995]]]",2
수원시,Feature,다사61ab15bb,Polygon,"[[[127.06311491586528, 37.239808229810585], [127.06310190919947, 37.24206167975265], [127.06592053249382, 37.24207204543636], [127.0659334552543, 37.23981859465338], [127.06311491586528, 37.239808229810585]]]",6
수원시,Feature,다사61ab16aa,Polygon,"[[[127.06310190919947, 37.24206167975265], [127.0630889010862, 37.24431512883118], [127.06590760829519, 37.24432549535584], [127.06592053249382, 37.24207204543636], [127.06310190919947, 37.24206167975265]]]",2
수원시,Feature,다사61ab16ab,Polygon,"[[[127.0630889010862, 37.24431512883118], [127.06307589152532, 37.24656857704617], [127.06589468265831, 37.24657894441184], [127.06590760829519, 37.24432549535584], [127.0630889010862, 37.24431512883118]]]",3
수원시,Feature,다사61ab16ba,Polygon,"[[[127.06307589152532, 37.24656857704617], [127.06306288051663, 37.24882202439758], [127.06588175558294, 37.248832392604314], [127.06589468265831, 37.24657894441184], [127.06307589152532, 37.24656857704617]]]",3
수원시,Feature,다사61ab16bb,Polygon,"[[[127.06306288051663, 37.24882202439758], [127.06304986805993, 37.25107547088541], [127.06586882706895, 37.25108583993324], [127.06588175558294, 37.248832392604314], [127.06306288051663, 37.24882202439758]]]",5
수원시,Feature,다사61ab17aa,Polygon,"[[[127.06304986805993, 37.25107547088541], [127.06303685415514, 37.25332891650963], [127.0658558971162, 37.25333928639863], [127.06586882706895, 37.25108583993324], [127.06304986805993, 37.25107547088541]]]",3
수원시,Feature,다사61ab17ab,Polygon,"[[[127.06303685415514, 37.25332891650963], [127.06302383880204, 37.25558236127022], [127.06584296572444, 37.255592732000416], [127.0658558971162, 37.25333928639863], [127.06303685415514, 37.25332891650963]]]",1
수원시,Feature,다사61ab17ba,Polygon,"[[[127.06302383880204, 37.25558236127022], [127.06301082200046, 37.25783580516717], [127.06583003289359, 37.25784617673862], [127.06584296572444, 37.255592732000416], [127.06302383880204, 37.25558236127022]]]",3
수원시,Feature,다사61ab17bb,Polygon,"[[[127.06301082200046, 37.25783580516717], [127.06299780375026, 37.260089248200444], [127.06581709862341, 37.2600996206132], [127.06583003289359, 37.25784617673862], [127.06301082200046, 37.25783580516717]]]",4
수원시,Feature,다사61ab18aa,Polygon,"[[[127.06299780375026, 37.260089248200444], [127.06298478405124, 37.26234269037004], [127.06580416291379, 37.26235306362414], [127.06581709862341, 37.2600996206132], [127.06299780375026, 37.260089248200444]]]",0
수원시,Feature,다사61ab18ab,Polygon,"[[[127.06298478405124, 37.26234269037004], [127.06297176290322, 37.26459613167593], [127.06579122576453, 37.26460650577144], [127.06580416291379, 37.26235306362414], [127.06298478405124, 37.26234269037004]]]",1
수원시,Feature,다사61ab18ba,Polygon,"[[[127.06297176290322, 37.26459613167593], [127.06295874030606, 37.26684957211812], [127.06577828717548, 37.26685994705507], [127.06579122576453, 37.26460650577144], [127.06297176290322, 37.26459613167593]]]",2
수원시,Feature,다사61ab18bb,Polygon,"[[[127.06295874030606, 37.26684957211812], [127.06294571625959, 37.26910301169654], [127.06576534714642, 37.269113387475], [127.06577828717548, 37.26685994705507], [127.06295874030606, 37.26684957211812]]]",3
수원시,Feature,다사61ab19aa,Polygon,"[[[127.06294571625959, 37.26910301169654], [127.06293269076363, 37.271356450411204], [127.06575240567723, 37.271366827031216], [127.06576534714642, 37.269113387475], [127.06294571625959, 37.26910301169654]]]",1
수원시,Feature,다사61ab19ab,Polygon,"[[[127.06293269076363, 37.271356450411204], [127.062919663818, 37.273609888262094], [127.06573946276777, 37.273620265723714], [127.06575240567723, 37.271366827031216], [127.06293269076363, 37.271356450411204]]]",7
수원시,Feature,다사61ab19ba,Polygon,"[[[127.062919663818, 37.273609888262094], [127.06290663542254, 37.275863325249205], [127.0657265184178, 37.27587370355246], [127.06573946276777, 37.273620265723714], [127.062919663818, 37.273609888262094]]]",4
수원시,Feature,다사61ab19bb,Polygon,"[[[127.06290663542254, 37.275863325249205], [127.0628936055771, 37.27811676137249], [127.0657135726272, 37.278127140517434], [127.0657265184178, 37.27587370355246], [127.06290663542254, 37.275863325249205]]]",4
수원시,Feature,다사61ab20aa,Polygon,"[[[127.0628936055771, 37.27811676137249], [127.06288057428148, 37.28037019663193], [127.06570062539578, 37.280380576618626], [127.0657135726272, 37.278127140517434], [127.0628936055771, 37.27811676137249]]]",5
수원시,Feature,다사61ab20ab,Polygon,"[[[127.06288057428148, 37.28037019663193], [127.06286754153554, 37.28262363102751], [127.06568767672339, 37.282634011856025], [127.06570062539578, 37.280380576618626], [127.06288057428148, 37.28037019663193]]]",6
수원시,Feature,다사61ab20ba,Polygon,"[[[127.06286754153554, 37.28262363102751], [127.06285450733908, 37.28487706455924], [127.06567472660986, 37.2848874462296], [127.06568767672339, 37.282634011856025], [127.06286754153554, 37.28262363102751]]]",2
수원시,Feature,다사61ab20bb,Polygon,"[[[127.06285450733908, 37.28487706455924], [127.06284147169195, 37.287130497227075], [127.06566177505499, 37.28714087973933], [127.06567472660986, 37.2848874462296], [127.06285450733908, 37.28487706455924]]]",1
수원시,Feature,다사61ab21aa,Polygon,"[[[127.06284147169195, 37.287130497227075], [127.06282843459397, 37.289383929031], [127.06564882205863, 37.2893943123852], [127.06566177505499, 37.28714087973933], [127.06284147169195, 37.287130497227075]]]",7
수원시,Feature,다사61ab21ab,Polygon,"[[[127.06282843459397, 37.289383929031], [127.06281539604498, 37.29163735997099], [127.06563586762064, 37.29164774416717], [127.06564882205863, 37.2893943123852], [127.06282843459397, 37.289383929031]]]",3
수원시,Feature,다사61ab21ba,Polygon,"[[[127.06281539604498, 37.29163735997099], [127.0628023560448, 37.29389079004704], [127.0656229117408, 37.29390117508528], [127.06563586762064, 37.29164774416717], [127.06281539604498, 37.29163735997099]]]",0
수원시,Feature,다사61ab21bb,Polygon,"[[[127.0628023560448, 37.29389079004704], [127.06278931459326, 37.29614421925911], [127.06560995441899, 37.29615460513945], [127.0656229117408, 37.29390117508528], [127.0628023560448, 37.29389079004704]]]",0
수원시,Feature,다사61ab22aa,Polygon,"[[[127.06278931459326, 37.29614421925911], [127.06277627169023, 37.29839764760722], [127.06559699565504, 37.29840803432968], [127.06560995441899, 37.29615460513945], [127.06278931459326, 37.29614421925911]]]",0
수원시,Feature,다사61ba15bb,Polygon,"[[[127.0659334552543, 37.23981859465338], [127.06592053249382, 37.24207204543636], [127.06873915722625, 37.242082344033705], [127.06875199608126, 37.23982889241526], [127.0659334552543, 37.23981859465338]]]",0
수원시,Feature,다사61ba16aa,Polygon,"[[[127.06592053249382, 37.24207204543636], [127.06590760829519, 37.24432549535584], [127.06872631694249, 37.244335794788704], [127.06873915722625, 37.242082344033705], [127.06592053249382, 37.24207204543636]]]",1
수원시,Feature,다사61ba16ab,Polygon,"[[[127.06590760829519, 37.24432549535584], [127.06589468265831, 37.24657894441184], [127.06871347522976, 37.24658924468028], [127.06872631694249, 37.244335794788704], [127.06590760829519, 37.24432549535584]]]",7
수원시,Feature,다사61ba16ba,Polygon,"[[[127.06589468265831, 37.24657894441184], [127.06588175558294, 37.248832392604314], [127.0687006320879, 37.248842693708355], [127.06871347522976, 37.24658924468028], [127.06589468265831, 37.24657894441184]]]",2
수원시,Feature,다사61ba16bb,Polygon,"[[[127.06588175558294, 37.248832392604314], [127.06586882706895, 37.25108583993324], [127.06868778751677, 37.25109614187295], [127.0687006320879, 37.248842693708355], [127.06588175558294, 37.248832392604314]]]",3
수원시,Feature,다사61ba17aa,Polygon,"[[[127.06586882706895, 37.25108583993324], [127.0658558971162, 37.25333928639863], [127.06867494151618, 37.25334958917403], [127.06868778751677, 37.25109614187295], [127.06586882706895, 37.25108583993324]]]",2
수원시,Feature,다사61ba17ab,Polygon,"[[[127.0658558971162, 37.25333928639863], [127.06584296572444, 37.255592732000416], [127.06866209408598, 37.25560303561159], [127.06867494151618, 37.25334958917403], [127.0658558971162, 37.25333928639863]]]",0
수원시,Feature,다사61ba17ba,Polygon,"[[[127.06584296572444, 37.255592732000416], [127.06583003289359, 37.25784617673862], [127.068649245226, 37.257856481185605], [127.06866209408598, 37.25560303561159], [127.06584296572444, 37.255592732000416]]]",0
수원시,Feature,다사61ba17bb,Polygon,"[[[127.06583003289359, 37.25784617673862], [127.06581709862341, 37.2600996206132], [127.06863639493605, 37.260109925896046], [127.068649245226, 37.257856481185605], [127.06583003289359, 37.25784617673862]]]",2
수원시,Feature,다사61ba18aa,Polygon,"[[[127.06581709862341, 37.2600996206132], [127.06580416291379, 37.26235306362414], [127.06862354321598, 37.26236336974291], [127.06863639493605, 37.260109925896046], [127.06581709862341, 37.2600996206132]]]",0
수원시,Feature,다사61ba18ab,Polygon,"[[[127.06580416291379, 37.26235306362414], [127.06579122576453, 37.26460650577144], [127.06861069006563, 37.26461681272617], [127.06862354321598, 37.26236336974291], [127.06580416291379, 37.26235306362414]]]",0
수원시,Feature,다사61ba18ba,Polygon,"[[[127.06579122576453, 37.26460650577144], [127.06577828717548, 37.26685994705507], [127.06859783548482, 37.26687025484579], [127.06861069006563, 37.26461681272617], [127.06579122576453, 37.26460650577144]]]",1
수원시,Feature,다사61ba18bb,Polygon,"[[[127.06577828717548, 37.26685994705507], [127.06576534714642, 37.269113387475], [127.0685849794734, 37.26912369610176], [127.06859783548482, 37.26687025484579], [127.06577828717548, 37.26685994705507]]]",2
수원시,Feature,다사61ba19ab,Polygon,"[[[127.06575240567723, 37.271366827031216], [127.06573946276777, 37.273620265723714], [127.06855926315801, 37.27363057602274], [127.06857212203117, 37.271377136494095], [127.06575240567723, 37.271366827031216]]]",0
수원시,Feature,다사61ba19ba,Polygon,"[[[127.06573946276777, 37.273620265723714], [127.0657265184178, 37.27587370355246], [127.0685464028537, 37.27588401468768], [127.06855926315801, 37.27363057602274], [127.06573946276777, 37.273620265723714]]]",2
수원시,Feature,다사61ba19bb,Polygon,"[[[127.0657265184178, 37.27587370355246], [127.0657135726272, 37.278127140517434], [127.06853354111811, 37.27813745248892], [127.0685464028537, 37.27588401468768], [127.0657265184178, 37.27587370355246]]]",5
수원시,Feature,다사61ba20aa,Polygon,"[[[127.0657135726272, 37.278127140517434], [127.06570062539578, 37.280380576618626], [127.06852067795107, 37.280390889426414], [127.06853354111811, 37.27813745248892], [127.0657135726272, 37.278127140517434]]]",3
수원시,Feature,다사61ba20ab,Polygon,"[[[127.06570062539578, 37.280380576618626], [127.06568767672339, 37.282634011856025], [127.0685078133524, 37.28264432550016], [127.06852067795107, 37.280390889426414], [127.06570062539578, 37.280380576618626]]]",0
수원시,Feature,다사61ba20ba,Polygon,"[[[127.06568767672339, 37.282634011856025], [127.06567472660986, 37.2848874462296], [127.06849494732194, 37.28489776071014], [127.0685078133524, 37.28264432550016], [127.06568767672339, 37.282634011856025]]]",2
수원시,Feature,다사61ba20bb,Polygon,"[[[127.06567472660986, 37.2848874462296], [127.06566177505499, 37.28714087973933], [127.06848207985952, 37.28715119505631], [127.06849494732194, 37.28489776071014], [127.06567472660986, 37.2848874462296]]]",2
수원시,Feature,다사61ba21aa,Polygon,"[[[127.06566177505499, 37.28714087973933], [127.06564882205863, 37.2893943123852], [127.06846921096498, 37.28940462853867], [127.06848207985952, 37.28715119505631], [127.06566177505499, 37.28714087973933]]]",5
수원시,Feature,다사61ba21ab,Polygon,"[[[127.06564882205863, 37.2893943123852], [127.06563586762064, 37.29164774416717], [127.06845634063814, 37.29165806115721], [127.06846921096498, 37.28940462853867], [127.06564882205863, 37.2893943123852]]]",3
수원시,Feature,다사61ba21ba,Polygon,"[[[127.06563586762064, 37.29164774416717], [127.0656229117408, 37.29390117508528], [127.06844346887883, 37.29391149291189], [127.06845634063814, 37.29165806115721], [127.06563586762064, 37.29164774416717]]]",4
수원시,Feature,다사61ba21bb,Polygon,"[[[127.0656229117408, 37.29390117508528], [127.06560995441899, 37.29615460513945], [127.06843059568689, 37.29616492380271], [127.06844346887883, 37.29391149291189], [127.0656229117408, 37.29390117508528]]]",1
수원시,Feature,다사61bb16ab,Polygon,"[[[127.06872631694249, 37.244335794788704], [127.06871347522976, 37.24658924468028], [127.07153226923033, 37.24659947785135], [127.07154502701871, 37.244346027129666], [127.06872631694249, 37.244335794788704]]]",1
수원시,Feature,다사61bb16ba,Polygon,"[[[127.06871347522976, 37.24658924468028], [127.0687006320879, 37.248842693708355], [127.07151951002216, 37.248852927709606], [127.07153226923033, 37.24659947785135], [127.06871347522976, 37.24658924468028]]]",0
수원시,Feature,다사61bb16bb,Polygon,"[[[127.0687006320879, 37.248842693708355], [127.06868778751677, 37.25109614187295], [127.07150674939403, 37.25110637670441], [127.07151951002216, 37.248852927709606], [127.0687006320879, 37.248842693708355]]]",2
수원시,Feature,다사61bb17aa,Polygon,"[[[127.06868778751677, 37.25109614187295], [127.06867494151618, 37.25334958917403], [127.0714939873458, 37.25335982483577], [127.07150674939403, 37.25110637670441], [127.06868778751677, 37.25109614187295]]]",2
수원시,Feature,다사61bb17ab,Polygon,"[[[127.06867494151618, 37.25334958917403], [127.06866209408598, 37.25560303561159], [127.0714812238773, 37.25561327210365], [127.0714939873458, 37.25335982483577], [127.06867494151618, 37.25334958917403]]]",0
수원시,Feature,다사61bb17ba,Polygon,"[[[127.06866209408598, 37.25560303561159], [127.068649245226, 37.257856481185605], [127.07146845898835, 37.257866718508026], [127.0714812238773, 37.25561327210365], [127.06866209408598, 37.25560303561159]]]",1
수원시,Feature,다사61bb17bb,Polygon,"[[[127.068649245226, 37.257856481185605], [127.06863639493605, 37.260109925896046], [127.0714556926788, 37.26012016404888], [127.07146845898835, 37.257866718508026], [127.068649245226, 37.257856481185605]]]",0
수원시,Feature,다사61bb18aa,Polygon,"[[[127.06863639493605, 37.260109925896046], [127.06862354321598, 37.26236336974291], [127.07144292494844, 37.2623736087262], [127.0714556926788, 37.26012016404888], [127.06863639493605, 37.260109925896046]]]",0
수원시,Feature,다사61bb18ab,Polygon,"[[[127.06862354321598, 37.26236336974291], [127.06861069006563, 37.26461681272617], [127.07143015579717, 37.264627052539964], [127.07144292494844, 37.2623736087262], [127.06862354321598, 37.26236336974291]]]",0
수원시,Feature,다사61bb18ba,Polygon,"[[[127.06861069006563, 37.26461681272617], [127.06859783548482, 37.26687025484579], [127.0714173852248, 37.266880495490156], [127.07143015579717, 37.264627052539964], [127.06861069006563, 37.26461681272617]]]",2
수원시,Feature,다사61bb18bb,Polygon,"[[[127.06859783548482, 37.26687025484579], [127.0685849794734, 37.26912369610176], [127.07140461323115, 37.26913393757674], [127.0714173852248, 37.266880495490156], [127.06859783548482, 37.26687025484579]]]",1
수원시,Feature,다사61bb19bb,Polygon,"[[[127.0685464028537, 37.27588401468768], [127.06853354111811, 37.27813745248892], [127.0713535110405, 37.278147697286826], [127.0713662887209, 37.27589425865479], [127.0685464028537, 37.27588401468768]]]",0
수원시,Feature,다사61bb20aa,Polygon,"[[[127.06853354111811, 37.27813745248892], [127.06852067795107, 37.280390889426414], [127.07134073193798, 37.28040113505517], [127.0713535110405, 37.278147697286826], [127.06853354111811, 37.27813745248892]]]",2
수원시,Feature,다사61bb20ab,Polygon,"[[[127.06852067795107, 37.280390889426414], [127.0685078133524, 37.28264432550016], [127.07132795141321, 37.28265457195982], [127.07134073193798, 37.28040113505517], [127.06852067795107, 37.280390889426414]]]",1
수원시,Feature,다사61bb20ba,Polygon,"[[[127.0685078133524, 37.28264432550016], [127.06849494732194, 37.28489776071014], [127.071315169466, 37.284908008000734], [127.07132795141321, 37.28265457195982], [127.0685078133524, 37.28264432550016]]]",3
수원시,Feature,다사61bb20bb,Polygon,"[[[127.06849494732194, 37.28489776071014], [127.06848207985952, 37.28715119505631], [127.07130238609618, 37.28716144317791], [127.071315169466, 37.284908008000734], [127.06849494732194, 37.28489776071014]]]",2
수원시,Feature,다사61bb21aa,Polygon,"[[[127.06848207985952, 37.28715119505631], [127.06846921096498, 37.28940462853867], [127.0712896013036, 37.289414877491325], [127.07130238609618, 37.28716144317791], [127.06848207985952, 37.28715119505631]]]",7
수원시,Feature,다사61bb21ab,Polygon,"[[[127.06846921096498, 37.28940462853867], [127.06845634063814, 37.29165806115721], [127.0712768150881, 37.291668310940956], [127.0712896013036, 37.289414877491325], [127.06846921096498, 37.28940462853867]]]",6
수원시,Feature,다사61bb21ba,Polygon,"[[[127.06845634063814, 37.29165806115721], [127.06844346887883, 37.29391149291189], [127.07126402744946, 37.29392174352679], [127.0712768150881, 37.291668310940956], [127.06845634063814, 37.29165806115721]]]",8
수원시,Feature,다사61bb21bb,Polygon,"[[[127.06844346887883, 37.29391149291189], [127.06843059568689, 37.29616492380271], [127.07125123838757, 37.2961751752488], [127.07126402744946, 37.29392174352679], [127.06844346887883, 37.29391149291189]]]",6
수원시,Feature,다사62aa16ba,Polygon,"[[[127.07153226923033, 37.24659947785135], [127.07151951002216, 37.248852927709606], [127.07433838937634, 37.24886309460796], [127.07435106465067, 37.24660964392498], [127.07153226923033, 37.24659947785135]]]",5
수원시,Feature,다사62aa16bb,Polygon,"[[[127.07151951002216, 37.248852927709606], [127.07150674939403, 37.25110637670441], [127.0743257126914, 37.251116544427546], [127.07433838937634, 37.24886309460796], [127.07151951002216, 37.248852927709606]]]",2
수원시,Feature,다사62aa17aa,Polygon,"[[[127.07150674939403, 37.25110637670441], [127.0714939873458, 37.25335982483577], [127.0743130345957, 37.25336999338372], [127.0743257126914, 37.251116544427546], [127.07150674939403, 37.25110637670441]]]",6
수원시,Feature,다사62aa17ab,Polygon,"[[[127.0714939873458, 37.25335982483577], [127.0714812238773, 37.25561327210365], [127.07430035508905, 37.25562344147647], [127.0743130345957, 37.25336999338372], [127.0714939873458, 37.25335982483577]]]",3
수원시,Feature,다사62aa17ba,Polygon,"[[[127.0714812238773, 37.25561327210365], [127.07146845898835, 37.257866718508026], [127.0742876741713, 37.257876888705766], [127.07430035508905, 37.25562344147647], [127.0714812238773, 37.25561327210365]]]",1
수원시,Feature,다사62aa17bb,Polygon,"[[[127.07146845898835, 37.257866718508026], [127.0714556926788, 37.26012016404888], [127.0742749918423, 37.26013033507159], [127.0742876741713, 37.257876888705766], [127.07146845898835, 37.257866718508026]]]",3
수원시,Feature,다사62aa18aa,Polygon,"[[[127.0714556926788, 37.26012016404888], [127.07144292494844, 37.2623736087262], [127.07426230810188, 37.26238378057393], [127.0742749918423, 37.26013033507159], [127.0714556926788, 37.26012016404888]]]",0
수원시,Feature,다사62aa18ab,Polygon,"[[[127.07144292494844, 37.2623736087262], [127.07143015579717, 37.264627052539964], [127.07424962294985, 37.26463722521276], [127.07426230810188, 37.26238378057393], [127.07144292494844, 37.2623736087262]]]",0
수원시,Feature,다사62aa18ba,Polygon,"[[[127.07143015579717, 37.264627052539964], [127.0714173852248, 37.266880495490156], [127.07423693638606, 37.26689066898807], [127.07424962294985, 37.26463722521276], [127.07143015579717, 37.264627052539964]]]",2
수원시,Feature,다사62aa20ab,Polygon,"[[[127.07134073193798, 37.28040113505517], [127.07132795141321, 37.28265457195982], [127.07414809089643, 37.28266475123489], [127.07416078734717, 37.280411313504786], [127.07134073193798, 37.28040113505517]]]",1
수원시,Feature,다사62aa20ba,Polygon,"[[[127.07132795141321, 37.28265457195982], [127.071315169466, 37.284908008000734], [127.07413539303263, 37.284918188101315], [127.07414809089643, 37.28266475123489], [127.07132795141321, 37.28265457195982]]]",10
수원시,Feature,다사62aa20bb,Polygon,"[[[127.071315169466, 37.284908008000734], [127.07130238609618, 37.28716144317791], [127.07412269375561, 37.28717162410403], [127.07413539303263, 37.284918188101315], [127.071315169466, 37.284908008000734]]]",5
수원시,Feature,다사62aa21aa,Polygon,"[[[127.07130238609618, 37.28716144317791], [127.0712896013036, 37.289414877491325], [127.07410999306515, 37.289425059243044], [127.07412269375561, 37.28717162410403], [127.07130238609618, 37.28716144317791]]]",3
수원시,Feature,다사62aa21ab,Polygon,"[[[127.0712896013036, 37.289414877491325], [127.0712768150881, 37.291668310940956], [127.07409729096113, 37.291678493518326], [127.07410999306515, 37.289425059243044], [127.0712896013036, 37.289414877491325]]]",1
수원시,Feature,다사62aa21ba,Polygon,"[[[127.0712768150881, 37.291668310940956], [127.07126402744946, 37.29392174352679], [127.07408458744337, 37.293931926929865], [127.07409729096113, 37.291678493518326], [127.0712768150881, 37.291668310940956]]]",4
수원시,Feature,다사62aa21bb,Polygon,"[[[127.07126402744946, 37.29392174352679], [127.07125123838757, 37.2961751752488], [127.07407188251169, 37.296185359477604], [127.07408458744337, 37.293931926929865], [127.07126402744946, 37.29392174352679]]]",0
수원시,Feature,다사62ab16ba,Polygon,"[[[127.07435106465067, 37.24660964392498], [127.07433838937634, 37.24886309460796], [127.07715727014114, 37.24887319440331], [127.07716986148147, 37.24661974290104], [127.07435106465067, 37.24660964392498]]]",3
수원시,Feature,다사62ab16bb,Polygon,"[[[127.07433838937634, 37.24886309460796], [127.0743257126914, 37.251116544427546], [127.07714467739953, 37.25112664504222], [127.07715727014114, 37.24887319440331], [127.07433838937634, 37.24886309460796]]]",4
수원시,Feature,다사62ab17aa,Polygon,"[[[127.0743257126914, 37.251116544427546], [127.0743130345957, 37.25336999338372], [127.07713208325653, 37.25338009481779], [127.07714467739953, 37.25112664504222], [127.0743257126914, 37.251116544427546]]]",1
수원시,Feature,다사62ab17ab,Polygon,"[[[127.0743130345957, 37.25336999338372], [127.07430035508905, 37.25562344147647], [127.07711948771193, 37.25563354372996], [127.07713208325653, 37.25338009481779], [127.0743130345957, 37.25336999338372]]]",2
수원시,Feature,다사62ab17ba,Polygon,"[[[127.07430035508905, 37.25562344147647], [127.0742876741713, 37.257876888705766], [127.07710689076555, 37.25788699177874], [127.07711948771193, 37.25563354372996], [127.07430035508905, 37.25562344147647]]]",5
수원시,Feature,다사62ab17bb,Polygon,"[[[127.0742876741713, 37.257876888705766], [127.0742749918423, 37.26013033507159], [127.07709429241724, 37.260140438964086], [127.07710689076555, 37.25788699177874], [127.0742876741713, 37.257876888705766]]]",0
수원시,Feature,다사62ab18aa,Polygon,"[[[127.0742749918423, 37.26013033507159], [127.07426230810188, 37.26238378057393], [127.0770816926669, 37.262393885285995], [127.07709429241724, 37.260140438964086], [127.0742749918423, 37.26013033507159]]]",1
수원시,Feature,다사62ab18ab,Polygon,"[[[127.07426230810188, 37.26238378057393], [127.07424962294985, 37.26463722521276], [127.07706909151425, 37.264647330744445], [127.0770816926669, 37.262393885285995], [127.07426230810188, 37.26238378057393]]]",1
수원시,Feature,다사62ab18ba,Polygon,"[[[127.07424962294985, 37.26463722521276], [127.07423693638606, 37.26689066898807], [127.07705648895924, 37.26690077533942], [127.07706909151425, 37.264647330744445], [127.07424962294985, 37.26463722521276]]]",1
수원시,Feature,다사62ab20ab,Polygon,"[[[127.07416078734717, 37.280411313504786], [127.07414809089643, 37.28266475123489], [127.07696823179278, 37.282674863325276], [127.07698084416926, 37.28042142477517], [127.07416078734717, 37.280411313504786]]]",0
수원시,Feature,다사62ab20ba,Polygon,"[[[127.07414809089643, 37.28266475123489], [127.07413539303263, 37.284918188101315], [127.07695561801255, 37.28492830101175], [127.07696823179278, 37.282674863325276], [127.07414809089643, 37.28266475123489]]]",3
수원시,Feature,다사62ab20bb,Polygon,"[[[127.07413539303263, 37.284918188101315], [127.07412269375561, 37.28717162410403], [127.07694300282844, 37.28718173783459], [127.07695561801255, 37.28492830101175], [127.07413539303263, 37.284918188101315]]]",3
수원시,Feature,다사62ab21aa,Polygon,"[[[127.07412269375561, 37.28717162410403], [127.07410999306515, 37.289425059243044], [127.07693038624028, 37.28943517379374], [127.07694300282844, 37.28718173783459], [127.07412269375561, 37.28717162410403]]]",1
수원시,Feature,다사62ab21ab,Polygon,"[[[127.07410999306515, 37.289425059243044], [127.07409729096113, 37.291678493518326], [127.07691776824792, 37.291688608889224], [127.07693038624028, 37.28943517379374], [127.07410999306515, 37.289425059243044]]]",2
수원시,Feature,다사62ab21ba,Polygon,"[[[127.07409729096113, 37.291678493518326], [127.07408458744337, 37.293931926929865], [127.0769051488512, 37.29394204312099], [127.07691776824792, 37.291688608889224], [127.07409729096113, 37.291678493518326]]]",5
수원시,Feature,다사62ab21bb,Polygon,"[[[127.07408458744337, 37.293931926929865], [127.07407188251169, 37.296185359477604], [127.0768925280499, 37.29619547648905], [127.0769051488512, 37.29394204312099], [127.07408458744337, 37.293931926929865]]]",0
수원시,Feature,다사62ba16ba,Polygon,"[[[127.07716986148147, 37.24661974290104], [127.07715727014114, 37.24887319440331], [127.07997615230718, 37.24888322709555], [127.07998865971336, 37.246629774779436], [127.07716986148147, 37.24661974290104]]]",2
수원시,Feature,다사62ba16bb,Polygon,"[[[127.07715727014114, 37.24887319440331], [127.07714467739953, 37.25112664504222], [127.0799636435091, 37.25113667854835], [127.07997615230718, 37.24888322709555], [127.07715727014114, 37.24887319440331]]]",6
수원시,Feature,다사62ba17aa,Polygon,"[[[127.07714467739953, 37.25112664504222], [127.07713208325653, 37.25338009481779], [127.07995113331894, 37.253390129137856], [127.0799636435091, 37.25113667854835], [127.07714467739953, 37.25112664504222]]]",5
수원시,Feature,다사62ba17ab,Polygon,"[[[127.07713208325653, 37.25338009481779], [127.07711948771193, 37.25563354372996], [127.07993862173653, 37.25564357886401], [127.07995113331894, 37.253390129137856], [127.07713208325653, 37.25338009481779]]]",2
수원시,Feature,다사62ba17ba,Polygon,"[[[127.07711948771193, 37.25563354372996], [127.07710689076555, 37.25788699177874], [127.07992610876168, 37.25789702772682], [127.07993862173653, 37.25564357886401], [127.07711948771193, 37.25563354372996]]]",2
수원시,Feature,다사62ba17bb,Polygon,"[[[127.07710689076555, 37.25788699177874], [127.07709429241724, 37.260140438964086], [127.0799135943943, 37.26015047572625], [127.07992610876168, 37.25789702772682], [127.07710689076555, 37.25788699177874]]]",1
수원시,Feature,다사62ba18aa,Polygon,"[[[127.07709429241724, 37.260140438964086], [127.0770816926669, 37.262393885285995], [127.07990107863412, 37.26240392286228], [127.0799135943943, 37.26015047572625], [127.07709429241724, 37.260140438964086]]]",2
수원시,Feature,다사62ba18ab,Polygon,"[[[127.0770816926669, 37.262393885285995], [127.07706909151425, 37.264647330744445], [127.0798885614811, 37.26465736913491], [127.07990107863412, 37.26240392286228], [127.0770816926669, 37.262393885285995]]]",2
수원시,Feature,다사62ba18ba,Polygon,"[[[127.07706909151425, 37.264647330744445], [127.07705648895924, 37.26690077533942], [127.079876042935, 37.26691081454412], [127.0798885614811, 37.26465736913491], [127.07706909151425, 37.264647330744445]]]",3
수원시,Feature,다사62ba18bb,Polygon,"[[[127.07705648895924, 37.26690077533942], [127.07704388500163, 37.2691542190709], [127.07986352299565, 37.269164259089855], [127.079876042935, 37.26691081454412], [127.07705648895924, 37.26690077533942]]]",0
수원시,Feature,다사62ba20ba,Polygon,"[[[127.07696823179278, 37.282674863325276], [127.07695561801255, 37.28492830101175], [127.07977584439634, 37.284938346731956], [127.0797883740928, 37.28268490823087], [127.07696823179278, 37.282674863325276]]]",0
수원시,Feature,다사62ba20bb,Polygon,"[[[127.07695561801255, 37.28492830101175], [127.07694300282844, 37.28718173783459], [127.07976331330534, 37.28719178436944], [127.07977584439634, 37.284938346731956], [127.07695561801255, 37.28492830101175]]]",2
수원시,Feature,다사62ba21aa,Polygon,"[[[127.07694300282844, 37.28718173783459], [127.07693038624028, 37.28943517379374], [127.07975078081965, 37.289445221143296], [127.07976331330534, 37.28719178436944], [127.07694300282844, 37.28718173783459]]]",0
수원시,Feature,다사62ba21ab,Polygon,"[[[127.07693038624028, 37.28943517379374], [127.07691776824792, 37.291688608889224], [127.0797382469391, 37.29169865705352], [127.07975078081965, 37.289445221143296], [127.07693038624028, 37.28943517379374]]]",2
수원시,Feature,다사62ba21ba,Polygon,"[[[127.07691776824792, 37.291688608889224], [127.0769051488512, 37.29394204312099], [127.07972571166353, 37.29395209210009], [127.0797382469391, 37.29169865705352], [127.07691776824792, 37.291688608889224]]]",8
수원시,Feature,다사62ba21bb,Polygon,"[[[127.0769051488512, 37.29394204312099], [127.0768925280499, 37.29619547648905], [127.07971317499279, 37.296205526283], [127.07972571166353, 37.29395209210009], [127.0769051488512, 37.29394204312099]]]",1
수원시,Feature,다사62bb16ba,Polygon,"[[[127.07998865971336, 37.246629774779436], [127.07997615230718, 37.24888322709555], [127.08279503586517, 37.24889319268458], [127.08280745933702, 37.246639739560074], [127.07998865971336, 37.246629774779436]]]",1
수원시,Feature,다사62bb16bb,Polygon,"[[[127.07997615230718, 37.24888322709555], [127.0799636435091, 37.25113667854835], [127.08278261101078, 37.251146644945834], [127.08279503586517, 37.24889319268458], [127.07997615230718, 37.24888322709555]]]",0
수원시,Feature,다사62bb17aa,Polygon,"[[[127.0799636435091, 37.25113667854835], [127.07995113331894, 37.253390129137856], [127.08277018477361, 37.25340009634382], [127.08278261101078, 37.251146644945834], [127.0799636435091, 37.25113667854835]]]",4
수원시,Feature,다사62bb17ab,Polygon,"[[[127.07995113331894, 37.253390129137856], [127.07993862173653, 37.25564357886401], [127.08275775715356, 37.25565354687853], [127.08277018477361, 37.25340009634382], [127.07995113331894, 37.253390129137856]]]",1
수원시,Feature,다사62bb17ba,Polygon,"[[[127.07993862173653, 37.25564357886401], [127.07992610876168, 37.25789702772682], [127.08274532815042, 37.25790699654992], [127.08275775715356, 37.25565354687853], [127.07993862173653, 37.25564357886401]]]",3
수원시,Feature,다사62bb17bb,Polygon,"[[[127.07992610876168, 37.25789702772682], [127.0799135943943, 37.26015047572625], [127.08273289776405, 37.260160445357975], [127.08274532815042, 37.25790699654992], [127.07992610876168, 37.25789702772682]]]",3
수원시,Feature,다사62bb18aa,Polygon,"[[[127.0799135943943, 37.26015047572625], [127.07990107863412, 37.26240392286228], [127.08272046599429, 37.26241389330271], [127.08273289776405, 37.260160445357975], [127.0799135943943, 37.26015047572625]]]",1
수원시,Feature,다사62bb18ab,Polygon,"[[[127.07990107863412, 37.26240392286228], [127.0798885614811, 37.26465736913491], [127.08270803284098, 37.26466734038406], [127.08272046599429, 37.26241389330271], [127.07990107863412, 37.26240392286228]]]",0
수원시,Feature,다사62bb18ba,Polygon,"[[[127.0798885614811, 37.26465736913491], [127.079876042935, 37.26691081454412], [127.08269559830397, 37.26692078660203], [127.08270803284098, 37.26466734038406], [127.0798885614811, 37.26465736913491]]]",1
수원시,Feature,다사62bb18bb,Polygon,"[[[127.079876042935, 37.26691081454412], [127.07986352299565, 37.269164259089855], [127.08268316238308, 37.269174231956605], [127.08269559830397, 37.26692078660203], [127.079876042935, 37.26691081454412]]]",2
수원시,Feature,다사62bb20ba,Polygon,"[[[127.0797883740928, 37.28268490823087], [127.07977584439634, 37.284938346731956], [127.08259607217464, 37.28494832526181], [127.08260851778722, 37.28269488595156], [127.0797883740928, 37.28268490823087]]]",0
수원시,Feature,다사62bb20bb,Polygon,"[[[127.07977584439634, 37.284938346731956], [127.07976331330534, 37.28719178436944], [127.08258362517692, 37.287201763708495], [127.08259607217464, 37.28494832526181], [127.07977584439634, 37.284938346731956]]]",0
수원시,Feature,다사62bb21aa,Polygon,"[[[127.07976331330534, 37.28719178436944], [127.07975078081965, 37.289445221143296], [127.08257117679385, 37.28945520129161], [127.08258362517692, 37.287201763708495], [127.07976331330534, 37.28719178436944]]]",0
수원시,Feature,다사62bb21ab,Polygon,"[[[127.07975078081965, 37.289445221143296], [127.0797382469391, 37.29169865705352], [127.08255872702529, 37.29170863801114], [127.08257117679385, 37.28945520129161], [127.07975078081965, 37.289445221143296]]]",0
수원시,Feature,다사62bb21ba,Polygon,"[[[127.0797382469391, 37.29169865705352], [127.07972571166353, 37.29395209210009], [127.08254627587105, 37.29396207386706], [127.08255872702529, 37.29170863801114], [127.0797382469391, 37.29169865705352]]]",0
수원시,Feature,다사62bb21bb,Polygon,"[[[127.07972571166353, 37.29395209210009], [127.07971317499279, 37.296205526283], [127.08253382333103, 37.296215508859355], [127.08254627587105, 37.29396207386706], [127.07972571166353, 37.29395209210009]]]",1
수원시,Feature,다사62bb22aa,Polygon,"[[[127.07971317499279, 37.296205526283], [127.0797006369267, 37.29845895960219], [127.08252136940501, 37.298468942987995], [127.08253382333103, 37.296215508859355], [127.07971317499279, 37.296205526283]]]",0
수원시,Feature,다사63aa17ab,Polygon,"[[[127.08277018477361, 37.25340009634382], [127.08275775715356, 37.25565354687853], [127.08557689395364, 37.255663447773394], [127.0855892376112, 37.25340999643559], [127.08277018477361, 37.25340009634382]]]",0
수원시,Feature,다사63aa17ba,Polygon,"[[[127.08275775715356, 37.25565354687853], [127.08274532815042, 37.25790699654992], [127.08556454892236, 37.25791689824792], [127.08557689395364, 37.255663447773394], [127.08275775715356, 37.25565354687853]]]",0
수원시,Feature,다사63aa17bb,Polygon,"[[[127.08274532815042, 37.25790699654992], [127.08273289776405, 37.260160445357975], [127.08555220251722, 37.26017034785918], [127.08556454892236, 37.25791689824792], [127.08274532815042, 37.25790699654992]]]",0
수원시,Feature,다사63aa18aa,Polygon,"[[[127.08273289776405, 37.260160445357975], [127.08272046599429, 37.26241389330271], [127.08553985473799, 37.262423796607145], [127.08555220251722, 37.26017034785918], [127.08273289776405, 37.260160445357975]]]",0
수원시,Feature,다사63aa18ab,Polygon,"[[[127.08272046599429, 37.26241389330271], [127.08270803284098, 37.26466734038406], [127.0855275055846, 37.264677244491786], [127.08553985473799, 37.262423796607145], [127.08272046599429, 37.26241389330271]]]",3
수원시,Feature,다사63aa18ba,Polygon,"[[[127.08270803284098, 37.26466734038406], [127.08269559830397, 37.26692078660203], [127.08551515505681, 37.26693069151309], [127.0855275055846, 37.264677244491786], [127.08270803284098, 37.26466734038406]]]",3
수원시,Feature,다사63aa18bb,Polygon,"[[[127.08269559830397, 37.26692078660203], [127.08268316238308, 37.269174231956605], [127.08550280315451, 37.26918413767104], [127.08551515505681, 37.26693069151309], [127.08269559830397, 37.26692078660203]]]",2
수원시,Feature,다사63aa19aa,Polygon,"[[[127.08268316238308, 37.269174231956605], [127.08267072507813, 37.27142767644775], [127.08549044987751, 37.27143758296562], [127.08550280315451, 37.26918413767104], [127.08268316238308, 37.269174231956605]]]",0
수원시,Feature,다사63aa20bb,Polygon,"[[[127.08259607217464, 37.28494832526181], [127.08258362517692, 37.287201763708495], [127.08540393843383, 37.28721167585166], [127.08541630133814, 37.28495823660122], [127.08259607217464, 37.28494832526181]]]",0
수원시,Feature,다사63aa21aa,Polygon,"[[[127.08258362517692, 37.287201763708495], [127.08257117679385, 37.28945520129161], [127.08539157415356, 37.28946511423857], [127.08540393843383, 37.28721167585166], [127.08258362517692, 37.287201763708495]]]",0
수원시,Feature,다사63aa21ab,Polygon,"[[[127.08257117679385, 37.28945520129161], [127.08255872702529, 37.29170863801114], [127.08537920849712, 37.29171855176195], [127.08539157415356, 37.28946511423857], [127.08257117679385, 37.28945520129161]]]",0
수원시,Feature,다사63aa21ba,Polygon,"[[[127.08255872702529, 37.29170863801114], [127.08254627587105, 37.29396207386706], [127.08536684146442, 37.29397198842178], [127.08537920849712, 37.29171855176195], [127.08255872702529, 37.29170863801114]]]",1
수원시,Feature,다사63aa21bb,Polygon,"[[[127.08254627587105, 37.29396207386706], [127.08253382333103, 37.296215508859355], [127.08535447305526, 37.296225424218015], [127.08536684146442, 37.29397198842178], [127.08254627587105, 37.29396207386706]]]",2
수원시,Feature,다사63aa22aa,Polygon,"[[[127.08253382333103, 37.296215508859355], [127.08252136940501, 37.298468942987995], [127.08534210326947, 37.29847885915065], [127.08535447305526, 37.296225424218015], [127.08253382333103, 37.296215508859355]]]",1
수원시,Feature,다사63ab18ab,Polygon,"[[[127.08553985473799, 37.262423796607145], [127.0855275055846, 37.264677244491786], [127.08834697970258, 37.26468708145797], [127.08835924485592, 37.2624336327755], [127.08553985473799, 37.262423796607145]]]",0
수원시,Feature,다사63ab18ba,Polygon,"[[[127.0855275055846, 37.264677244491786], [127.08551515505681, 37.26693069151309], [127.08833471318421, 37.26694052927717], [127.08834697970258, 37.26468708145797], [127.0855275055846, 37.264677244491786]]]",1
수원시,Feature,다사63ab18bb,Polygon,"[[[127.08551515505681, 37.26693069151309], [127.08550280315451, 37.26918413767104], [127.08832244530065, 37.269193976233055], [127.08833471318421, 37.26694052927717], [127.08551515505681, 37.26693069151309]]]",0
수원시,Feature,다사63ab20bb,Polygon,"[[[127.08541630133814, 37.28495823660122], [127.08540393843383, 37.28721167585166], [127.08822425306671, 37.28722152079882], [127.08823653187743, 37.284968080750076], [127.08541630133814, 37.28495823660122]]]",0
수원시,Feature,다사63ab21aa,Polygon,"[[[127.08540393843383, 37.28721167585166], [127.08539157415356, 37.28946511423857], [127.08821197288937, 37.2894749599841], [127.08822425306671, 37.28722152079882], [127.08540393843383, 37.28721167585166]]]",0
수원시,Feature,다사63ab21ab,Polygon,"[[[127.08539157415356, 37.28946511423857], [127.08537920849712, 37.29171855176195], [127.08819969134528, 37.29172839830588], [127.08821197288937, 37.2894749599841], [127.08539157415356, 37.28946511423857]]]",0
수원시,Feature,다사63ab21ba,Polygon,"[[[127.08537920849712, 37.29171855176195], [127.08536684146442, 37.29397198842178], [127.08818740843422, 37.29398183576416], [127.08819969134528, 37.29172839830588], [127.08537920849712, 37.29171855176195]]]",0
수원시,Feature,다사63ab21bb,Polygon,"[[[127.08536684146442, 37.29397198842178], [127.08535447305526, 37.296225424218015], [127.0881751241561, 37.29623527235888], [127.08818740843422, 37.29398183576416], [127.08536684146442, 37.29397198842178]]]",0
수원시,Feature,다사63ab22aa,Polygon,"[[[127.08535447305526, 37.296225424218015], [127.08534210326947, 37.29847885915065], [127.0881628385107, 37.29848870809007], [127.0881751241561, 37.29623527235888], [127.08535447305526, 37.296225424218015]]]",0
수원시,Feature,다사63ab22ab,Polygon,"[[[127.08534210326947, 37.29847885915065], [127.08532973210691, 37.300732293219674], [127.0881505514979, 37.30074214295768], [127.0881628385107, 37.29848870809007], [127.08534210326947, 37.29847885915065]]]",0
수원시,Feature,다사63ba20bb,Polygon,"[[[127.08823653187743, 37.284968080750076], [127.08822425306671, 37.28722152079882], [127.09104456906621, 37.28723129854989], [127.09105676378317, 37.284977857708284], [127.08823653187743, 37.284968080750076]]]",0
수원시,Feature,다사63ba21aa,Polygon,"[[[127.08822425306671, 37.28722152079882], [127.08821197288937, 37.2894749599841], [127.09103237299199, 37.289484738528074], [127.09104456906621, 37.28723129854989], [127.08822425306671, 37.28722152079882]]]",0
수원시,Feature,다사63ba21ab,Polygon,"[[[127.08821197288937, 37.2894749599841], [127.08819969134528, 37.29172839830588], [127.09102017556036, 37.2917381776428], [127.09103237299199, 37.289484738528074], [127.08821197288937, 37.2894749599841]]]",0
수원시,Feature,다사63ba21ba,Polygon,"[[[127.08819969134528, 37.29172839830588], [127.08818740843422, 37.29398183576416], [127.09100797677114, 37.29399161589408], [127.09102017556036, 37.2917381776428], [127.08819969134528, 37.29172839830588]]]",0
수원시,Feature,다사63ba21bb,Polygon,"[[[127.08818740843422, 37.29398183576416], [127.0881751241561, 37.29623527235888], [127.09099577662418, 37.296245053281865], [127.09100797677114, 37.29399161589408], [127.08818740843422, 37.29398183576416]]]",0
수원시,Feature,다사63ba22aa,Polygon,"[[[127.0881751241561, 37.29623527235888], [127.0881628385107, 37.29848870809007], [127.09098357511935, 37.29849848980613], [127.09099577662418, 37.296245053281865], [127.0881751241561, 37.29623527235888]]]",0
