year,month,day,hour,주야,요일,city,district,accident_type,lon,lat,datetime
2012,01,13,16,주간,화,서울,강서구,차량단독,126.82199465,37.54415531,2012-01-13 16:00:00
2012,07,09,10,주간,월,서울,서초구,차대차,127.05144261,37.45103974,2012-07-09 10:00:00
2012,01,01,01,야간,일,서울,은평구,차대사람,126.93187672,37.61284962,2012-01-01 01:00:00
2012,08,28,04,야간,화,서울,서초구,차대차,127.05133623,37.45181451,2012-08-28 04:00:00
2012,01,07,23,야간,일,서울,강남구,차대차,127.05085267,37.50051332,2012-01-07 23:00:00
2012,01,11,21,야간,수,서울,중랑구,차대사람,127.0932003,37.59818414,2012-01-11 21:00:00
2012,06,08,04,야간,금,서울,송파구,차대차,127.13976902,37.49504921,2012-06-08 04:00:00
2012,01,12,04,야간,목,서울,관악구,차대사람,126.94352222,37.48218256,2012-01-12 04:00:00
2012,01,07,09,주간,토,서울,동작구,차대차,126.90622325,37.48887835,2012-01-07 09:00:00
2012,01,11,20,야간,수,서울,송파구,차대사람,127.12215257,37.48658446,2012-01-11 20:00:00
2012,01,01,02,야간,일,서울,중구,차대차,126.99234479,37.56818425,2012-01-01 02:00:00
2012,05,20,14,주간,일,서울,강북구,차량단독,127.03670794,37.6125326,2012-05-20 14:00:00
2012,06,06,10,주간,수,서울,양천구,차대차,126.87710779,37.52419662,2012-06-06 10:00:00
2012,04,30,08,주간,월,서울,강동구,차대차,127.14362484,37.55015195,2012-04-30 08:00:00
2012,01,01,02,야간,일,서울,서초구,차대사람,127.0348466,37.48369509,2012-01-01 02:00:00
2012,01,03,07,주간,화,서울,관악구,차대차,126.93730921,37.46454058,2012-01-03 07:00:00
2012,05,08,22,야간,화,서울,성동구,차대사람,127.05313264,37.53936142,2012-05-08 22:00:00
2012,05,04,01,야간,금,서울,서대문구,차대사람,126.94679133,37.58633094,2012-05-04 01:00:00
2012,06,06,19,야간,수,서울,구로구,차대차,126.8852497,37.50703249,2012-06-06 19:00:00
2012,06,04,18,야간,월,서울,금천구,차대사람,126.90114473,37.45480842,2012-06-04 18:00:00
2012,06,14,05,야간,목,서울,구로구,차대사람,126.85634455,37.49745038,2012-06-14 05:00:00
2012,05,22,17,주간,화,서울,영등포구,차대사람,126.89561996,37.5216879,2012-05-22 17:00:00
2012,06,01,20,야간,금,서울,금천구,차대사람,126.91417281,37.45007848,2012-06-01 20:00:00
2012,06,08,17,주간,금,서울,강남구,차대사람,127.03308793,37.48639224,2012-06-08 17:00:00
2012,06,15,13,주간,금,서울,송파구,차대차,127.11370083,37.51993452,2012-06-15 13:00:00
2012,04,28,05,야간,토,서울,은평구,차량단독,126.92239531,37.58619605,2012-04-28 05:00:00
2012,05,02,06,주간,수,서울,중랑구,차대사람,127.07520281,37.59365006,2012-05-02 06:00:00
2012,05,19,01,야간,토,서울,영등포구,차대차,126.9260552,37.5269594,2012-05-19 01:00:00
2012,06,05,23,야간,화,서울,서대문구,차대차,126.94358745,37.58917313,2012-06-05 23:00:00
2012,06,04,11,주간,월,서울,강남구,차대차,127.06521974,37.50459615,2012-06-04 11:00:00
2012,06,08,20,야간,금,서울,성동구,차대차,127.05768208,37.53377212,2012-06-08 20:00:00
2012,05,22,03,야간,화,서울,동작구,차대차,126.94765444,37.50316751,2012-05-22 03:00:00
2012,06,05,15,주간,화,서울,영등포구,차대차,126.8967413,37.5131308,2012-06-05 15:00:00
2012,06,07,11,주간,목,서울,은평구,차대차,126.91916336,37.63040886,2012-06-07 11:00:00
2012,04,28,20,야간,토,서울,양천구,차대사람,126.86365318,37.54003367,2012-04-28 20:00:00
2012,05,03,18,야간,목,서울,금천구,차대차,126.88962647,37.47390336,2012-05-03 18:00:00
2012,05,12,08,주간,토,서울,송파구,차대차,127.07062712,37.51065503,2012-05-12 08:00:00
2012,05,20,01,야간,일,서울,성동구,차대사람,127.05441658,37.54995716,2012-05-20 01:00:00
2012,05,27,05,야간,일,서울,강서구,차량단독,126.82270179,37.55858085,2012-05-27 05:00:00
2012,05,19,06,주간,토,서울,강남구,차대차,127.06744721,37.50091776,2012-05-19 06:00:00
2012,05,27,03,야간,일,서울,영등포구,차대차,126.91250633,37.51854627,2012-05-27 03:00:00
2012,06,04,08,주간,월,서울,동대문구,차대차,127.07239885,37.57886686,2012-06-04 08:00:00
2012,06,09,15,주간,토,서울,도봉구,차대차,127.04172416,37.63150738,2012-06-09 15:00:00
2012,05,02,09,주간,수,서울,광진구,차대사람,127.08663806,37.53728415,2012-05-02 09:00:00
2012,05,18,19,야간,금,서울,서대문구,차대차,126.96157746,37.55887223,2012-05-18 19:00:00
2012,05,05,23,야간,토,서울,금천구,차대사람,126.91258639,37.46210377,2012-05-05 23:00:00
2012,06,09,22,야간,토,서울,서초구,차대차,126.98210361,37.48535951,2012-06-09 22:00:00
2012,04,18,13,주간,수,서울,종로구,차대사람,126.98591819,37.5773051,2012-04-18 13:00:00
2012,03,13,23,야간,화,서울,관악구,차대사람,126.96883944,37.47523243,2012-03-13 23:00:00
2012,03,09,11,주간,금,서울,중랑구,차대사람,127.09269214,37.58957453,2012-03-09 11:00:00
2012,03,20,00,야간,화,서울,강남구,차대차,127.06514815,37.50523585,2012-03-20 00:00:00
2012,03,31,00,야간,토,서울,영등포구,차대차,126.90514284,37.53238119,2012-03-31 00:00:00
2012,04,04,02,야간,수,서울,송파구,차대사람,127.1115797,37.49031787,2012-04-04 02:00:00
2012,02,29,22,야간,수,서울,동작구,차대사람,126.96940062,37.48543835,2012-02-29 22:00:00
2012,03,23,19,야간,금,서울,영등포구,차대사람,126.90451852,37.49843314,2012-03-23 19:00:00
2012,03,29,07,주간,목,서울,강서구,차대사람,126.81533222,37.56835394,2012-03-29 07:00:00
2012,03,06,02,야간,화,서울,성동구,차대사람,127.03868584,37.5582703,2012-03-06 02:00:00
2012,03,19,22,야간,월,서울,서초구,차대사람,127.01567858,37.50409695,2012-03-19 22:00:00
2012,03,24,21,야간,토,서울,마포구,차대사람,126.90310275,37.55686951,2012-03-24 21:00:00
2012,03,14,23,야간,수,서울,서초구,차대차,126.99741863,37.47358177,2012-03-14 23:00:00
2012,03,20,02,야간,화,서울,강남구,차대사람,127.04039514,37.50668346,2012-03-20 02:00:00
2012,04,19,21,야간,목,서울,관악구,차대차,126.91927866,37.47257459,2012-04-19 21:00:00
2012,04,22,04,야간,일,서울,강남구,차대사람,127.05590603,37.522156,2012-04-22 04:00:00
2012,03,12,23,야간,월,서울,중랑구,차대사람,127.1003954,37.59999339,2012-03-12 23:00:00
2012,04,14,20,야간,토,서울,용산구,차대사람,126.97206166,37.55569275,2012-04-14 20:00:00
2012,04,13,07,주간,금,서울,금천구,차대사람,126.9054946,37.4566331,2012-04-13 07:00:00
2012,04,17,06,주간,화,서울,금천구,차대차,126.89764841,37.46640918,2012-04-17 06:00:00
2012,03,15,17,주간,목,서울,동대문구,차대사람,127.0357998,37.57816077,2012-03-15 17:00:00
2012,04,02,12,주간,월,서울,서초구,차대차,127.01154758,37.50257468,2012-04-02 12:00:00
2012,04,04,20,야간,수,서울,영등포구,차대사람,126.90829473,37.49729838,2012-04-04 20:00:00
2012,04,09,07,주간,월,서울,강서구,차대사람,126.84395767,37.53226445,2012-04-09 07:00:00
2012,03,09,19,야간,금,서울,양천구,차대사람,126.83840834,37.52111988,2012-03-09 19:00:00
2012,03,05,22,야간,월,서울,종로구,차대사람,126.96405074,37.57239466,2012-03-05 22:00:00
2012,03,10,04,야간,토,서울,서초구,차대사람,127.02001521,37.51064048,2012-03-10 04:00:00
2012,03,15,01,야간,목,서울,영등포구,차대사람,126.91776616,37.52610761,2012-03-15 01:00:00
2012,03,23,19,야간,금,서울,금천구,차대사람,126.88231614,37.48268965,2012-03-23 19:00:00
2012,03,16,19,야간,금,서울,은평구,차대사람,126.91560478,37.60290051,2012-03-16 19:00:00
2012,03,25,14,주간,일,서울,서대문구,차대차,126.91695128,37.5682596,2012-03-25 14:00:00
2012,04,07,05,야간,토,서울,종로구,차대사람,126.97681891,37.56996423,2012-04-07 05:00:00
2012,04,09,22,야간,월,서울,금천구,차대사람,126.89926012,37.47132077,2012-04-09 22:00:00
2012,04,21,09,주간,토,서울,동대문구,차대사람,127.06648701,37.56128702,2012-04-21 09:00:00
2012,03,06,01,야간,화,서울,강남구,차대사람,127.04150143,37.50524558,2012-03-06 01:00:00
2012,06,01,21,야간,금,서울,중구,차대사람,126.99290432,37.55580213,2012-06-01 21:00:00
2012,06,04,16,주간,월,서울,영등포구,차대사람,126.8779694,37.51719767,2012-06-04 16:00:00
2012,05,22,01,야간,화,서울,서초구,차대사람,127.02429225,37.50529471,2012-05-22 01:00:00
2012,05,04,18,야간,금,서울,강서구,차대사람,126.84988526,37.54826907,2012-05-04 18:00:00
2012,05,04,10,주간,금,서울,관악구,차대차,126.98306898,37.47165405,2012-05-04 10:00:00
2012,05,17,00,야간,목,서울,중랑구,차대사람,127.07241135,37.61231584,2012-05-17 00:00:00
2012,05,19,03,야간,토,서울,강동구,차대사람,127.12626328,37.53783984,2012-05-19 03:00:00
2012,05,23,07,주간,수,서울,구로구,차량단독,126.85630917,37.48839159,2012-05-23 07:00:00
2012,03,30,10,주간,금,서울,강북구,차대사람,127.01142834,37.66295059,2012-03-30 10:00:00
2012,04,23,05,야간,월,서울,금천구,차량단독,126.87878136,37.47519888,2012-04-23 05:00:00
2012,03,24,17,주간,토,서울,중랑구,차대사람,127.07782962,37.6119027,2012-03-24 17:00:00
2012,04,05,00,야간,목,서울,양천구,차대사람,126.86387417,37.54999472,2012-04-05 00:00:00
2012,04,21,11,주간,토,서울,영등포구,차대차,126.88041518,37.52385347,2012-04-21 11:00:00
2012,04,07,03,야간,토,서울,양천구,차대차,126.83085053,37.51460562,2012-04-07 03:00:00
2012,04,18,18,야간,수,서울,광진구,차대사람,127.07167004,37.54792086,2012-04-18 18:00:00
2012,04,18,14,주간,수,서울,영등포구,차대사람,126.90865401,37.4876016,2012-04-18 14:00:00
2012,04,18,13,주간,수,서울,중구,차대사람,126.96441377,37.55332381,2012-04-18 13:00:00
2012,03,07,00,야간,수,서울,은평구,차대사람,126.93516463,37.60208539,2012-03-07 00:00:00
2012,03,31,05,야간,토,서울,구로구,차량단독,126.88231294,37.49269467,2012-03-31 05:00:00
2012,04,05,13,주간,목,서울,중랑구,차대차,127.07248812,37.59296425,2012-04-05 13:00:00
2012,04,17,03,야간,화,서울,구로구,차대차,126.84497258,37.5042111,2012-04-17 03:00:00
2012,04,21,21,야간,토,서울,서초구,차대사람,126.98275814,37.49378107,2012-04-21 21:00:00
2012,03,07,22,야간,화,서울,서초구,차대사람,127.03755973,37.46191078,2012-03-07 22:00:00
2012,03,25,01,야간,일,서울,송파구,차대차,127.10792163,37.5192665,2012-03-25 01:00:00
2012,04,14,19,야간,토,서울,강서구,차대사람,126.8470007,37.53114562,2012-04-14 19:00:00
2012,03,09,19,야간,금,서울,구로구,차대사람,126.85623247,37.48810274,2012-03-09 19:00:00
2012,03,09,14,주간,금,서울,금천구,차량단독,126.90340326,37.442345,2012-03-09 14:00:00
2012,02,19,18,야간,일,서울,도봉구,차대사람,127.04637017,37.67447399,2012-02-19 18:00:00
2012,03,02,11,주간,금,서울,중랑구,차대차,127.07209291,37.61647889,2012-03-02 11:00:00
2012,01,26,14,주간,목,서울,용산구,차량단독,127.00556724,37.52759847,2012-01-26 14:00:00
2012,02,17,23,야간,금,서울,중구,차대차,126.97295169,37.56274526,2012-02-17 23:00:00
2012,01,19,02,야간,목,서울,서대문구,차량단독,126.92207389,37.57209748,2012-01-19 02:00:00
2012,01,28,13,주간,토,서울,광진구,차대사람,127.09463121,37.53484214,2012-01-28 13:00:00
2012,02,03,05,야간,금,서울,광진구,차량단독,127.11062107,37.54856049,2012-02-03 05:00:00
2012,02,10,05,야간,금,서울,영등포구,차대사람,126.90352989,37.52031299,2012-02-10 05:00:00
2012,02,24,14,주간,금,서울,성북구,차대차,127.03098263,37.58420779,2012-02-24 14:00:00
2012,01,20,23,야간,금,서울,영등포구,차대사람,126.92024942,37.51378934,2012-01-20 23:00:00
2012,01,15,03,야간,일,서울,구로구,차대차,126.88126985,37.51491656,2012-01-15 03:00:00
2012,01,26,10,주간,목,서울,강서구,차대사람,126.82674655,37.55953237,2012-01-26 10:00:00
2013,01,07,20,야간,월,서울,마포구,차대차,126.88191548,37.58338525,2013-01-07 20:00:00
2013,01,13,16,주간,일,서울,영등포구,차대차,126.90490091,37.52009457,2013-01-13 16:00:00
2013,01,19,23,야간,토,서울,강동구,차대차,127.1798956,37.55850324,2013-01-19 23:00:00
2013,01,28,07,주간,월,서울,종로구,차대사람,126.98774341,37.57041774,2013-01-28 07:00:00
2013,01,13,06,주간,일,서울,종로구,차대사람,127.01878301,37.57386531,2013-01-13 06:00:00
2013,01,15,19,야간,화,서울,마포구,차대차,126.96144253,37.55087666,2013-01-15 19:00:00
2013,01,16,06,주간,수,서울,서대문구,차대사람,126.96243921,37.57020067,2013-01-16 06:00:00
2013,01,19,19,야간,토,서울,성북구,차대사람,127.02204402,37.60086212,2013-01-19 19:00:00
2013,01,30,07,주간,수,서울,성북구,차대사람,127.02192703,37.6063986,2013-01-30 07:00:00
2013,07,16,14,주간,화,서울,송파구,차대차,127.1333145,37.47782231,2013-07-16 14:00:00
2012,02,11,01,야간,금,서울,종로구,차대사람,127.00387579,37.57107252,2012-02-11 01:00:00
2012,02,11,17,주간,토,서울,동대문구,차대사람,127.02572215,37.57430801,2012-02-11 17:00:00
2012,02,25,09,주간,토,서울,강서구,차대사람,126.80552426,37.56488057,2012-02-25 09:00:00
2012,02,13,19,야간,월,서울,성북구,차대사람,127.0363622,37.59156599,2012-02-13 19:00:00
2012,02,13,14,주간,월,서울,구로구,차대사람,126.88711205,37.48266956,2012-02-13 14:00:00
2012,04,05,17,주간,목,서울,은평구,차대차,126.9276943,37.62339308,2012-04-05 17:00:00
2012,04,20,03,야간,금,서울,양천구,차량단독,126.86009933,37.52938758,2012-04-20 03:00:00
2012,02,28,23,야간,화,서울,용산구,차대사람,126.97236719,37.55250334,2012-02-28 23:00:00
2012,02,04,06,주간,토,서울,동작구,차대사람,126.93951585,37.51580222,2012-02-04 06:00:00
2012,02,12,05,야간,일,서울,강북구,차대사람,127.03680975,37.61256004,2012-02-12 05:00:00
2012,01,21,02,야간,토,서울,용산구,차대사람,126.97369623,37.53415778,2012-01-21 02:00:00
2012,02,13,11,주간,월,서울,광진구,차대차,127.07365255,37.55960054,2012-02-13 11:00:00
2012,02,12,23,야간,일,서울,성동구,차대차,127.04617672,37.55153019,2012-02-12 23:00:00
2012,02,25,02,야간,토,서울,중랑구,차대차,127.07962218,37.60141746,2012-02-25 02:00:00
2012,01,18,11,주간,수,서울,관악구,차대사람,126.94253422,37.47967213,2012-01-18 11:00:00
2012,01,15,12,주간,일,서울,양천구,차대차,126.824858,37.53292294,2012-01-15 12:00:00
2012,01,15,00,야간,일,서울,마포구,차대사람,126.9196902,37.55384256,2012-01-15 00:00:00
2012,02,06,13,주간,월,서울,관악구,차대사람,126.93088726,37.46739417,2012-02-06 13:00:00
2012,01,26,15,주간,목,서울,양천구,차대차,126.86739339,37.51668181,2012-01-26 15:00:00
2012,02,01,19,야간,수,서울,동대문구,차대사람,127.05784743,37.57284633,2012-02-01 19:00:00
2012,02,06,07,주간,월,서울,중랑구,차대사람,127.07954187,37.58146136,2012-02-06 07:00:00
2012,02,16,14,주간,목,서울,마포구,차대사람,126.91140001,37.56428417,2012-02-16 14:00:00
2012,02,22,17,주간,수,서울,노원구,차대사람,127.057248,37.66443842,2012-02-22 17:00:00
2012,01,22,04,야간,일,서울,강남구,차대차,127.0214053,37.5108985,2012-01-22 04:00:00
2013,01,10,22,야간,목,서울,강남구,차대차,127.02291407,37.52984208,2013-01-10 22:00:00
2013,01,07,07,주간,월,서울,영등포구,차대사람,126.90489428,37.53232586,2013-01-07 07:00:00
2013,01,08,08,주간,화,서울,마포구,차대사람,126.92360202,37.55748513,2013-01-08 08:00:00
2013,01,17,19,야간,목,서울,동대문구,차대사람,127.04307448,37.58678799,2013-01-17 19:00:00
2013,02,11,09,주간,월,서울,노원구,차량단독,127.08273582,37.63417428,2013-02-11 09:00:00
2013,10,23,11,주간,수,서울,송파구,차량단독,127.13332497,37.47799361,2013-10-23 11:00:00
2012,02,03,22,야간,금,서울,관악구,차대사람,126.92985536,37.48860717,2012-02-03 22:00:00
2013,01,22,00,야간,화,서울,노원구,차대사람,127.09475846,37.62627537,2013-01-22 00:00:00
2013,01,21,22,야간,월,서울,강동구,차대사람,127.14017633,37.51861022,2013-01-21 22:00:00
2013,01,30,05,야간,수,서울,종로구,차대사람,126.98939697,37.57037984,2013-01-30 05:00:00
2013,02,02,23,야간,토,서울,동대문구,차대차,127.05740553,37.57288974,2013-02-02 23:00:00
2012,02,15,03,야간,수,서울,금천구,차대차,126.89847792,37.47578752,2012-02-15 03:00:00
2012,01,14,18,야간,토,서울,중구,차대사람,126.99862395,37.56224416,2012-01-14 18:00:00
2012,01,16,17,주간,월,서울,마포구,차대사람,126.94737123,37.54004052,2012-01-16 17:00:00
2012,02,04,12,주간,토,서울,동대문구,차대사람,127.05820995,37.59007243,2012-02-04 12:00:00
2013,01,10,09,주간,목,서울,강서구,차대차,126.83234145,37.56188059,2013-01-10 09:00:00
2013,03,05,02,야간,화,서울,금천구,차대차,126.89799474,37.4457788,2013-03-05 02:00:00
2013,02,02,06,주간,토,서울,마포구,차대사람,126.90412594,37.57482044,2013-02-02 06:00:00
2013,01,31,22,야간,목,서울,송파구,차대사람,127.12683114,37.47153752,2013-01-31 22:00:00
2013,02,13,03,야간,수,서울,마포구,차량단독,126.87726112,37.57107641,2013-02-13 03:00:00
2013,01,22,23,야간,화,서울,강남구,차대사람,127.04829697,37.51159028,2013-01-22 23:00:00
2012,12,21,12,주간,금,서울,금천구,차대사람,126.90341843,37.44043418,2012-12-21 12:00:00
2012,01,27,16,주간,금,서울,은평구,차대사람,126.93158053,37.60859388,2012-01-27 16:00:00
2012,11,30,19,야간,금,서울,구로구,차대차,126.82854804,37.4987919,2012-11-30 19:00:00
2012,01,04,05,야간,수,서울,강남구,차대사람,127.05242269,37.48956775,2012-01-04 05:00:00
2012,11,21,00,야간,수,서울,동작구,차량단독,126.97202141,37.48431437,2012-11-21 00:00:00
2012,02,04,13,주간,토,서울,양천구,차대사람,126.83530782,37.52492419,2012-02-04 13:00:00
2012,02,07,11,주간,화,서울,강동구,차대차,127.12711893,37.5478566,2012-02-07 11:00:00
2012,02,20,06,주간,월,서울,강남구,차대차,127.04406957,37.49969414,2012-02-20 06:00:00
2012,02,17,16,주간,금,서울,영등포구,차대사람,126.9029449,37.53549778,2012-02-17 16:00:00
2013,01,09,07,주간,수,서울,마포구,차대사람,126.9081389,37.55799451,2013-01-09 07:00:00
2013,05,05,09,주간,일,서울,강서구,차대차,126.8522345,37.5567456,2013-05-05 09:00:00
2013,05,15,04,야간,수,서울,종로구,차량단독,126.9522411,37.60926844,2013-05-15 04:00:00
2013,05,15,13,주간,수,서울,서초구,차대차,127.04966074,37.46160599,2013-05-15 13:00:00
2013,05,15,16,주간,수,서울,강동구,차대사람,127.14070667,37.5401651,2013-05-15 16:00:00
2013,05,21,23,야간,화,서울,구로구,차대사람,126.88706676,37.48129025,2013-05-21 23:00:00
2012,12,09,13,주간,일,서울,양천구,차대차,126.86430423,37.50867025,2012-12-09 13:00:00
2013,04,27,14,주간,토,서울,서초구,차대차,127.07168297,37.42876988,2013-04-27 14:00:00
2013,01,10,21,야간,목,서울,송파구,차대사람,127.13388141,37.49839319,2013-01-10 21:00:00
2012,02,20,17,주간,월,서울,은평구,차대사람,126.88457751,37.58883514,2012-02-20 17:00:00
2012,03,02,19,야간,금,서울,양천구,차대사람,126.87256315,37.52903083,2012-03-02 19:00:00
2012,12,14,20,야간,금,서울,양천구,차대사람,126.85377981,37.51806829,2012-12-14 20:00:00
2013,09,30,00,야간,월,서울,서초구,차대차,127.05467493,37.44742847,2013-09-30 00:00:00
2013,05,20,17,주간,월,서울,송파구,차대사람,127.10997452,37.50532927,2013-05-20 17:00:00
2012,04,16,14,주간,월,서울,영등포구,차대사람,126.91998271,37.49853712,2012-04-16 14:00:00
2012,10,28,07,주간,일,서울,성북구,차량단독,127.01349612,37.59971224,2012-10-28 07:00:00
2012,07,06,03,야간,금,서울,종로구,차대차,126.96861195,37.56796264,2012-07-06 03:00:00
2012,11,20,22,야간,화,서울,노원구,차대차,127.06053992,37.6541755,2012-11-20 22:00:00
2012,11,03,10,주간,토,서울,도봉구,차대차,127.03924177,37.66276508,2012-11-03 10:00:00
2012,12,26,11,주간,수,서울,영등포구,차대사람,126.90405107,37.52877029,2012-12-26 11:00:00
2012,11,05,00,야간,월,서울,광진구,차대차,127.07446098,37.56079324,2012-11-05 00:00:00
2012,12,16,07,주간,일,서울,금천구,차대사람,126.9032546,37.47244067,2012-12-16 07:00:00
2012,12,12,10,주간,수,서울,양천구,차대사람,126.83157261,37.53640428,2012-12-12 10:00:00
2013,02,07,22,야간,목,서울,종로구,차대사람,127.01249866,37.57200979,2013-02-07 22:00:00
2013,02,09,01,야간,토,서울,광진구,차대사람,127.07339568,37.55897768,2013-02-09 01:00:00
2012,12,19,17,주간,수,서울,서초구,차대사람,126.98267143,37.49487133,2012-12-19 17:00:00
2012,09,06,05,야간,목,서울,송파구,차대차,127.13681864,37.49692402,2012-09-06 05:00:00
2012,07,24,20,야간,화,서울,광진구,차대사람,127.08727757,37.54036902,2012-07-24 20:00:00
2013,05,13,23,야간,월,서울,노원구,차대사람,127.06264012,37.64788296,2013-05-13 23:00:00
2012,11,06,19,야간,화,서울,구로구,차대차,126.88303137,37.5098692,2012-11-06 19:00:00
2012,12,30,00,야간,일,서울,관악구,차대차,126.96522902,37.47401734,2012-12-30 00:00:00
2012,12,22,07,주간,토,서울,도봉구,차대사람,127.04037572,37.66274246,2012-12-22 07:00:00
2013,02,07,00,야간,목,서울,성동구,차대사람,127.02474356,37.55543884,2013-02-07 00:00:00
2013,05,06,10,주간,월,서울,강남구,차대사람,127.06490298,37.47923969,2013-05-06 10:00:00
2013,05,08,00,야간,수,서울,서초구,차대사람,126.98212075,37.48615278,2013-05-08 00:00:00
2013,01,03,04,야간,목,서울,송파구,차량단독,127.07263264,37.51810752,2013-01-03 04:00:00
2013,04,23,03,야간,화,서울,강남구,차량단독,127.05545545,37.4740938,2013-04-23 03:00:00
2013,05,09,13,주간,목,서울,영등포구,차량단독,126.91399277,37.50500632,2013-05-09 13:00:00
2012,11,21,02,야간,수,서울,중구,차량단독,126.99544316,37.55875141,2012-11-21 02:00:00
2012,11,14,21,야간,수,서울,구로구,차량단독,126.83576634,37.48851223,2012-11-14 21:00:00
2012,12,12,14,주간,수,서울,마포구,차대차,126.91366134,37.55458793,2012-12-12 14:00:00
2012,11,29,21,야간,목,서울,서대문구,차대차,126.9080165,37.57260468,2012-11-29 21:00:00
2012,12,22,09,주간,토,서울,관악구,차대차,126.93560704,37.48639041,2012-12-22 09:00:00
2012,02,06,20,야간,월,서울,노원구,차대사람,127.075917,37.66535427,2012-02-06 20:00:00
2012,02,06,20,야간,월,서울,도봉구,차대차,127.03406541,37.64743106,2012-02-06 20:00:00
2012,02,14,06,주간,화,서울,영등포구,차대사람,126.9046882,37.51980507,2012-02-14 06:00:00
2012,01,15,06,주간,일,서울,강동구,차대사람,127.17413691,37.54710338,2012-01-15 06:00:00
2012,07,03,21,야간,화,서울,은평구,차대차,126.88711783,37.58707272,2012-07-03 21:00:00
2012,07,15,04,야간,일,서울,동대문구,차량단독,127.07125628,37.56086277,2012-07-15 04:00:00
2013,04,24,18,야간,수,서울,구로구,차대차,126.8231928,37.48044587,2013-04-24 18:00:00
2012,06,06,12,주간,수,서울,용산구,차대사람,126.96661376,37.53374744,2012-06-06 12:00:00
2012,12,13,00,야간,목,서울,마포구,차대사람,126.8689258,37.57788233,2012-12-13 00:00:00
2012,12,14,15,주간,금,서울,강서구,차량단독,126.80947254,37.56280361,2012-12-14 15:00:00
2012,12,01,14,주간,토,서울,강북구,차대차,127.03766704,37.61317631,2012-12-01 14:00:00
2013,02,20,09,주간,수,서울,강서구,차대차,126.86288053,37.56298674,2013-02-20 09:00:00
2012,01,25,00,야간,수,서울,동작구,차대차,126.92883079,37.51322724,2012-01-25 00:00:00
2012,02,05,14,주간,일,서울,은평구,차대사람,126.88493899,37.5889542,2012-02-05 14:00:00
2012,02,09,15,주간,목,서울,광진구,차대차,127.07764445,37.52836496,2012-02-09 15:00:00
2012,02,09,01,야간,목,서울,강동구,차대차,127.13422161,37.53532294,2012-02-09 01:00:00
2012,02,23,03,야간,목,서울,송파구,차량단독,127.08227078,37.51665476,2012-02-23 03:00:00
2013,08,23,04,야간,금,서울,강동구,차대차,127.18162054,37.54426649,2013-08-23 04:00:00
2012,03,19,01,야간,월,서울,구로구,차대차,126.87401635,37.50545922,2012-03-19 01:00:00
2012,01,20,00,야간,금,서울,강서구,차대차,126.83915869,37.54125115,2012-01-20 00:00:00
2012,01,18,18,야간,수,서울,중구,차대사람,126.9649959,37.55899593,2012-01-18 18:00:00
2013,05,01,19,야간,수,서울,은평구,차대사람,126.93854159,37.59743257,2013-05-01 19:00:00
2013,05,11,20,야간,토,서울,관악구,차대사람,126.93271759,37.46761029,2013-05-11 20:00:00
2013,05,15,09,주간,수,서울,강남구,차대사람,127.06034088,37.48379271,2013-05-15 09:00:00
2013,05,13,15,주간,월,서울,강북구,차대차,127.02779473,37.63879836,2013-05-13 15:00:00
2012,11,17,23,야간,토,서울,은평구,차대사람,126.91701495,37.62398075,2012-11-17 23:00:00
2012,11,05,02,야간,월,서울,동작구,차대사람,126.97451295,37.50485841,2012-11-05 02:00:00
2012,12,26,23,야간,수,서울,강동구,차대차,127.17158534,37.55585748,2012-12-26 23:00:00
2013,02,19,02,야간,화,서울,서초구,차대차,127.02520075,37.48510791,2013-02-19 02:00:00
2012,10,28,16,주간,일,서울,도봉구,차대사람,127.04298713,37.66584418,2012-10-28 16:00:00
2012,10,27,21,야간,토,서울,금천구,차대차,126.87373228,37.48528543,2012-10-27 21:00:00
2012,06,19,20,야간,화,서울,강동구,차대사람,127.12615126,37.54667277,2012-06-19 20:00:00
2013,04,26,01,야간,금,서울,강서구,차대차,126.79834478,37.58305416,2013-04-26 01:00:00
2013,04,25,23,야간,목,서울,영등포구,차대사람,126.89731747,37.5005779,2013-04-25 23:00:00
2012,10,31,12,주간,수,서울,송파구,차대사람,127.10946488,37.49456533,2012-10-31 12:00:00
2013,02,17,18,야간,일,서울,은평구,차대사람,126.89543716,37.58216726,2013-02-17 18:00:00
2013,05,07,08,주간,화,서울,구로구,차대차,126.84714453,37.49775142,2013-05-07 08:00:00
2012,05,22,13,주간,화,서울,서대문구,차대사람,126.9368269,37.55588147,2012-05-22 13:00:00
2012,11,14,02,야간,수,서울,금천구,차대사람,126.89855604,37.47450799,2012-11-14 02:00:00
2012,11,14,18,야간,수,서울,강남구,차대사람,127.03263995,37.48749013,2012-11-14 18:00:00
2012,11,18,20,야간,일,서울,구로구,차대사람,126.831566,37.49147202,2012-11-18 20:00:00
2013,12,06,06,주간,금,서울,영등포구,차대사람,126.90518562,37.52271894,2013-12-06 06:00:00
2013,10,26,21,야간,토,서울,양천구,차대차,126.85372199,37.51821219,2013-10-26 21:00:00
2013,10,28,12,주간,월,서울,강서구,차대차,126.87048118,37.54782184,2013-10-28 12:00:00
2013,11,07,05,야간,목,서울,광진구,차대차,127.0692597,37.55168876,2013-11-07 05:00:00
2013,04,29,02,야간,월,서울,서대문구,차대차,126.95293727,37.59620224,2013-04-29 02:00:00
2012,12,14,00,야간,금,서울,금천구,차대사람,126.899473,37.45743191,2012-12-14 00:00:00
2012,12,25,17,주간,화,서울,노원구,차대차,127.07560179,37.66097265,2012-12-25 17:00:00
2013,11,22,22,야간,금,서울,관악구,차대사람,126.92935356,37.48617109,2013-11-22 22:00:00
2013,10,24,04,야간,목,서울,강남구,차대차,127.01702857,37.52285069,2013-10-24 04:00:00
2013,11,06,06,주간,수,서울,광진구,차대차,127.07662338,37.52880297,2013-11-06 06:00:00
2013,11,04,12,주간,월,서울,강서구,차대사람,126.81647647,37.56457494,2013-11-04 12:00:00
2013,12,05,07,주간,목,서울,관악구,차대사람,126.95217432,37.48225905,2013-12-05 07:00:00
2013,05,08,19,야간,수,서울,마포구,차대사람,126.95507313,37.55027958,2013-05-08 19:00:00
2013,05,08,07,주간,수,서울,금천구,차대사람,126.89789302,37.47877254,2013-05-08 07:00:00
2012,12,07,10,주간,금,서울,강서구,차대사람,126.83612363,37.53375296,2012-12-07 10:00:00
2012,12,11,00,야간,화,서울,은평구,차대사람,126.89660898,37.58151528,2012-12-11 00:00:00
2012,11,03,05,야간,토,서울,서초구,차량단독,127.01631436,37.50375704,2012-11-03 05:00:00
2012,12,14,16,주간,금,서울,동대문구,차대사람,127.03061818,37.57550834,2012-12-14 16:00:00
2012,11,28,09,주간,수,서울,강서구,차대사람,126.85145186,37.55299171,2012-11-28 09:00:00
2012,11,28,20,야간,수,서울,노원구,차대사람,127.05508985,37.6289807,2012-11-28 20:00:00
2012,11,08,07,주간,목,서울,동대문구,차대차,127.07690368,37.57333079,2012-11-08 07:00:00
2012,09,23,08,주간,일,서울,동대문구,차대사람,127.04616836,37.58090512,2012-09-23 08:00:00
2012,01,06,01,야간,금,서울,종로구,차대사람,127.01723415,37.57346239,2012-01-06 01:00:00
2013,02,13,21,야간,수,서울,강서구,차대사람,126.81212634,37.56110656,2013-02-13 21:00:00
2013,02,21,23,야간,목,서울,마포구,차대사람,126.93159773,37.54823101,2013-02-21 23:00:00
2013,04,24,19,야간,수,서울,서초구,차대차,126.99067987,37.50665983,2013-04-24 19:00:00
2013,05,05,00,야간,일,서울,동대문구,차대차,127.05966435,37.58930271,2013-05-05 00:00:00
2012,08,05,16,주간,일,서울,도봉구,차대차,127.04403336,37.67275245,2012-08-05 16:00:00
2012,08,21,23,야간,화,서울,영등포구,차대사람,126.92014209,37.49987191,2012-08-21 23:00:00
2012,09,14,19,야간,금,서울,서초구,차대사람,127.07999561,37.4602034,2012-09-14 19:00:00
2012,08,17,05,야간,금,서울,노원구,차대사람,127.06827473,37.63600605,2012-08-17 05:00:00
2013,04,23,21,야간,화,서울,용산구,차대차,126.95705266,37.53333431,2013-04-23 21:00:00
2013,05,07,09,주간,화,서울,마포구,차대사람,126.89606572,37.57586109,2013-05-07 09:00:00
2012,08,06,14,주간,월,서울,도봉구,차대사람,127.04771022,37.65172945,2012-08-06 14:00:00
2012,12,23,02,야간,일,서울,구로구,차대사람,126.88996547,37.47950254,2012-12-23 02:00:00
2013,10,26,18,야간,토,서울,노원구,차량단독,127.06364409,37.66615676,2013-10-26 18:00:00
2012,07,15,01,야간,일,서울,강서구,차대차,126.84261755,37.54310018,2012-07-15 01:00:00
2012,12,29,11,주간,토,서울,관악구,차대사람,126.92603617,37.48363122,2012-12-29 11:00:00
2012,12,10,15,주간,월,서울,중랑구,차대사람,127.08744644,37.57955136,2012-12-10 15:00:00
2012,12,16,00,야간,일,서울,영등포구,차대사람,126.90535675,37.52539681,2012-12-16 00:00:00
2012,12,12,07,주간,수,서울,종로구,차대차,127.00707959,37.57121213,2012-12-12 07:00:00
2013,10,30,20,야간,수,서울,강남구,차량단독,127.02959662,37.51642968,2013-10-30 20:00:00
2013,11,05,04,야간,화,서울,중랑구,차대사람,127.09520292,37.5986417,2013-11-05 04:00:00
2013,11,24,12,주간,일,서울,강서구,차대사람,126.84110253,37.56860875,2013-11-24 12:00:00
2013,11,22,08,주간,금,서울,서초구,차대사람,127.04296461,37.46565445,2013-11-22 08:00:00
2013,11,22,12,주간,금,서울,강남구,차대사람,127.02185215,37.51002599,2013-11-22 12:00:00
2013,12,06,05,야간,금,서울,영등포구,차대차,126.90491435,37.53549871,2013-12-06 05:00:00
2012,12,13,23,야간,목,서울,강남구,차대사람,127.01993271,37.51468724,2012-12-13 23:00:00
2012,08,21,16,주간,화,서울,동대문구,차대차,127.03664911,37.57817312,2012-08-21 16:00:00
2012,08,25,00,야간,토,서울,광진구,차대차,127.07408291,37.53371524,2012-08-25 00:00:00
2012,08,29,23,야간,수,서울,노원구,차대사람,127.07468886,37.62025589,2012-08-29 23:00:00
2012,11,28,04,야간,수,서울,종로구,차대사람,126.98024858,37.57017767,2012-11-28 04:00:00
2012,10,29,04,야간,월,서울,성북구,차대사람,127.00878098,37.58802932,2012-10-29 04:00:00
2012,10,15,15,주간,월,서울,은평구,차대사람,126.92766072,37.61299149,2012-10-15 15:00:00
2012,12,14,10,주간,금,서울,양천구,차대사람,126.86390036,37.54025132,2012-12-14 10:00:00
2012,09,07,17,주간,금,서울,강남구,차대사람,127.03546597,37.52613347,2012-09-07 17:00:00
2012,11,11,06,주간,일,서울,관악구,차량단독,126.96686843,37.47567424,2012-11-11 06:00:00
2013,05,11,04,야간,토,서울,양천구,차량단독,126.8751451,37.51799398,2013-05-11 04:00:00
2012,02,03,06,주간,금,서울,영등포구,차량단독,126.89774941,37.48764566,2012-02-03 06:00:00
2012,02,09,05,야간,목,서울,성북구,차대사람,127.02203735,37.58029612,2012-02-09 05:00:00
2013,05,16,06,주간,목,서울,양천구,차대차,126.8521999,37.52149378,2013-05-16 06:00:00
2013,04,19,12,주간,금,서울,서대문구,차대사람,126.96065798,37.5717663,2013-04-19 12:00:00
2013,04,25,08,주간,목,서울,노원구,차대사람,127.0455702,37.62898048,2013-04-25 08:00:00
2013,05,22,15,주간,수,서울,용산구,차량단독,126.98457118,37.51966692,2013-05-22 15:00:00
2013,05,14,09,주간,화,서울,금천구,차대사람,126.89899832,37.45881759,2013-05-14 09:00:00
2013,05,14,23,야간,화,서울,관악구,차대차,126.95232439,37.47719411,2013-05-14 23:00:00
2012,10,30,10,주간,화,서울,성북구,차대사람,127.00364249,37.60962202,2012-10-30 10:00:00
2012,12,26,05,야간,수,서울,용산구,차량단독,127.0035671,37.54079489,2012-12-26 05:00:00
2012,12,01,05,야간,토,서울,강남구,차대차,127.06924181,37.5036284,2012-12-01 05:00:00
2012,10,17,04,야간,수,서울,광진구,차대사람,127.07219669,37.55679207,2012-10-17 04:00:00
2012,09,28,23,야간,금,서울,금천구,차대차,126.90165853,37.45134078,2012-09-28 23:00:00
2012,11,26,00,야간,월,서울,강남구,차량단독,127.08686835,37.49346993,2012-11-26 00:00:00
2012,11,26,08,주간,월,서울,성북구,차대사람,127.02404176,37.60345074,2012-11-26 08:00:00
2012,10,26,07,주간,금,서울,은평구,차량단독,126.92956591,37.64983828,2012-10-26 07:00:00
2012,07,08,09,주간,일,서울,강동구,차대사람,127.14294204,37.53427701,2012-07-08 09:00:00
2012,08,10,09,주간,금,서울,동대문구,차대차,127.03176841,37.57809978,2012-08-10 09:00:00
2012,10,15,15,주간,월,서울,동작구,차대사람,126.95564527,37.51362427,2012-10-15 15:00:00
2012,10,16,08,주간,화,서울,서초구,차대사람,126.99353708,37.487347,2012-10-16 08:00:00
2012,06,23,01,야간,토,서울,구로구,차대사람,126.87237559,37.49872643,2012-06-23 01:00:00
2012,08,24,03,야간,금,서울,서대문구,차대차,126.94445382,37.5884291,2012-08-24 03:00:00
2012,08,30,00,야간,목,서울,송파구,차대사람,127.10836108,37.49580556,2012-08-30 00:00:00
2012,09,10,17,주간,월,서울,서초구,차량단독,127.00614586,37.47928813,2012-09-10 17:00:00
2012,09,19,07,주간,수,서울,강남구,차대사람,127.05966964,37.50757711,2012-09-19 07:00:00
2012,08,05,04,야간,일,서울,강동구,차대차,127.15248635,37.5385689,2012-08-05 04:00:00
2012,08,24,22,야간,금,서울,강남구,차대사람,127.07390801,37.48883597,2012-08-24 22:00:00
2013,12,22,22,야간,일,서울,강북구,차대사람,127.03218928,37.61001535,2013-12-22 22:00:00
2013,12,22,06,주간,일,서울,강북구,차대사람,127.03935568,37.62872293,2013-12-22 06:00:00
2012,09,04,21,야간,화,서울,광진구,차대차,127.08243589,37.55605357,2012-09-04 21:00:00
2012,09,08,02,야간,토,서울,강서구,차량단독,126.80337113,37.59180886,2012-09-08 02:00:00
2013,12,26,09,주간,목,서울,강서구,차대사람,126.84435505,37.557973,2013-12-26 09:00:00
2013,12,17,06,주간,화,서울,구로구,차대사람,126.88527103,37.48649075,2013-12-17 06:00:00
2012,06,23,12,주간,토,서울,마포구,차대차,126.94582246,37.55659103,2012-06-23 12:00:00
2013,11,13,00,야간,수,서울,광진구,차대사람,127.10944685,37.54578945,2013-11-13 00:00:00
2013,11,01,18,야간,금,서울,영등포구,차대차,126.89798781,37.48753872,2013-11-01 18:00:00
2013,11,23,02,야간,토,서울,동작구,차대사람,126.93858446,37.51339839,2013-11-23 02:00:00
2013,12,09,11,주간,월,서울,서대문구,차량단독,126.94851807,37.56874478,2013-12-09 11:00:00
2014,02,25,23,야간,화,서울,마포구,차대사람,126.92935115,37.55038341,2014-02-25 23:00:00
2014,03,20,00,야간,목,서울,강북구,차대사람,127.0416618,37.63058777,2014-03-20 00:00:00
2013,12,27,22,야간,금,서울,노원구,차대차,127.05534698,37.68470224,2013-12-27 22:00:00
2013,12,11,05,야간,수,서울,동작구,차량단독,126.93898625,37.50492036,2013-12-11 05:00:00
2014,03,20,22,야간,목,서울,강남구,차대사람,127.03695551,37.51035657,2014-03-20 22:00:00
2013,11,06,05,야간,수,서울,양천구,차대차,126.8755814,37.51316505,2013-11-06 05:00:00
2014,03,15,13,주간,토,서울,강남구,차대사람,127.04362711,37.51104954,2014-03-15 13:00:00
2013,10,27,02,야간,일,서울,강남구,차대사람,127.01740643,37.51865192,2013-10-27 02:00:00
2013,12,06,21,야간,금,서울,중구,차대사람,127.0004096,37.56444201,2013-12-06 21:00:00
2013,12,31,06,주간,화,서울,광진구,차대차,127.10744471,37.53037865,2013-12-31 06:00:00
2013,12,26,11,주간,목,서울,관악구,차대차,126.97990261,37.47652553,2013-12-26 11:00:00
2013,12,25,23,야간,수,서울,은평구,차대차,126.94148895,37.61079539,2013-12-25 23:00:00
2013,12,09,02,야간,월,서울,강남구,차대차,127.02757414,37.53388987,2013-12-09 02:00:00
2014,03,21,08,주간,금,서울,영등포구,차대사람,126.90518705,37.49972545,2014-03-21 08:00:00
2014,03,08,06,주간,토,서울,강서구,차대사람,126.81150173,37.56131023,2014-03-08 06:00:00
2012,09,24,14,주간,월,서울,마포구,차대차,126.8783744,37.56792758,2012-09-24 14:00:00
2012,10,10,18,야간,수,서울,구로구,차대차,126.85953903,37.49695398,2012-10-10 18:00:00
2012,07,26,16,주간,목,서울,종로구,차대사람,126.96412781,37.5932431,2012-07-26 16:00:00
2012,06,24,23,야간,일,서울,강남구,차대사람,127.06596672,37.48891522,2012-06-24 23:00:00
2014,02,25,20,야간,화,서울,광진구,차량단독,127.08316178,37.55988688,2014-02-25 20:00:00
2012,09,30,11,주간,일,서울,관악구,차대사람,126.91975325,37.46531197,2012-09-30 11:00:00
2012,10,28,21,야간,일,서울,강동구,차량단독,127.18426531,37.56671732,2012-10-28 21:00:00
2012,10,09,03,야간,화,서울,강서구,차대사람,126.85053079,37.54954352,2012-10-09 03:00:00
2012,10,12,16,주간,금,서울,동작구,차대사람,126.98197811,37.48059978,2012-10-12 16:00:00
2012,10,13,05,야간,토,서울,동대문구,차대사람,127.03996179,37.57356216,2012-10-13 05:00:00
2012,09,26,20,야간,수,서울,마포구,차대차,126.88839709,37.57607398,2012-09-26 20:00:00
2012,11,27,20,야간,화,서울,송파구,차대사람,127.14311346,37.49353606,2012-11-27 20:00:00
2012,09,27,19,야간,목,서울,용산구,차대차,126.96176036,37.52241345,2012-09-27 19:00:00
2012,11,06,22,야간,화,서울,강북구,차대사람,127.02893653,37.64106528,2012-11-06 22:00:00
2012,09,17,21,야간,월,서울,성북구,차대차,127.03364243,37.60083912,2012-09-17 21:00:00
2012,07,19,06,주간,목,서울,관악구,차량단독,126.94447204,37.48680199,2012-07-19 06:00:00
2012,09,19,21,야간,수,서울,중구,차대차,126.99573474,37.56420581,2012-09-19 21:00:00
2012,08,27,03,야간,월,서울,강동구,차대사람,127.12474618,37.54242293,2012-08-27 03:00:00
2012,09,04,14,주간,화,서울,마포구,차대사람,126.95465846,37.55747042,2012-09-04 14:00:00
2012,09,26,16,주간,수,서울,도봉구,차대사람,127.04913432,37.65243795,2012-09-26 16:00:00
2012,08,08,13,주간,수,서울,도봉구,차대차,127.04526469,37.67723683,2012-08-08 13:00:00
2012,08,16,14,주간,목,서울,영등포구,차대차,126.90156141,37.50607069,2012-08-16 14:00:00
2012,09,05,21,야간,수,서울,동대문구,차대사람,127.06124765,37.58972323,2012-09-05 21:00:00
2012,09,06,17,주간,목,서울,도봉구,차대사람,127.04694871,37.67444016,2012-09-06 17:00:00
2012,09,07,04,야간,금,서울,마포구,차대차,126.87880599,37.57049867,2012-09-07 04:00:00
2012,09,17,02,야간,월,서울,마포구,차대차,126.91233907,37.56582113,2012-09-17 02:00:00
2013,10,01,07,주간,화,서울,영등포구,차대사람,126.93529506,37.52481366,2013-10-01 07:00:00
2013,09,17,10,주간,화,서울,성북구,차대사람,127.03278598,37.60192636,2013-09-17 10:00:00
2013,09,17,06,주간,화,서울,서대문구,차대사람,126.9414082,37.59129091,2013-09-17 06:00:00
2012,07,20,22,야간,금,서울,강남구,차대사람,127.02674847,37.49975221,2012-07-20 22:00:00
2012,09,02,08,주간,일,서울,관악구,차대사람,126.93572036,37.48485865,2012-09-02 08:00:00
2013,12,23,13,주간,월,서울,광진구,차대차,127.08787823,37.55874069,2013-12-23 13:00:00
2012,09,08,04,야간,토,서울,영등포구,차대사람,126.91709568,37.51627957,2012-09-08 04:00:00
2012,09,13,05,야간,목,서울,도봉구,차대사람,127.04645572,37.66414504,2012-09-13 05:00:00
2013,10,29,10,주간,화,서울,성동구,차량단독,127.03642872,37.54795001,2013-10-29 10:00:00
2013,11,06,02,야간,수,서울,강동구,차량단독,127.13752499,37.53099759,2013-11-06 02:00:00
2012,09,24,12,주간,월,서울,마포구,차대사람,126.90652209,37.57112799,2012-09-24 12:00:00
2013,11,02,04,야간,토,서울,중랑구,차대사람,127.07985216,37.58670831,2013-11-02 04:00:00
2012,06,28,03,야간,목,서울,강동구,차대차,127.12962938,37.53696712,2012-06-28 03:00:00
2012,07,23,23,야간,월,서울,금천구,차대사람,126.88231629,37.48267162,2012-07-23 23:00:00
2012,07,21,22,야간,토,서울,동대문구,차대차,127.04301796,37.58676975,2012-07-21 22:00:00
2013,03,06,04,야간,수,서울,마포구,차대사람,126.88107136,37.57727064,2013-03-06 04:00:00
2013,12,23,13,주간,월,서울,중구,차대사람,126.97861318,37.56111192,2013-12-23 13:00:00
2013,12,11,00,야간,수,서울,마포구,차대사람,126.95168357,37.55708709,2013-12-11 00:00:00
2014,02,25,20,야간,화,서울,서대문구,차대사람,126.96099958,37.57150647,2014-02-25 20:00:00
2014,03,07,19,야간,금,서울,관악구,차대사람,126.95852695,37.47810603,2014-03-07 19:00:00
2013,11,03,20,야간,일,서울,동작구,차대사람,126.96733998,37.50674617,2013-11-03 20:00:00
2013,11,15,16,주간,금,서울,은평구,차대사람,126.93893067,37.61048581,2013-11-15 16:00:00
2013,11,12,03,야간,화,서울,강남구,차대사람,127.09234425,37.46419463,2013-11-12 03:00:00
2013,03,16,02,야간,토,서울,은평구,차대차,126.91165588,37.61378708,2013-03-16 02:00:00
2013,03,31,06,주간,일,서울,강동구,차대차,127.13204701,37.55633577,2013-03-31 06:00:00
2013,04,20,23,야간,토,서울,강남구,차대차,127.02812471,37.5275249,2013-04-20 23:00:00
2013,12,06,20,야간,금,서울,중랑구,차대사람,127.0932938,37.61638261,2013-12-06 20:00:00
2014,03,07,06,주간,금,서울,영등포구,차대차,126.93128885,37.51884551,2014-03-07 06:00:00
2014,03,15,22,야간,토,서울,은평구,차대차,126.91780539,37.6141691,2014-03-15 22:00:00
2013,12,20,20,야간,금,서울,광진구,차대차,127.10733167,37.53035124,2013-12-20 20:00:00
2012,06,25,11,주간,월,서울,서초구,차대사람,127.0464184,37.4629907,2012-06-25 11:00:00
2012,07,05,21,야간,목,서울,영등포구,차량단독,126.89143783,37.53917963,2012-07-05 21:00:00
2012,07,15,06,주간,일,서울,은평구,차대사람,126.90161926,37.57814272,2012-07-15 06:00:00
2013,12,31,05,야간,화,서울,강남구,차대사람,127.10023322,37.48830604,2013-12-31 05:00:00
2012,11,29,09,주간,금,서울,동대문구,차대차,127.06792057,37.59732816,2012-11-29 09:00:00
2013,08,03,20,야간,토,서울,종로구,차대사람,126.98940885,37.57029877,2013-08-03 20:00:00
2013,07,30,21,야간,화,서울,중랑구,차량단독,127.07382162,37.60145975,2013-07-30 21:00:00
2013,07,30,15,주간,화,서울,용산구,차대차,126.98281458,37.53479296,2013-07-30 15:00:00
2013,08,15,06,주간,목,서울,강북구,차대차,127.02994902,37.61708468,2013-08-15 06:00:00
2013,07,18,16,주간,목,서울,강서구,차대사람,126.8448732,37.54146326,2013-07-18 16:00:00
2013,10,03,05,야간,목,서울,강남구,차대사람,127.04330584,37.48168561,2013-10-03 05:00:00
2012,09,22,13,주간,토,서울,강북구,차량단독,127.02916714,37.62787061,2012-09-22 13:00:00
2012,09,02,11,주간,일,서울,서대문구,차대사람,126.95682706,37.5753451,2012-09-02 11:00:00
2012,07,18,21,야간,수,서울,동대문구,차대차,127.03827014,37.57792709,2012-07-18 21:00:00
2012,07,24,19,야간,화,서울,성북구,차대사람,127.02340569,37.58061712,2012-07-24 19:00:00
2012,06,11,19,야간,월,서울,서대문구,차대차,126.97299422,37.60651471,2012-06-11 19:00:00
2012,09,03,05,야간,월,서울,서초구,차대사람,127.02560244,37.48776854,2012-09-03 05:00:00
2013,10,13,11,주간,일,서울,광진구,차대차,127.0640511,37.5421153,2013-10-13 11:00:00
2012,07,29,01,야간,일,서울,마포구,차대사람,126.96055179,37.55822759,2012-07-29 01:00:00
2012,08,31,08,주간,금,서울,마포구,차대사람,126.95637883,37.55755047,2012-08-31 08:00:00
2012,09,04,09,주간,화,서울,영등포구,차량단독,126.91188616,37.51826376,2012-09-04 09:00:00
2012,09,08,02,야간,토,서울,용산구,차대사람,126.97029419,37.54627475,2012-09-08 02:00:00
2012,09,22,02,야간,토,서울,광진구,차대사람,127.07768127,37.55394552,2012-09-22 02:00:00
2012,08,11,06,주간,토,서울,관악구,차량단독,126.91763284,37.4893768,2012-08-11 06:00:00
2014,02,27,15,주간,목,서울,강동구,차대차,127.13715772,37.56707769,2014-02-27 15:00:00
2014,03,03,21,야간,월,서울,영등포구,차대사람,126.91154325,37.49563809,2014-03-03 21:00:00
2013,11,10,14,주간,일,서울,영등포구,차대사람,126.89917688,37.48877963,2013-11-10 14:00:00
2014,03,22,09,주간,토,서울,노원구,차대차,127.06306362,37.62008722,2014-03-22 09:00:00
2014,03,19,23,야간,수,서울,송파구,차대차,127.10636924,37.51534944,2014-03-19 23:00:00
2013,12,19,13,주간,목,서울,동작구,차대차,126.94149006,37.51357621,2013-12-19 13:00:00
2013,12,24,11,주간,화,서울,도봉구,차대차,127.03745041,37.66275807,2013-12-24 11:00:00
2013,12,08,18,야간,일,서울,송파구,차대차,127.1427178,37.50060154,2013-12-08 18:00:00
2014,02,18,15,주간,화,서울,영등포구,차대사람,126.9303288,37.52009377,2014-02-18 15:00:00
2014,02,27,14,주간,목,서울,노원구,차대사람,127.08078627,37.67050027,2014-02-27 14:00:00
2012,06,30,00,야간,토,서울,중구,차대사람,126.97723479,37.56392705,2012-06-30 00:00:00
2012,07,01,22,야간,일,서울,강서구,차대사람,126.83723482,37.55526527,2012-07-01 22:00:00
2012,07,02,12,주간,월,서울,금천구,차량단독,126.9191946,37.45420446,2012-07-02 12:00:00
2012,07,06,02,야간,금,서울,서초구,차량단독,127.07759472,37.44880156,2012-07-06 02:00:00
2012,07,17,09,주간,화,서울,금천구,차대사람,126.90181098,37.46626808,2012-07-17 09:00:00
2012,07,22,12,주간,일,서울,강남구,차량단독,127.09551543,37.4653773,2012-07-22 12:00:00
2012,07,20,00,야간,금,서울,강서구,차대사람,126.84471757,37.53337732,2012-07-20 00:00:00
2013,03,14,06,주간,목,서울,금천구,차대사람,126.89942021,37.45696293,2013-03-14 06:00:00
2013,12,16,01,야간,월,서울,강북구,차대사람,127.0280725,37.62158119,2013-12-16 01:00:00
2014,03,01,03,야간,토,서울,영등포구,차대차,126.91463627,37.5195294,2014-03-01 03:00:00
2013,12,08,00,야간,일,서울,동작구,차대사람,126.9509057,37.49950514,2013-12-08 00:00:00
2014,03,06,19,야간,목,서울,강남구,차대차,127.0210381,37.51187679,2014-03-06 19:00:00
2014,03,06,13,주간,목,서울,송파구,차대차,127.12235869,37.53549291,2014-03-06 13:00:00
2012,09,29,17,주간,토,서울,중구,차대사람,127.01096576,37.55531949,2012-09-29 17:00:00
2012,11,06,03,야간,화,서울,은평구,차량단독,126.91828086,37.61567668,2012-11-06 03:00:00
2012,11,06,01,야간,화,서울,은평구,차량단독,126.91994515,37.62605925,2012-11-06 01:00:00
2012,09,22,13,주간,토,서울,도봉구,차대사람,127.02270962,37.65056738,2012-09-22 13:00:00
2013,11,01,20,야간,금,서울,성북구,차대사람,127.00911215,37.59624194,2013-11-01 20:00:00
2013,11,19,20,야간,화,서울,중구,차대차,126.97809109,37.56080406,2013-11-19 20:00:00
2013,11,25,20,야간,월,서울,동작구,차대사람,126.92719526,37.49477761,2013-11-25 20:00:00
2013,12,30,21,야간,월,서울,강북구,차대사람,127.01096317,37.64225402,2013-12-30 21:00:00
2013,03,29,04,야간,금,서울,강남구,차대사람,127.10026682,37.48836925,2013-03-29 04:00:00
2013,03,05,10,주간,화,서울,마포구,차대사람,126.92298431,37.5450886,2013-03-05 10:00:00
2013,12,07,03,야간,토,서울,서대문구,차대사람,126.94175282,37.59095003,2013-12-07 03:00:00
2012,09,28,04,야간,금,서울,강동구,차대사람,127.1693909,37.54515227,2012-09-28 04:00:00
2012,10,04,08,주간,목,서울,광진구,차대차,127.08164297,37.53181336,2012-10-04 08:00:00
2012,10,08,09,주간,월,서울,종로구,차대사람,126.99899943,37.59239578,2012-10-08 09:00:00
2012,10,18,13,주간,목,서울,강서구,차량단독,126.85257464,37.55276353,2012-10-18 13:00:00
2012,06,21,04,야간,목,서울,구로구,차대사람,126.84717941,37.49764346,2012-06-21 04:00:00
2012,10,24,22,야간,수,서울,강서구,차대차,126.77941768,37.55501669,2012-10-24 22:00:00
2012,10,23,19,야간,화,서울,영등포구,차대차,126.92622654,37.52675292,2012-10-23 19:00:00
2012,10,21,08,주간,일,서울,노원구,차대차,127.0704411,37.62391797,2012-10-21 08:00:00
2012,10,01,23,야간,월,서울,동작구,차량단독,126.93735843,37.50473235,2012-10-01 23:00:00
2012,11,10,18,야간,토,서울,영등포구,차대사람,126.90525389,37.52409835,2012-11-10 18:00:00
2013,08,16,17,주간,금,서울,송파구,차대차,127.10458413,37.51846939,2013-08-16 17:00:00
2013,09,23,08,주간,월,서울,종로구,차대사람,127.01904643,37.57340669,2013-09-23 08:00:00
2012,11,24,02,야간,토,서울,구로구,차대사람,126.87131971,37.49647645,2012-11-24 02:00:00
2012,11,24,21,야간,토,서울,성북구,차대사람,127.0517953,37.61521377,2012-11-24 21:00:00
2012,08,09,11,주간,목,서울,강북구,차대사람,127.03844494,37.63030483,2012-08-09 11:00:00
2012,08,08,23,야간,수,서울,마포구,차대차,126.9407667,37.53620573,2012-08-08 23:00:00
2012,08,21,03,야간,화,서울,영등포구,차대사람,126.89141512,37.5336182,2012-08-21 03:00:00
2012,08,17,21,야간,금,서울,광진구,차대차,127.08971664,37.55177964,2012-08-17 21:00:00
2012,08,29,02,야간,수,서울,강남구,차대차,127.05723565,37.52504533,2012-08-29 02:00:00
2012,08,28,21,야간,화,서울,동작구,차대사람,126.94965163,37.50081528,2012-08-28 21:00:00
2012,06,28,15,주간,목,서울,노원구,차대사람,127.08011436,37.66900167,2012-06-28 15:00:00
2012,07,01,07,주간,일,서울,용산구,차량단독,126.95707336,37.52267142,2012-07-01 07:00:00
2013,11,20,02,야간,수,서울,노원구,차량단독,127.0520705,37.680733,2013-11-20 02:00:00
2012,08,22,03,야간,수,서울,노원구,차대사람,127.06465059,37.63359517,2012-08-22 03:00:00
2012,09,06,05,야간,목,서울,구로구,차대사람,126.88126019,37.49003918,2012-09-06 05:00:00
2012,09,21,09,주간,금,서울,마포구,차대차,126.87680378,37.56888373,2012-09-21 09:00:00
2012,09,20,22,야간,목,서울,마포구,차량단독,126.89578758,37.55982477,2012-09-20 22:00:00
2012,09,20,15,주간,목,서울,은평구,차대사람,126.9204458,37.61995967,2012-09-20 15:00:00
2013,09,16,09,주간,월,서울,영등포구,차대사람,126.91277974,37.50531577,2013-09-16 09:00:00
2012,06,17,22,야간,일,서울,성동구,차대사람,127.03132347,37.56416317,2012-06-17 22:00:00
2012,06,27,03,야간,수,서울,관악구,차량단독,126.93348257,37.47263453,2012-06-27 03:00:00
2012,09,06,11,주간,목,서울,관악구,차대사람,126.95896985,37.47785568,2012-09-06 11:00:00
2012,09,25,20,야간,화,서울,은평구,차대사람,126.92903659,37.64938506,2012-09-25 20:00:00
2014,03,15,14,주간,토,서울,성동구,차대차,127.01994161,37.53802334,2014-03-15 14:00:00
2013,12,30,02,야간,월,서울,양천구,차대차,126.8489755,37.52791167,2013-12-30 02:00:00
2013,11,09,04,야간,토,서울,강남구,차대차,127.0584179,37.47612396,2013-11-09 04:00:00
2013,11,07,23,야간,목,서울,은평구,차대사람,126.89640447,37.58159535,2013-11-07 23:00:00
2013,11,08,13,주간,금,서울,서대문구,차대사람,126.95788224,37.57429087,2013-11-08 13:00:00
2013,12,11,16,주간,수,서울,관악구,차대차,126.94200324,37.47502763,2013-12-11 16:00:00
2014,03,07,06,주간,금,서울,마포구,차대차,126.93432037,37.54747794,2014-03-07 06:00:00
2013,12,20,21,야간,금,서울,구로구,차대차,126.84321232,37.49334004,2013-12-20 21:00:00
2013,12,21,04,야간,토,서울,용산구,차대차,126.98090222,37.53472148,2013-12-21 04:00:00
2013,11,30,02,야간,토,서울,동작구,차대사람,126.94797696,37.50300407,2013-11-30 02:00:00
2013,11,03,09,주간,일,서울,서초구,차대사람,126.9921162,37.49004498,2013-11-03 09:00:00
2013,11,06,21,야간,수,서울,서초구,차대사람,126.99361963,37.48014549,2013-11-06 21:00:00
2013,11,30,00,야간,토,서울,마포구,차대차,126.8597046,37.56760246,2013-11-30 00:00:00
2013,12,06,02,야간,금,서울,금천구,차량단독,126.89866643,37.47625719,2013-12-06 02:00:00
2013,12,10,06,주간,화,서울,서초구,차대사람,126.98681094,37.49136598,2013-12-10 06:00:00
2014,03,01,02,야간,토,서울,강서구,차대차,126.8719536,37.55717662,2014-03-01 02:00:00
2013,12,23,01,야간,월,서울,도봉구,차대사람,127.0364841,37.65587709,2013-12-23 01:00:00
2014,02,17,01,야간,월,서울,중구,차대차,126.987671,37.56610899,2014-02-17 01:00:00
2014,02,20,14,주간,목,서울,송파구,차대차,127.07556698,37.51150213,2014-02-20 14:00:00
2013,12,25,04,야간,수,서울,중구,차대차,126.98293205,37.56858506,2013-12-25 04:00:00
2013,11,02,00,야간,토,서울,노원구,차대차,127.07257488,37.64134231,2013-11-02 00:00:00
2013,11,14,01,야간,목,서울,중구,차대사람,126.97251632,37.55527836,2013-11-14 01:00:00
2013,11,21,03,야간,목,서울,영등포구,차대차,126.92017215,37.53108589,2013-11-21 03:00:00
2013,11,21,15,주간,목,서울,노원구,차대사람,127.06342191,37.64078061,2013-11-21 15:00:00
2013,12,06,07,주간,금,서울,종로구,차대사람,127.00202913,37.57969964,2013-12-06 07:00:00
2013,12,08,06,주간,일,서울,강남구,차대차,127.02110763,37.51675611,2013-12-08 06:00:00
2013,12,24,02,야간,화,서울,구로구,차대차,126.8846889,37.48809664,2013-12-24 02:00:00
2013,12,27,23,야간,금,서울,영등포구,차대사람,126.91041769,37.51073917,2013-12-27 23:00:00
2014,03,14,18,야간,금,서울,송파구,차대차,127.11982957,37.48070913,2014-03-14 18:00:00
2012,10,24,08,주간,수,서울,관악구,차대사람,126.91265491,37.486585,2012-10-24 08:00:00
2012,10,28,04,야간,일,서울,마포구,차대차,126.95631241,37.55734285,2012-10-28 04:00:00
2012,07,18,11,주간,수,서울,강동구,차대사람,127.15466753,37.54913017,2012-07-18 11:00:00
2013,10,06,18,야간,일,서울,영등포구,차대사람,126.8980287,37.49090098,2013-10-06 18:00:00
2013,09,18,07,주간,수,서울,도봉구,차대사람,127.04133545,37.65233578,2013-09-18 07:00:00
2013,03,12,13,주간,화,서울,서대문구,차대사람,126.91859087,37.57438781,2013-03-12 13:00:00
2013,03,03,11,주간,일,서울,관악구,차대사람,126.94482046,37.49168898,2013-03-03 11:00:00
2013,03,20,17,주간,수,서울,구로구,차대사람,126.85823449,37.49340458,2013-03-20 17:00:00
2013,03,26,01,야간,화,서울,송파구,차대사람,127.12319199,37.48457774,2013-03-26 01:00:00
2013,08,05,20,야간,월,서울,송파구,차대사람,127.11355555,37.49104544,2013-08-05 20:00:00
2013,08,28,19,야간,수,서울,금천구,차대사람,126.90435322,37.47636802,2013-08-28 19:00:00
2013,08,11,01,야간,일,서울,용산구,차대차,126.99249466,37.52003384,2013-08-11 01:00:00
2013,07,09,10,주간,화,서울,송파구,차대차,127.08966311,37.49956386,2013-07-09 10:00:00
2013,09,11,19,야간,수,서울,영등포구,차대차,126.89709795,37.5278697,2013-09-11 19:00:00
2013,09,18,18,야간,수,서울,관악구,차대사람,126.91789933,37.47398294,2013-09-18 18:00:00
2012,09,18,00,야간,화,서울,서초구,차대사람,126.9885322,37.4582385,2012-09-18 00:00:00
2012,06,15,21,야간,금,서울,송파구,차대차,127.11889601,37.51530039,2012-06-15 21:00:00
2013,08,23,03,야간,금,서울,강서구,차대사람,126.81586004,37.57341441,2013-08-23 03:00:00
2013,07,25,14,주간,목,서울,성북구,차대사람,127.0379254,37.60255049,2013-07-25 14:00:00
2013,08,06,02,야간,화,서울,영등포구,차대차,126.90576128,37.5300408,2013-08-06 02:00:00
2013,06,20,21,야간,목,서울,용산구,차량단독,126.98974218,37.51642647,2013-06-20 21:00:00
2013,10,18,18,야간,금,서울,관악구,차대사람,126.91327377,37.4870027,2013-10-18 18:00:00
2013,10,19,06,주간,토,서울,영등포구,차대사람,126.89609898,37.52403386,2013-10-19 06:00:00
2013,10,18,18,야간,금,서울,동작구,차대사람,126.96018909,37.49388741,2013-10-18 18:00:00
2013,10,10,21,야간,목,서울,동대문구,차대차,127.03831824,37.5866433,2013-10-10 21:00:00
2013,10,12,02,야간,토,서울,동작구,차대사람,126.96468077,37.50805914,2013-10-12 02:00:00
2013,10,11,00,야간,금,서울,구로구,차대사람,126.83671846,37.48829224,2013-10-11 00:00:00
2013,09,04,05,야간,수,서울,강북구,차대사람,127.02810071,37.61711696,2013-09-04 05:00:00
2012,08,22,10,주간,수,서울,용산구,차대사람,126.97488018,37.54932377,2012-08-22 10:00:00
2012,08,29,21,야간,수,서울,노원구,차대사람,127.05406961,37.67073578,2012-08-29 21:00:00
2012,09,18,16,주간,화,서울,송파구,차대사람,127.10160565,37.51741561,2012-09-18 16:00:00
2012,09,20,16,주간,목,서울,종로구,차대차,126.96382852,37.59390873,2012-09-20 16:00:00
2013,03,11,09,주간,월,서울,중랑구,차대차,127.08953407,37.59743235,2013-03-11 09:00:00
2013,03,12,11,주간,화,서울,강서구,차대사람,126.83843821,37.55873317,2013-03-12 11:00:00
2013,03,17,06,주간,일,서울,서대문구,차대사람,126.96866026,37.56323439,2013-03-17 06:00:00
2013,02,27,23,야간,수,서울,강남구,차대사람,127.02345832,37.50655325,2013-02-27 23:00:00
2013,02,28,04,야간,목,서울,강동구,차대사람,127.12073,37.53078261,2013-02-28 04:00:00
2013,08,08,09,주간,목,서울,관악구,차대사람,126.93786857,37.48497705,2013-08-08 09:00:00
2013,06,17,03,야간,월,서울,중구,차대사람,127.00644926,37.5620518,2013-06-17 03:00:00
2013,06,21,12,주간,금,서울,중구,차대사람,126.9725226,37.55470873,2013-06-21 12:00:00
2012,08,02,21,야간,목,서울,강남구,차대사람,127.03008117,37.52036152,2012-08-02 21:00:00
2012,07,30,09,주간,월,서울,광진구,차대사람,127.07899253,37.55632076,2012-07-30 09:00:00
2012,06,20,09,주간,수,서울,서대문구,차대사람,126.93741814,37.58866618,2012-06-20 09:00:00
2013,04,28,17,주간,일,서울,구로구,차대차,126.88061939,37.5142101,2013-04-28 17:00:00
2013,07,09,21,야간,화,서울,구로구,차대사람,126.83530793,37.49811806,2013-07-09 21:00:00
2013,09,23,06,주간,월,서울,구로구,차대사람,126.87423435,37.4996737,2013-09-23 06:00:00
2013,02,20,15,주간,수,서울,영등포구,차대사람,126.91987372,37.52285509,2013-02-20 15:00:00
2013,08,12,12,주간,월,서울,노원구,차대차,127.07525737,37.65774462,2013-08-12 12:00:00
2013,04,15,22,야간,월,서울,강서구,차대사람,126.79968458,37.57906919,2013-04-15 22:00:00
2013,04,22,11,주간,월,서울,광진구,차대사람,127.07437901,37.55927868,2013-04-22 11:00:00
2013,02,21,05,야간,목,서울,마포구,차대차,126.87265636,37.57058333,2013-02-21 05:00:00
2013,09,29,00,야간,일,서울,중구,차대사람,126.99248434,37.55763007,2013-09-29 00:00:00
2013,09,09,09,주간,월,서울,성동구,차대사람,127.05046844,37.54005436,2013-09-09 09:00:00
2013,08,23,15,주간,금,서울,강남구,차대차,127.0535602,37.48090095,2013-08-23 15:00:00
2013,08,16,10,주간,금,서울,중랑구,차대차,127.08768865,37.5992917,2013-08-16 10:00:00
2013,09,14,23,야간,토,서울,서대문구,차대사람,126.94371513,37.58875912,2013-09-14 23:00:00
2013,09,13,01,야간,금,서울,종로구,차대사람,126.99233078,37.56858078,2013-09-13 01:00:00
2013,09,25,05,야간,수,서울,양천구,차량단독,126.83184508,37.51093375,2013-09-25 05:00:00
2013,10,03,05,야간,목,서울,서대문구,차량단독,126.91710232,37.56820357,2013-10-03 05:00:00
2013,11,09,05,야간,토,서울,동대문구,차대사람,127.0620842,37.59966817,2013-11-09 05:00:00
2013,10,26,20,야간,토,서울,동대문구,차대사람,127.04576185,37.58070526,2013-10-26 20:00:00
2013,10,13,05,야간,일,서울,성북구,차대사람,127.0218319,37.59825007,2013-10-13 05:00:00
2013,10,22,03,야간,화,서울,종로구,차대사람,127.00694059,37.57340182,2013-10-22 03:00:00
2013,10,21,02,야간,월,서울,은평구,차량단독,126.9269649,37.60178448,2013-10-21 02:00:00
2013,10,09,11,주간,수,서울,마포구,차대사람,126.94166481,37.54630509,2013-10-09 11:00:00
2013,10,17,12,주간,목,서울,관악구,차대사람,126.92044653,37.47511314,2013-10-17 12:00:00
2012,06,17,14,주간,일,서울,강서구,차대차,126.85760099,37.53169048,2012-06-17 14:00:00
2013,12,30,17,주간,월,서울,마포구,차대사람,126.94850558,37.54893312,2013-12-30 17:00:00
2014,06,27,18,야간,금,서울,동작구,차대사람,126.96263091,37.48938274,2014-06-27 18:00:00
2014,04,15,16,주간,화,서울,성북구,차대사람,127.03940823,37.61377801,2014-04-15 16:00:00
2014,04,27,05,야간,일,서울,서초구,차대사람,126.98259799,37.47271559,2014-04-27 05:00:00
2014,03,27,18,야간,목,서울,관악구,차대차,126.93471253,37.48651233,2014-03-27 18:00:00
2013,09,04,18,야간,수,서울,양천구,차대사람,126.83555768,37.52992807,2013-09-04 18:00:00
2013,10,01,04,야간,화,서울,마포구,차량단독,126.92663244,37.54764817,2013-10-01 04:00:00
2012,06,18,05,야간,월,서울,마포구,차량단독,126.91351364,37.56332124,2012-06-18 05:00:00
2013,10,25,18,야간,금,서울,은평구,차대차,126.92002595,37.58793304,2013-10-25 18:00:00
2013,02,19,09,주간,화,서울,금천구,차대사람,126.88939182,37.46660115,2013-02-19 09:00:00
2013,07,06,23,야간,토,서울,양천구,차대사람,126.83567023,37.52361927,2013-07-06 23:00:00
2013,01,31,11,주간,목,서울,도봉구,차대사람,127.03973556,37.67093309,2013-01-31 11:00:00
2014,05,07,22,야간,수,서울,송파구,차대차,127.08091628,37.50187669,2014-05-07 22:00:00
2013,07,08,10,주간,월,서울,동대문구,차대사람,127.05736979,37.57318705,2013-07-08 10:00:00
2012,07,02,01,야간,월,서울,영등포구,차량단독,126.90567635,37.53218558,2012-07-02 01:00:00
2012,07,11,21,야간,수,서울,강남구,차대사람,127.06244527,37.47787857,2012-07-11 21:00:00
2012,07,17,04,야간,화,서울,강서구,차대사람,126.84419841,37.54483955,2012-07-17 04:00:00
2013,03,05,16,주간,화,서울,송파구,차대사람,127.09767117,37.51676231,2013-03-05 16:00:00
2013,03,19,06,주간,화,서울,용산구,차대사람,127.01489843,37.5249962,2013-03-19 06:00:00
2013,03,28,06,주간,목,서울,성북구,차대사람,127.00915442,37.58980652,2013-03-28 06:00:00
2013,03,28,01,야간,목,서울,서초구,차대차,127.08954539,37.46318442,2013-03-28 01:00:00
2013,04,13,00,야간,토,서울,송파구,차대차,127.09719398,37.50659335,2013-04-13 00:00:00
2013,04,06,19,야간,토,서울,구로구,차대사람,126.85634589,37.48806731,2013-04-06 19:00:00
2013,04,14,06,주간,일,서울,관악구,차대사람,126.91406621,37.48402314,2013-04-14 06:00:00
2013,04,16,17,주간,화,서울,동작구,차대사람,126.93556606,37.49333968,2013-04-16 17:00:00
2013,06,01,17,주간,토,서울,강동구,차대차,127.15063233,37.56717241,2013-06-01 17:00:00
2013,06,08,12,주간,토,서울,중랑구,차대차,127.08009378,37.57171975,2013-06-08 12:00:00
2013,06,09,10,주간,일,서울,송파구,차대차,127.11149559,37.50044259,2013-06-09 10:00:00
2013,02,28,20,야간,목,서울,강서구,차대사람,126.84492384,37.54602434,2013-02-28 20:00:00
2013,03,01,00,야간,금,서울,관악구,차대사람,126.93602588,37.48634735,2013-03-01 00:00:00
2013,03,02,22,야간,토,서울,마포구,차대사람,126.94929547,37.54466442,2013-03-02 22:00:00
2013,03,04,03,야간,월,서울,영등포구,차대사람,126.88162544,37.52256187,2013-03-04 03:00:00
2013,03,13,16,주간,수,서울,강남구,차대차,127.07522458,37.49804361,2013-03-13 16:00:00
2013,08,29,20,야간,목,서울,구로구,차대사람,126.88694132,37.48141579,2013-08-29 20:00:00
2013,08,28,05,야간,수,서울,구로구,차대사람,126.89496198,37.48403501,2013-08-28 05:00:00
2013,07,18,01,야간,목,서울,마포구,차대사람,126.95123736,37.54382619,2013-07-18 01:00:00
2013,03,17,00,야간,일,서울,관악구,차대차,126.92710931,37.48973861,2013-03-17 00:00:00
2013,07,17,20,야간,수,서울,서초구,차대사람,127.02529493,37.46485468,2013-07-17 20:00:00
2013,09,04,01,야간,수,서울,동작구,차대사람,126.93877223,37.50479315,2013-09-04 01:00:00
2013,09,05,12,주간,목,서울,양천구,차대차,126.83539876,37.52487963,2013-09-05 12:00:00
2013,08,20,00,야간,화,서울,동대문구,차대사람,127.07258568,37.5640133,2013-08-20 00:00:00
2013,09,08,22,야간,일,서울,관악구,차대차,126.92646603,37.49250266,2013-09-08 22:00:00
2013,10,05,10,주간,토,서울,도봉구,차대차,127.04959603,37.67921835,2013-10-05 10:00:00
2013,10,08,04,야간,화,서울,성동구,차대차,127.03134685,37.54235058,2013-10-08 04:00:00
2012,07,19,14,주간,목,서울,성북구,차대사람,127.03256843,37.60229505,2012-07-19 14:00:00
2012,11,18,05,야간,일,서울,강동구,차대사람,127.13686474,37.52944523,2012-11-18 05:00:00
2013,08,23,05,야간,금,서울,강남구,차대사람,127.05157284,37.51251314,2013-08-23 05:00:00
2013,08,30,10,주간,금,서울,구로구,차량단독,126.86537675,37.50226741,2013-08-30 10:00:00
2013,07,15,03,야간,월,서울,강남구,차대사람,127.0563897,37.52074269,2013-07-15 03:00:00
2013,09,28,22,야간,토,서울,영등포구,차대사람,126.90623698,37.51714486,2013-09-28 22:00:00
2013,10,19,01,야간,토,서울,강서구,차량단독,126.85867027,37.55352688,2013-10-19 01:00:00
2013,10,19,15,주간,토,서울,은평구,차대사람,126.91130976,37.61313639,2013-10-19 15:00:00
2013,07,18,01,야간,목,서울,동대문구,차대사람,127.03800011,37.57232326,2013-07-18 01:00:00
2013,10,15,17,주간,화,서울,마포구,차대차,126.88905358,37.57195825,2013-10-15 17:00:00
2013,09,06,05,야간,금,서울,양천구,차대사람,126.84943898,37.52667037,2013-09-06 05:00:00
2012,08,03,07,주간,금,서울,용산구,차량단독,127.00870828,37.53184794,2012-08-03 07:00:00
2012,08,01,08,주간,수,서울,강서구,차량단독,126.79983525,37.5859563,2012-08-01 08:00:00
2012,07,02,20,야간,월,서울,노원구,차대사람,127.07668099,37.6486192,2012-07-02 20:00:00
2012,07,15,20,야간,일,서울,금천구,차대차,126.90366304,37.44237335,2012-07-15 20:00:00
2013,02,08,20,야간,금,서울,영등포구,차대사람,126.91398706,37.51876094,2013-02-08 20:00:00
2014,04,13,03,야간,일,서울,금천구,차대사람,126.90336187,37.47459545,2014-04-13 03:00:00
2014,04,12,11,주간,토,서울,동대문구,차대사람,127.04040622,37.57863848,2014-04-12 11:00:00
2014,04,24,20,야간,목,서울,서대문구,차대차,126.9299934,37.5656463,2014-04-24 20:00:00
2014,04,25,02,야간,금,서울,송파구,차대사람,127.12208682,37.48167182,2014-04-25 02:00:00
2014,04,22,23,야간,화,서울,서초구,차대차,126.99649913,37.49937477,2014-04-22 23:00:00
2013,09,27,16,주간,금,서울,구로구,차대사람,126.83560495,37.48885384,2013-09-27 16:00:00
2013,07,17,04,야간,수,서울,양천구,차대사람,126.82408764,37.53927302,2013-07-17 04:00:00
2013,06,19,03,야간,수,서울,영등포구,차대사람,126.89992479,37.52677544,2013-06-19 03:00:00
2014,11,07,12,주간,금,서울,성북구,차대사람,126.99948453,37.60790994,2014-11-07 12:00:00
2014,03,30,10,주간,일,서울,강남구,차대차,127.10697277,37.47274497,2014-03-30 10:00:00
2014,04,01,08,주간,화,서울,강서구,차대사람,126.83335987,37.54796962,2014-04-01 08:00:00
2014,04,23,01,야간,수,서울,성북구,차대차,127.06089693,37.6070007,2014-04-23 01:00:00
2013,05,25,04,야간,토,서울,송파구,차대차,127.10517098,37.5151201,2013-05-25 04:00:00
2013,06,18,19,야간,화,서울,관악구,차대사람,126.9026727,37.48445282,2013-06-18 19:00:00
2013,03,17,00,야간,일,서울,성북구,차량단독,127.04745171,37.60575743,2013-03-17 00:00:00
2013,03,17,00,야간,일,서울,용산구,차량단독,126.95352141,37.5255664,2013-03-17 00:00:00
2013,03,29,23,야간,금,서울,관악구,차대사람,126.96684142,37.46992344,2013-03-29 23:00:00
2013,04,13,03,야간,토,서울,용산구,차대사람,126.96894598,37.53046802,2013-04-13 03:00:00
2013,04,04,23,야간,목,서울,용산구,차대사람,126.96659439,37.53805581,2013-04-04 23:00:00
2013,03,20,08,주간,수,서울,종로구,차량단독,126.96705428,37.58950676,2013-03-20 08:00:00
2013,03,16,14,주간,토,서울,영등포구,차대차,126.88296524,37.52339812,2013-03-16 14:00:00
2013,03,24,03,야간,일,서울,성동구,차량단독,127.05566593,37.53401693,2013-03-24 03:00:00
2013,03,30,17,주간,토,서울,성동구,차대사람,127.05013997,37.54574065,2013-03-30 17:00:00
2013,03,31,00,야간,일,서울,강동구,차량단독,127.15628517,37.551866,2013-03-31 00:00:00
2013,07,15,07,주간,월,서울,송파구,차대차,127.10645943,37.51541284,2013-07-15 07:00:00
2013,07,23,02,야간,화,서울,강서구,차대사람,126.82330586,37.57315899,2013-07-23 02:00:00
2013,07,29,19,야간,월,서울,종로구,차대사람,126.96850609,37.58126601,2013-07-29 19:00:00
2013,09,09,04,야간,월,서울,노원구,차량단독,127.07763085,37.65704109,2013-09-09 04:00:00
2013,09,21,10,주간,토,서울,강서구,차대차,126.85661341,37.56363777,2013-09-21 10:00:00
2013,09,21,04,야간,토,서울,동대문구,차대사람,127.04628128,37.58095964,2013-09-21 04:00:00
2013,06,13,19,야간,목,서울,서초구,차대차,127.02429967,37.49699323,2013-06-13 19:00:00
2013,04,07,02,야간,일,서울,양천구,차대차,126.86215996,37.54391041,2013-04-07 02:00:00
2013,03,09,19,야간,토,서울,강서구,차량단독,126.86832949,37.55368351,2013-03-09 19:00:00
2013,08,26,22,야간,월,서울,강서구,차대차,126.81225997,37.5613507,2013-08-26 22:00:00
2013,07,20,02,야간,토,서울,마포구,차대차,126.91012034,37.55568796,2013-07-20 02:00:00
2013,07,29,03,야간,월,서울,강동구,차량단독,127.16502155,37.57291066,2013-07-29 03:00:00
2013,08,16,07,주간,금,서울,강남구,차대사람,127.01751013,37.5218792,2013-08-16 07:00:00
2013,08,23,07,주간,금,서울,강남구,차대차,127.01711012,37.52301507,2013-08-23 07:00:00
2012,07,30,13,주간,월,서울,강동구,차대차,127.14813319,37.52791999,2012-07-30 13:00:00
2013,06,11,11,주간,화,서울,강남구,차대차,127.07688583,37.48672757,2013-06-11 11:00:00
2013,07,23,00,야간,화,서울,서대문구,차대사람,126.96427056,37.5682666,2013-07-23 00:00:00
2013,07,20,11,주간,토,서울,강북구,차대사람,127.04398511,37.628731,2013-07-20 11:00:00
2013,10,03,10,주간,목,서울,서초구,차대차,127.03443762,37.46939787,2013-10-03 10:00:00
2013,10,04,14,주간,금,서울,양천구,차대차,126.86893191,37.52210715,2013-10-04 14:00:00
2013,10,11,08,주간,금,서울,도봉구,차대사람,127.04188277,37.65551061,2013-10-11 08:00:00
2013,10,09,23,야간,수,서울,용산구,차량단독,126.99679936,37.54059499,2013-10-09 23:00:00
2012,06,12,04,야간,화,서울,강서구,차대사람,126.82218756,37.54410234,2012-06-12 04:00:00
2012,06,17,05,야간,일,서울,강서구,차량단독,126.84761836,37.57196187,2012-06-17 05:00:00
2014,06,10,03,야간,화,서울,성북구,차량단독,127.00006932,37.60856138,2014-06-10 03:00:00
2012,08,19,02,야간,일,서울,서초구,차대사람,126.98216374,37.48811793,2012-08-19 02:00:00
2012,08,25,08,주간,토,서울,동작구,차대차,126.96282532,37.50961907,2012-08-25 08:00:00
2012,08,27,10,주간,월,서울,종로구,차대사람,126.99043274,37.57625208,2012-08-27 10:00:00
2013,09,27,22,야간,금,서울,서초구,차량단독,126.97317543,37.50681741,2013-09-27 22:00:00
2013,05,29,08,주간,수,서울,강남구,차대차,127.05095822,37.47154396,2013-05-29 08:00:00
2012,09,27,14,주간,목,서울,마포구,차대차,126.85910943,37.56702237,2012-09-27 14:00:00
2012,06,14,03,야간,목,서울,광진구,차대사람,127.07876898,37.56787528,2012-06-14 03:00:00
2013,07,20,04,야간,토,서울,서초구,차대사람,127.02090726,37.48613616,2013-07-20 04:00:00
2013,04,30,22,야간,화,서울,마포구,차대사람,126.89975696,37.56606429,2013-04-30 22:00:00
2013,10,17,02,야간,목,서울,중구,차대사람,127.00615008,37.5593465,2013-10-17 02:00:00
2013,06,04,14,주간,화,서울,강서구,차대사람,126.83868564,37.57685151,2013-06-04 14:00:00
2014,01,28,03,야간,화,서울,동대문구,차대사람,127.06205068,37.58992451,2014-01-28 03:00:00
2012,07,07,07,주간,토,서울,중구,차대사람,126.98747695,37.56468402,2012-07-07 07:00:00
2013,03,25,11,주간,월,서울,금천구,차대사람,126.88451528,37.46416923,2013-03-25 11:00:00
2013,04,08,16,주간,월,서울,강서구,차대차,126.80309255,37.59374509,2013-04-08 16:00:00
2013,04,01,14,주간,월,서울,강남구,차대사람,127.06516827,37.50176569,2013-04-01 14:00:00
2013,03,09,07,주간,토,서울,영등포구,차대사람,126.88149501,37.52328227,2013-03-09 07:00:00
2013,07,09,10,주간,화,서울,송파구,차대차,127.14852533,37.50198633,2013-07-09 10:00:00
2013,08,09,21,야간,금,서울,영등포구,차대차,126.8959389,37.49896645,2013-08-09 21:00:00
2013,09,05,06,주간,목,서울,마포구,차대차,126.94703546,37.54565435,2013-09-05 06:00:00
2013,09,12,05,야간,목,서울,성동구,차대사람,127.02343784,37.57024274,2013-09-12 05:00:00
2013,09,11,22,야간,수,서울,서대문구,차대사람,126.91470324,37.57770357,2013-09-11 22:00:00
2013,09,20,00,야간,금,서울,서초구,차대차,127.00426477,37.4990011,2013-09-20 00:00:00
2013,09,17,14,주간,화,서울,영등포구,차대사람,126.90454646,37.50488698,2013-09-17 14:00:00
2012,06,16,04,야간,토,서울,송파구,차대차,127.10928929,37.48483905,2012-06-16 04:00:00
2012,04,14,20,야간,토,서울,구로구,차대차,126.85520316,37.49730896,2012-04-14 20:00:00
2012,09,20,03,야간,목,서울,마포구,차대차,126.94822237,37.54127935,2012-09-20 03:00:00
2013,06,30,10,주간,일,서울,서초구,차대차,127.05407739,37.44810224,2013-06-30 10:00:00
2012,04,16,12,주간,월,서울,은평구,차대차,126.93146747,37.6323706,2012-04-16 12:00:00
2014,04,06,19,야간,일,서울,동작구,차대사람,126.9515103,37.49882292,2014-04-06 19:00:00
2012,03,19,02,야간,월,서울,도봉구,차량단독,127.04782135,37.64835888,2012-03-19 02:00:00
2014,04,17,17,주간,목,서울,종로구,차대사람,126.95923769,37.6068671,2014-04-17 17:00:00
2014,04,23,05,야간,수,서울,구로구,차대차,126.83716278,37.49305388,2014-04-23 05:00:00
2014,04,25,22,야간,금,서울,강남구,차대사람,127.03284793,37.48678789,2014-04-25 22:00:00
2014,04,20,04,야간,일,서울,은평구,차대사람,126.91843039,37.58919608,2014-04-20 04:00:00
2014,05,04,04,야간,일,서울,서초구,차대사람,127.07247723,37.46200621,2014-05-04 04:00:00
2014,03,24,08,주간,월,서울,노원구,차량단독,127.08530792,37.62001427,2014-03-24 08:00:00
2014,04,05,02,야간,토,서울,서대문구,차대차,126.96092867,37.57285996,2014-04-05 02:00:00
2014,05,03,03,야간,토,서울,노원구,차량단독,127.05844999,37.66269523,2014-05-03 03:00:00
2014,03,31,17,주간,월,서울,광진구,차대차,127.08844132,37.54487985,2014-03-31 17:00:00
2014,03,31,08,주간,월,서울,종로구,차대차,126.97717545,37.57241747,2014-03-31 08:00:00
2014,04,06,18,야간,일,서울,영등포구,차대사람,126.88420835,37.51672561,2014-04-06 18:00:00
2014,04,18,07,주간,금,서울,동대문구,차대차,127.03702778,37.58652107,2014-04-18 07:00:00
2014,05,02,14,주간,금,서울,은평구,차대사람,126.92483774,37.62056703,2014-05-02 14:00:00
2014,04,27,19,야간,일,서울,노원구,차대사람,127.07137657,37.62875256,2014-04-27 19:00:00
2014,03,30,00,야간,일,서울,강서구,차대사람,126.81213709,37.56116971,2014-03-30 00:00:00
2014,06,13,17,주간,금,서울,노원구,차대차,127.09100849,37.67361872,2014-06-13 17:00:00
2013,06,02,07,주간,일,서울,영등포구,차대차,126.9034638,37.49733718,2013-06-02 07:00:00
2013,06,14,21,야간,금,서울,동대문구,차대사람,127.0509544,37.56810806,2013-06-14 21:00:00
2013,06,18,14,주간,화,서울,강북구,차대사람,127.02229034,37.64240228,2013-06-18 14:00:00
2014,05,11,22,야간,일,서울,송파구,차대사람,127.10523563,37.50714329,2014-05-11 22:00:00
2014,04,29,05,야간,화,서울,영등포구,차대사람,126.90098581,37.51438725,2014-04-29 05:00:00
2013,06,27,18,야간,목,서울,영등포구,차량단독,126.88162463,37.52403107,2013-06-27 18:00:00
2013,06,15,00,야간,토,서울,강서구,차대사람,126.83985838,37.56331093,2013-06-15 00:00:00
2013,07,02,04,야간,화,서울,용산구,차대사람,126.99488213,37.53451169,2013-07-02 04:00:00
2012,10,09,13,주간,화,서울,동작구,차대차,126.90745552,37.49039881,2012-10-09 13:00:00
2012,07,24,17,주간,화,서울,관악구,차대차,126.91338681,37.48701227,2012-07-24 17:00:00
2012,07,23,18,야간,월,서울,동대문구,차대사람,127.07435649,37.56522751,2012-07-23 18:00:00
2012,06,12,10,주간,화,서울,영등포구,차대차,126.90123768,37.49560433,2012-06-12 10:00:00
2013,01,21,07,주간,월,서울,강서구,차대사람,126.83099994,37.57261697,2013-01-21 07:00:00
2013,06,27,09,주간,목,서울,노원구,차대차,127.07454564,37.62092957,2013-06-27 09:00:00
2013,06,10,04,야간,월,서울,중랑구,차대사람,127.07912312,37.60353384,2013-06-10 04:00:00
2012,11,18,21,야간,일,서울,동대문구,차대사람,127.0698537,37.572431,2012-11-18 21:00:00
2013,07,11,05,야간,목,서울,금천구,차대사람,126.89811947,37.47239479,2013-07-11 05:00:00
2012,04,17,07,주간,화,서울,도봉구,차대사람,127.04650311,37.66194596,2012-04-17 07:00:00
2012,10,17,01,야간,수,서울,강서구,차대사람,126.86789928,37.54925921,2012-10-17 01:00:00
2014,10,28,08,주간,화,서울,성동구,차대사람,127.05469196,37.54363071,2014-10-28 08:00:00
2014,09,03,20,야간,수,서울,양천구,차대사람,126.8305944,37.53947232,2014-09-03 20:00:00
2014,09,02,23,야간,화,서울,광진구,차대사람,127.08613492,37.55458837,2014-09-02 23:00:00
2014,08,17,03,야간,일,서울,도봉구,차대사람,127.04541488,37.68050023,2014-08-17 03:00:00
2014,09,15,04,야간,월,서울,광진구,차량단독,127.08367682,37.54098192,2014-09-15 04:00:00
2012,01,01,18,야간,일,서울,영등포구,차대사람,126.90348592,37.52015053,2012-01-01 18:00:00
2013,06,26,02,야간,수,서울,구로구,차대차,126.87477343,37.50693244,2013-06-26 02:00:00
2012,05,11,05,야간,금,서울,은평구,차대사람,126.92002427,37.62462652,2012-05-11 05:00:00
2014,09,20,17,주간,토,서울,강북구,차대차,127.03487841,37.61156998,2014-09-20 17:00:00
2014,05,19,20,야간,월,서울,서대문구,차대차,126.93886283,37.59689329,2014-05-19 20:00:00
2014,09,09,21,야간,화,서울,강동구,차대사람,127.11930991,37.54073802,2014-09-09 21:00:00
2014,03,17,19,야간,월,서울,강서구,차대차,126.81904908,37.56059237,2014-03-17 19:00:00
2013,03,05,20,야간,화,서울,양천구,차대차,126.86064121,37.507001,2013-03-05 20:00:00
2013,03,19,19,야간,화,서울,강남구,차대차,127.06978072,37.49646455,2013-03-19 19:00:00
2014,09,28,03,야간,일,서울,동대문구,차량단독,127.03449157,37.57363986,2014-09-28 03:00:00
2014,11,30,07,주간,일,서울,관악구,차대차,126.9277072,37.45880688,2014-11-30 07:00:00
2014,12,14,03,야간,일,서울,강서구,차대사람,126.85349583,37.52868462,2014-12-14 03:00:00
2014,12,09,06,주간,화,서울,관악구,차대차,126.93836411,37.48375356,2014-12-09 06:00:00
2014,12,19,04,야간,금,서울,강서구,차량단독,126.87752787,37.54718319,2014-12-19 04:00:00
2014,04,30,12,주간,수,서울,양천구,차대사람,126.87206298,37.54683878,2014-04-30 12:00:00
2014,04,30,23,야간,수,서울,동대문구,차대사람,127.05725851,37.57094228,2014-04-30 23:00:00
2014,04,29,10,주간,화,서울,강서구,차대사람,126.8773927,37.54710136,2014-04-29 10:00:00
2014,04,26,05,야간,토,서울,동대문구,차대차,127.06996783,37.58999868,2014-04-26 05:00:00
2014,03,29,14,주간,토,서울,금천구,차대차,126.89386277,37.45207623,2014-03-29 14:00:00
2014,04,07,05,야간,월,서울,마포구,차대사람,126.91787768,37.55252669,2014-04-07 05:00:00
2014,04,01,20,야간,화,서울,관악구,차대차,126.92149327,37.4831043,2014-04-01 20:00:00
2014,04,26,03,야간,토,서울,강동구,차대차,127.13100182,37.55476416,2014-04-26 03:00:00
2014,09,30,22,야간,화,서울,강동구,차대차,127.15660117,37.56935317,2014-09-30 22:00:00
2013,06,25,01,야간,화,서울,송파구,차대사람,127.11154507,37.49045296,2013-06-25 01:00:00
2014,01,20,05,야간,월,서울,구로구,차대사람,126.88294128,37.49057076,2014-01-20 05:00:00
2014,04,26,16,주간,토,서울,금천구,차대사람,126.90053549,37.45464309,2014-04-26 16:00:00
2014,04,26,22,야간,토,서울,중랑구,차대차,127.09329937,37.59246995,2014-04-26 22:00:00
2013,06,17,21,야간,월,서울,강서구,차대사람,126.85123335,37.54946626,2013-06-17 21:00:00
2013,06,27,18,야간,목,서울,도봉구,차대차,127.0331347,37.66753616,2013-06-27 18:00:00
2013,03,26,15,주간,화,서울,노원구,차대사람,127.07409168,37.62959163,2013-03-26 15:00:00
2012,06,27,02,야간,수,서울,강북구,차대사람,127.02349722,37.63375161,2012-06-27 02:00:00
2013,01,12,02,야간,토,서울,동대문구,차량단독,127.03833547,37.58568794,2013-01-12 02:00:00
2013,05,30,13,주간,목,서울,관악구,차대사람,126.92540426,37.47900418,2013-05-30 13:00:00
2014,11,16,02,야간,일,서울,동대문구,차대사람,127.06969537,37.57239437,2014-11-16 02:00:00
2014,10,23,07,주간,목,서울,광진구,차대사람,127.06333196,37.54120228,2014-10-23 07:00:00
2014,10,30,05,야간,목,서울,서초구,차량단독,126.99846625,37.50973071,2014-10-30 05:00:00
2013,07,01,13,주간,월,서울,성동구,차대사람,127.02385106,37.56047379,2013-07-01 13:00:00
2012,05,30,09,주간,수,서울,강동구,차대사람,127.14266352,37.55469186,2012-05-30 09:00:00
2012,08,20,05,야간,월,서울,강동구,차대사람,127.13753308,37.53166462,2012-08-20 05:00:00
2014,06,28,02,야간,토,서울,동대문구,차대사람,127.06599923,37.56339438,2014-06-28 02:00:00
2014,10,02,00,야간,목,서울,강서구,차대차,126.82664401,37.55960389,2014-10-02 00:00:00
2014,09,18,04,야간,목,서울,도봉구,차대사람,127.04593813,37.68396336,2014-09-18 04:00:00
2013,03,10,04,야간,일,서울,광진구,차량단독,127.07712382,37.53037312,2013-03-10 04:00:00
2014,04,15,07,주간,화,서울,동대문구,차대사람,127.0767429,37.57172581,2014-04-15 07:00:00
2014,01,23,18,야간,목,서울,성동구,차대사람,127.03083063,37.55788782,2014-01-23 18:00:00
2014,05,31,04,야간,토,서울,서초구,차량단독,126.99273215,37.4740638,2014-05-31 04:00:00
2014,01,08,11,주간,수,서울,성북구,차대사람,127.00872578,37.58953433,2014-01-08 11:00:00
2014,05,07,00,야간,수,서울,마포구,차대차,126.87342689,37.57052433,2014-05-07 00:00:00
2014,05,02,07,주간,금,서울,구로구,차대차,126.82364277,37.48096763,2014-05-02 07:00:00
2014,07,17,07,주간,목,서울,영등포구,차대사람,126.90350494,37.50752449,2014-07-17 07:00:00
2014,12,31,04,야간,수,서울,양천구,차대차,126.84715714,37.51059574,2014-12-31 04:00:00
2014,12,16,06,주간,화,서울,동대문구,차량단독,127.06426965,37.57262685,2014-12-16 06:00:00
2014,11,20,10,주간,목,서울,강북구,차대사람,127.01948156,37.63430317,2014-11-20 10:00:00
2014,04,29,09,주간,화,서울,강서구,차대차,126.79708672,37.58435361,2014-04-29 09:00:00
2014,04,01,10,주간,화,서울,도봉구,차대사람,127.03695462,37.66956119,2014-04-01 10:00:00
2014,05,02,19,야간,금,서울,강서구,차대차,126.81358786,37.5610069,2014-05-02 19:00:00
2014,10,11,09,주간,토,서울,서대문구,차대사람,126.92434059,37.57980062,2014-10-11 09:00:00
2014,10,25,02,야간,토,서울,노원구,차대차,127.08707837,37.62157078,2014-10-25 02:00:00
2014,10,30,13,주간,목,서울,중랑구,차대차,127.08622534,37.59289153,2014-10-30 13:00:00
2013,06,13,12,주간,목,서울,도봉구,차대사람,127.02324904,37.64953302,2013-06-13 12:00:00
2013,06,25,13,주간,화,서울,성북구,차대사람,127.0039154,37.60776641,2013-06-25 13:00:00
2014,02,01,19,야간,토,서울,도봉구,차대사람,127.04183968,37.64960669,2014-02-01 19:00:00
2013,06,05,21,야간,수,서울,송파구,차대사람,127.14018584,37.50248672,2013-06-05 21:00:00
2013,06,27,09,주간,목,서울,동대문구,차대차,127.04938626,37.57879027,2013-06-27 09:00:00
2013,06,28,08,주간,금,서울,강서구,차대차,126.81549911,37.5608819,2013-06-28 08:00:00
2012,11,22,11,주간,목,서울,서초구,차대차,127.0647022,37.43583817,2012-11-22 11:00:00
2013,10,28,00,야간,월,서울,종로구,차대사람,127.01880554,37.57388342,2013-10-28 00:00:00
2013,04,11,20,야간,목,서울,강남구,차대사람,127.06498235,37.47920393,2013-04-11 20:00:00
2012,10,17,14,주간,수,서울,구로구,차대사람,126.89909777,37.48029746,2012-10-17 14:00:00
2013,06,08,02,야간,토,서울,영등포구,차대사람,126.91057916,37.52042049,2013-06-08 02:00:00
2013,07,03,04,야간,수,서울,동대문구,차대차,127.0377467,37.57283243,2013-07-03 04:00:00
2012,01,03,19,야간,화,서울,도봉구,차대사람,127.03458713,37.66191758,2012-01-03 19:00:00
2012,01,19,02,야간,목,서울,동대문구,차량단독,127.04248125,37.59118426,2012-01-19 02:00:00
2012,07,27,23,야간,금,서울,강남구,차대사람,127.02653085,37.50017497,2012-07-27 23:00:00
2014,11,13,08,주간,목,서울,서대문구,차대사람,126.96504996,37.56727054,2014-11-13 08:00:00
2013,07,07,06,주간,일,서울,용산구,차량단독,126.98255826,37.51618791,2013-07-07 06:00:00
2013,07,07,22,야간,일,서울,강동구,차대사람,127.13052578,37.52734343,2013-07-07 22:00:00
2012,01,30,09,주간,월,서울,강북구,차대차,127.01927383,37.6243245,2012-01-30 09:00:00
2013,05,14,14,주간,화,서울,송파구,차대사람,127.13174147,37.51026648,2013-05-14 14:00:00
2013,08,31,08,주간,토,서울,동대문구,차대사람,127.0620733,37.59959602,2013-08-31 08:00:00
2014,05,09,19,야간,금,서울,영등포구,차대차,126.89384239,37.49800929,2014-05-09 19:00:00
2014,06,14,23,야간,토,서울,강북구,차대사람,127.0283627,37.63501501,2014-06-14 23:00:00
2014,09,13,22,야간,토,서울,구로구,차대사람,126.88858064,37.50370576,2014-09-13 22:00:00
2014,08,19,06,주간,화,서울,강서구,차대사람,126.87790158,37.54716713,2014-08-19 06:00:00
2014,08,16,18,야간,토,서울,관악구,차대사람,126.92033028,37.46819915,2014-08-16 18:00:00
2014,09,18,16,주간,목,서울,강동구,차대사람,127.13064831,37.54151314,2014-09-18 16:00:00
2014,05,08,15,주간,목,서울,중구,차대차,127.01490863,37.54963021,2014-05-08 15:00:00
2014,04,23,02,야간,수,서울,구로구,차대사람,126.87796183,37.50174847,2014-04-23 02:00:00
2014,09,28,21,야간,일,서울,관악구,차량단독,126.91799186,37.47809358,2014-09-28 21:00:00
2014,06,27,22,야간,금,서울,동대문구,차대차,127.04588257,37.57388253,2014-06-27 22:00:00
2014,03,31,05,야간,월,서울,강동구,차대차,127.12929102,37.53672269,2014-03-31 05:00:00
2014,04,21,14,주간,월,서울,관악구,차대사람,126.94757085,37.4868706,2014-04-21 14:00:00
2014,12,26,20,야간,금,서울,동작구,차대사람,126.97412949,37.48693772,2014-12-26 20:00:00
2014,12,07,20,야간,일,서울,중랑구,차대사람,127.10604887,37.61492965,2014-12-07 20:00:00
2014,12,27,04,야간,토,서울,강북구,차대사람,127.02689924,37.62450855,2014-12-27 04:00:00
2014,12,10,10,주간,수,서울,양천구,차대차,126.84017409,37.51850684,2014-12-10 10:00:00
2014,04,03,01,야간,목,서울,성동구,차대차,127.06643806,37.55410307,2014-04-03 01:00:00
2014,05,05,15,주간,월,서울,중구,차대차,126.97642479,37.55346782,2014-05-05 15:00:00
2014,05,12,15,주간,월,서울,광진구,차대사람,127.08560748,37.53186159,2014-05-12 15:00:00
2014,10,11,05,야간,토,서울,중랑구,차대차,127.08022271,37.59131551,2014-10-11 05:00:00
2014,10,19,05,야간,일,서울,강남구,차대사람,127.05150264,37.52462169,2014-10-19 05:00:00
2014,10,22,22,야간,수,서울,성북구,차량단독,126.99634748,37.60940183,2014-10-22 22:00:00
2014,10,31,23,야간,금,서울,강서구,차대차,126.82079886,37.54731847,2014-10-31 23:00:00
2013,04,06,00,야간,토,서울,관악구,차대차,126.93171554,37.46105258,2013-04-06 00:00:00
2013,07,11,08,주간,목,서울,영등포구,차대사람,126.89067972,37.54053676,2013-07-11 08:00:00
2014,03,27,01,야간,목,서울,동대문구,차대사람,127.04299808,37.58075769,2014-03-27 01:00:00
2014,03,25,03,야간,화,서울,동작구,차량단독,126.97956709,37.50206855,2014-03-25 03:00:00
2013,06,03,03,야간,월,서울,강동구,차량단독,127.13686116,37.53018433,2013-06-03 03:00:00
2014,04,21,16,주간,월,서울,노원구,차대사람,127.07788463,37.66227876,2014-04-21 16:00:00
2014,04,21,05,야간,월,서울,관악구,차량단독,126.92717554,37.46031859,2014-04-21 05:00:00
2014,05,02,00,야간,금,서울,강서구,차대차,126.84033317,37.54156417,2014-05-02 00:00:00
2013,05,27,09,주간,월,서울,구로구,차대사람,126.85622147,37.48806663,2013-05-27 09:00:00
2013,07,03,21,야간,수,서울,금천구,차대사람,126.90407117,37.4479278,2013-07-03 21:00:00
2013,06,30,10,주간,일,서울,중랑구,차대사람,127.07752474,37.59769643,2013-06-30 10:00:00
2013,06,26,23,야간,수,서울,중구,차대사람,126.96892935,37.5588235,2013-06-26 23:00:00
2013,07,02,05,야간,화,서울,송파구,차대차,127.13960985,37.50698275,2013-07-02 05:00:00
2012,03,10,22,야간,토,서울,노원구,차대사람,127.07977816,37.66829743,2012-03-10 22:00:00
2012,02,22,21,야간,수,서울,영등포구,차대사람,126.90951515,37.51901808,2012-02-22 21:00:00
2012,12,05,21,야간,수,서울,서대문구,차량단독,126.94887989,37.56881858,2012-12-05 21:00:00
2013,03,18,06,주간,월,서울,강서구,차대사람,126.84529337,37.54648608,2013-03-18 06:00:00
2014,11,23,15,주간,일,서울,영등포구,차대사람,126.90705586,37.51948348,2014-11-23 15:00:00
2014,11,21,05,야간,금,서울,광진구,차대사람,127.07747605,37.5660301,2014-11-21 05:00:00
2014,11,29,14,주간,토,서울,서대문구,차대사람,126.93029891,37.56716204,2014-11-29 14:00:00
2014,12,24,20,야간,수,서울,성북구,차대사람,127.02481903,37.60414791,2014-12-24 20:00:00
2014,11,04,07,주간,화,서울,도봉구,차대차,127.02560953,37.64734328,2014-11-04 07:00:00
2014,12,05,11,주간,금,서울,노원구,차대사람,127.07725062,37.61811088,2014-12-05 11:00:00
2014,08,28,09,주간,목,서울,구로구,차대차,126.89809589,37.47970648,2014-08-28 09:00:00
2014,12,07,19,야간,일,서울,동작구,차대사람,126.90421787,37.48643459,2014-12-07 19:00:00
2014,01,06,05,야간,월,서울,관악구,차대사람,126.93134991,37.46005933,2014-01-06 05:00:00
2014,11,17,06,주간,월,서울,강남구,차대사람,127.0588195,37.49822685,2014-11-17 06:00:00
2014,11,23,18,야간,일,서울,영등포구,차대사람,126.89488031,37.49836614,2014-11-23 18:00:00
2014,12,06,21,야간,토,서울,강동구,차량단독,127.12885726,37.53974087,2014-12-06 21:00:00
2014,12,03,06,주간,수,서울,노원구,차대사람,127.07923193,37.62242638,2014-12-03 06:00:00
2014,12,22,06,주간,월,서울,중랑구,차대사람,127.08831259,37.59707657,2014-12-22 06:00:00
2014,10,06,04,야간,월,서울,동작구,차대차,126.91628422,37.49696858,2014-10-06 04:00:00
2014,10,27,00,야간,월,서울,금천구,차대차,126.87909682,37.47534475,2014-10-27 00:00:00
2014,10,22,13,주간,수,서울,종로구,차대사람,126.99115988,37.57757118,2014-10-22 13:00:00
2014,11,17,16,주간,월,서울,서초구,차대차,126.98234423,37.48819083,2014-11-17 16:00:00
2014,10,13,14,주간,월,서울,동작구,차대사람,126.9467768,37.50557904,2014-10-13 14:00:00
2014,11,17,19,야간,월,서울,구로구,차대사람,126.87471218,37.49121252,2014-11-17 19:00:00
2014,09,10,07,주간,수,서울,강서구,차량단독,126.79711296,37.58276742,2014-09-10 07:00:00
2014,09,11,19,야간,목,서울,강서구,차대차,126.85250191,37.55593586,2014-09-11 19:00:00
2014,09,22,22,야간,월,서울,마포구,차대차,126.94143989,37.5370021,2014-09-22 22:00:00
2014,10,03,03,야간,금,서울,관악구,차대차,126.9153367,37.47774697,2014-10-03 03:00:00
2014,08,24,17,주간,일,서울,노원구,차대사람,127.06015889,37.67456227,2014-08-24 17:00:00
2014,09,05,17,주간,금,서울,성북구,차대차,126.99964934,37.60867678,2014-09-05 17:00:00
2014,09,03,15,주간,수,서울,강남구,차대사람,127.0953001,37.4921002,2014-09-03 15:00:00
2014,01,03,03,야간,금,서울,마포구,차량단독,126.94322628,37.53574865,2014-01-03 03:00:00
2014,10,23,19,야간,목,서울,구로구,차대사람,126.88328297,37.50541783,2014-10-23 19:00:00
2014,11,09,00,야간,일,서울,성북구,차대차,127.05539294,37.61234308,2014-11-09 00:00:00
2014,11,20,14,주간,목,서울,광진구,차대차,127.08526622,37.5540355,2014-11-20 14:00:00
2014,10,20,17,주간,월,서울,양천구,차대차,126.87662864,37.53009792,2014-10-20 17:00:00
2014,10,16,19,야간,목,서울,광진구,차대사람,127.09435224,37.53619322,2014-10-16 19:00:00
2014,09,01,08,주간,월,서울,마포구,차대사람,126.93432566,37.55591458,2014-09-01 08:00:00
2014,09,08,02,야간,월,서울,성북구,차대사람,127.02524453,37.60261914,2014-09-08 02:00:00
2014,08,29,17,주간,금,서울,송파구,차대차,127.12731993,37.47581785,2014-08-29 17:00:00
2014,12,28,07,주간,일,서울,강서구,차대사람,126.84170894,37.54215772,2014-12-28 07:00:00
2014,11,15,06,주간,토,서울,송파구,차대사람,127.11894755,37.53186751,2014-11-15 06:00:00
2014,12,12,17,주간,금,서울,관악구,차대사람,126.93907923,37.48341444,2014-12-12 17:00:00
2014,02,21,10,주간,금,서울,영등포구,차대차,126.8843969,37.51787942,2014-02-21 10:00:00
2014,09,20,02,야간,토,서울,양천구,차량단독,126.86958342,37.52537351,2014-09-20 02:00:00
2014,09,29,06,주간,월,서울,강서구,차대사람,126.80923429,37.56775959,2014-09-29 06:00:00
2014,10,03,03,야간,금,서울,양천구,차대사람,126.85277645,37.52025308,2014-10-03 03:00:00
2014,09,01,14,주간,월,서울,관악구,차대차,126.90258243,37.48442532,2014-09-01 14:00:00
2014,12,01,03,야간,월,서울,양천구,차량단독,126.87401024,37.51838456,2014-12-01 03:00:00
2014,11,28,05,야간,금,서울,동대문구,차대사람,127.05866269,37.59396794,2014-11-28 05:00:00
2014,02,18,05,야간,화,서울,동작구,차량단독,126.93427486,37.50554687,2014-02-18 05:00:00
2014,12,30,08,주간,화,서울,은평구,차대사람,126.92128446,37.6082464,2014-12-30 08:00:00
2014,11,16,04,야간,일,서울,서대문구,차대사람,126.96008737,37.5723766,2014-11-16 04:00:00
2014,01,13,02,야간,월,서울,송파구,차대사람,127.12262004,37.53686471,2014-01-13 02:00:00
2014,10,04,22,야간,토,서울,강서구,차대차,126.86422501,37.55133962,2014-10-04 22:00:00
2014,10,23,11,주간,목,서울,금천구,차대사람,126.90301214,37.43892686,2014-10-23 11:00:00
2014,10,28,07,주간,화,서울,영등포구,차대사람,126.90731547,37.52528948,2014-10-28 07:00:00
2014,02,06,23,야간,목,서울,관악구,차대사람,126.91098971,37.48113251,2014-02-06 23:00:00
2014,02,19,02,야간,수,서울,중랑구,차대사람,127.08057725,37.57657974,2014-02-19 02:00:00
2014,02,02,11,주간,일,서울,서대문구,차대차,126.94829353,37.56848234,2014-02-02 11:00:00
2014,02,22,06,주간,토,서울,마포구,차대차,126.94835867,37.54121689,2014-02-22 06:00:00
2014,02,23,05,야간,일,서울,도봉구,차대사람,127.04310171,37.67119855,2014-02-23 05:00:00
2014,02,05,15,주간,수,서울,강북구,차대사람,127.03049722,37.61279648,2014-02-05 15:00:00
2014,09,11,14,주간,목,서울,영등포구,차대사람,126.92094169,37.50913274,2014-09-11 14:00:00
2014,09,22,15,주간,월,서울,서대문구,차대차,126.94390761,37.58876904,2014-09-22 15:00:00
2014,09,20,03,야간,토,서울,서대문구,차량단독,126.91920905,37.57061423,2014-09-20 03:00:00
2014,08,27,00,야간,수,서울,영등포구,차대차,126.88158645,37.55195461,2014-08-27 00:00:00
2014,08,28,13,주간,목,서울,강동구,차대사람,127.13942356,37.53629437,2014-08-28 13:00:00
2014,11,28,04,야간,금,서울,마포구,차대사람,126.92949934,37.55767602,2014-11-28 04:00:00
2014,10,08,10,주간,수,서울,강남구,차대차,127.03007117,37.49307738,2014-10-08 10:00:00
2014,10,14,00,야간,화,서울,마포구,차대차,126.91929639,37.5579057,2014-10-14 00:00:00
2014,09,05,15,주간,금,서울,서초구,차량단독,126.99656427,37.48107385,2014-09-05 15:00:00
2014,12,19,21,야간,금,서울,동대문구,차대사람,127.04610692,37.57610071,2014-12-19 21:00:00
2014,12,17,06,주간,수,서울,서대문구,차대사람,126.91531496,37.56899061,2014-12-17 06:00:00
2014,12,26,16,주간,금,서울,서대문구,차대사람,126.93882132,37.56017236,2014-12-26 16:00:00
2014,12,09,04,야간,화,서울,성동구,차대차,127.03471905,37.54070542,2014-12-09 04:00:00
2014,12,25,16,주간,목,서울,영등포구,차대사람,126.89045441,37.52371643,2014-12-25 16:00:00
2014,11,24,06,주간,월,서울,은평구,차대차,126.88713981,37.58715395,2014-11-24 06:00:00
2014,08,21,02,야간,목,서울,노원구,차대사람,127.06113062,37.65589925,2014-08-21 02:00:00
2014,08,26,23,야간,화,서울,동대문구,차량단독,127.04998943,37.58394828,2014-08-26 23:00:00
2014,08,26,01,야간,화,서울,마포구,차대사람,126.91997218,37.55397915,2014-08-26 01:00:00
2013,06,14,05,야간,금,서울,강북구,차량단독,127.01392519,37.63126093,2013-06-14 05:00:00
2014,10,14,10,주간,화,서울,양천구,차대사람,126.85847667,37.51005386,2014-10-14 10:00:00
2014,10,12,04,야간,일,서울,중구,차대차,127.00079129,37.55475412,2014-10-12 04:00:00
2014,01,29,14,주간,수,서울,금천구,차대차,126.89821358,37.46079659,2014-01-29 14:00:00
2014,11,08,16,주간,토,서울,양천구,차대사람,126.85301722,37.52120081,2014-11-08 16:00:00
2014,10,07,18,야간,화,서울,서초구,차대사람,127.0297728,37.48419149,2014-10-07 18:00:00
2014,09,30,08,주간,화,서울,동작구,차대차,126.9325338,37.50088752,2014-09-30 08:00:00
2014,09,15,20,야간,월,서울,동대문구,차대사람,127.04860436,37.58636761,2014-09-15 20:00:00
2014,09,17,22,야간,수,서울,마포구,차대사람,126.9340835,37.55335359,2014-09-17 22:00:00
2014,09,04,18,야간,목,서울,도봉구,차대차,127.04403891,37.64589269,2014-09-04 18:00:00
2014,08,16,14,주간,토,서울,강북구,차대사람,127.04158149,37.63056312,2014-08-16 14:00:00
2014,12,12,19,야간,금,서울,마포구,차대사람,126.95630291,37.54150611,2014-12-12 19:00:00
2014,11,04,16,주간,화,서울,동대문구,차대사람,127.07454396,37.56611151,2014-11-04 16:00:00
2014,10,09,16,주간,목,서울,성북구,차대차,127.06225465,37.61117896,2014-10-09 16:00:00
2014,10,06,20,야간,월,서울,영등포구,차대사람,126.92303029,37.52296069,2014-10-06 20:00:00
2014,11,29,04,야간,토,서울,영등포구,차대사람,126.92192189,37.52434335,2014-11-29 04:00:00
2014,12,12,21,야간,금,서울,동대문구,차대차,127.06692916,37.56510135,2014-12-12 21:00:00
2014,12,14,07,주간,일,서울,성동구,차대사람,127.03130833,37.56657873,2014-12-14 07:00:00
2014,12,20,21,야간,토,서울,은평구,차대차,126.93654702,37.65008815,2014-12-20 21:00:00
2014,11,24,22,야간,월,서울,강서구,차대사람,126.81238724,37.561054,2014-11-24 22:00:00
2014,11,27,11,주간,목,서울,양천구,차대사람,126.84576053,37.52281932,2014-11-27 11:00:00
2014,12,08,04,야간,월,서울,강북구,차대사람,127.02689872,37.62458967,2014-12-08 04:00:00
2014,12,16,21,야간,화,서울,마포구,차대사람,126.9237087,37.55686373,2014-12-16 21:00:00
2014,12,26,07,주간,금,서울,노원구,차대사람,127.05440547,37.6202261,2014-12-26 07:00:00
2014,12,25,02,야간,목,서울,중구,차량단독,126.98918768,37.56123026,2014-12-25 02:00:00
2014,12,24,21,야간,수,서울,도봉구,차대사람,127.04524395,37.68063477,2014-12-24 21:00:00
2014,10,26,16,주간,일,서울,관악구,차대사람,126.96238672,37.47768199,2014-10-26 16:00:00
2014,10,26,05,야간,일,서울,서대문구,차대차,126.94702772,37.56661965,2014-10-26 05:00:00
2013,06,08,05,야간,토,서울,서대문구,차량단독,126.90854016,37.57225849,2013-06-08 05:00:00
2014,04,24,05,야간,목,서울,마포구,차량단독,126.86401537,37.57334026,2014-04-24 05:00:00
2014,05,02,09,주간,금,서울,강서구,차대차,126.84190659,37.55830189,2014-05-02 09:00:00
2014,04,10,07,주간,목,서울,노원구,차대차,127.05985138,37.65750788,2014-04-10 07:00:00
2013,06,07,14,주간,금,서울,동대문구,차대사람,127.05877039,37.58915516,2013-06-07 14:00:00
2014,10,27,09,주간,월,서울,영등포구,차대사람,126.8930604,37.52053907,2014-10-27 09:00:00
2014,10,22,10,주간,수,서울,중랑구,차대차,127.0960074,37.61432064,2014-10-22 10:00:00
2014,10,31,00,야간,금,서울,금천구,차대사람,126.89848996,37.47569745,2014-10-31 00:00:00
2014,10,30,02,야간,목,서울,동대문구,차량단독,127.06898661,37.59122995,2014-10-30 02:00:00
2014,11,11,13,주간,화,서울,강서구,차대사람,126.80052141,37.57920034,2014-11-11 13:00:00
2014,10,09,02,야간,목,서울,강동구,차대사람,127.13549965,37.53785068,2014-10-09 02:00:00
2014,10,13,04,야간,월,서울,종로구,차대사람,126.95879585,37.60686507,2014-10-13 04:00:00
2014,09,01,09,주간,월,서울,구로구,차대차,126.87975619,37.51323211,2014-09-01 09:00:00
2014,01,08,01,야간,수,서울,양천구,차대사람,126.83141504,37.5248932,2014-01-08 01:00:00
2014,01,06,19,야간,월,서울,구로구,차대사람,126.90170738,37.48323741,2014-01-06 19:00:00
2014,01,01,05,야간,수,서울,영등포구,차대차,126.89250941,37.54382709,2014-01-01 05:00:00
2014,01,16,04,야간,목,서울,도봉구,차대사람,127.03003684,37.64812713,2014-01-16 04:00:00
2014,01,10,06,주간,금,서울,광진구,차대사람,127.08169817,37.55637544,2014-01-10 06:00:00
2014,01,23,11,주간,목,서울,영등포구,차대사람,126.91703522,37.511832,2014-01-23 11:00:00
2014,11,05,11,주간,수,서울,강동구,차대사람,127.1449785,37.53685202,2014-11-05 11:00:00
2014,11,03,06,주간,월,서울,송파구,차대차,127.12134096,37.533065,2014-11-03 06:00:00
2014,09,13,05,야간,토,서울,강남구,차대사람,127.03826547,37.51628362,2014-09-13 05:00:00
2014,09,11,06,주간,목,서울,강북구,차대사람,127.0415429,37.63075766,2014-09-11 06:00:00
2014,09,09,19,야간,화,서울,동작구,차대사람,126.91145098,37.49514369,2014-09-09 19:00:00
2014,08,29,06,주간,금,서울,은평구,차대사람,126.9107198,37.60749107,2014-08-29 06:00:00
2014,09,05,09,주간,금,서울,송파구,차대사람,127.1101835,37.51300954,2014-09-05 09:00:00
2014,09,26,03,야간,금,서울,중구,차대차,126.99891025,37.54654387,2014-09-26 03:00:00
2014,12,30,02,야간,화,서울,종로구,차대차,126.97035832,37.56920533,2014-12-30 02:00:00
2014,06,05,06,주간,목,서울,송파구,차대차,127.12464097,37.50920756,2014-06-05 06:00:00
2014,06,10,17,주간,화,서울,영등포구,차대차,126.89268835,37.521763,2014-06-10 17:00:00
2014,05,19,13,주간,월,서울,서초구,차대차,127.0187576,37.4632869,2014-05-19 13:00:00
2014,07,17,10,주간,목,서울,노원구,차대차,127.06387695,37.64573335,2014-07-17 10:00:00
2014,01,01,07,주간,수,서울,송파구,차대차,127.10195014,37.49942563,2014-01-01 07:00:00
2014,07,13,02,야간,일,서울,용산구,차대차,127.00776907,37.53353857,2014-07-13 02:00:00
2014,07,12,04,야간,토,서울,마포구,차대사람,126.9494889,37.54453012,2014-07-12 04:00:00
2014,07,18,09,주간,금,서울,서초구,차대사람,127.00445913,37.48979093,2014-07-18 09:00:00
2014,07,19,18,야간,토,서울,금천구,차대차,126.90362824,37.46669189,2014-07-19 18:00:00
2014,07,16,00,야간,수,서울,관악구,차대차,126.93885607,37.46485439,2014-07-16 00:00:00
2014,02,14,06,주간,금,서울,성북구,차대사람,127.06371231,37.60991347,2014-02-14 06:00:00
2014,06,06,11,주간,금,서울,강남구,차대사람,127.06609104,37.49088966,2014-06-06 11:00:00
2014,06,11,00,야간,수,서울,강남구,차대사람,127.06458671,37.47916642,2014-06-11 00:00:00
2014,02,22,00,야간,토,서울,중구,차대사람,126.98771809,37.5658478,2014-02-22 00:00:00
2014,01,17,07,주간,금,서울,관악구,차대사람,126.9133866,37.48703931,2014-01-17 07:00:00
2014,06,08,01,야간,일,서울,용산구,차대사람,126.96376443,37.52069197,2014-06-08 01:00:00
2014,05,19,09,주간,월,서울,송파구,차대차,127.13943676,37.50298018,2014-05-19 09:00:00
2014,05,23,02,야간,금,서울,서대문구,차대사람,126.95158082,37.55720379,2014-05-23 02:00:00
2014,08,05,19,야간,화,서울,구로구,차대사람,126.82664278,37.49805096,2014-08-05 19:00:00
2014,08,19,12,주간,화,서울,용산구,차대차,126.99541326,37.53631667,2014-08-19 12:00:00
2014,08,04,16,주간,월,서울,강남구,차대사람,127.08069403,37.49104154,2014-08-04 16:00:00
2014,08,04,12,주간,월,서울,송파구,차대차,127.09075074,37.50757171,2014-08-04 12:00:00
2014,05,29,12,주간,목,서울,용산구,차대차,126.98834883,37.54481305,2014-05-29 12:00:00
2014,06,23,01,야간,월,서울,은평구,차대차,126.89534598,37.5822389,2014-06-23 01:00:00
2014,07,01,01,야간,화,서울,종로구,차량단독,127.01524264,37.5784567,2014-07-01 01:00:00
2014,07,13,13,주간,일,서울,금천구,차대사람,126.90599052,37.44110513,2014-07-13 13:00:00
2014,02,13,02,야간,목,서울,영등포구,차대사람,126.90685301,37.51651701,2014-02-13 02:00:00
2014,02,13,12,주간,목,서울,용산구,차대차,126.96610775,37.5380446,2014-02-13 12:00:00
2014,02,12,05,야간,수,서울,성북구,차대차,127.00289648,37.58722051,2014-02-12 05:00:00
2014,07,05,21,야간,토,서울,도봉구,차대사람,127.03492574,37.65125612,2014-07-05 21:00:00
2014,07,04,01,야간,금,서울,송파구,차대사람,127.11025669,37.50763768,2014-07-04 01:00:00
2014,01,13,07,주간,월,서울,동대문구,차대사람,127.05231,37.59172671,2014-01-13 07:00:00
2014,05,17,05,야간,토,서울,동대문구,차대사람,127.02781243,37.57685819,2014-05-17 05:00:00
2014,05,17,06,주간,토,서울,관악구,차대차,126.9368987,37.47102841,2014-05-17 06:00:00
2014,06,13,15,주간,금,서울,구로구,차대사람,126.85614237,37.48805718,2014-06-13 15:00:00
2014,01,07,04,야간,화,서울,강동구,차대사람,127.12427714,37.54115053,2014-01-07 04:00:00
2014,01,06,06,주간,월,서울,송파구,차대사람,127.1116361,37.52310954,2014-01-06 06:00:00
2014,01,13,15,주간,월,서울,노원구,차대사람,127.07264921,37.64004195,2014-01-13 15:00:00
2014,01,13,04,야간,월,서울,성동구,차대차,127.04072021,37.53856567,2014-01-13 04:00:00
2014,01,20,21,야간,월,서울,중랑구,차대차,127.08606761,37.57084851,2014-01-20 21:00:00
2014,01,25,22,야간,토,서울,구로구,차대사람,126.89012413,37.51006828,2014-01-25 22:00:00
2014,06,11,03,야간,수,서울,동대문구,차대사람,127.05450478,37.56556889,2014-06-11 03:00:00
2014,06,20,07,주간,금,서울,광진구,차대차,127.09070026,37.54995331,2014-06-20 07:00:00
2014,06,22,04,야간,일,서울,강서구,차대사람,126.85444195,37.55940764,2014-06-22 04:00:00
2014,06,20,08,주간,금,서울,성북구,차대사람,127.0286858,37.58203541,2014-06-20 08:00:00
2014,01,30,05,야간,목,서울,성동구,차량단독,127.03890334,37.54318253,2014-01-30 05:00:00
2014,06,12,07,주간,목,서울,동대문구,차대차,127.03302312,37.57086512,2014-06-12 07:00:00
2014,01,04,04,야간,토,서울,용산구,차대사람,127.00443945,37.52699885,2014-01-04 04:00:00
2014,02,22,07,주간,토,서울,종로구,차대차,126.96107409,37.57232433,2014-02-22 07:00:00
2014,05,26,23,야간,월,서울,금천구,차대사람,126.92101273,37.45302358,2014-05-26 23:00:00
2014,02,08,04,야간,토,서울,도봉구,차대사람,127.04290737,37.66590697,2014-02-08 04:00:00
2014,02,05,07,주간,수,서울,구로구,차대사람,126.85973157,37.49692798,2014-02-05 07:00:00
2014,06,17,04,야간,화,서울,성북구,차대차,127.04592719,37.61873361,2014-06-17 04:00:00
2014,06,14,02,야간,토,서울,강남구,차대사람,127.05654776,37.52080638,2014-06-14 02:00:00
2014,01,06,05,야간,월,서울,강동구,차대사람,127.17277402,37.55070503,2014-01-06 05:00:00
2014,01,09,17,주간,목,서울,서초구,차대사람,127.01303544,37.45741902,2014-01-09 17:00:00
2014,02,03,20,야간,월,서울,구로구,차대사람,126.89108957,37.48035561,2014-02-03 20:00:00
2014,02,15,16,주간,토,서울,성동구,차대차,127.02569605,37.55520832,2014-02-15 16:00:00
2014,06,21,04,야간,토,서울,강북구,차대차,127.0443393,37.61897986,2014-06-21 04:00:00
2014,05,10,03,야간,토,서울,강서구,차대차,126.83768932,37.57042838,2014-05-10 03:00:00
2014,05,14,16,주간,수,서울,중랑구,차대사람,127.08350533,37.5957888,2014-05-14 16:00:00
2014,01,09,12,주간,목,서울,마포구,차대사람,126.95575149,37.55195922,2014-01-09 12:00:00
2014,07,25,01,야간,금,서울,용산구,차대사람,126.97613856,37.53451116,2014-07-25 01:00:00
2014,07,21,16,주간,월,서울,동대문구,차대차,127.03041129,37.57779694,2014-07-21 16:00:00
2014,08,02,05,야간,토,서울,관악구,차대차,126.92266263,37.48988822,2014-08-02 05:00:00
2014,08,06,01,야간,수,서울,종로구,차대사람,127.0124303,37.5720726,2014-08-06 01:00:00
2014,07,13,07,주간,일,서울,구로구,차대차,126.88670182,37.48165791,2014-07-13 07:00:00
2014,07,26,04,야간,토,서울,동대문구,차대사람,127.06518596,37.57084555,2014-07-26 04:00:00
2014,05,25,18,야간,일,서울,강서구,차대차,126.84670384,37.56127592,2014-05-25 18:00:00
2014,06,06,00,야간,금,서울,송파구,차대차,127.1245494,37.46873606,2014-06-06 00:00:00
2014,06,02,13,주간,월,서울,영등포구,차대사람,126.90994541,37.51755103,2014-06-02 13:00:00
2014,06,16,15,주간,월,서울,강서구,차대사람,126.80383209,37.59096433,2014-06-16 15:00:00
2014,05,28,12,주간,수,서울,송파구,차대사람,127.12564134,37.50827332,2014-05-28 12:00:00
2014,05,29,07,주간,목,서울,마포구,차대차,126.8860346,37.5796761,2014-05-29 07:00:00
2014,06,02,12,주간,월,서울,강동구,차대차,127.14964297,37.53179131,2014-06-02 12:00:00
2014,07,18,20,야간,금,서울,동작구,차대사람,126.90748832,37.49054229,2014-07-18 20:00:00
2014,08,07,13,주간,목,서울,중랑구,차대차,127.07674069,37.61411611,2014-08-07 13:00:00
2014,07,11,01,야간,금,서울,강남구,차대사람,127.05162155,37.49869549,2014-07-11 01:00:00
2014,08,08,10,주간,금,서울,도봉구,차대사람,127.04358039,37.67635603,2014-08-08 10:00:00
2014,07,05,11,주간,토,서울,강북구,차대차,127.03119332,37.63727062,2014-07-05 11:00:00
2014,06,24,11,주간,화,서울,종로구,차대사람,127.00338842,37.57625321,2014-06-24 11:00:00
2014,07,22,05,야간,화,서울,마포구,차대사람,126.93460835,37.55371394,2014-07-22 05:00:00
2014,07,29,07,주간,화,서울,구로구,차대차,126.89412228,37.48296711,2014-07-29 07:00:00
2014,05,19,00,야간,월,서울,종로구,차대사람,126.98892169,37.57033271,2014-05-19 00:00:00
2014,05,20,23,야간,화,서울,은평구,차대사람,126.89240013,37.58377408,2014-05-20 23:00:00
2014,05,31,13,주간,토,서울,성동구,차량단독,127.03054147,37.54983761,2014-05-31 13:00:00
2014,08,14,13,주간,목,서울,강서구,차대차,126.86367986,37.55154399,2014-08-14 13:00:00
2014,08,12,03,야간,화,서울,종로구,차대사람,126.99916666,37.57081828,2014-08-12 03:00:00
2014,07,13,07,주간,일,서울,강북구,차대차,127.02825317,37.63620434,2014-07-13 07:00:00
2014,08,19,03,야간,화,서울,광진구,차대사람,127.08195417,37.55635291,2014-08-19 03:00:00
2014,05,15,15,주간,목,서울,강남구,차대사람,127.03173943,37.51395947,2014-05-15 15:00:00
2014,07,24,12,주간,목,서울,서초구,차대차,126.9818179,37.47595707,2014-07-24 12:00:00
2014,08,13,18,야간,수,서울,강서구,차대사람,126.81148079,37.56481632,2014-08-13 18:00:00
2014,07,09,22,야간,수,서울,관악구,차대사람,126.9241236,37.48671357,2014-07-09 22:00:00
2014,06,08,22,야간,일,서울,동대문구,차대사람,127.075132,37.56824081,2014-06-08 22:00:00
2014,05,30,02,야간,금,서울,관악구,차량단독,126.92000579,37.46921609,2014-05-30 02:00:00
2014,07,10,11,주간,목,서울,동작구,차대사람,126.93944566,37.50551744,2014-07-10 11:00:00
2014,07,31,20,야간,목,서울,강서구,차대차,126.84160601,37.57058549,2014-07-31 20:00:00
2014,06,09,07,주간,월,서울,은평구,차대차,126.91976219,37.62335435,2014-06-09 07:00:00
2014,05,09,13,주간,금,서울,강서구,차대차,126.81313466,37.56104032,2014-05-09 13:00:00
2014,05,15,17,주간,목,서울,관악구,차대차,126.92451816,37.48364276,2014-05-15 17:00:00
2014,08,12,01,야간,화,서울,영등포구,차대사람,126.91467971,37.51976217,2014-08-12 01:00:00
2014,07,24,21,야간,목,서울,도봉구,차대차,127.04582662,37.68736996,2014-07-24 21:00:00
2014,07,21,16,주간,월,서울,용산구,차량단독,126.98309873,37.51985879,2014-07-21 16:00:00
2014,07,30,03,야간,수,서울,성동구,차량단독,127.06962015,37.55594445,2014-07-30 03:00:00
2014,08,09,02,야간,토,서울,동작구,차대차,126.95335912,37.51523615,2014-08-09 02:00:00
2014,07,02,04,야간,수,서울,서대문구,차대사람,126.93065815,37.56310772,2014-07-02 04:00:00
2014,05,20,07,주간,화,서울,성북구,차대사람,127.05106706,37.61572477,2014-05-20 07:00:00
2014,05,27,04,야간,화,서울,강남구,차대사람,127.02624489,37.50066957,2014-05-27 04:00:00
2014,06,22,15,주간,일,서울,중랑구,차대차,127.0787238,37.60603815,2014-06-22 15:00:00
2014,05,15,05,야간,목,서울,성북구,차대사람,127.02578936,37.60477374,2014-05-15 05:00:00
2014,05,25,23,야간,일,서울,은평구,차대사람,126.9015622,37.57819652,2014-05-25 23:00:00
2014,06,15,03,야간,일,서울,송파구,차량단독,127.13732846,37.49677236,2014-06-15 03:00:00
2014,06,15,11,주간,일,서울,양천구,차대차,126.8535465,37.51887823,2014-06-15 11:00:00
2014,05,09,21,야간,금,서울,동대문구,차대사람,127.05625446,37.58824077,2014-05-09 21:00:00
2014,05,14,09,주간,수,서울,도봉구,차대사람,127.02874356,37.6446969,2014-05-14 09:00:00
2014,07,02,03,야간,수,서울,강동구,차대차,127.12241731,37.52610997,2014-07-02 03:00:00
2015,01,01,05,야,목,서울,영등포구,차대차,126.928799,37.51442589,2015-01-01 05:00:00
2015,01,03,00,야,토,서울,서대문구,차대사람,126.9630803,37.55992824,2015-01-03 00:00:00
2015,01,04,00,야,일,서울,관악구,차대사람,126.9524051,37.48008785,2015-01-04 00:00:00
2015,01,05,03,야,월,서울,구로구,차량단독,126.8407559,37.48452015,2015-01-05 03:00:00
2015,01,05,20,야,월,서울,구로구,차대사람,126.8450626,37.49649604,2015-01-05 20:00:00
2015,01,06,05,야,화,서울,용산구,차대사람,126.9778201,37.54820111,2015-01-06 05:00:00
2015,01,06,12,주,화,서울,성북구,차대차,126.9949612,37.60999981,2015-01-06 12:00:00
2015,01,06,21,야,화,서울,영등포구,차대사람,126.9086183,37.49930101,2015-01-06 21:00:00
2015,01,07,21,야,수,서울,서초구,차대사람,126.9824632,37.4857036,2015-01-07 21:00:00
2015,01,09,20,야,금,서울,중구,차대사람,126.9958365,37.56423328,2015-01-09 20:00:00
2015,01,10,02,야,토,서울,송파구,차대사람,127.1002465,37.51340898,2015-01-10 02:00:00
2015,01,10,03,야,토,서울,구로구,차대사람,126.8777451,37.50468574,2015-01-10 03:00:00
2015,01,10,21,야,토,서울,성동구,차대사람,127.034594,37.54078605,2015-01-10 21:00:00
2015,01,11,02,야,일,서울,성북구,차대차,127.0551117,37.61256826,2015-01-11 02:00:00
2015,01,13,08,주,화,서울,관악구,차대차,126.9434704,37.48306565,2015-01-13 08:00:00
2015,01,14,04,야,수,서울,강동구,차대차,127.1285737,37.52388511,2015-01-14 04:00:00
2015,01,15,20,야,목,서울,서대문구,차대사람,126.9253906,37.56637211,2015-01-15 20:00:00
2015,01,16,14,주,금,서울,영등포구,차대차,126.9095954,37.51889229,2015-01-16 14:00:00
2015,01,16,15,주,금,서울,영등포구,차대사람,126.9188712,37.52662682,2015-01-16 15:00:00
2015,01,16,22,야,금,서울,영등포구,차대사람,126.8991828,37.52729174,2015-01-16 22:00:00
2015,01,17,01,야,토,서울,서초구,차대사람,126.9987576,37.47968066,2015-01-17 01:00:00
2015,01,17,11,주,토,서울,구로구,차대사람,126.8623821,37.49653671,2015-01-17 11:00:00
2015,01,17,16,주,토,서울,동대문구,차대사람,127.0646519,37.59450395,2015-01-17 16:00:00
2015,01,17,17,주,토,서울,금천구,차대사람,126.8870883,37.45649401,2015-01-17 17:00:00
2015,01,18,03,야,일,서울,용산구,차량단독,126.9871749,37.53474077,2015-01-18 03:00:00
2015,01,19,10,주,월,서울,은평구,차대사람,126.9204529,37.60152734,2015-01-19 10:00:00
2015,01,19,23,야,월,서울,강북구,차대사람,127.0210496,37.61954561,2015-01-19 23:00:00
2015,01,20,04,야,화,서울,강동구,차대사람,127.1426825,37.53410497,2015-01-20 04:00:00
2015,01,20,06,주,화,서울,금천구,차대사람,126.9052674,37.45819131,2015-01-20 06:00:00
2015,01,22,06,주,목,서울,강남구,차대사람,127.1023688,37.48683231,2015-01-22 06:00:00
2015,01,27,04,야,화,서울,동대문구,차량단독,127.064569,37.56983377,2015-01-27 04:00:00
2015,01,28,07,주,수,서울,성북구,차대사람,127.0578547,37.61566026,2015-01-28 07:00:00
2015,01,28,16,주,수,서울,성북구,차대사람,127.0568749,37.61654891,2015-01-28 16:00:00
2015,01,29,02,야,목,서울,구로구,차대차,126.8449381,37.50427401,2015-01-29 02:00:00
2015,01,29,11,주,목,서울,동대문구,차대차,127.0571679,37.57095095,2015-01-29 11:00:00
2015,01,29,20,야,목,서울,광진구,차대차,127.1079119,37.54922754,2015-01-29 20:00:00
2015,01,31,23,야,토,서울,금천구,차대사람,126.9033607,37.47473967,2015-01-31 23:00:00
2015,02,01,09,주,일,서울,노원구,차대사람,127.0712238,37.63759415,2015-02-01 09:00:00
2015,02,01,13,주,일,서울,동대문구,차대사람,127.0406506,37.58126235,2015-02-01 13:00:00
2015,02,04,17,주,수,서울,관악구,차대사람,126.9302652,37.48826664,2015-02-04 17:00:00
2015,02,05,15,주,목,서울,송파구,차대사람,127.114521,37.52987917,2015-02-05 15:00:00
2015,02,05,20,야,목,서울,강남구,차대사람,127.0184615,37.51999925,2015-02-05 20:00:00
2015,02,07,04,야,토,서울,영등포구,차대차,126.9166223,37.51749406,2015-02-07 04:00:00
2015,02,07,13,주,토,서울,종로구,차대사람,126.9983512,37.58602953,2015-02-07 13:00:00
2015,02,08,06,주,일,서울,강남구,차대차,127.0493881,37.48857013,2015-02-08 06:00:00
2015,02,09,07,주,월,서울,은평구,차대사람,126.9123792,37.58665136,2015-02-09 07:00:00
2015,02,10,04,야,화,서울,구로구,차대사람,126.8563337,37.48685041,2015-02-10 04:00:00
2015,02,11,18,야,수,서울,강북구,차대사람,127.0250479,37.62943955,2015-02-11 18:00:00
2015,02,13,20,야,금,서울,동대문구,차대사람,127.0533424,37.5743887,2015-02-13 20:00:00
2015,02,15,00,야,일,서울,도봉구,차대사람,127.0346376,37.64838873,2015-02-15 00:00:00
2015,02,17,09,주,화,서울,노원구,차대차,127.0541828,37.67077226,2015-02-17 09:00:00
2015,02,18,08,주,수,서울,영등포구,차대사람,126.8854126,37.52166227,2015-02-18 08:00:00
2015,02,18,19,야,수,서울,영등포구,차대사람,126.9093585,37.50587558,2015-02-18 19:00:00
2015,02,19,02,야,목,서울,성동구,차대차,127.0222635,37.555537,2015-02-19 02:00:00
2015,02,19,15,주,목,서울,강북구,차대차,127.0279481,37.6217186,2015-02-19 15:00:00
2015,02,21,06,주,토,서울,서대문구,차대사람,126.965596,37.56691247,2015-02-21 06:00:00
2015,02,21,20,야,토,서울,영등포구,차대차,126.8801093,37.52389694,2015-02-21 20:00:00
2015,02,23,21,야,월,서울,은평구,차대사람,126.9129336,37.58816838,2015-02-23 21:00:00
2015,02,24,20,야,화,서울,성북구,차대사람,127.0499067,37.6164955,2015-02-24 20:00:00
2015,02,24,21,야,화,서울,광진구,차대차,127.111186,37.55313221,2015-02-24 21:00:00
2015,02,25,03,야,수,서울,용산구,차대차,126.9768528,37.51652332,2015-02-25 03:00:00
2015,02,26,22,야,목,서울,구로구,차대사람,126.892393,37.48141691,2015-02-26 22:00:00
2015,02,28,15,주,토,서울,강북구,차대사람,127.0124472,37.62503559,2015-02-28 15:00:00
2015,03,02,00,야,월,서울,용산구,차대사람,126.969821,37.54914793,2015-03-02 00:00:00
2015,03,02,10,주,월,서울,송파구,차대사람,127.1261501,37.49927935,2015-03-02 10:00:00
2015,03,07,03,야,토,서울,강동구,차량단독,127.1200239,37.54057808,2015-03-07 03:00:00
2015,03,08,01,야,일,서울,강남구,차대사람,127.0331826,37.52624165,2015-03-08 01:00:00
2015,03,09,13,주,월,서울,강남구,차대사람,127.0529895,37.5045505,2015-03-09 13:00:00
2015,03,11,00,야,수,서울,강남구,차량단독,127.0753149,37.48609188,2015-03-11 00:00:00
2015,03,14,17,주,토,서울,강동구,차대사람,127.1348826,37.5367311,2015-03-14 17:00:00
2015,03,17,05,야,화,서울,마포구,차대차,126.8616072,37.57022665,2015-03-17 05:00:00
2015,03,20,04,야,금,서울,강남구,차대사람,127.0536886,37.4808059,2015-03-20 04:00:00
2015,03,20,20,야,금,서울,강북구,차대사람,127.0120494,37.65814004,2015-03-20 20:00:00
2015,03,22,01,야,일,서울,강북구,차대차,127.026842,37.61745083,2015-03-22 01:00:00
2015,03,23,03,야,월,서울,강북구,차대차,127.0283851,37.63505115,2015-03-23 03:00:00
2015,03,23,06,주,월,서울,성동구,차대차,127.0554103,37.54466997,2015-03-23 06:00:00
2015,03,23,17,주,월,서울,영등포구,차대차,126.9070338,37.51941126,2015-03-23 17:00:00
2015,03,23,19,야,월,서울,강북구,차대사람,127.0099423,37.65960949,2015-03-23 19:00:00
2015,03,24,05,야,화,서울,영등포구,차대차,126.9121127,37.52544866,2015-03-24 05:00:00
2015,03,25,23,야,수,서울,동작구,차대차,126.9376444,37.51638821,2015-03-25 23:00:00
2015,03,26,01,야,목,서울,중랑구,차대차,127.0859938,37.59644653,2015-03-26 01:00:00
2015,03,26,04,야,목,서울,강남구,차대사람,127.0526724,37.51407665,2015-03-26 04:00:00
2015,03,26,15,주,목,서울,마포구,차대차,126.9202245,37.56525622,2015-03-26 15:00:00
2015,03,26,16,주,목,서울,용산구,차대사람,126.9725636,37.55354978,2015-03-26 16:00:00
2015,03,26,18,야,목,서울,강서구,차대사람,126.8686609,37.54888472,2015-03-26 18:00:00
2015,03,27,04,야,금,서울,송파구,차대사람,127.1008255,37.51346592,2015-03-27 04:00:00
2015,03,28,01,야,토,서울,마포구,차대사람,126.9345556,37.55379751,2015-03-28 01:00:00
2015,03,29,12,주,일,서울,동대문구,차대차,127.0577523,37.59276574,2015-03-29 12:00:00
2015,03,29,19,야,일,서울,노원구,차대차,127.0650838,37.64288056,2015-03-29 19:00:00
2015,03,29,23,야,일,서울,마포구,차량단독,126.8939911,37.55935587,2015-03-29 23:00:00
2015,03,31,21,야,화,서울,마포구,차대사람,126.899689,37.56606394,2015-03-31 21:00:00
2015,04,01,21,야,수,서울,구로구,차대사람,126.8562381,37.48771609,2015-04-01 21:00:00
2015,04,02,00,야,목,서울,강동구,차대사람,127.1323412,37.54022949,2015-04-02 00:00:00
2015,04,02,22,야,목,서울,서초구,차대사람,127.0349948,37.4835154,2015-04-02 22:00:00
2015,04,04,04,야,토,서울,동대문구,차대차,127.0576251,37.57597318,2015-04-04 04:00:00
2015,04,07,10,주,화,서울,동대문구,차대차,127.0571422,37.57720621,2015-04-07 10:00:00
2015,04,09,08,주,목,서울,은평구,차대차,126.9357539,37.60056495,2015-04-09 08:00:00
2015,04,09,14,주,목,서울,노원구,차대차,127.0641268,37.6281852,2015-04-09 14:00:00
2015,04,11,04,야,토,서울,은평구,차대사람,126.915393,37.6053511,2015-04-11 04:00:00
2015,04,13,02,야,월,서울,서대문구,차량단독,126.9630401,37.57278666,2015-04-13 02:00:00
2015,04,14,13,주,화,서울,강남구,차대사람,127.0985829,37.49020232,2015-04-14 13:00:00
2015,04,15,21,야,수,서울,강동구,차량단독,127.1701379,37.55544783,2015-04-15 21:00:00
2015,04,17,01,야,금,서울,서초구,차량단독,127.0180354,37.51938459,2015-04-17 01:00:00
2015,04,17,05,야,금,서울,영등포구,차대사람,126.9044422,37.50234463,2015-04-17 05:00:00
2015,04,17,08,주,금,서울,강동구,차대차,127.1244895,37.55296796,2015-04-17 08:00:00
2015,04,17,20,야,금,서울,서초구,차량단독,127.0372562,37.45979139,2015-04-17 20:00:00
2015,04,17,23,야,금,서울,강서구,차대사람,126.8521316,37.56339694,2015-04-17 23:00:00
2015,04,18,04,야,토,서울,도봉구,차대차,127.0439375,37.6513544,2015-04-18 04:00:00
2015,04,18,13,주,토,서울,마포구,차대사람,126.9201861,37.56435469,2015-04-18 13:00:00
2015,04,20,13,주,월,서울,서대문구,차대사람,126.9417508,37.59092208,2015-04-20 13:00:00
2015,04,20,14,주,월,서울,구로구,차대차,126.901464,37.48284229,2015-04-20 14:00:00
2015,04,20,15,주,월,서울,광진구,차대차,127.0766792,37.56496546,2015-04-20 15:00:00
2015,04,24,01,야,금,서울,송파구,차대차,127.1340288,37.49833055,2015-04-24 01:00:00
2015,04,24,14,주,금,서울,용산구,차대차,126.9939071,37.52134776,2015-04-24 14:00:00
2015,04,25,20,야,토,서울,양천구,차대사람,126.8793531,37.5468593,2015-04-25 20:00:00
2015,04,26,20,야,일,서울,강북구,차대사람,127.011609,37.64576289,2015-04-26 20:00:00
2015,04,28,12,주,화,서울,양천구,차대차,126.8753753,37.55416626,2015-04-28 12:00:00
2015,04,29,01,야,수,서울,서초구,차대사람,127.0727496,37.45786091,2015-04-29 01:00:00
2015,05,02,02,야,토,서울,강남구,차량단독,127.049231,37.48421054,2015-05-02 02:00:00
2015,05,05,00,야,화,서울,광진구,차대차,127.0969966,37.54749624,2015-05-05 00:00:00
2015,05,06,19,야,수,서울,성북구,차대차,127.0009008,37.60790692,2015-05-06 19:00:00
2015,05,07,17,주,목,서울,광진구,차대사람,127.0861652,37.56958696,2015-05-07 17:00:00
2015,05,07,20,야,목,서울,용산구,차대사람,126.9677891,37.5298553,2015-05-07 20:00:00
2015,05,08,08,주,금,서울,성북구,차대차,127.0353008,37.59648316,2015-05-08 08:00:00
2015,05,09,15,주,토,서울,강서구,차대사람,126.8436082,37.5592127,2015-05-09 15:00:00
2015,05,09,17,주,토,서울,중랑구,차량단독,127.0941914,37.58046707,2015-05-09 17:00:00
2015,05,10,06,주,일,서울,구로구,차대사람,126.8934557,37.47868225,2015-05-10 06:00:00
2015,05,10,08,주,일,서울,노원구,차량단독,127.0625366,37.61527211,2015-05-10 08:00:00
2015,05,11,17,주,월,서울,도봉구,차대사람,127.0288323,37.66294028,2015-05-11 17:00:00
2015,05,12,03,야,화,서울,마포구,차량단독,126.922227,37.54347148,2015-05-12 03:00:00
2015,05,12,23,야,화,서울,금천구,차대사람,126.9030321,37.434988,2015-05-12 23:00:00
2015,05,13,02,야,수,서울,관악구,차대사람,126.9512726,37.48647322,2015-05-13 02:00:00
2015,05,16,02,야,토,서울,광진구,차대사람,127.0869469,37.56336137,2015-05-16 02:00:00
2015,05,16,16,주,토,서울,중랑구,차량단독,127.0940355,37.58415305,2015-05-16 16:00:00
2015,05,20,20,야,수,서울,성북구,차대사람,127.022233,37.60231856,2015-05-20 20:00:00
2015,05,21,04,야,목,서울,서대문구,차대사람,126.9133181,37.58247381,2015-05-21 04:00:00
2015,05,21,10,주,목,서울,송파구,차대사람,127.1164769,37.49492181,2015-05-21 10:00:00
2015,05,21,12,주,목,서울,구로구,차대차,126.888976,37.50239183,2015-05-21 12:00:00
2015,05,21,16,주,목,서울,노원구,차량단독,127.0953096,37.62640526,2015-05-21 16:00:00
2015,05,22,13,주,금,서울,성북구,차대사람,127.0135442,37.61146594,2015-05-22 13:00:00
2015,05,24,01,야,일,서울,노원구,차대차,127.0525459,37.62610482,2015-05-24 01:00:00
2015,05,25,21,야,월,서울,마포구,차대차,126.9350731,37.55423264,2015-05-25 21:00:00
2015,05,26,06,주,화,서울,강동구,차대사람,127.1699104,37.54544216,2015-05-26 06:00:00
2015,05,26,22,야,화,서울,동작구,차대차,126.9443813,37.50516219,2015-05-26 22:00:00
2015,05,26,22,야,화,서울,구로구,차대사람,126.8926059,37.47886717,2015-05-26 22:00:00
2015,05,27,13,주,수,서울,양천구,차량단독,126.8776573,37.51662818,2015-05-27 13:00:00
2015,05,28,06,주,목,서울,성북구,차대사람,127.0136045,37.60220039,2015-05-28 06:00:00
2015,05,31,06,주,일,서울,중랑구,차대차,127.0717469,37.59778377,2015-05-31 06:00:00
2015,05,31,08,주,일,서울,강동구,차대사람,127.1256935,37.54540041,2015-05-31 08:00:00
2015,06,03,01,야,수,서울,관악구,차대차,126.9367423,37.47077529,2015-06-03 01:00:00
2015,06,04,17,주,목,서울,양천구,차대차,126.8691601,37.53666514,2015-06-04 17:00:00
2015,06,05,16,주,금,서울,성북구,차대사람,127.0194195,37.59465293,2015-06-05 16:00:00
2015,06,06,03,야,토,서울,광진구,차대사람,127.0671675,37.53563702,2015-06-06 03:00:00
2015,06,06,15,주,토,서울,중랑구,차대차,127.0961364,37.6103714,2015-06-06 15:00:00
2015,06,07,02,야,일,서울,도봉구,차대사람,127.039617,37.65158097,2015-06-07 02:00:00
2015,06,07,23,야,일,서울,도봉구,차량단독,127.0542265,37.64259667,2015-06-07 23:00:00
2015,06,08,04,야,월,서울,동작구,차량단독,126.9458305,37.50502478,2015-06-08 04:00:00
2015,06,08,04,야,월,서울,양천구,차량단독,126.8257971,37.5354701,2015-06-08 04:00:00
2015,06,08,11,주,월,서울,도봉구,차대사람,127.0452789,37.67118894,2015-06-08 11:00:00
2015,06,11,04,야,목,서울,송파구,차대사람,127.1223301,37.51422979,2015-06-11 04:00:00
2015,06,11,05,야,목,서울,양천구,차대차,126.8640535,37.52994975,2015-06-11 05:00:00
2015,06,12,04,야,금,서울,영등포구,차대사람,126.8978058,37.48766398,2015-06-12 04:00:00
2015,06,15,13,주,월,서울,중랑구,차대사람,127.0931751,37.59449755,2015-06-15 13:00:00
2015,06,15,17,주,월,서울,은평구,차대사람,126.8938223,37.5829792,2015-06-15 17:00:00
2015,06,17,10,주,수,서울,은평구,차대차,126.8864103,37.58771801,2015-06-17 10:00:00
2015,06,19,11,주,금,서울,용산구,차대차,126.9720171,37.54435358,2015-06-19 11:00:00
2015,06,20,01,야,토,서울,동작구,차대사람,126.9462173,37.50473816,2015-06-20 01:00:00
2015,06,22,23,야,월,서울,동대문구,차대차,127.0651681,37.5622376,2015-06-22 23:00:00
2015,06,22,23,야,월,서울,금천구,차대사람,126.9051156,37.45880347,2015-06-22 23:00:00
2015,06,24,02,야,수,서울,서초구,차량단독,127.0230211,37.49168808,2015-06-24 02:00:00
2015,06,25,05,야,목,서울,양천구,차량단독,126.8737921,37.52959619,2015-06-25 05:00:00
2015,06,25,15,주,목,서울,강북구,차대차,127.0333434,37.63581537,2015-06-25 15:00:00
2015,06,25,22,야,목,서울,강동구,차대사람,127.1698313,37.54540588,2015-06-25 22:00:00
2015,06,25,23,야,목,서울,영등포구,차대사람,126.8897293,37.52103568,2015-06-25 23:00:00
2015,06,29,04,야,월,서울,은평구,차대차,126.8870499,37.58707236,2015-06-29 04:00:00
2015,06,29,23,야,월,서울,송파구,차대사람,127.1224496,37.48599953,2015-06-29 23:00:00
2015,07,02,14,주,목,서울,서초구,차대사람,127.0209369,37.49034563,2015-07-02 14:00:00
2015,07,03,21,야,금,서울,은평구,차대차,126.8823845,37.59104999,2015-07-03 21:00:00
2015,07,04,00,야,토,서울,동대문구,차대사람,127.0640423,37.56305367,2015-07-04 00:00:00
2015,07,04,05,야,토,서울,송파구,차대차,127.0973,37.50580953,2015-07-04 05:00:00
2015,07,07,00,야,화,서울,성북구,차대차,127.0043996,37.58772257,2015-07-07 00:00:00
2015,07,07,23,야,화,서울,은평구,차대사람,126.9037088,37.58012904,2015-07-07 23:00:00
2015,07,10,03,야,금,서울,용산구,차대차,126.9635661,37.52468406,2015-07-10 03:00:00
2015,07,10,09,주,금,서울,종로구,차대사람,126.9764837,37.5725496,2015-07-10 09:00:00
2015,07,10,22,야,금,서울,서대문구,차량단독,126.9508262,37.58134733,2015-07-10 22:00:00
2015,07,11,03,야,토,서울,양천구,차량단독,126.8461664,37.52169488,2015-07-11 03:00:00
2015,07,12,04,야,일,서울,강동구,차대차,127.1708257,37.56665808,2015-07-12 04:00:00
2015,07,12,05,야,일,서울,성동구,차대사람,127.0309185,37.56373793,2015-07-12 05:00:00
2015,07,13,08,주,월,서울,서초구,차대차,126.9881832,37.49119076,2015-07-13 08:00:00
2015,07,13,22,야,월,서울,광진구,차대차,127.1076996,37.54438656,2015-07-13 22:00:00
2015,07,13,22,야,월,서울,강동구,차대사람,127.1734424,37.54800281,2015-07-13 22:00:00
2015,07,17,09,주,금,서울,강동구,차대차,127.1652283,37.55202689,2015-07-17 09:00:00
2015,07,20,21,야,월,서울,종로구,차대사람,126.9894432,37.57024484,2015-07-20 21:00:00
2015,07,21,03,야,화,서울,영등포구,차대사람,126.8965816,37.53436579,2015-07-21 03:00:00
2015,07,22,16,주,수,서울,광진구,차대차,127.077023,37.5582336,2015-07-22 16:00:00
2015,07,24,00,야,금,서울,용산구,차대사람,127.0068518,37.53189428,2015-07-24 00:00:00
2015,07,24,01,야,금,서울,중랑구,차대사람,127.0774538,37.61223486,2015-07-24 01:00:00
2015,07,25,05,야,토,서울,광진구,차대사람,127.0827957,37.56462669,2015-07-25 05:00:00
2015,07,25,06,주,토,서울,마포구,차량단독,126.8782016,37.57917541,2015-07-25 06:00:00
2015,07,25,23,야,토,서울,마포구,차대차,126.9217438,37.56352408,2015-07-25 23:00:00
2015,07,27,08,주,월,서울,성북구,차대차,127.0358825,37.59494054,2015-07-27 08:00:00
2015,07,29,10,주,수,서울,강북구,차대사람,127.0338313,37.61413467,2015-07-29 10:00:00
2015,08,01,15,주,토,서울,중랑구,차량단독,127.0941235,37.58045782,2015-08-01 15:00:00
2015,08,04,19,야,화,서울,용산구,차대사람,126.9715794,37.54943433,2015-08-04 19:00:00
2015,08,05,18,야,수,서울,강동구,차대차,127.1735833,37.54685848,2015-08-05 18:00:00
2015,08,06,12,주,목,서울,금천구,차대사람,126.8853558,37.45956766,2015-08-06 12:00:00
2015,08,06,18,야,목,서울,성동구,차량단독,127.046262,37.57107178,2015-08-06 18:00:00
2015,08,10,10,주,월,서울,성동구,차량단독,127.048568,37.56988183,2015-08-10 10:00:00
2015,08,16,23,야,일,서울,강동구,차대사람,127.1285313,37.55297173,2015-08-16 23:00:00
2015,08,17,04,야,월,서울,관악구,차대사람,126.9468275,37.48182853,2015-08-17 04:00:00
2015,08,19,04,야,수,서울,동작구,차대차,126.9382131,37.50436686,2015-08-19 04:00:00
2015,08,19,06,주,수,서울,성동구,차대사람,127.0246283,37.55754754,2015-08-19 06:00:00
2015,08,21,05,야,금,서울,송파구,차대차,127.1372366,37.49002988,2015-08-21 05:00:00
2015,08,21,16,주,금,서울,강남구,차량단독,127.1061789,37.47618464,2015-08-21 16:00:00
2015,08,22,01,야,토,서울,종로구,차대사람,126.9894423,37.57038003,2015-08-22 01:00:00
2015,08,22,05,야,토,서울,강서구,차대사람,126.8270025,37.55372919,2015-08-22 05:00:00
2015,08,22,07,주,토,서울,은평구,차대사람,126.9159824,37.58647095,2015-08-22 07:00:00
2015,08,22,21,야,토,서울,영등포구,차대사람,126.9163357,37.51796135,2015-08-22 21:00:00
2015,08,23,02,야,일,서울,송파구,차대사람,127.1031136,37.49976305,2015-08-23 02:00:00
2015,08,24,16,주,월,서울,중구,차대사람,126.9979018,37.56862263,2015-08-24 16:00:00
2015,08,25,05,야,화,서울,광진구,차대사람,127.0797522,37.57023131,2015-08-25 05:00:00
2015,08,25,05,야,화,서울,서초구,차대차,127.0452823,37.45790083,2015-08-25 05:00:00
2015,08,26,03,야,수,서울,강서구,차대차,126.8261305,37.55376027,2015-08-26 03:00:00
2015,08,30,19,야,일,서울,송파구,차대차,127.0903769,37.50765154,2015-08-30 19:00:00
2015,08,31,11,주,월,서울,강남구,차대차,127.1158451,37.46585977,2015-08-31 11:00:00
2015,09,01,04,야,화,서울,강북구,차대사람,127.0180964,37.62942128,2015-09-01 04:00:00
2015,09,01,15,주,화,서울,서대문구,차대차,126.9157919,37.56882172,2015-09-01 15:00:00
2015,09,01,22,야,화,서울,용산구,차대사람,126.9705878,37.53197163,2015-09-01 22:00:00
2015,09,03,00,야,목,서울,용산구,차대사람,126.9666563,37.53413521,2015-09-03 00:00:00
2015,09,05,00,야,토,서울,중구,차대사람,126.9861422,37.56612938,2015-09-05 00:00:00
2015,09,05,14,주,토,서울,성북구,차량단독,127.0707836,37.61362589,2015-09-05 14:00:00
2015,09,06,02,야,일,서울,마포구,차대사람,126.9622982,37.55152953,2015-09-06 02:00:00
2015,09,06,10,주,일,서울,광진구,차대차,127.0869237,37.56346044,2015-09-06 10:00:00
2015,09,08,04,야,화,서울,성북구,차량단독,127.0023542,37.60741732,2015-09-08 04:00:00
2015,09,10,15,주,목,서울,노원구,차대차,127.0716119,37.65882206,2015-09-10 15:00:00
2015,09,11,23,야,금,서울,도봉구,차대사람,127.0441231,37.67291503,2015-09-11 23:00:00
2015,09,12,03,야,토,서울,강북구,차대차,127.0299151,37.61707553,2015-09-12 03:00:00
2015,09,12,18,야,토,서울,노원구,차량단독,127.0636687,37.63287949,2015-09-12 18:00:00
2015,09,12,20,야,토,서울,강동구,차대사람,127.1187089,37.5409434,2015-09-12 20:00:00
2015,09,13,04,야,일,서울,용산구,차량단독,126.9936724,37.55439031,2015-09-13 04:00:00
2015,09,13,17,주,일,서울,중랑구,차대차,127.0878747,37.61895967,2015-09-13 17:00:00
2015,09,18,23,야,금,서울,영등포구,차대차,126.9060015,37.52543611,2015-09-18 23:00:00
2015,09,19,03,야,토,서울,서대문구,차대차,126.9309697,37.56680473,2015-09-19 03:00:00
2015,09,19,09,주,토,서울,강서구,차대사람,126.8601676,37.53199285,2015-09-19 09:00:00
2015,09,20,11,주,일,서울,영등포구,차대사람,126.9071243,37.50940671,2015-09-20 11:00:00
2015,09,21,02,야,월,서울,송파구,차대차,127.1101502,37.50201284,2015-09-21 02:00:00
2015,09,21,11,주,월,서울,동작구,차량단독,126.9665904,37.48773317,2015-09-21 11:00:00
2015,09,21,16,주,월,서울,강서구,차대사람,126.8490513,37.53350945,2015-09-21 16:00:00
2015,09,21,18,야,월,서울,금천구,차량단독,126.9132238,37.44999265,2015-09-21 18:00:00
2015,09,22,04,야,화,서울,강남구,차대차,127.0948926,37.4948768,2015-09-22 04:00:00
2015,09,22,06,주,화,서울,광진구,차대사람,127.0644994,37.54289212,2015-09-22 06:00:00
2015,09,23,18,야,수,서울,금천구,차대차,126.9027961,37.46468667,2015-09-23 18:00:00
2015,09,23,18,야,수,서울,강서구,차대차,126.8165451,37.5607807,2015-09-23 18:00:00
2015,09,24,01,야,목,서울,종로구,차대사람,126.9846983,37.57026929,2015-09-24 01:00:00
2015,09,24,11,주,목,서울,서초구,차대사람,127.0167454,37.48427142,2015-09-24 11:00:00
2015,09,25,06,주,금,서울,강서구,차대차,126.8637478,37.55154436,2015-09-25 06:00:00
2015,09,28,16,주,월,서울,강남구,차대사람,127.1056948,37.48868494,2015-09-28 16:00:00
2015,09,29,04,야,화,서울,중랑구,차대사람,127.0902699,37.59752504,2015-09-29 04:00:00
2015,09,30,08,주,수,서울,중랑구,차대사람,127.0998837,37.61303411,2015-09-30 08:00:00
2015,10,04,20,야,일,서울,용산구,차대사람,126.9692935,37.55170539,2015-10-04 20:00:00
2015,10,05,18,야,월,서울,강남구,차량단독,127.050836,37.4862988,2015-10-05 18:00:00
2015,10,05,21,야,월,서울,양천구,차대사람,126.8778755,37.52033387,2015-10-05 21:00:00
2015,10,06,03,야,화,서울,중랑구,차대차,127.0973877,37.59052804,2015-10-06 03:00:00
2015,10,08,12,주,목,서울,송파구,차량단독,127.1341113,37.51852128,2015-10-08 12:00:00
2015,10,09,06,주,금,서울,노원구,차량단독,127.095707,37.62690055,2015-10-09 06:00:00
2015,10,10,02,야,토,서울,서초구,차대사람,127.0257369,37.48439799,2015-10-10 02:00:00
2015,10,10,13,주,토,서울,구로구,차대차,126.8573915,37.50200791,2015-10-10 13:00:00
2015,10,11,16,주,일,서울,서대문구,차대사람,126.9417784,37.59177848,2015-10-11 16:00:00
2015,10,11,18,야,일,서울,관악구,차대차,126.9226622,37.4899423,2015-10-11 18:00:00
2015,10,12,03,야,월,서울,양천구,차량단독,126.8449903,37.50477004,2015-10-12 03:00:00
2015,10,12,05,야,월,서울,강남구,차대사람,127.0455808,37.49675251,2015-10-12 05:00:00
2015,10,12,06,주,월,서울,은평구,차대사람,126.946348,37.65835471,2015-10-12 06:00:00
2015,10,13,16,주,화,서울,관악구,차대사람,126.9168659,37.48908459,2015-10-13 16:00:00
2015,10,14,02,야,수,서울,서초구,차대차,127.0190859,37.50204676,2015-10-14 02:00:00
2015,10,17,02,야,토,서울,노원구,차대사람,127.0668516,37.62929487,2015-10-17 02:00:00
2015,10,17,11,주,토,서울,강동구,차대차,127.1190378,37.54082728,2015-10-17 11:00:00
2015,10,20,10,주,화,서울,강북구,차대차,127.0240007,37.64365934,2015-10-20 10:00:00
2015,10,22,01,야,목,서울,강남구,차대차,127.0213061,37.51066465,2015-10-22 01:00:00
2015,10,22,14,주,목,서울,영등포구,차대사람,126.9084505,37.4961905,2015-10-22 14:00:00
2015,10,22,20,야,목,서울,동대문구,차대차,127.0501246,37.58406597,2015-10-22 20:00:00
2015,10,23,10,주,금,서울,중구,차대사람,126.9780186,37.56032512,2015-10-23 10:00:00
2015,10,23,14,주,금,서울,마포구,차대사람,126.9129464,37.54902307,2015-10-23 14:00:00
2015,10,23,19,야,금,서울,관악구,차대사람,126.9567389,37.49059155,2015-10-23 19:00:00
2015,10,23,22,야,금,서울,중구,차대사람,126.9687703,37.56799039,2015-10-23 22:00:00
2015,10,24,05,야,토,서울,강서구,차량단독,126.8612188,37.53215177,2015-10-24 05:00:00
2015,10,25,05,야,일,서울,중랑구,차대차,127.0884876,37.57557103,2015-10-25 05:00:00
2015,10,25,21,야,일,서울,강북구,차대사람,127.0394081,37.63216535,2015-10-25 21:00:00
2015,10,27,04,야,화,서울,구로구,차대사람,126.9028644,37.4845259,2015-10-27 04:00:00
2015,10,27,04,야,화,서울,관악구,차대사람,126.9565359,37.49067084,2015-10-27 04:00:00
2015,10,29,12,주,목,서울,서초구,차대차,127.0664371,37.43372001,2015-10-29 12:00:00
2015,10,29,17,주,목,서울,노원구,차대사람,127.0554219,37.68165603,2015-10-29 17:00:00
2015,10,29,19,야,목,서울,강동구,차대사람,127.1313886,37.53829762,2015-10-29 19:00:00
2015,10,30,08,주,금,서울,용산구,차대차,126.9697659,37.53135503,2015-10-30 08:00:00
2015,10,30,11,주,금,서울,은평구,차대사람,126.9198648,37.58972591,2015-10-30 11:00:00
2015,10,30,21,야,금,서울,마포구,차대차,126.9509362,37.55710165,2015-10-30 21:00:00
2015,11,01,01,야,일,서울,구로구,차대사람,126.8923175,37.49911012,2015-11-01 01:00:00
2015,11,03,13,주,화,서울,강동구,차대사람,127.1541694,37.54912871,2015-11-03 13:00:00
2015,11,04,10,주,수,서울,강남구,차대차,127.1079529,37.46350832,2015-11-04 10:00:00
2015,11,04,12,주,수,서울,노원구,차대사람,127.0669102,37.65629917,2015-11-04 12:00:00
2015,11,05,09,주,목,서울,영등포구,차대사람,126.8988761,37.53757728,2015-11-05 09:00:00
2015,11,05,16,주,목,서울,양천구,차대사람,126.8228691,37.5350838,2015-11-05 16:00:00
2015,11,06,07,주,금,서울,강동구,차대사람,127.170324,37.56204626,2015-11-06 07:00:00
2015,11,06,12,주,금,서울,관악구,차대사람,126.9799835,37.47628252,2015-11-06 12:00:00
2015,11,07,02,야,토,서울,양천구,차량단독,126.8863664,37.53094211,2015-11-07 02:00:00
2015,11,07,05,야,토,서울,광진구,차대사람,127.093416,37.54811492,2015-11-07 05:00:00
2015,11,07,05,야,토,서울,구로구,차대사람,126.8464901,37.50144335,2015-11-07 05:00:00
2015,11,07,17,주,토,서울,양천구,차대사람,126.8309006,37.53941096,2015-11-07 17:00:00
2015,11,07,18,야,토,서울,동대문구,차대사람,127.0532651,37.59112642,2015-11-07 18:00:00
2015,11,07,23,야,토,서울,노원구,차대차,127.0566777,37.62877036,2015-11-07 23:00:00
2015,11,08,01,야,일,서울,마포구,차대사람,126.9060519,37.56046272,2015-11-08 01:00:00
2015,11,08,01,야,일,서울,은평구,차대사람,126.9246705,37.61579814,2015-11-08 01:00:00
2015,11,09,11,주,월,서울,마포구,차대차,126.9543693,37.5489874,2015-11-09 11:00:00
2015,11,12,05,야,목,서울,구로구,차대사람,126.8924026,37.50675403,2015-11-12 05:00:00
2015,11,12,09,주,목,서울,금천구,차대사람,126.9003497,37.45100966,2015-11-12 09:00:00
2015,11,14,03,야,토,서울,광진구,차대차,127.0696291,37.55241119,2015-11-14 03:00:00
2015,11,14,03,야,토,서울,서초구,차대사람,126.9816491,37.47911109,2015-11-14 03:00:00
2015,11,15,19,야,일,서울,구로구,차대사람,126.8892999,37.49456976,2015-11-15 19:00:00
2015,11,17,00,야,화,서울,서초구,차대사람,126.9997271,37.50051518,2015-11-17 00:00:00
2015,11,17,17,주,화,서울,동대문구,차대사람,127.0727887,37.56415825,2015-11-17 17:00:00
2015,11,19,00,야,목,서울,종로구,차대사람,126.9851762,37.57650869,2015-11-19 00:00:00
2015,11,19,04,야,목,서울,노원구,차대사람,127.0705366,37.63094878,2015-11-19 04:00:00
2015,11,19,04,야,목,서울,서초구,차대사람,126.9987457,37.47977976,2015-11-19 04:00:00
2015,11,19,07,주,목,서울,성북구,차대사람,127.010872,37.60254963,2015-11-19 07:00:00
2015,11,20,05,야,금,서울,중랑구,차량단독,127.1075256,37.60063384,2015-11-20 05:00:00
2015,11,20,11,주,금,서울,중랑구,차대사람,127.0931712,37.58064383,2015-11-20 11:00:00
2015,11,20,17,주,금,서울,강서구,차대사람,126.8508967,37.56739212,2015-11-20 17:00:00
2015,11,23,08,주,월,서울,양천구,차대사람,126.8369345,37.522707,2015-11-23 08:00:00
2015,11,25,00,야,수,서울,영등포구,차대사람,126.9314235,37.51899939,2015-11-25 00:00:00
2015,11,25,02,야,수,서울,은평구,차대사람,126.9295779,37.61076005,2015-11-25 02:00:00
2015,11,25,21,야,수,서울,영등포구,차대사람,126.8993026,37.53097256,2015-11-25 21:00:00
2015,11,26,06,주,목,서울,송파구,차대차,127.0714118,37.50798085,2015-11-26 06:00:00
2015,11,27,02,야,금,서울,광진구,차량단독,127.0825266,37.55603586,2015-11-27 02:00:00
2015,11,27,09,주,금,서울,영등포구,차대차,126.88752,37.52135774,2015-11-27 09:00:00
2015,11,28,05,야,토,서울,동대문구,차대차,127.0468111,37.58137629,2015-11-28 05:00:00
2015,11,30,14,주,월,서울,강동구,차대사람,127.1743563,37.5461215,2015-11-30 14:00:00
2015,12,01,01,야,화,서울,영등포구,차대사람,126.9102169,37.50375538,2015-12-01 01:00:00
2015,12,01,02,야,화,서울,강남구,차대사람,127.0493076,37.50535675,2015-12-01 02:00:00
2015,12,02,15,주,수,서울,영등포구,차대차,126.910334,37.496921,2015-12-02 15:00:00
2015,12,04,05,야,금,서울,중구,차대사람,126.99168,37.5610337,2015-12-04 05:00:00
2015,12,07,23,야,월,서울,금천구,차대사람,126.9124205,37.45006978,2015-12-07 23:00:00
2015,12,08,09,주,화,서울,마포구,차대사람,126.9550789,37.55726506,2015-12-08 09:00:00
2015,12,09,06,주,수,서울,강북구,차대사람,127.0408534,37.61646062,2015-12-09 06:00:00
2015,12,09,06,주,수,서울,은평구,차대사람,126.9189772,37.61646427,2015-12-09 06:00:00
2015,12,09,19,야,수,서울,영등포구,차대사람,126.9182525,37.51448257,2015-12-09 19:00:00
2015,12,11,00,야,금,서울,중구,차대사람,126.9822471,37.56447191,2015-12-11 00:00:00
2015,12,12,07,주,토,서울,동대문구,차대사람,127.037363,37.57810381,2015-12-12 07:00:00
2015,12,12,08,주,토,서울,강동구,차대차,127.1548097,37.55512459,2015-12-12 08:00:00
2015,12,12,18,야,토,서울,서대문구,차대차,126.9478462,37.59378998,2015-12-12 18:00:00
2015,12,13,08,주,일,서울,용산구,차대차,126.9582814,37.51680915,2015-12-13 08:00:00
2015,12,14,01,야,월,서울,강남구,차대차,127.0631018,37.50885176,2015-12-14 01:00:00
2015,12,15,04,야,화,서울,서초구,차대차,126.9836183,37.47071002,2015-12-15 04:00:00
2015,12,15,13,주,화,서울,영등포구,차대사람,126.8919678,37.53245831,2015-12-15 13:00:00
2015,12,15,14,주,화,서울,성북구,차량단독,127.0626013,37.61390231,2015-12-15 14:00:00
2015,12,17,06,주,목,서울,서초구,차대사람,126.9895885,37.49246775,2015-12-17 06:00:00
2015,12,17,10,주,목,서울,구로구,차대사람,126.8919726,37.49699918,2015-12-17 10:00:00
2015,12,18,01,야,금,서울,관악구,차대사람,126.9296189,37.4840001,2015-12-18 01:00:00
2015,12,19,07,주,토,서울,마포구,차대차,126.9011559,37.57519299,2015-12-19 07:00:00
2015,12,19,08,주,토,서울,서초구,차대차,127.0900377,37.46330511,2015-12-19 08:00:00
2015,12,20,01,야,일,서울,중구,차대사람,126.9924391,37.56096486,2015-12-20 01:00:00
2015,12,22,21,야,화,서울,종로구,차량단독,126.9614819,37.57230816,2015-12-22 21:00:00
2015,12,24,05,야,목,서울,동대문구,차대사람,127.0373471,37.58799152,2015-12-24 05:00:00
2015,12,24,13,주,목,서울,용산구,차량단독,126.9927862,37.51976558,2015-12-24 13:00:00
2015,12,24,18,야,목,서울,영등포구,차대사람,126.9021705,37.51481689,2015-12-24 18:00:00
2015,12,25,02,야,금,서울,성북구,차대사람,127.0585912,37.6118233,2015-12-25 02:00:00
2015,12,26,19,야,토,서울,성동구,차대차,127.0602484,37.54392194,2015-12-26 19:00:00
2015,12,28,06,주,월,서울,종로구,차대사람,126.9849063,37.5762371,2015-12-28 06:00:00
2015,12,30,02,야,수,서울,중랑구,차량단독,127.1252547,37.60135485,2015-12-30 02:00:00
2015,12,30,03,야,수,서울,도봉구,차대사람,127.0455278,37.68057277,2015-12-30 03:00:00
2015,12,30,05,야,수,서울,강동구,차대사람,127.1320899,37.53610049,2015-12-30 05:00:00
2015,12,30,18,야,수,서울,송파구,차대사람,127.0942873,37.49802048,2015-12-30 18:00:00
2015,12,31,15,주,목,서울,서대문구,차대사람,126.9179144,37.57108556,2015-12-31 15:00:00
2016,12,25,17,주간,일,서울,금천구,차대사람,126.88912311,37.4787771,2016-12-25 17:00:00
2016,11,13,02,야간,일,서울,용산구,차대사람,126.98014056,37.52052182,2016-11-13 02:00:00
2016,11,19,14,주간,토,서울,중랑구,차대사람,127.08745104,37.58897947,2016-11-19 14:00:00
2016,11,05,05,야간,토,서울,관악구,차량단독,126.94819023,37.46570958,2016-11-05 05:00:00
2016,02,22,03,야간,월,서울,양천구,차대차,126.86900476,37.52555069,2016-02-22 03:00:00
2016,02,10,02,야간,수,서울,광진구,차량단독,127.08031059,37.5373069,2016-02-10 02:00:00
2016,02,24,07,주간,수,서울,동작구,차대차,126.95964464,37.49691618,2016-02-24 07:00:00
2016,02,23,11,주간,화,서울,금천구,차대차,126.87722576,37.48412042,2016-02-23 11:00:00
2016,02,26,08,주간,금,서울,강동구,차대사람,127.13753484,37.55701975,2016-02-26 08:00:00
2016,03,04,14,주간,금,서울,노원구,차대차,127.0891028,37.62228991,2016-03-04 14:00:00
2016,03,07,13,주간,월,서울,성동구,차대사람,127.03422721,37.55425981,2016-03-07 13:00:00
2016,02,16,11,주간,화,서울,마포구,차대사람,126.94846688,37.54496701,2016-02-16 11:00:00
2016,03,01,13,주간,화,서울,동대문구,차대차,127.05662844,37.5885892,2016-03-01 13:00:00
2016,02,14,03,야간,일,서울,송파구,차대사람,127.12487243,37.46745715,2016-02-14 03:00:00
2016,02,13,04,야간,토,서울,마포구,차대사람,126.95196668,37.55707939,2016-02-13 04:00:00
2016,03,08,14,주간,화,서울,성동구,차대사람,127.04799721,37.54064883,2016-03-08 14:00:00
2016,02,14,17,주간,일,서울,송파구,차대차,127.07572176,37.5041476,2016-02-14 17:00:00
2016,03,13,03,야간,일,서울,중구,차대차,126.99807367,37.56663139,2016-03-13 03:00:00
2016,03,11,05,야간,금,서울,강남구,차대사람,127.02628648,37.50106994,2016-03-11 05:00:00
2016,03,29,06,주간,화,서울,강남구,차대차,127.10184142,37.48730104,2016-03-29 06:00:00
2016,04,07,05,야간,목,서울,서초구,차대사람,127.0088774,37.48359,2016-04-07 05:00:00
2016,03,23,00,야간,수,서울,서초구,차대차,127.03584796,37.48272556,2016-03-23 00:00:00
2016,03,17,22,야간,목,서울,용산구,차대사람,126.97223359,37.54415625,2016-03-17 22:00:00
2016,03,23,23,야간,수,서울,강서구,차대차,126.84603618,37.54413137,2016-03-23 23:00:00
2016,04,01,01,야간,금,서울,강북구,차대사람,127.03255318,37.61016371,2016-04-01 01:00:00
2016,04,06,05,야간,수,서울,용산구,차대차,126.99630574,37.51468799,2016-04-06 05:00:00
2016,03,15,20,야간,화,서울,동대문구,차대차,127.05424382,37.56565804,2016-03-15 20:00:00
2016,04,03,03,야간,일,서울,동작구,차대차,126.94785074,37.51645439,2016-04-03 03:00:00
2016,03,13,01,야간,일,서울,영등포구,차대차,126.89755629,37.53983293,2016-03-13 01:00:00
2016,03,22,20,야간,화,서울,도봉구,차대사람,127.03782076,37.66154272,2016-03-22 20:00:00
2016,03,20,07,주간,일,서울,양천구,차량단독,126.83667436,37.52268751,2016-03-20 07:00:00
2016,03,31,21,야간,목,서울,동작구,차대차,126.91901842,37.49756884,2016-03-31 21:00:00
2016,09,13,14,주간,화,서울,강북구,차대사람,127.01713261,37.63825045,2016-09-13 14:00:00
2016,07,28,19,야간,목,서울,중랑구,차대사람,127.10037529,37.60163377,2016-07-28 19:00:00
2016,07,30,20,야간,토,서울,동작구,차대사람,126.9225332,37.50522866,2016-07-30 20:00:00
2016,04,02,04,야간,토,서울,성동구,차대사람,127.05686546,37.53405749,2016-04-02 04:00:00
2016,04,06,23,야간,수,서울,영등포구,차대사람,126.90516369,37.49939003,2016-04-06 23:00:00
2016,09,09,07,주간,금,서울,동대문구,차대차,127.05387069,37.57126302,2016-09-09 07:00:00
2016,09,09,14,주간,금,서울,중구,차대차,126.98764842,37.56609988,2016-09-09 14:00:00
2016,03,09,21,야간,수,서울,동대문구,차대사람,127.03523423,37.57805038,2016-03-09 21:00:00
2016,04,27,09,주간,수,서울,노원구,차대사람,127.0796626,37.62442889,2016-04-27 09:00:00
2016,04,17,01,야간,일,서울,동작구,차대사람,126.98036486,37.4849012,2016-04-17 01:00:00
2016,05,03,16,주간,화,서울,동대문구,차대사람,127.05720247,37.57849537,2016-05-03 16:00:00
2016,07,21,04,야간,목,서울,영등포구,차대사람,126.91760901,37.52157304,2016-07-21 04:00:00
2016,06,17,09,주간,금,서울,동작구,차량단독,126.95185333,37.51534635,2016-06-17 09:00:00
2016,06,24,05,야간,금,서울,강남구,차량단독,127.08545088,37.48999472,2016-06-24 05:00:00
2016,12,10,23,야간,토,서울,강북구,차대차,127.04735291,37.6265447,2016-12-10 23:00:00
2016,12,23,05,야간,금,서울,서대문구,차대사람,126.91272476,37.58274847,2016-12-23 05:00:00
2016,11,03,05,야간,목,서울,용산구,차대사람,126.96290449,37.52383378,2016-11-03 05:00:00
2016,04,14,21,야간,목,서울,중구,차대사람,127.00265487,37.55372544,2016-04-14 21:00:00
2016,04,10,16,주간,일,서울,용산구,차대차,126.98285954,37.53483823,2016-04-10 16:00:00
2016,05,02,07,주간,월,서울,성동구,차대사람,127.03656586,37.56602262,2016-05-02 07:00:00
2016,06,08,16,주간,수,서울,구로구,차대사람,126.84437862,37.4957982,2016-06-08 16:00:00
2016,06,16,21,야간,목,서울,서대문구,차대사람,126.90677508,37.57492391,2016-06-16 21:00:00
2016,06,14,11,주간,화,서울,성동구,차량단독,127.03269701,37.54910705,2016-06-14 11:00:00
2016,06,26,00,야간,일,서울,구로구,차대차,126.83900596,37.49056746,2016-06-26 00:00:00
2016,07,06,16,주간,수,서울,양천구,차대사람,126.84891152,37.52746064,2016-07-06 16:00:00
2016,07,20,17,주간,수,서울,은평구,차대사람,126.91789538,37.59389844,2016-07-20 17:00:00
2016,09,07,01,야간,수,서울,송파구,차대사람,127.08059429,37.5169643,2016-09-07 01:00:00
2016,08,08,14,주간,월,서울,노원구,차대사람,127.08219945,37.67125339,2016-08-08 14:00:00
2016,08,08,08,주간,월,서울,중랑구,차대사람,127.078371,37.58624334,2016-08-08 08:00:00
2016,04,09,22,야간,토,서울,동작구,차대사람,126.94117283,37.50148755,2016-04-09 22:00:00
2016,04,15,07,주간,금,서울,성북구,차대사람,127.00537496,37.58924092,2016-04-15 07:00:00
2016,04,23,23,야간,토,서울,중랑구,차대사람,127.10024148,37.59911856,2016-04-23 23:00:00
2016,04,29,00,야간,금,서울,영등포구,차대사람,126.90605201,37.51763968,2016-04-29 00:00:00
2016,04,27,16,주간,수,서울,금천구,차대사람,126.88564467,37.46295827,2016-04-27 16:00:00
2016,07,13,12,주간,수,서울,서대문구,차대차,126.91272298,37.5702847,2016-07-13 12:00:00
2016,06,19,21,야간,일,서울,양천구,차대차,126.83481645,37.53692735,2016-06-19 21:00:00
2016,11,15,07,주간,화,서울,영등포구,차대차,126.92941077,37.52919298,2016-11-15 07:00:00
2016,11,17,15,주간,목,서울,은평구,차대사람,126.9267809,37.60804789,2016-11-17 15:00:00
2016,04,21,22,야간,목,서울,양천구,차대사람,126.8296268,37.53376132,2016-04-21 22:00:00
2016,04,14,19,야간,목,서울,관악구,차대차,126.90860311,37.47683914,2016-04-14 19:00:00
2016,04,17,15,주간,일,서울,성동구,차량단독,127.04287035,37.55718693,2016-04-17 15:00:00
2016,05,13,21,야간,금,서울,관악구,차대사람,126.96601395,37.47655371,2016-05-13 21:00:00
2016,05,23,02,야간,월,서울,동작구,차대사람,126.92737405,37.49506691,2016-05-23 02:00:00
2016,05,26,16,주간,목,서울,노원구,차대사람,127.05709256,37.66770066,2016-05-26 16:00:00
2016,05,14,08,주간,토,서울,서초구,차대차,126.99108012,37.47435685,2016-05-14 08:00:00
2016,07,03,02,야간,일,서울,종로구,차대차,127.0014117,37.58567295,2016-07-03 02:00:00
2016,07,08,22,야간,금,서울,영등포구,차대차,126.89904344,37.50119961,2016-07-08 22:00:00
2016,07,13,01,야간,수,서울,금천구,차대사람,126.87674416,37.47809953,2016-07-13 01:00:00
2016,06,29,22,야간,수,서울,강북구,차대차,127.03833152,37.61382788,2016-06-29 22:00:00
2016,09,11,08,주간,일,서울,노원구,차대차,127.0761975,37.61798993,2016-09-11 08:00:00
2016,08,13,06,주간,토,서울,용산구,차량단독,126.97166781,37.54252047,2016-08-13 06:00:00
2016,08,20,02,야간,토,서울,영등포구,차량단독,126.89450059,37.52436819,2016-08-20 02:00:00
2016,08,24,14,주간,수,서울,영등포구,차대차,126.90118093,37.5069611,2016-08-24 14:00:00
2016,09,06,15,주간,화,서울,금천구,차대차,126.92101838,37.45082429,2016-09-06 15:00:00
2016,04,13,19,야간,수,서울,서대문구,차대사람,126.9596473,37.57058993,2016-04-13 19:00:00
2016,04,06,10,주간,수,서울,성동구,차량단독,127.07099959,37.55823891,2016-04-06 10:00:00
2016,05,02,20,야간,월,서울,강동구,차대사람,127.15264795,37.53887043,2016-05-02 20:00:00
2016,05,05,01,야간,목,서울,강남구,차대사람,127.02345477,37.50711207,2016-05-05 01:00:00
2016,05,03,21,야간,화,서울,영등포구,차대사람,126.90910627,37.53212167,2016-05-03 21:00:00
2016,05,11,17,주간,수,서울,영등포구,차대차,126.88473257,37.55071817,2016-05-11 17:00:00
2016,05,27,22,야간,금,서울,광진구,차대사람,127.08289961,37.56202936,2016-05-27 22:00:00
2016,06,15,00,야간,수,서울,송파구,차대사람,127.08868247,37.50509029,2016-06-15 00:00:00
2016,06,10,04,야간,금,서울,강남구,차대사람,127.04254791,37.51360342,2016-06-10 04:00:00
2016,08,21,17,주간,일,서울,강서구,차대사람,126.80387704,37.57275759,2016-08-21 17:00:00
2016,09,12,01,야간,월,서울,중구,차대사람,127.02060263,37.56559834,2016-09-12 01:00:00
2016,09,06,08,주간,화,서울,종로구,차대차,126.97018938,37.58505923,2016-09-06 08:00:00
2016,07,24,23,야간,일,서울,강동구,차대사람,127.15548821,37.55529783,2016-07-24 23:00:00
2016,08,18,01,야간,목,서울,관악구,차대사람,126.95362849,37.48184485,2016-08-18 01:00:00
2016,04,19,08,주간,화,서울,중랑구,차대사람,127.09542904,37.5987236,2016-04-19 08:00:00
2016,04,27,22,야간,수,서울,관악구,차대사람,126.95072541,37.48241457,2016-04-27 22:00:00
2016,04,30,17,주간,토,서울,금천구,차대사람,126.90234468,37.46883064,2016-04-30 17:00:00
2016,05,17,12,주간,화,서울,동작구,차대차,126.92442766,37.51032334,2016-05-17 12:00:00
2016,05,27,10,주간,금,서울,은평구,차대사람,126.92396345,37.60904367,2016-05-27 10:00:00
2016,05,31,08,주간,화,서울,은평구,차대사람,126.91421123,37.5927986,2016-05-31 08:00:00
2016,06,27,19,야간,월,서울,성동구,차대차,127.03781368,37.57115618,2016-06-27 19:00:00
2016,07,15,00,야간,금,서울,서초구,차대사람,126.99118453,37.47446997,2016-07-15 00:00:00
2016,07,15,02,야간,금,서울,용산구,차대차,126.99070005,37.52034249,2016-07-15 02:00:00
2016,10,03,05,야간,월,서울,종로구,차대사람,127.01537726,37.57690694,2016-10-03 05:00:00
2016,11,16,09,주간,수,서울,구로구,차대사람,126.88363103,37.49198047,2016-11-16 09:00:00
2016,11,24,07,주간,목,서울,용산구,차대사람,126.99961594,37.52225542,2016-11-24 07:00:00
2016,11,25,16,주간,금,서울,양천구,차량단독,126.84115415,37.51515028,2016-11-25 16:00:00
2016,10,31,05,야간,월,서울,강서구,차량단독,126.86272162,37.52978934,2016-10-31 05:00:00
2016,04,24,12,주간,일,서울,은평구,차량단독,126.92637216,37.60225931,2016-04-24 12:00:00
2016,04,29,23,야간,금,서울,성북구,차대사람,127.03302227,37.59130946,2016-04-29 23:00:00
2016,04,23,15,주간,토,서울,송파구,차대차,127.10632982,37.49268911,2016-04-23 15:00:00
2016,05,06,10,주간,금,서울,강동구,차량단독,127.15359514,37.56802841,2016-05-06 10:00:00
2016,05,10,02,야간,화,서울,성북구,차량단독,127.01832627,37.60257128,2016-05-10 02:00:00
2016,05,14,21,야간,토,서울,도봉구,차대사람,127.05020022,37.67869788,2016-05-14 21:00:00
2016,06,01,03,야간,수,서울,마포구,차대차,126.91825057,37.55261866,2016-06-01 03:00:00
2016,05,15,08,주간,일,서울,성북구,차대차,127.04366262,37.61845447,2016-05-15 08:00:00
2016,06,21,02,야간,화,서울,관악구,차대차,126.92064962,37.48982429,2016-06-21 02:00:00
2016,08,17,08,주간,수,서울,금천구,차대차,126.90274017,37.46460526,2016-08-17 08:00:00
2016,08,17,23,야간,수,서울,강서구,차대사람,126.8491983,37.5582702,2016-08-17 23:00:00
2016,09,09,09,주간,금,서울,중구,차대사람,126.98490915,37.5643123,2016-09-09 09:00:00
2016,07,28,14,주간,목,서울,노원구,차량단독,127.08679054,37.67558696,2016-07-28 14:00:00
2016,08,04,05,야간,목,서울,성동구,차량단독,127.04366605,37.53809937,2016-08-04 05:00:00
2016,05,04,17,주간,수,서울,동작구,차대차,126.92250648,37.49988349,2016-05-04 17:00:00
2016,05,11,13,주간,수,서울,서대문구,차대사람,126.93506072,37.57986683,2016-05-11 13:00:00
2016,05,27,04,야간,금,서울,성북구,차대사람,127.03365393,37.60081213,2016-05-27 04:00:00
2016,05,22,23,야간,일,서울,은평구,차량단독,126.88986674,37.58471643,2016-05-22 23:00:00
2016,05,21,05,야간,토,서울,강북구,차량단독,127.03913522,37.6323085,2016-05-21 05:00:00
2016,05,29,17,주간,일,서울,관악구,차대사람,126.92046682,37.47395049,2016-05-29 17:00:00
2016,05,13,17,주간,금,서울,노원구,차대차,127.07099901,37.66484976,2016-05-13 17:00:00
2016,06,03,21,야간,금,서울,강남구,차대차,127.05698321,37.51988863,2016-06-03 21:00:00
2016,07,23,01,야간,토,서울,강동구,차량단독,127.16529715,37.55434357,2016-07-23 01:00:00
2016,07,29,20,야간,금,서울,강동구,차대사람,127.1353148,37.55256023,2016-07-29 20:00:00
2016,08,03,08,주간,수,서울,양천구,차대사람,126.83676632,37.52252579,2016-08-03 08:00:00
2016,12,09,04,야간,금,서울,중구,차대사람,126.99527719,37.56153586,2016-12-09 04:00:00
2016,12,05,20,야간,월,서울,노원구,차대차,127.08483707,37.62317632,2016-12-05 20:00:00
2016,05,23,03,야간,월,서울,마포구,차대사람,126.95280408,37.55713736,2016-05-23 03:00:00
2016,05,26,17,주간,목,서울,강북구,차대사람,127.04675941,37.62723645,2016-05-26 17:00:00
2016,06,03,20,야간,금,서울,성동구,차대사람,127.04456781,37.54988353,2016-06-03 20:00:00
2016,05,11,17,주간,수,서울,서대문구,차대차,126.93586647,37.58715353,2016-05-11 17:00:00
2016,07,04,23,야간,월,서울,서초구,차대사람,127.03210538,37.48433325,2016-07-04 23:00:00
2016,07,18,00,야간,월,서울,강서구,차대차,126.82676255,37.55976771,2016-07-18 00:00:00
2016,07,31,00,야간,일,서울,서초구,차량단독,126.98862084,37.46182631,2016-07-31 00:00:00
2016,08,28,22,야간,일,서울,성북구,차량단독,126.99872629,37.60879725,2016-08-28 22:00:00
2016,08,26,03,야간,금,서울,도봉구,차대사람,127.03127708,37.65099832,2016-08-26 03:00:00
2016,11,24,13,주간,목,서울,영등포구,차대차,126.90728202,37.52522622,2016-11-24 13:00:00
2016,11,02,13,주간,수,서울,동작구,차대차,126.94869251,37.50200962,2016-11-02 13:00:00
2016,11,06,19,야간,일,서울,강북구,차대사람,127.04198154,37.6172672,2016-11-06 19:00:00
2016,11,12,15,주간,토,서울,관악구,차대사람,126.93925928,37.47748436,2016-11-12 15:00:00
2016,06,12,00,야간,일,서울,종로구,차대사람,126.97703977,37.57562566,2016-06-12 00:00:00
2016,06,12,15,주간,일,서울,영등포구,차대차,126.93345105,37.52023497,2016-06-12 15:00:00
2016,06,24,04,야간,금,서울,광진구,차량단독,127.07997085,37.57162918,2016-06-24 04:00:00
2016,08,27,08,주간,토,서울,마포구,차대사람,126.94182336,37.54629683,2016-08-27 08:00:00
2016,07,22,08,주간,금,서울,성북구,차대사람,127.02341702,37.58061717,2016-07-22 08:00:00
2016,07,24,05,야간,일,서울,송파구,차대사람,127.11160941,37.5005286,2016-07-24 05:00:00
2016,07,29,23,야간,금,서울,마포구,차대사람,126.94077051,37.54175806,2016-07-29 23:00:00
2016,08,11,06,주간,목,서울,강북구,차대사람,127.034201,37.61300044,2016-08-11 06:00:00
2016,08,22,17,주간,월,서울,중구,차대차,127.01479021,37.56963967,2016-08-22 17:00:00
2016,09,10,04,야간,토,서울,강동구,차대사람,127.17308582,37.56226125,2016-09-10 04:00:00
2016,09,19,02,야간,월,서울,강북구,차량단독,127.01270404,37.62388294,2016-09-19 02:00:00
2016,07,19,16,주간,화,서울,강동구,차대사람,127.16704563,37.54559636,2016-07-19 16:00:00
2016,07,29,19,야간,금,서울,은평구,차대차,126.92504582,37.60090084,2016-07-29 19:00:00
2016,06,29,13,주간,수,서울,송파구,차량단독,127.11065093,37.53411187,2016-06-29 13:00:00
2016,06,11,13,주간,토,서울,강서구,차대차,126.80743866,37.56112422,2016-06-11 13:00:00
2016,06,22,16,주간,수,서울,마포구,차대사람,126.93684618,37.54730073,2016-06-22 16:00:00
2016,07,02,02,야간,토,서울,성북구,차량단독,127.04531,37.60471536,2016-07-02 02:00:00
2016,07,08,00,야간,금,서울,중랑구,차량단독,127.08514493,37.62018495,2016-07-08 00:00:00
2016,02,23,23,야간,화,서울,도봉구,차대사람,127.03458093,37.6483795,2016-02-23 23:00:00
2016,02,22,15,주간,월,서울,송파구,차대차,127.10055457,37.51292329,2016-02-22 15:00:00
2016,02,10,09,주간,수,서울,양천구,차대사람,126.86243224,37.52788594,2016-02-10 09:00:00
2016,03,03,00,야간,목,서울,성동구,차대사람,127.03439636,37.55436864,2016-03-03 00:00:00
2016,02,17,01,야간,수,서울,노원구,차대사람,127.07120785,37.64430906,2016-02-17 01:00:00
2016,02,27,01,야간,토,서울,마포구,차대사람,126.95630196,37.55254763,2016-02-27 01:00:00
2016,03,05,03,야간,토,서울,강동구,차대차,127.14080276,37.5626001,2016-03-05 03:00:00
2016,03,06,04,야간,일,서울,강동구,차대사람,127.14850048,37.53647497,2016-03-06 04:00:00
2016,02,13,01,야간,토,서울,강서구,차대차,126.84244191,37.53861051,2016-02-13 01:00:00
2016,03,02,16,주간,수,서울,강서구,차대사람,126.81660436,37.55181269,2016-03-02 16:00:00
2016,03,25,08,주간,금,서울,양천구,차대사람,126.82748141,37.53571405,2016-03-25 08:00:00
2016,03,26,02,야간,토,서울,용산구,차대사람,127.00229892,37.54425976,2016-03-26 02:00:00
2016,03,09,09,주간,수,서울,강북구,차대사람,127.01820664,37.62638422,2016-03-09 09:00:00
2016,02,22,05,야간,월,서울,구로구,차대사람,126.83911876,37.49060414,2016-02-22 05:00:00
2016,02,17,21,야간,수,서울,노원구,차대차,127.09749316,37.62981799,2016-02-17 21:00:00
2016,02,25,23,야간,목,서울,도봉구,차대사람,127.04558808,37.68928887,2016-02-25 23:00:00
2016,03,10,17,주간,목,서울,관악구,차대사람,126.95723221,37.48041658,2016-03-10 17:00:00
2016,02,26,22,야간,금,서울,금천구,차대사람,126.89018948,37.47698891,2016-02-26 22:00:00
2016,03,02,11,주간,수,서울,강남구,차대차,127.07270552,37.49142755,2016-03-02 11:00:00
2016,03,01,07,주간,화,서울,동대문구,차대사람,127.04571666,37.58068706,2016-03-01 07:00:00
2016,01,29,19,야간,금,서울,마포구,차대사람,126.90309008,37.57406709,2016-01-29 19:00:00
2016,02,03,10,주간,수,서울,성북구,차대사람,127.03919191,37.59741779,2016-02-03 10:00:00
2016,02,10,05,야간,수,서울,광진구,차대차,127.07652475,37.56425284,2016-02-10 05:00:00
2016,01,19,05,야간,화,서울,은평구,차대사람,126.91994488,37.62463514,2016-01-19 05:00:00
2016,01,23,22,야간,토,서울,강동구,차대사람,127.17122807,37.55728964,2016-01-23 22:00:00
2016,01,28,22,야간,목,서울,강서구,차대차,126.81568813,37.58638277,2016-01-28 22:00:00
2016,01,08,00,야간,금,서울,마포구,차량단독,126.87921663,37.57832448,2016-01-08 00:00:00
2016,02,06,14,주간,토,서울,송파구,차대차,127.10037216,37.50256605,2016-02-06 14:00:00
2016,01,19,07,주간,화,서울,영등포구,차량단독,126.90219651,37.53425013,2016-01-19 07:00:00
2016,01,19,00,야간,화,서울,마포구,차대차,126.90091283,37.55181088,2016-01-19 00:00:00
2016,01,25,17,주간,월,서울,노원구,차대사람,127.08409426,37.62022632,2016-01-25 17:00:00
2016,01,24,21,야간,일,서울,관악구,차대사람,126.96522178,37.47630316,2016-01-24 21:00:00
2016,01,16,18,야간,토,서울,동대문구,차대차,127.07027779,37.60700819,2016-01-16 18:00:00
2016,02,04,23,야간,목,서울,마포구,차량단독,126.91270451,37.56398421,2016-02-04 23:00:00
2016,01,30,03,야간,토,서울,영등포구,차대차,126.88811881,37.5422541,2016-01-30 03:00:00
2016,02,05,15,주간,금,서울,관악구,차대사람,126.91625836,37.47557926,2016-02-05 15:00:00
2016,02,05,05,야간,금,서울,은평구,차대사람,126.91023506,37.61435684,2016-02-05 05:00:00
2016,01,20,00,야간,수,서울,중구,차대사람,126.97227529,37.55493928,2016-01-20 00:00:00
2016,01,22,11,주간,금,서울,금천구,차대사람,126.89299245,37.47582257,2016-01-22 11:00:00
2016,02,06,06,주간,토,서울,은평구,차대사람,126.93123955,37.60873645,2016-02-06 06:00:00
2016,02,10,20,야간,수,서울,동대문구,차대사람,127.03881014,37.57667633,2016-02-10 20:00:00
2016,11,05,10,주간,토,서울,강서구,차대사람,126.87628917,37.54911454,2016-11-05 10:00:00
2016,12,16,00,야간,금,서울,송파구,차대사람,127.11690927,37.49442746,2016-12-16 00:00:00
2016,11,09,01,야간,수,서울,관악구,차대사람,126.95035871,37.48152052,2016-11-09 01:00:00
2016,12,18,07,주간,일,서울,강동구,차대사람,127.14571773,37.52175649,2016-12-18 07:00:00
2016,11,05,15,주간,토,서울,동대문구,차량단독,127.06539627,37.5911627,2016-11-05 15:00:00
2016,10,28,11,주간,금,서울,용산구,차대사람,126.96118524,37.53943736,2016-10-28 11:00:00
2016,10,06,05,야간,목,서울,구로구,차대차,126.82928639,37.49719169,2016-10-06 05:00:00
2016,09,18,16,주간,일,서울,중구,차대차,126.96928358,37.55948398,2016-09-18 16:00:00
2016,09,05,10,주간,월,서울,중구,차대사람,126.9765331,37.56387887,2016-09-05 10:00:00
2016,10,18,12,주간,화,서울,광진구,차대사람,127.08606155,37.53714693,2016-10-18 12:00:00
2016,09,30,14,주간,금,서울,금천구,차대차,126.89795958,37.46878224,2016-09-30 14:00:00
2016,10,05,09,주간,수,서울,광진구,차대사람,127.07349161,37.53618281,2016-10-05 09:00:00
2016,10,20,21,야간,목,서울,중구,차대사람,127.00817406,37.55803898,2016-10-20 21:00:00
2016,10,28,20,야간,금,서울,중랑구,차대사람,127.07956161,37.59406226,2016-10-28 20:00:00
2016,10,05,12,주간,수,서울,노원구,차대사람,127.05358247,37.67823303,2016-10-05 12:00:00
2016,11,14,05,야간,월,서울,동대문구,차대사람,127.05430157,37.58256755,2016-11-14 05:00:00
2016,09,22,17,주간,목,서울,서초구,차대사람,127.02028201,37.4901627,2016-09-22 17:00:00
2016,09,20,14,주간,화,서울,금천구,차대사람,126.90243018,37.46661373,2016-09-20 14:00:00
2016,09,01,21,야간,목,서울,동대문구,차대차,127.02775308,37.57549691,2016-09-01 21:00:00
2016,10,20,04,야간,목,서울,서대문구,차대사람,126.91147176,37.58106754,2016-10-20 04:00:00
2016,10,18,06,주간,화,서울,용산구,차대사람,127.00144152,37.53362019,2016-10-18 06:00:00
2016,10,23,00,야간,일,서울,성동구,차대사람,127.02521173,37.56498241,2016-10-23 00:00:00
2016,10,08,14,주간,토,서울,서대문구,차대사람,126.92395305,37.56630201,2016-10-08 14:00:00
2016,10,24,10,주간,월,서울,강서구,차대사람,126.870108,37.55315581,2016-10-24 10:00:00
2016,10,27,06,주간,목,서울,금천구,차대사람,126.89773758,37.47798757,2016-10-27 06:00:00
2016,09,23,02,야간,금,서울,서대문구,차대사람,126.92993776,37.56403263,2016-09-23 02:00:00
2016,10,10,18,야간,월,서울,도봉구,차대차,127.05489903,37.64577192,2016-10-10 18:00:00
2016,10,20,16,주간,목,서울,동작구,차대사람,126.93739667,37.50476318,2016-10-20 16:00:00
2016,10,24,05,야간,월,서울,금천구,차대차,126.88970167,37.45769733,2016-10-24 05:00:00
2016,10,04,01,야간,화,서울,강남구,차대차,127.03387663,37.5214672,2016-10-04 01:00:00
2016,09,29,04,야간,목,서울,은평구,차대차,126.9157037,37.59894412,2016-09-29 04:00:00
2016,09,27,18,야간,화,서울,용산구,차대사람,126.96895089,37.55371386,2016-09-27 18:00:00
2016,09,28,05,야간,수,서울,강동구,차대사람,127.13683367,37.52885024,2016-09-28 05:00:00
2016,10,04,05,야간,화,서울,서초구,차대사람,127.01762098,37.48531156,2016-10-04 05:00:00
2016,09,28,01,야간,수,서울,구로구,차대사람,126.85594214,37.49161644,2016-09-28 01:00:00
2016,10,08,19,야간,토,서울,강동구,차대차,127.14432782,37.55468788,2016-10-08 19:00:00
2016,10,03,02,야간,월,서울,관악구,차대사람,126.94780692,37.4816907,2016-10-03 02:00:00
2016,10,02,18,야간,일,서울,영등포구,차대사람,126.90456766,37.51503631,2016-10-02 18:00:00
2016,10,03,05,야간,월,서울,은평구,차대차,126.91608818,37.60917622,2016-10-03 05:00:00
2016,09,16,04,야간,금,서울,동작구,차대차,126.92552036,37.51258024,2016-09-16 04:00:00
2016,12,19,13,주간,월,서울,송파구,차대차,127.12800343,37.50197126,2016-12-19 13:00:00
2016,07,30,20,야간,토,서울,영등포구,차대사람,126.9060141,37.49957638,2016-07-30 20:00:00
2016,09,27,06,주간,화,서울,성동구,차대사람,127.01954471,37.54872077,2016-09-27 06:00:00
2016,01,02,11,주간,토,서울,강서구,차대차,126.84450319,37.55799275,2016-01-02 11:00:00
2016,01,07,19,야간,목,서울,양천구,차대차,126.86988952,37.52665506,2016-01-07 19:00:00
2016,11,27,06,주간,일,서울,서초구,차대차,127.04675142,37.45652739,2016-11-27 06:00:00
2016,10,14,01,야간,금,서울,성북구,차대사람,127.03150489,37.6056889,2016-10-14 01:00:00
2016,10,24,02,야간,월,서울,도봉구,차대사람,127.04519999,37.65253101,2016-10-24 02:00:00
2016,10,03,04,야간,월,서울,영등포구,차대사람,126.88698644,37.54465302,2016-10-03 04:00:00
2016,09,24,23,야간,토,서울,마포구,차대차,126.94191328,37.54790165,2016-09-24 23:00:00
2016,09,23,13,주간,금,서울,중랑구,차대사람,127.10420999,37.6005831,2016-09-23 13:00:00
2016,09,04,20,야간,일,서울,금천구,차대사람,126.90973664,37.45062426,2016-09-04 20:00:00
2016,12,21,21,야간,수,서울,종로구,차대사람,126.9607804,37.60503542,2016-12-21 21:00:00
2016,07,21,22,야간,목,서울,강북구,차대사람,127.02538574,37.64153777,2016-07-21 22:00:00
2016,01,07,12,주간,목,서울,동대문구,차대사람,127.02984978,37.58064296,2016-01-07 12:00:00
2016,01,12,13,주간,화,서울,동작구,차대사람,126.93985451,37.50682634,2016-01-12 13:00:00
2016,01,31,07,주간,일,서울,구로구,차대차,126.82392298,37.48099988,2016-01-31 07:00:00
2016,02,06,17,주간,토,서울,동작구,차대차,126.94023513,37.50888594,2016-02-06 17:00:00
2016,11,26,17,주간,토,서울,강동구,차대차,127.12128405,37.53984301,2016-11-26 17:00:00
2016,12,25,10,주간,일,서울,관악구,차대사람,126.90200574,37.4815651,2016-12-25 10:00:00
2016,04,24,07,주간,일,서울,강북구,차대차,127.02809502,37.62178228,2016-04-24 07:00:00
2016,11,18,16,주간,금,서울,송파구,차대사람,127.127102,37.48758267,2016-11-18 16:00:00
2016,10,30,13,주간,일,서울,금천구,차대차,126.8974906,37.45366314,2016-10-30 13:00:00
2016,12,16,23,야간,금,서울,광진구,차량단독,127.07836408,37.5673871,2016-12-16 23:00:00
2016,02,11,22,야간,목,서울,종로구,차대사람,126.98490297,37.57014399,2016-02-11 22:00:00
2016,12,24,00,야간,토,서울,종로구,차대사람,126.98937402,37.57042481,2016-12-24 00:00:00
2016,12,04,02,야간,일,서울,서대문구,차대차,126.93595575,37.58192527,2016-12-04 02:00:00
2016,04,29,01,야간,금,서울,양천구,차대사람,126.86364027,37.53356193,2016-04-29 01:00:00
2016,11,28,17,주간,월,서울,양천구,차대차,126.87242424,37.51994449,2016-11-28 17:00:00
2016,12,01,18,야간,목,서울,은평구,차대사람,126.91502024,37.61822937,2016-12-01 18:00:00
2016,03,04,23,야간,금,서울,서초구,차대사람,127.05692737,37.45847867,2016-03-04 23:00:00
2016,01,23,08,주간,토,서울,관악구,차대사람,126.93912647,37.48617282,2016-01-23 08:00:00
2016,01,29,19,야간,금,서울,강서구,차대사람,126.81198658,37.56128421,2016-01-29 19:00:00
2016,02,03,04,야간,수,서울,도봉구,차대사람,127.04406639,37.67291482,2016-02-03 04:00:00
2016,11,29,10,주간,화,서울,서대문구,차대사람,126.92980098,37.56563636,2016-11-29 10:00:00
2016,12,30,05,야간,금,서울,광진구,차대차,127.08320368,37.54016542,2016-12-30 05:00:00
2016,10,07,04,야간,금,서울,서초구,차대차,127.04579719,37.45726464,2016-10-07 04:00:00
2016,12,30,00,야간,금,서울,도봉구,차대사람,127.04541834,37.68922512,2016-12-30 00:00:00
2016,11,27,20,야간,일,서울,동대문구,차대사람,127.05699559,37.58856263,2016-11-27 20:00:00
2016,12,02,00,야간,금,서울,마포구,차대차,126.88205198,37.58331476,2016-12-02 00:00:00
2016,12,23,04,야간,금,서울,송파구,차대사람,127.11861184,37.49242113,2016-12-23 04:00:00
2016,12,23,21,야간,금,서울,관악구,차대차,126.92893092,37.47928267,2016-12-23 21:00:00
2016,11,30,07,주간,수,서울,서초구,차대차,126.99937623,37.50054073,2016-11-30 07:00:00
2016,12,30,00,야간,금,서울,동작구,차대사람,126.94024527,37.51358835,2016-12-30 00:00:00
2016,09,02,22,야간,금,서울,동대문구,차대사람,127.06291687,37.56770048,2016-09-02 22:00:00
2016,08,23,21,야간,화,서울,성동구,차대차,127.02515925,37.55237593,2016-08-23 21:00:00
2016,11,11,21,야간,금,서울,성동구,차대사람,127.06583624,37.54874863,2016-11-11 21:00:00
2016,01,14,02,야간,목,서울,서대문구,차대사람,126.96584665,37.55877445,2016-01-14 02:00:00
2016,01,16,06,주간,토,서울,도봉구,차대사람,127.04292522,37.66614048,2016-01-16 06:00:00
2016,01,27,05,야간,수,서울,강북구,차대차,127.01368162,37.63385578,2016-01-27 05:00:00
2016,09,11,19,야간,일,서울,강북구,차대사람,127.02777569,37.62210549,2016-09-11 19:00:00
2016,11,07,16,주간,월,서울,강북구,차대차,127.04163041,37.63071744,2016-11-07 16:00:00
2016,07,03,05,야간,일,서울,성북구,차대사람,127.03184772,37.58532889,2016-07-03 05:00:00
2016,04,28,08,주간,목,서울,은평구,차대차,126.91483648,37.64311431,2016-04-28 08:00:00
2016,02,11,10,주간,목,서울,강동구,차대차,127.1437591,37.5171717,2016-02-11 10:00:00
2016,07,29,02,야간,금,서울,강남구,차대차,127.10612543,37.47559857,2016-07-29 02:00:00
2016,12,14,01,야간,수,서울,강남구,차대차,127.06734518,37.50095345,2016-12-14 01:00:00
2016,12,20,11,주간,화,서울,구로구,차대차,126.86776447,37.49683604,2016-12-20 11:00:00
2016,10,31,06,주간,월,서울,강남구,차대차,127.06737866,37.50103469,2016-10-31 06:00:00
2016,10,30,02,야간,일,서울,중구,차대사람,127.00910407,37.55952106,2016-10-30 02:00:00
2016,11,05,19,야간,토,서울,마포구,차대차,126.88787923,37.57984792,2016-11-05 19:00:00
2016,09,26,11,주간,월,서울,종로구,차대사람,127.01564369,37.57424005,2016-09-26 11:00:00
2016,12,09,03,야간,금,서울,종로구,차대사람,126.97488209,37.57566926,2016-12-09 03:00:00
2016,10,30,09,주간,일,서울,영등포구,차대차,126.89485256,37.50320626,2016-10-30 09:00:00
2016,11,08,23,야간,화,서울,노원구,차대차,127.06948018,37.64905282,2016-11-08 23:00:00
2016,11,05,14,주간,토,서울,영등포구,차대차,126.90170972,37.50634275,2016-11-05 14:00:00
2016,12,12,00,야간,월,서울,동작구,차대차,126.94000604,37.51683208,2016-12-12 00:00:00
2016,10,20,18,야간,목,서울,중구,차대차,126.99306447,37.55555946,2016-10-20 18:00:00
2016,09,03,01,야간,토,서울,광진구,차대사람,127.08644578,37.53110919,2016-09-03 01:00:00
2016,10,12,21,야간,수,서울,중랑구,차대사람,127.10059628,37.6069164,2016-10-12 21:00:00
2016,10,14,06,주간,금,서울,강남구,차대차,127.05695957,37.5200598,2016-10-14 06:00:00
2016,10,07,19,야간,금,서울,서대문구,차대사람,126.94535268,37.58788351,2016-10-07 19:00:00
2016,08,31,22,야간,수,서울,서초구,차대차,127.0124039,37.48223453,2016-08-31 22:00:00
2016,10,08,00,야간,토,서울,중구,차대사람,127.01858862,37.56571092,2016-10-08 00:00:00
2016,11,19,17,주간,토,서울,송파구,차대사람,127.0810421,37.50568087,2016-11-19 17:00:00
2016,11,19,00,야간,토,서울,중구,차대사람,126.99488194,37.56138094,2016-11-19 00:00:00
2016,11,25,15,주간,금,서울,도봉구,차대차,127.03749133,37.63788135,2016-11-25 15:00:00
2016,10,30,01,야간,일,서울,서초구,차대사람,127.03889273,37.47685159,2016-10-30 01:00:00
2016,12,20,06,주간,화,서울,중구,차대사람,126.97387773,37.56309191,2016-12-20 06:00:00
2016,02,06,05,야간,토,서울,관악구,차대차,126.92312444,37.48984992,2016-02-06 05:00:00
2016,02,04,14,주간,목,서울,관악구,차대사람,126.96574963,37.47396561,2016-02-04 14:00:00
2016,01,06,08,주간,수,서울,영등포구,차대차,126.89525204,37.54202946,2016-01-06 08:00:00
2016,01,10,19,야간,일,서울,서초구,차대사람,127.05962539,37.45729896,2016-01-10 19:00:00
2016,01,25,22,야간,월,서울,서대문구,차대사람,126.93509451,37.55890171,2016-01-25 22:00:00
2016,01,23,00,야간,토,서울,영등포구,차대사람,126.90146253,37.52638665,2016-01-23 00:00:00
2016,02,11,08,주간,목,서울,성북구,차대차,127.01901877,37.60252453,2016-02-11 08:00:00
2016,01,12,02,야간,화,서울,구로구,차대사람,126.88607095,37.50622555,2016-01-12 02:00:00
2016,12,23,04,야간,금,서울,강동구,차대사람,127.18163305,37.54398711,2016-12-23 04:00:00
2016,01,09,18,야간,토,서울,서초구,차대사람,127.00442782,37.48254387,2016-01-09 18:00:00
2017,01,01,02,야간,일,서울,송파구,차대사람,127.13310702,37.49874052,2017-01-01 02:00:00
2017,01,01,04,야간,일,서울,금천구,차대사람,126.89809356,37.47294629,2017-01-01 04:00:00
2017,01,02,04,야간,월,서울,은평구,차대사람,126.91544404,37.61909675,2017-01-02 04:00:00
2017,01,02,08,주간,월,서울,영등포구,차량단독,126.89773933,37.48749238,2017-01-02 08:00:00
2017,01,02,17,주간,월,서울,금천구,차대차,126.90349219,37.44395888,2017-01-02 17:00:00
2017,01,02,17,주간,월,서울,광진구,차량단독,127.09494311,37.55460089,2017-01-02 17:00:00
2017,01,03,18,야간,화,서울,관악구,차대사람,126.95493031,37.48122622,2017-01-03 18:00:00
2017,01,04,09,주간,수,서울,중랑구,차대차,127.08607182,37.5946351,2017-01-04 09:00:00
2017,01,05,10,주간,목,서울,광진구,차량단독,127.06517414,37.54170482,2017-01-05 10:00:00
2017,01,06,00,야간,금,서울,성동구,차대사람,127.02547445,37.54730259,2017-01-06 00:00:00
2017,01,06,06,주간,금,서울,성북구,차대사람,127.03815941,37.60244866,2017-01-06 06:00:00
2017,01,08,00,야간,일,서울,영등포구,차대차,126.90147689,37.50673726,2017-01-08 00:00:00
2017,01,10,22,야간,화,서울,양천구,차대차,126.88339929,37.53665923,2017-01-10 22:00:00
2017,01,12,08,주간,목,서울,송파구,차대차,127.14191597,37.50030167,2017-01-12 08:00:00
2017,01,13,06,주간,금,서울,동작구,차대사람,126.93164793,37.51327688,2017-01-13 06:00:00
2017,01,13,11,주간,금,서울,서초구,차대사람,126.98179806,37.47719185,2017-01-13 11:00:00
2017,01,15,09,주간,일,서울,양천구,차대사람,126.86287325,37.5465552,2017-01-15 09:00:00
2017,01,16,05,야간,월,서울,강남구,차대차,127.0275518,37.49794369,2017-01-16 05:00:00
2017,01,16,06,주간,월,서울,강서구,차대사람,126.84868321,37.54460299,2017-01-16 06:00:00
2017,01,16,20,야간,월,서울,관악구,차대사람,126.93194366,37.48768884,2017-01-16 20:00:00
2017,01,17,06,주간,화,서울,관악구,차대사람,126.91260064,37.47328971,2017-01-17 06:00:00
2017,01,18,14,주간,수,서울,서대문구,차대사람,126.92909438,37.57216769,2017-01-18 14:00:00
2017,01,19,13,주간,목,서울,마포구,차대사람,126.91180536,37.54872896,2017-01-19 13:00:00
2017,01,20,10,주간,금,서울,영등포구,차대사람,126.89833102,37.50538728,2017-01-20 10:00:00
2017,01,20,11,주간,금,서울,광진구,차대차,127.07125472,37.55125436,2017-01-20 11:00:00
2017,01,21,02,야간,토,서울,성동구,차량단독,127.05334593,37.55104375,2017-01-21 02:00:00
2017,01,22,04,야간,일,서울,종로구,차대사람,127.00423797,37.57110108,2017-01-22 04:00:00
2017,01,22,05,야간,일,서울,동작구,차대차,126.90944083,37.49254496,2017-01-22 05:00:00
2017,01,25,22,야간,수,서울,강남구,차대사람,127.02782299,37.51955031,2017-01-25 22:00:00
2017,01,25,23,야간,수,서울,송파구,차대차,127.14650819,37.50772469,2017-01-25 23:00:00
2017,01,26,02,야간,목,서울,동대문구,차대사람,127.03374892,37.57832394,2017-01-26 02:00:00
2017,01,27,20,야간,금,서울,종로구,차대사람,127.00730516,37.57306984,2017-01-27 20:00:00
2017,01,30,18,야간,월,서울,서초구,차대사람,127.02107323,37.48317136,2017-01-30 18:00:00
2017,02,01,18,야간,수,서울,도봉구,차대사람,127.04497965,37.6774881,2017-02-01 18:00:00
2017,02,02,15,주간,목,서울,양천구,차량단독,126.87363384,37.52144716,2017-02-02 15:00:00
2017,02,03,00,야간,금,서울,양천구,차량단독,126.87208101,37.5311915,2017-02-03 00:00:00
2017,02,03,00,야간,금,서울,동대문구,차대사람,127.06898058,37.59031055,2017-02-03 00:00:00
2017,02,03,23,야간,금,서울,서초구,차량단독,126.99881718,37.50970516,2017-02-03 23:00:00
2017,02,05,01,야간,일,서울,노원구,차량단독,127.05019199,37.67442554,2017-02-05 01:00:00
2017,02,05,06,주간,일,서울,동대문구,차대차,127.05781951,37.57756929,2017-02-05 06:00:00
2017,02,05,20,야간,일,서울,종로구,차량단독,127.00119608,37.58573513,2017-02-05 20:00:00
2017,02,11,02,야간,토,서울,종로구,차대사람,126.97716597,37.57053361,2017-02-11 02:00:00
2017,02,11,10,주간,토,서울,강남구,차대사람,127.04509332,37.5230162,2017-02-11 10:00:00
2017,02,12,02,야간,일,서울,광진구,차대사람,127.08725897,37.56221774,2017-02-12 02:00:00
2017,02,12,06,주간,일,서울,서초구,차대사람,127.01916637,37.51596404,2017-02-12 06:00:00
2017,02,13,05,야간,월,서울,동대문구,차대차,127.05446177,37.58799426,2017-02-13 05:00:00
2017,02,13,23,야간,월,서울,관악구,차대사람,126.90990296,37.48125328,2017-02-13 23:00:00
2017,02,16,23,야간,목,서울,중랑구,차대차,127.08005175,37.57275074,2017-02-16 23:00:00
2017,02,18,01,야간,토,서울,성동구,차량단독,127.0351954,37.5715425,2017-02-18 01:00:00
2017,02,18,10,주간,토,서울,동작구,차대사람,126.9488544,37.50307397,2017-02-18 10:00:00
2017,02,19,02,야간,일,서울,성북구,차량단독,127.06318855,37.61422896,2017-02-19 02:00:00
2017,02,20,19,야간,월,서울,강북구,차대사람,127.0331808,37.64025292,2017-02-20 19:00:00
2017,02,23,04,야간,목,서울,송파구,차대사람,127.14555839,37.49562557,2017-02-23 04:00:00
2017,02,23,12,주간,목,서울,은평구,차대사람,126.91883586,37.63462549,2017-02-23 12:00:00
2017,02,24,10,주간,금,서울,동작구,차대사람,126.93788871,37.49587455,2017-02-24 10:00:00
2017,02,24,20,야간,금,서울,송파구,차대차,127.12877932,37.47504547,2017-02-24 20:00:00
2017,02,27,19,야간,월,서울,도봉구,차대사람,127.04772095,37.65182864,2017-02-27 19:00:00
2017,02,27,22,야간,월,서울,강서구,차대사람,126.85067221,37.55281617,2017-02-27 22:00:00
2017,02,28,23,야간,화,서울,강동구,차대차,127.13810019,37.53375751,2017-02-28 23:00:00
2017,03,01,01,야간,수,서울,강남구,차대사람,127.03412275,37.50007897,2017-03-01 01:00:00
2017,03,01,02,야간,수,서울,서대문구,차대차,126.91773366,37.56957943,2017-03-01 02:00:00
2017,03,01,05,야간,수,서울,강동구,차대사람,127.12908438,37.53707988,2017-03-01 05:00:00
2017,03,02,12,주간,목,서울,강동구,차대사람,127.1332227,37.53590572,2017-03-02 12:00:00
2017,03,04,11,주간,토,서울,강동구,차대차,127.1711833,37.55717234,2017-03-04 11:00:00
2017,03,05,06,주간,일,서울,강서구,차량단독,126.84248597,37.52714563,2017-03-05 06:00:00
2017,03,07,05,야간,화,서울,관악구,차대사람,126.97614248,37.47403919,2017-03-07 05:00:00
2017,03,07,09,주간,화,서울,동대문구,차대차,127.06500307,37.59449623,2017-03-07 09:00:00
2017,03,08,20,야간,수,서울,강남구,차대차,127.05919795,37.47618095,2017-03-08 20:00:00
2017,03,09,23,야간,목,서울,강북구,차대차,127.02307973,37.6334615,2017-03-09 23:00:00
2017,03,10,14,주간,금,서울,마포구,차대사람,126.9137729,37.54901817,2017-03-10 14:00:00
2017,03,12,22,야간,일,서울,성동구,차대차,127.04375081,37.56690688,2017-03-12 22:00:00
2017,03,13,04,야간,월,서울,영등포구,차대차,126.90646523,37.53547046,2017-03-13 04:00:00
2017,03,13,05,야간,월,서울,강북구,차대차,127.0185318,37.6198959,2017-03-13 05:00:00
2017,03,15,14,주간,수,서울,도봉구,차대차,127.01555606,37.6576137,2017-03-15 14:00:00
2017,03,17,03,야간,금,서울,중구,차대차,126.98258691,37.56609583,2017-03-17 03:00:00
2017,03,17,14,주간,금,서울,종로구,차대차,126.97762005,37.61088875,2017-03-17 14:00:00
2017,03,17,23,야간,금,서울,성동구,차대차,127.02590118,37.56750355,2017-03-17 23:00:00
2017,03,18,15,주간,토,서울,관악구,차대사람,126.92697741,37.48775499,2017-03-18 15:00:00
2017,03,18,20,야간,토,서울,서대문구,차대사람,126.91358158,37.5701096,2017-03-18 20:00:00
2017,03,19,09,주간,일,서울,마포구,차대차,126.91168319,37.55419051,2017-03-19 09:00:00
2017,03,20,15,주간,월,서울,서초구,차대차,127.04064582,37.46760141,2017-03-20 15:00:00
2017,03,20,21,야간,월,서울,강남구,차대차,127.09364184,37.49187097,2017-03-20 21:00:00
2017,03,21,03,야간,화,서울,강동구,차대차,127.1123713,37.54286969,2017-03-21 03:00:00
2017,03,22,12,주간,수,서울,금천구,차량단독,126.89669721,37.45109022,2017-03-22 12:00:00
2017,03,23,08,주간,목,서울,광진구,차대차,127.08825552,37.55601992,2017-03-23 08:00:00
2017,03,29,06,주간,수,서울,마포구,차대사람,126.91925966,37.55388551,2017-03-29 06:00:00
2017,03,30,02,야간,목,서울,송파구,차량단독,127.12678851,37.49602745,2017-03-30 02:00:00
2017,04,02,05,야간,일,서울,서초구,차대사람,127.03993858,37.46859918,2017-04-02 05:00:00
2017,04,05,05,야간,수,서울,노원구,차대차,127.08704551,37.67664241,2017-04-05 05:00:00
2017,04,06,03,야간,목,서울,광진구,차대차,127.07995762,37.56995262,2017-04-06 03:00:00
2017,04,07,14,주간,금,서울,동작구,차량단독,126.97313216,37.50492437,2017-04-07 14:00:00
2017,04,07,21,야간,금,서울,도봉구,차대차,127.03985307,37.66292069,2017-04-07 21:00:00
2017,04,07,23,야간,금,서울,마포구,차대사람,126.94796429,37.54097168,2017-04-07 23:00:00
2017,04,09,02,야간,일,서울,강동구,차대사람,127.13730568,37.53421477,2017-04-09 02:00:00
2017,04,11,23,야간,화,서울,강동구,차대차,127.17691154,37.55471844,2017-04-11 23:00:00
2017,04,13,13,주간,목,서울,광진구,차대사람,127.08373795,37.53568758,2017-04-13 13:00:00
2017,04,18,16,주간,화,서울,성북구,차대사람,127.0172653,37.58968674,2017-04-18 16:00:00
2017,04,20,02,야간,목,서울,송파구,차대사람,127.10676044,37.50548987,2017-04-20 02:00:00
2017,04,21,08,주간,금,서울,영등포구,차대사람,126.91554632,37.51181022,2017-04-21 08:00:00
2017,04,21,14,주간,금,서울,영등포구,차대사람,126.92924451,37.51773961,2017-04-21 14:00:00
2017,04,24,05,야간,월,서울,강동구,차대차,127.13855214,37.53392114,2017-04-24 05:00:00
2017,04,25,16,주간,화,서울,서초구,차량단독,127.01306285,37.4782983,2017-04-25 16:00:00
2017,04,26,04,야간,수,서울,종로구,차대사람,126.99993685,37.57079451,2017-04-26 04:00:00
2017,04,26,05,야간,수,서울,서초구,차대차,126.98975329,37.50648457,2017-04-26 05:00:00
2017,04,28,00,야간,금,서울,영등포구,차대사람,126.88822343,37.53083457,2017-04-28 00:00:00
2017,04,29,18,야간,토,서울,강남구,차량단독,127.0763454,37.48387823,2017-04-29 18:00:00
2017,04,30,00,야간,일,서울,영등포구,차량단독,126.88198888,37.52103148,2017-04-30 00:00:00
2017,04,30,06,주간,일,서울,강북구,차대차,127.04242492,37.62996881,2017-04-30 06:00:00
2017,05,01,00,야간,월,서울,구로구,차대사람,126.89541469,37.47838583,2017-05-01 00:00:00
2017,05,03,00,야간,수,서울,용산구,차량단독,126.98261208,37.51986567,2017-05-03 00:00:00
2017,05,04,14,주간,목,서울,양천구,차대사람,126.84471462,37.5181896,2017-05-04 14:00:00
2017,05,04,23,야간,목,서울,강북구,차대사람,127.01790341,37.63122317,2017-05-04 23:00:00
2017,05,06,04,야간,토,서울,성북구,차량단독,127.01239588,37.59124408,2017-05-06 04:00:00
2017,05,06,14,주간,토,서울,동작구,차대차,126.92931733,37.51322959,2017-05-06 14:00:00
2017,05,06,22,야간,토,서울,성동구,차대사람,127.03901501,37.55813638,2017-05-06 22:00:00
2017,05,07,10,주간,일,서울,성동구,차대사람,127.02403224,37.56581051,2017-05-07 10:00:00
2017,05,13,19,야간,토,서울,구로구,차대차,126.83992331,37.47501522,2017-05-13 19:00:00
2017,05,15,03,야간,월,서울,동작구,차량단독,126.91369762,37.49645101,2017-05-15 03:00:00
2017,05,15,08,주간,월,서울,마포구,차대사람,126.93157741,37.54792445,2017-05-15 08:00:00
2017,05,15,09,주간,월,서울,강동구,차대차,127.16524014,37.55190074,2017-05-15 09:00:00
2017,05,15,11,주간,월,서울,양천구,차대차,126.87921882,37.52756075,2017-05-15 11:00:00
2017,05,15,16,주간,월,서울,도봉구,차대사람,127.05348306,37.65318457,2017-05-15 16:00:00
2017,05,16,02,야간,화,서울,송파구,차대사람,127.13955187,37.49550824,2017-05-16 02:00:00
2017,05,18,06,주간,목,서울,동작구,차대사람,126.94988907,37.50083442,2017-05-18 06:00:00
2017,05,18,22,야간,목,서울,강남구,차대차,127.0467723,37.52421245,2017-05-18 22:00:00
2017,05,21,20,야간,일,서울,성북구,차량단독,127.02720799,37.60438284,2017-05-21 20:00:00
2017,05,22,21,야간,월,서울,강동구,차대차,127.15625218,37.54918888,2017-05-22 21:00:00
2017,05,23,09,주간,화,서울,광진구,차대사람,127.0904798,37.54472469,2017-05-23 09:00:00
2017,05,24,02,야간,수,서울,은평구,차대차,126.92309925,37.60064798,2017-05-24 02:00:00
2017,05,24,23,야간,수,서울,송파구,차대차,127.14601553,37.49704208,2017-05-24 23:00:00
2017,05,26,22,야간,금,서울,중랑구,차량단독,127.10356037,37.61839149,2017-05-26 22:00:00
2017,05,26,23,야간,금,서울,양천구,차대사람,126.86389861,37.53112968,2017-05-26 23:00:00
2017,05,28,18,야간,일,서울,광진구,차대차,127.07470517,37.55926633,2017-05-28 18:00:00
2017,05,29,11,주간,월,서울,성북구,차대사람,127.02352168,37.60861334,2017-05-29 11:00:00
2017,05,31,09,주간,수,서울,양천구,차대사람,126.85545854,37.51366086,2017-05-31 09:00:00
2017,06,01,23,야간,목,서울,동작구,차대사람,126.90440994,37.4864626,2017-06-01 23:00:00
2017,06,02,03,야간,금,서울,용산구,차대사람,126.96166593,37.52153781,2017-06-02 03:00:00
2017,06,03,21,야간,토,서울,강서구,차대사람,126.81153922,37.56461836,2017-06-03 21:00:00
2017,06,04,14,주간,일,서울,강남구,차대사람,127.05197893,37.48432015,2017-06-04 14:00:00
2017,06,05,16,주간,월,서울,강동구,차대사람,127.16486336,37.55766834,2017-06-05 16:00:00
2017,06,09,01,야간,금,서울,강남구,차대차,127.04856997,37.47376123,2017-06-09 01:00:00
2017,06,12,13,주간,월,서울,영등포구,차대차,126.90574377,37.50513637,2017-06-12 13:00:00
2017,06,15,15,주간,목,서울,금천구,차대사람,126.90230813,37.43946592,2017-06-15 15:00:00
2017,06,16,00,야간,금,서울,구로구,차대사람,126.85877006,37.50617965,2017-06-16 00:00:00
2017,06,16,14,주간,금,서울,용산구,차대사람,127.0068415,37.53001942,2017-06-16 14:00:00
2017,06,17,04,야간,토,서울,도봉구,차대차,127.05085247,37.64573856,2017-06-17 04:00:00
2017,06,17,11,주간,토,서울,강서구,차대차,126.81674587,37.5710301,2017-06-17 11:00:00
2017,06,18,00,야간,일,서울,마포구,차대사람,126.89097233,37.56022366,2017-06-18 00:00:00
2017,06,18,04,야간,일,서울,영등포구,차대차,126.90620707,37.53234148,2017-06-18 04:00:00
2017,06,20,08,주간,화,서울,송파구,차대차,127.11318189,37.49769627,2017-06-20 08:00:00
2017,06,20,11,주간,화,서울,용산구,차대사람,126.96736685,37.52493562,2017-06-20 11:00:00
2017,06,21,01,야간,수,서울,광진구,차대사람,127.07310134,37.54507777,2017-06-21 01:00:00
2017,06,21,01,야간,수,서울,서초구,차대사람,127.02324831,37.50399254,2017-06-21 01:00:00
2017,06,21,21,야간,수,서울,중구,차대차,127.01322409,37.56494621,2017-06-21 21:00:00
2017,06,22,17,주간,목,서울,송파구,차대차,127.12824039,37.5020982,2017-06-22 17:00:00
2017,06,22,23,야간,목,서울,용산구,차대사람,126.95463873,37.52443586,2017-06-22 23:00:00
2017,06,23,19,야간,금,서울,강동구,차대사람,127.13505802,37.55182032,2017-06-23 19:00:00
2017,06,26,11,주간,월,서울,중구,차대차,127.00981834,37.55591863,2017-06-26 11:00:00
2017,06,27,22,야간,화,서울,서초구,차대사람,127.03537004,37.47588234,2017-06-27 22:00:00
2017,06,28,20,야간,수,서울,동작구,차대차,126.97973065,37.47669603,2017-06-28 20:00:00
2017,06,28,23,야간,수,서울,서대문구,차대차,126.9230741,37.5774924,2017-06-28 23:00:00
2017,06,29,00,야간,목,서울,광진구,차량단독,127.10256345,37.5459107,2017-06-29 00:00:00
2017,06,29,03,야간,목,서울,강서구,차대사람,126.83782497,37.54102735,2017-06-29 03:00:00
2017,06,30,17,주간,금,서울,영등포구,차대차,126.90678586,37.51499339,2017-06-30 17:00:00
2017,07,02,13,주간,일,서울,서초구,차대사람,127.04009104,37.47878517,2017-07-02 13:00:00
2017,07,03,00,야간,월,서울,송파구,차대사람,127.12695836,37.47552196,2017-07-03 00:00:00
2017,07,03,13,주간,월,서울,종로구,차대사람,126.97181226,37.57818924,2017-07-03 13:00:00
2017,07,05,02,야간,수,서울,노원구,차대사람,127.05506294,37.65439833,2017-07-05 02:00:00
2017,07,05,22,야간,수,서울,구로구,차대사람,126.84694279,37.49753399,2017-07-05 22:00:00
2017,07,06,21,야간,목,서울,서대문구,차대차,126.90608874,37.57436163,2017-07-06 21:00:00
2017,07,09,14,주간,일,서울,서초구,차대차,127.04749039,37.45567212,2017-07-09 14:00:00
2017,07,11,23,야간,화,서울,영등포구,차대사람,126.8966979,37.52133287,2017-07-11 23:00:00
2017,07,12,08,주간,수,서울,강동구,차대사람,127.12169239,37.54639717,2017-07-12 08:00:00
2017,07,12,21,야간,수,서울,노원구,차대사람,127.06093477,37.67375396,2017-07-12 21:00:00
2017,07,13,15,주간,목,서울,성동구,차대차,127.06188522,37.54276527,2017-07-13 15:00:00
2017,07,14,12,주간,금,서울,은평구,차대차,126.88909916,37.58578506,2017-07-14 12:00:00
2017,07,14,22,야간,금,서울,용산구,차대차,126.9452615,37.52687091,2017-07-14 22:00:00
2017,07,14,22,야간,금,서울,강동구,차대사람,127.12033631,37.54369777,2017-07-14 22:00:00
2017,07,15,11,주간,토,서울,양천구,차대사람,126.86402988,37.54365911,2017-07-15 11:00:00
2017,07,18,12,주간,화,서울,서초구,차대사람,126.99477648,37.50150363,2017-07-18 12:00:00
2017,07,20,00,야간,목,서울,도봉구,차대차,127.0398494,37.67086143,2017-07-20 00:00:00
2017,07,22,03,야간,토,서울,용산구,차대사람,126.98645159,37.53754894,2017-07-22 03:00:00
2017,07,22,03,야간,토,서울,서초구,차대사람,127.02302152,37.50407275,2017-07-22 03:00:00
2017,07,22,12,주간,토,서울,도봉구,차대차,127.02481933,37.65216224,2017-07-22 12:00:00
2017,07,22,20,야간,토,서울,서초구,차대사람,127.00604124,37.49517867,2017-07-22 20:00:00
2017,07,23,11,주간,일,서울,송파구,차대차,127.13715133,37.47492275,2017-07-23 11:00:00
2017,07,23,17,주간,일,서울,은평구,차대차,126.93132936,37.60884505,2017-07-23 17:00:00
2017,07,25,14,주간,화,서울,양천구,차대사람,126.85328828,37.51339661,2017-07-25 14:00:00
2017,07,25,21,야간,화,서울,강서구,차대사람,126.87018861,37.55837502,2017-07-25 21:00:00
2017,07,26,04,야간,수,서울,영등포구,차대사람,126.90111394,37.53516402,2017-07-26 04:00:00
2017,07,26,04,야간,수,서울,성북구,차대사람,127.02205278,37.60090993,2017-07-26 04:00:00
2017,07,28,04,야간,금,서울,동대문구,차대차,127.06479256,37.57033935,2017-07-28 04:00:00
2017,07,29,05,야간,토,서울,종로구,차대사람,127.01065958,37.57097464,2017-07-29 05:00:00
2017,08,01,17,주간,화,서울,구로구,차대사람,126.85194943,37.49811138,2017-08-01 17:00:00
2017,08,02,06,주간,수,서울,성동구,차대차,127.06403925,37.54803715,2017-08-02 06:00:00
2017,08,03,03,야간,목,서울,영등포구,차대사람,126.88185692,37.52468126,2017-08-03 03:00:00
2017,08,06,04,야간,일,서울,노원구,차량단독,127.10173624,37.67779256,2017-08-06 04:00:00
2017,08,06,23,야간,일,서울,강서구,차대차,126.81563675,37.54867943,2017-08-06 23:00:00
2017,08,10,21,야간,목,서울,동대문구,차대사람,126.97839369,37.56660917,2017-08-10 21:00:00
2017,08,12,11,주간,토,서울,강동구,차대차,127.12867793,37.53709933,2017-08-12 11:00:00
2017,08,13,02,야간,일,서울,동대문구,차대차,127.0406544,37.59538645,2017-08-13 02:00:00
2017,08,14,13,주간,월,서울,강서구,차대차,126.84196355,37.55439939,2017-08-14 13:00:00
2017,08,15,12,주간,화,서울,금천구,차대사람,126.90300499,37.44836408,2017-08-15 12:00:00
2017,08,21,04,야간,월,서울,동대문구,차대사람,127.05353635,37.58363726,2017-08-21 04:00:00
2017,08,21,09,주간,월,서울,성북구,차대사람,127.03746634,37.61265275,2017-08-21 09:00:00
2017,08,23,16,주간,수,서울,성동구,차대차,127.04498044,37.54532428,2017-08-23 16:00:00
2017,08,24,04,야간,목,서울,동대문구,차대사람,127.06991459,37.59137755,2017-08-24 04:00:00
2017,08,25,15,주간,금,서울,동작구,차대차,126.92042491,37.4998733,2017-08-25 15:00:00
2017,08,25,23,야간,금,서울,노원구,차대사람,127.07756817,37.63808573,2017-08-25 23:00:00
2017,08,26,01,야간,토,서울,강남구,차대차,127.09274307,37.48447671,2017-08-26 01:00:00
2017,08,26,07,주간,토,서울,동대문구,차량단독,127.03200888,37.57043928,2017-08-26 07:00:00
2017,08,27,15,주간,일,서울,강동구,차대사람,127.15591847,37.55208937,2017-08-27 15:00:00
2017,08,28,02,야간,월,서울,광진구,차대차,127.07399604,37.56091775,2017-08-28 02:00:00
2017,08,28,08,주간,월,서울,동대문구,차대사람,127.06878511,37.57903399,2017-08-28 08:00:00
2017,08,30,05,야간,수,서울,양천구,차대사람,126.86355747,37.52599016,2017-08-30 05:00:00
2017,08,30,13,주간,수,서울,동대문구,차대사람,127.04477332,37.57751069,2017-08-30 13:00:00
2017,08,31,14,주간,목,서울,성북구,차대차,127.02874089,37.60742649,2017-08-31 14:00:00
2017,09,02,04,야간,토,서울,용산구,차량단독,126.98814446,37.5449023,2017-09-02 04:00:00
2017,09,03,09,주간,일,서울,성북구,차대사람,127.02210073,37.58632638,2017-09-03 09:00:00
2017,09,05,08,주간,화,서울,중랑구,차대사람,127.10580735,37.60057944,2017-09-05 08:00:00
2017,09,06,15,주간,수,서울,강남구,차대차,127.11141783,37.48225915,2017-09-06 15:00:00
2017,09,07,20,야간,목,서울,강동구,차대사람,127.16308061,37.55630222,2017-09-07 20:00:00
2017,09,09,04,야간,토,서울,성북구,차대사람,127.05303513,37.60873782,2017-09-09 04:00:00
2017,09,11,16,주간,월,서울,송파구,차대사람,127.12084793,37.53878703,2017-09-11 16:00:00
2017,09,12,14,주간,화,서울,강서구,차대차,126.79834639,37.58167512,2017-09-12 14:00:00
2017,09,13,19,야간,수,서울,구로구,차대사람,126.88349892,37.49979452,2017-09-13 19:00:00
2017,09,16,18,야간,토,서울,영등포구,차량단독,126.88295788,37.55176348,2017-09-16 18:00:00
2017,09,18,18,야간,월,서울,동대문구,차대차,127.04988706,37.58402,2017-09-18 18:00:00
2017,09,19,19,야간,화,서울,구로구,차대사람,126.84804486,37.50284723,2017-09-19 19:00:00
2017,09,22,09,주간,금,서울,성동구,차량단독,127.06069682,37.54466271,2017-09-22 09:00:00
2017,09,22,22,야간,금,서울,관악구,차대사람,126.92605293,37.46369324,2017-09-22 22:00:00
2017,09,23,10,주간,토,서울,금천구,차대사람,126.90044806,37.46559416,2017-09-23 10:00:00
2017,09,23,13,주간,토,서울,성동구,차대차,127.03772025,37.5716155,2017-09-23 13:00:00
2017,09,24,03,야간,일,서울,송파구,차대사람,127.11351904,37.52665805,2017-09-24 03:00:00
2017,09,24,11,주간,일,서울,노원구,차대사람,127.09040838,37.62391687,2017-09-24 11:00:00
2017,09,25,00,야간,월,서울,송파구,차대사람,127.09926571,37.52118438,2017-09-25 00:00:00
2017,09,25,11,주간,월,서울,종로구,차대사람,126.99034561,37.57740542,2017-09-25 11:00:00
2017,09,25,14,주간,월,서울,성북구,차대차,127.02370876,37.58637794,2017-09-25 14:00:00
2017,09,26,01,야간,화,서울,강서구,차대차,126.85198506,37.56985876,2017-09-26 01:00:00
2017,09,26,05,야간,화,서울,영등포구,차대사람,126.91058431,37.50969443,2017-09-26 05:00:00
2017,09,26,15,주간,화,서울,서초구,차대차,127.05083662,37.45217316,2017-09-26 15:00:00
2017,09,26,21,야간,화,서울,동작구,차대사람,126.96586577,37.50689635,2017-09-26 21:00:00
2017,09,26,23,야간,화,서울,영등포구,차대사람,126.91883438,37.52991657,2017-09-26 23:00:00
2017,09,27,21,야간,수,서울,중구,차대사람,126.99541245,37.56162658,2017-09-27 21:00:00
2017,09,29,01,야간,금,서울,강남구,차대사람,127.0248908,37.50368368,2017-09-29 01:00:00
2017,09,29,05,야간,금,서울,강남구,차대사람,127.03505694,37.5154508,2017-09-29 05:00:00
2017,09,29,06,주간,금,서울,강남구,차대차,127.0486947,37.47370762,2017-09-29 06:00:00
2017,09,30,04,야간,토,서울,강남구,차대차,127.05577254,37.52749152,2017-09-30 04:00:00
2017,10,02,04,야간,월,서울,동대문구,차량단독,127.06844743,37.57278641,2017-10-02 04:00:00
2017,10,02,05,야간,월,서울,서대문구,차대사람,126.93761944,37.58900965,2017-10-02 05:00:00
2017,10,04,02,야간,수,서울,강북구,차대차,127.01291072,37.62346918,2017-10-04 02:00:00
2017,10,06,20,야간,금,서울,용산구,차대사람,126.98502271,37.51983114,2017-10-06 20:00:00
2017,10,09,04,야간,월,서울,도봉구,차량단독,127.05095242,37.68560495,2017-10-09 04:00:00
2017,10,10,23,야간,화,서울,성북구,차대차,127.0524173,37.62108386,2017-10-10 23:00:00
2017,10,11,05,야간,수,서울,양천구,차대차,126.83653036,37.52233518,2017-10-11 05:00:00
2017,10,13,10,주간,금,서울,동대문구,차대사람,127.06526098,37.59105404,2017-10-13 10:00:00
2017,10,13,17,주간,금,서울,양천구,차대사람,126.87119597,37.51527798,2017-10-13 17:00:00
2017,10,13,20,야간,금,서울,강북구,차대사람,127.0207692,37.62086944,2017-10-13 20:00:00
2017,10,15,06,주간,일,서울,광진구,차대차,127.10871023,37.54377699,2017-10-15 06:00:00
2017,10,15,09,주간,일,서울,영등포구,차대사람,126.89985457,37.52706351,2017-10-15 09:00:00
2017,10,15,11,주간,일,서울,동대문구,차대사람,127.04532636,37.57968507,2017-10-15 11:00:00
2017,10,15,21,야간,일,서울,서초구,차대사람,127.05351521,37.45994407,2017-10-15 21:00:00
2017,10,16,21,야간,월,서울,은평구,차대차,126.92274736,37.60660411,2017-10-16 21:00:00
2017,10,17,00,야간,화,서울,마포구,차대사람,126.90791272,37.56425772,2017-10-17 00:00:00
2017,10,17,05,야간,화,서울,동작구,차대차,126.91423998,37.49653482,2017-10-17 05:00:00
2017,10,20,06,주간,금,서울,성북구,차대사람,127.05139689,37.61551871,2017-10-20 06:00:00
2017,10,20,12,주간,금,서울,동대문구,차대사람,127.04314809,37.57845082,2017-10-20 12:00:00
2017,10,20,18,야간,금,서울,노원구,차대차,127.05675613,37.66897929,2017-10-20 18:00:00
2017,10,23,00,야간,월,서울,동작구,차대사람,126.92735946,37.51030874,2017-10-23 00:00:00
2017,10,24,00,야간,화,서울,강남구,차대사람,127.04596122,37.4955732,2017-10-24 00:00:00
2017,10,24,11,주간,화,서울,서대문구,차대사람,126.94675762,37.59241484,2017-10-24 11:00:00
2017,10,25,00,야간,수,서울,서대문구,차대사람,126.96725798,37.56171471,2017-10-25 00:00:00
2017,10,30,01,야간,월,서울,광진구,차대사람,127.08816271,37.55642521,2017-10-30 01:00:00
2017,10,30,11,주간,월,서울,강북구,차대사람,127.03925981,37.62864955,2017-10-30 11:00:00
2017,10,30,15,주간,월,서울,은평구,차대사람,126.93514559,37.63755292,2017-10-30 15:00:00
2017,10,30,16,주간,월,서울,강남구,차대차,127.05856194,37.51699217,2017-10-30 16:00:00
2017,10,31,04,야간,화,서울,동작구,차대사람,126.94272283,37.49539269,2017-10-31 04:00:00
2017,10,31,18,야간,화,서울,구로구,차대차,126.84757172,37.5019631,2017-10-31 18:00:00
2017,11,02,17,주간,목,서울,중랑구,차대사람,127.08811937,37.60335827,2017-11-02 17:00:00
2017,11,03,00,야간,금,서울,노원구,차대차,127.0708947,37.62977834,2017-11-03 00:00:00
2017,11,03,18,야간,금,서울,종로구,차대차,126.99217054,37.57049996,2017-11-03 18:00:00
2017,11,04,11,주간,토,서울,동대문구,차대사람,127.04460318,37.5775551,2017-11-04 11:00:00
2017,11,04,23,야간,토,서울,영등포구,차대사람,126.90692127,37.5196162,2017-11-04 23:00:00
2017,11,05,23,야간,일,서울,영등포구,차대사람,126.91634691,37.51797943,2017-11-05 23:00:00
2017,11,06,03,야간,월,서울,동대문구,차량단독,127.03673066,37.58877327,2017-11-06 03:00:00
2017,11,06,11,주간,월,서울,영등포구,차대사람,126.9012217,37.51460477,2017-11-06 11:00:00
2017,11,06,15,주간,월,서울,구로구,차대차,126.82460796,37.48908893,2017-11-06 15:00:00
2017,11,07,17,주간,화,서울,구로구,차대사람,126.88490886,37.48789498,2017-11-07 17:00:00
2017,11,08,04,야간,수,서울,용산구,차량단독,126.95346384,37.52570134,2017-11-08 04:00:00
2017,11,08,04,야간,수,서울,성북구,차대차,127.06026262,37.61274891,2017-11-08 04:00:00
2017,11,08,10,주간,수,서울,송파구,차대사람,127.1265418,37.47968495,2017-11-08 10:00:00
2017,11,09,09,주간,목,서울,동작구,차대사람,126.98188419,37.48273559,2017-11-09 09:00:00
2017,11,09,18,야간,목,서울,송파구,차대사람,127.10558737,37.50695518,2017-11-09 18:00:00
2017,11,09,18,야간,목,서울,송파구,차대사람,127.10691714,37.50581488,2017-11-09 18:00:00
2017,11,13,00,야간,월,서울,강남구,차대차,127.0518354,37.51591225,2017-11-13 00:00:00
2017,11,14,08,주간,화,서울,성동구,차량단독,127.05997722,37.54383079,2017-11-14 08:00:00
2017,11,16,06,주간,목,서울,은평구,차대사람,126.8844022,37.5894922,2017-11-16 06:00:00
2017,11,21,01,야간,화,서울,용산구,차대사람,126.9706443,37.5319809,2017-11-21 01:00:00
2017,11,21,05,야간,화,서울,성북구,차대사람,127.01079918,37.60674959,2017-11-21 05:00:00
2017,11,23,19,야간,목,서울,관악구,차대사람,126.90577097,37.48028615,2017-11-23 19:00:00
2017,11,24,06,주간,금,서울,구로구,차대사람,126.83959898,37.4874521,2017-11-24 06:00:00
2017,11,27,03,야간,월,서울,종로구,차량단독,126.9879846,37.57323099,2017-11-27 03:00:00
2017,11,30,05,야간,목,서울,동작구,차대사람,126.96078418,37.50709499,2017-11-30 05:00:00
2017,11,30,18,야간,목,서울,노원구,차대사람,127.07910642,37.61855918,2017-11-30 18:00:00
2017,11,30,22,야간,목,서울,은평구,차대사람,126.93071201,37.60957215,2017-11-30 22:00:00
2017,12,01,05,야간,금,서울,강서구,차대사람,126.83398447,37.54011342,2017-12-01 05:00:00
2017,12,02,19,야간,토,서울,성북구,차대사람,127.03625299,37.59273731,2017-12-02 19:00:00
2017,12,03,04,야간,일,서울,용산구,차대사람,126.98964167,37.51955374,2017-12-03 04:00:00
2017,12,04,04,야간,월,서울,종로구,차대사람,127.0170316,37.57326326,2017-12-04 04:00:00
2017,12,04,13,주간,월,서울,동대문구,차대사람,127.06285019,37.60234801,2017-12-04 13:00:00
2017,12,04,16,주간,월,서울,은평구,차대사람,126.91549448,37.6054147,2017-12-04 16:00:00
2017,12,04,17,주간,월,서울,강동구,차대사람,127.15516046,37.55517069,2017-12-04 17:00:00
2017,12,07,14,주간,목,서울,송파구,차대사람,127.11229857,37.51755935,2017-12-07 14:00:00
2017,12,07,17,주간,목,서울,강동구,차대사람,127.14130044,37.55798669,2017-12-07 17:00:00
2017,12,09,05,야간,토,서울,동작구,차대사람,126.9507302,37.51280562,2017-12-09 05:00:00
2017,12,10,03,야간,일,서울,구로구,차대사람,126.84678279,37.50161622,2017-12-10 03:00:00
2017,12,12,19,야간,화,서울,동대문구,차대차,127.02312262,37.57528,2017-12-12 19:00:00
2017,12,13,00,야간,수,서울,중랑구,차대사람,127.08212343,37.59171885,2017-12-13 00:00:00
2017,12,14,14,주간,목,서울,동작구,차대차,126.9389548,37.50458671,2017-12-14 14:00:00
2017,12,14,19,야간,목,서울,관악구,차대사람,126.93528106,37.48611845,2017-12-14 19:00:00
2017,12,15,13,주간,금,서울,동작구,차대차,126.93994293,37.50256335,2017-12-15 13:00:00
2017,12,16,12,주간,토,서울,송파구,차대차,127.12165295,37.53403947,2017-12-16 12:00:00
2017,12,17,02,야간,일,서울,서초구,차대사람,127.04065299,37.46273408,2017-12-17 02:00:00
2017,12,18,00,야간,월,서울,강북구,차대사람,127.01774212,37.63162811,2017-12-18 00:00:00
2017,12,18,10,주간,월,서울,관악구,차대사람,126.95208846,37.48782003,2017-12-18 10:00:00
2017,12,19,23,야간,화,서울,관악구,차대차,126.95871968,37.47333872,2017-12-19 23:00:00
2017,12,22,11,주간,금,서울,광진구,차대차,127.09019624,37.54275876,2017-12-22 11:00:00
2017,12,22,19,야간,금,서울,성동구,차대차,127.03426246,37.55587337,2017-12-22 19:00:00
2017,12,23,17,주간,토,서울,노원구,차대차,127.06932054,37.63939891,2017-12-23 17:00:00
2017,12,27,05,야간,수,서울,동대문구,차량단독,127.02776172,37.58130162,2017-12-27 05:00:00
2017,12,27,14,주간,수,서울,종로구,차대차,127.01097228,37.57164293,2017-12-27 14:00:00
2017,12,27,18,야간,수,서울,은평구,차대사람,126.91593533,37.59104953,2017-12-27 18:00:00
2017,12,27,22,야간,수,서울,송파구,차대사람,127.07405217,37.51125332,2017-12-27 22:00:00
2017,12,28,23,야간,목,서울,동대문구,차대사람,127.02336285,37.57490241,2017-12-28 23:00:00
2017,12,29,04,야간,금,서울,서초구,차대차,126.98480654,37.46894854,2017-12-29 04:00:00
2018,02,14,06,주,수,서울,서대문구,차대사람,126.9392741,37.59038756,2018-02-14 06:00:00
2018,09,02,05,야,일,서울,용산구,차대사람,126.9717317,37.54950802,2018-09-02 05:00:00
2018,12,15,22,야,토,서울,성북구,차량단독,127.0125517,37.59165934,2018-12-15 22:00:00
2018,08,23,11,주,목,서울,강북구,차량단독,127.0242273,37.63123983,2018-08-23 11:00:00
2018,07,16,00,야,월,서울,강북구,차대사람,127.0195897,37.62279351,2018-07-16 00:00:00
2018,12,30,04,야,일,서울,강북구,차대사람,127.0221154,37.61236625,2018-12-30 04:00:00
2018,01,29,07,주,월,서울,광진구,차대사람,127.0832413,37.53949856,2018-01-29 07:00:00
2018,05,11,04,야,금,서울,마포구,차대사람,126.9527236,37.54646503,2018-05-11 04:00:00
2018,04,24,23,야,화,서울,영등포구,차대사람,126.9079958,37.51939806,2018-04-24 23:00:00
2018,02,04,07,주,일,서울,영등포구,차대사람,126.8976481,37.50026411,2018-02-04 07:00:00
2018,11,29,04,야,목,서울,성동구,차대사람,127.0466383,37.55196461,2018-11-29 04:00:00
2018,06,17,11,주,일,서울,성동구,차대차,127.0326356,37.54081437,2018-06-17 11:00:00
2018,01,04,14,주,목,서울,동작구,차대사람,126.9252888,37.50145641,2018-01-04 14:00:00
2018,02,06,12,주,화,서울,동작구,차대사람,126.9374151,37.50471459,2018-02-06 12:00:00
2018,08,04,21,야,토,서울,중랑구,차대사람,127.087137,37.59046559,2018-08-04 21:00:00
2018,08,09,10,주,목,서울,관악구,차대사람,126.9180342,37.47555196,2018-08-09 10:00:00
2018,03,17,08,주,토,서울,강남구,차대차,127.0486312,37.52935729,2018-03-17 08:00:00
2018,07,19,03,야,목,서울,강남구,차대차,127.0357669,37.52871253,2018-07-19 03:00:00
2018,09,18,19,야,화,서울,강서구,차대사람,126.8693309,37.54864494,2018-09-18 19:00:00
2018,01,19,07,주,금,서울,송파구,차대사람,127.1055086,37.51762701,2018-01-19 07:00:00
2018,04,15,02,야,일,서울,송파구,차대사람,127.1053044,37.52631541,2018-04-15 02:00:00
2018,08,22,03,야,수,서울,송파구,차량단독,127.1194606,37.5066131,2018-08-22 03:00:00
2018,12,18,22,야,화,서울,구로구,차대사람,126.8859857,37.49868078,2018-12-18 22:00:00
2018,05,03,05,야,목,서울,서초구,차대차,127.007544,37.51613248,2018-05-03 05:00:00
2018,05,17,01,야,목,서울,양천구,차대차,126.8800484,37.54218497,2018-05-17 01:00:00
2018,06,19,19,야,화,서울,도봉구,차대사람,127.043657,37.66940705,2018-06-19 19:00:00
2018,09,10,12,주,월,서울,은평구,차대사람,126.9322677,37.6150688,2018-09-10 12:00:00
2018,01,01,19,야,월,서울,은평구,차대사람,126.9221856,37.61771486,2018-01-01 19:00:00
2018,09,20,23,야,목,서울,강남구,차대사람,127.0298078,37.49359011,2018-09-20 23:00:00
2018,01,08,13,주,월,서울,강남구,차대사람,127.0550033,37.4893161,2018-01-08 13:00:00
2018,07,20,16,주,금,서울,송파구,차대차,127.1416059,37.4988946,2018-07-20 16:00:00
2018,05,03,04,야,목,서울,중구,차대차,127.0117417,37.56480489,2018-05-03 04:00:00
2018,02,04,05,야,일,서울,중구,차대차,127.0140727,37.56504886,2018-02-04 05:00:00
2018,11,13,04,야,화,서울,중구,차대차,126.9731706,37.55417442,2018-11-13 04:00:00
2018,11,27,07,주,화,서울,종로구,차대사람,126.9704712,37.5692509,2018-11-27 07:00:00
2018,09,10,06,주,월,서울,종로구,차대차,126.9498255,37.6095907,2018-09-10 06:00:00
2018,05,03,00,야,목,서울,종로구,차대사람,127.0140925,37.57245802,2018-05-03 00:00:00
2018,06,09,09,주,토,서울,용산구,차대차,126.9772139,37.52152743,2018-06-09 09:00:00
2018,05,28,10,주,월,서울,용산구,차대사람,126.9680354,37.52959862,2018-05-28 10:00:00
2018,02,04,05,야,일,서울,성북구,차대사람,127.0080483,37.58920703,2018-02-04 05:00:00
2018,10,05,07,주,금,서울,강북구,차대사람,127.0230106,37.63364149,2018-10-05 07:00:00
2018,03,12,06,주,월,서울,강북구,차대사람,127.030731,37.63509656,2018-03-12 06:00:00
2018,09,03,02,야,월,서울,동대문구,차대사람,127.0436246,37.58573555,2018-09-03 02:00:00
2018,12,08,07,주,토,서울,광진구,차대차,127.0600841,37.53526833,2018-12-08 07:00:00
2018,12,01,17,주,토,서울,광진구,차대차,127.0860756,37.54587389,2018-12-01 17:00:00
2018,10,07,18,야,일,서울,영등포구,차대차,126.9191415,37.52679941,2018-10-07 18:00:00
2018,11,17,19,야,토,서울,영등포구,차대사람,126.9077947,37.51477312,2018-11-17 19:00:00
2018,02,04,02,야,일,서울,영등포구,차대차,126.9215154,37.52422418,2018-02-04 02:00:00
2018,07,09,15,주,월,서울,금천구,차대사람,126.9002168,37.45490286,2018-07-09 15:00:00
2018,03,18,17,주,일,서울,성동구,차량단독,127.0321794,37.56308495,2018-03-18 17:00:00
2018,01,09,21,야,화,서울,성동구,차대사람,127.0446698,37.54800911,2018-01-09 21:00:00
2018,05,12,19,야,토,서울,중랑구,차대사람,127.0857552,37.59657188,2018-05-12 19:00:00
2018,02,25,01,야,일,서울,중랑구,차대사람,127.0976908,37.59102482,2018-02-25 01:00:00
2018,08,30,01,야,목,서울,강남구,차대사람,127.0562528,37.50755531,2018-08-30 01:00:00
2018,10,29,05,야,월,서울,강남구,차대사람,127.0440725,37.51782046,2018-10-29 05:00:00
2018,05,09,08,주,수,서울,강동구,차대차,127.1445227,37.55655427,2018-05-09 08:00:00
2018,04,22,20,야,일,서울,강동구,차대사람,127.1325088,37.5314508,2018-04-22 20:00:00
2018,05,18,03,야,금,서울,송파구,차대차,127.1363087,37.49710273,2018-05-18 03:00:00
2018,06,25,11,주,월,서울,송파구,차대사람,127.1511958,37.49728283,2018-06-25 11:00:00
2018,02,17,20,야,토,서울,구로구,차대사람,126.8463989,37.50152396,2018-02-17 20:00:00
2018,09,17,15,주,월,서울,구로구,차대사람,126.9015058,37.48469028,2018-09-17 15:00:00
2018,07,16,20,야,월,서울,구로구,차량단독,126.8613111,37.49344829,2018-07-16 20:00:00
2018,04,28,21,야,토,서울,구로구,차대사람,126.8713293,37.49533178,2018-04-28 21:00:00
2018,01,26,05,야,금,서울,구로구,차대사람,126.8942103,37.49447787,2018-01-26 05:00:00
2018,05,24,01,야,목,서울,서초구,차대사람,127.0219047,37.50356347,2018-05-24 01:00:00
2018,01,04,06,주,목,서울,서초구,차대사람,127.0045523,37.48253537,2018-01-04 06:00:00
2018,06,14,02,야,목,서울,양천구,차대차,126.8418524,37.51166595,2018-06-14 02:00:00
2018,03,11,21,야,일,서울,노원구,차대사람,127.0535196,37.68116212,2018-03-11 21:00:00
2018,10,05,14,주,금,서울,도봉구,차대사람,127.0270839,37.64900766,2018-10-05 14:00:00
2018,05,09,17,주,수,서울,도봉구,차대차,127.0347496,37.67766451,2018-05-09 17:00:00
2018,12,11,09,주,화,서울,은평구,차대사람,126.9061836,37.61231753,2018-12-11 09:00:00
2018,07,13,14,주,금,서울,은평구,차대차,126.9218026,37.60760809,2018-07-13 14:00:00
2018,02,12,12,주,월,서울,서초구,차대차,127.0590926,37.44212696,2018-02-12 12:00:00
2018,02,07,19,야,수,서울,강동구,차대차,127.1679473,37.57124512,2018-02-07 19:00:00
2018,03,23,18,야,금,서울,중구,차대차,127.0024349,37.56466688,2018-03-23 18:00:00
2018,06,03,12,주,일,서울,종로구,차대차,126.9595071,37.60095554,2018-06-03 12:00:00
2018,05,13,22,야,일,서울,서대문구,차대사람,126.9513736,37.58082709,2018-05-13 22:00:00
2018,04,28,01,야,토,서울,은평구,차대사람,126.9248883,37.59487011,2018-04-28 01:00:00
2018,01,06,05,야,토,서울,용산구,차대사람,126.9886951,37.53389018,2018-01-06 05:00:00
2018,08,11,21,야,토,서울,성북구,차대사람,127.0080935,37.58750368,2018-08-11 21:00:00
2018,08,01,23,야,수,서울,성북구,차대사람,127.0089748,37.5895534,2018-08-01 23:00:00
2018,02,25,04,야,일,서울,강북구,차대차,127.0334443,37.61078916,2018-02-25 04:00:00
2018,07,09,01,야,월,서울,강북구,차대사람,127.0254049,37.6349671,2018-07-09 01:00:00
2018,06,19,05,야,화,서울,강북구,차량단독,127.0054288,37.67345315,2018-06-19 05:00:00
2018,10,28,06,주,일,서울,동대문구,차대사람,127.0559795,37.58991084,2018-10-28 06:00:00
2018,05,15,20,야,화,서울,마포구,차대차,126.9564661,37.55333256,2018-05-15 20:00:00
2018,04,10,11,주,화,서울,마포구,차대사람,126.9204563,37.55432404,2018-04-10 11:00:00
2018,10,03,09,주,수,서울,영등포구,차대차,126.9047102,37.5198863,2018-10-03 09:00:00
2018,08,09,23,야,목,서울,영등포구,차대차,126.9083621,37.49592866,2018-08-09 23:00:00
2018,05,17,01,야,목,서울,영등포구,차량단독,126.8873197,37.51401971,2018-05-17 01:00:00
2018,02,19,14,주,월,서울,영등포구,차대사람,126.9241626,37.5258235,2018-02-19 14:00:00
2018,07,13,07,주,금,서울,영등포구,차대차,126.9006915,37.5158099,2018-07-13 07:00:00
2018,01,18,17,주,목,서울,성동구,차대사람,127.0364451,37.55992001,2018-01-18 17:00:00
2018,04,13,14,주,금,서울,동작구,차대사람,126.9384917,37.51355298,2018-04-13 14:00:00
2018,11,29,11,주,목,서울,중랑구,차대차,127.0842968,37.60215509,2018-11-29 11:00:00
2018,03,10,01,야,토,서울,관악구,차대사람,126.9336083,37.47396013,2018-03-10 01:00:00
2018,01,05,00,야,금,서울,강서구,차대차,126.8290845,37.5728044,2018-01-05 00:00:00
2018,08,13,18,야,월,서울,강서구,차대사람,126.8126199,37.57024,2018-08-13 18:00:00
2018,06,30,02,야,토,서울,강서구,차대사람,126.8575273,37.53896395,2018-06-30 02:00:00
2018,03,04,22,야,일,서울,송파구,차대차,127.1163921,37.49600317,2018-03-04 22:00:00
2018,02,21,22,야,수,서울,송파구,차대차,127.1127841,37.51995856,2018-02-21 22:00:00
2018,04,16,17,주,월,서울,송파구,차대사람,127.1242025,37.48833964,2018-04-16 17:00:00
2018,11,04,17,주,일,서울,송파구,차대사람,127.0772006,37.50272876,2018-11-04 17:00:00
2018,02,17,12,주,토,서울,송파구,차대차,127.1039516,37.50818457,2018-02-17 12:00:00
2018,11,11,07,주,일,서울,송파구,차대차,127.0855292,37.51675638,2018-11-11 07:00:00
2018,12,13,13,주,목,서울,성북구,차량단독,127.026193,37.60364868,2018-12-13 13:00:00
2018,12,24,05,야,월,서울,서초구,차대차,127.0384984,37.46501785,2018-12-24 05:00:00
2018,11,29,23,야,목,서울,서초구,차대차,127.0130697,37.50860203,2018-11-29 23:00:00
2018,11,21,04,야,수,서울,양천구,차대사람,126.8392781,37.51744725,2018-11-21 04:00:00
2018,10,09,22,야,화,서울,양천구,차량단독,126.834919,37.52538168,2018-10-09 22:00:00
2018,10,15,12,주,월,서울,노원구,차대사람,127.0617941,37.64910564,2018-10-15 12:00:00
2018,06,25,08,주,월,서울,노원구,차대사람,127.0783154,37.65628642,2018-06-25 08:00:00
2018,02,07,18,야,수,서울,도봉구,차대사람,127.0444947,37.67333108,2018-02-07 18:00:00
2018,09,09,02,야,일,서울,은평구,차량단독,126.9150721,37.61739138,2018-09-09 02:00:00
2018,02,06,11,주,화,서울,은평구,차대사람,126.917051,37.62371954,2018-02-06 11:00:00
2018,08,12,05,야,일,서울,강남구,차량단독,127.0741741,37.48519452,2018-08-12 05:00:00
2018,02,07,23,야,수,서울,종로구,차대사람,127.0028223,37.57113118,2018-02-07 23:00:00
2018,08,22,11,주,수,서울,은평구,차대사람,126.9349697,37.60239092,2018-08-22 11:00:00
2018,09,28,23,야,금,서울,은평구,차대차,126.8953801,37.58222105,2018-09-28 23:00:00
2018,10,30,06,주,화,서울,강북구,차대사람,127.0127956,37.62895786,2018-10-30 06:00:00
2018,09,30,04,야,일,서울,동대문구,차대사람,127.0679631,37.56644815,2018-09-30 04:00:00
2018,07,12,17,주,목,서울,광진구,차대사람,127.0921836,37.55196846,2018-07-12 17:00:00
2018,08,08,04,야,수,서울,광진구,차대사람,127.0662231,37.54626953,2018-08-08 04:00:00
2018,03,09,06,주,금,서울,마포구,차대차,126.9445751,37.53854919,2018-03-09 06:00:00
2018,04,07,19,야,토,서울,금천구,차대사람,126.9008518,37.45326561,2018-04-07 19:00:00
2018,09,29,00,야,토,서울,관악구,차대사람,126.957577,37.47934194,2018-09-29 00:00:00
2018,12,01,22,야,토,서울,관악구,차대사람,126.9204237,37.47367987,2018-12-01 22:00:00
2018,11,05,07,주,월,서울,강남구,차대차,127.0280911,37.52010121,2018-11-05 07:00:00
2018,12,15,05,야,토,서울,강서구,차대차,126.8241451,37.57301958,2018-12-15 05:00:00
2018,11,19,06,주,월,서울,강동구,차대사람,127.1298694,37.55481469,2018-11-19 06:00:00
2018,11,24,04,야,토,서울,강동구,차대차,127.1721207,37.5628715,2018-11-24 04:00:00
2018,03,20,04,야,화,서울,강동구,차대사람,127.1710156,37.55927202,2018-03-20 04:00:00
2018,04,12,21,야,목,서울,송파구,차대차,127.1134001,37.49048609,2018-04-12 21:00:00
2018,07,20,16,주,금,서울,송파구,차대사람,127.1214284,37.50232894,2018-07-20 16:00:00
2018,08,06,06,주,월,서울,송파구,차대사람,127.1549555,37.49644659,2018-08-06 06:00:00
2018,04,27,16,주,금,서울,송파구,차대차,127.1062673,37.51321288,2018-04-27 16:00:00
2018,10,13,21,야,토,서울,송파구,차대사람,127.1130146,37.49723603,2018-10-13 21:00:00
2018,10,11,10,주,목,서울,성북구,차대차,127.0323456,37.60351098,2018-10-11 10:00:00
2018,04,28,02,야,토,서울,성북구,차대차,127.0338697,37.60073006,2018-04-28 02:00:00
2018,02,13,04,야,화,서울,성북구,차대사람,127.0368611,37.60610663,2018-02-13 04:00:00
2018,03,10,01,야,토,서울,성북구,차대사람,127.0356583,37.59547506,2018-03-10 01:00:00
2018,08,21,06,주,화,서울,구로구,차대차,126.8912244,37.48046447,2018-08-21 06:00:00
2018,03,24,03,야,토,서울,서초구,차대사람,127.0085157,37.49045686,2018-03-24 03:00:00
2018,02,23,08,주,금,서울,양천구,차대차,126.8272841,37.51483774,2018-02-23 08:00:00
2018,11,14,14,주,수,서울,노원구,차대차,127.0902211,37.62293375,2018-11-14 14:00:00
2018,06,01,03,야,금,서울,노원구,차량단독,127.0761294,37.66389487,2018-06-01 03:00:00
2018,03,13,02,야,화,서울,은평구,차대차,126.9117701,37.61367048,2018-03-13 02:00:00
2018,09,01,23,야,토,서울,서초구,차대사람,126.9926427,37.48746935,2018-09-01 23:00:00
2018,09,28,18,야,금,서울,서초구,차대사람,127.0002529,37.47763189,2018-09-28 18:00:00
2018,01,10,18,야,수,서울,중구,차대사람,127.0027984,37.56449716,2018-01-10 18:00:00
2018,08,21,20,야,화,서울,중구,차대사람,126.9833806,37.56593706,2018-08-21 20:00:00
2018,04,02,01,야,월,서울,서대문구,차대차,126.941255,37.59209148,2018-04-02 01:00:00
2018,06,30,03,야,토,서울,용산구,차량단독,127.0106206,37.53018837,2018-06-30 03:00:00
2018,02,23,20,야,금,서울,강북구,차대차,127.0242605,37.63135713,2018-02-23 20:00:00
2018,02,24,05,야,토,서울,동대문구,차대사람,127.054675,37.56551545,2018-02-24 05:00:00
2018,03,07,15,주,수,서울,동대문구,차대사람,127.0701006,37.57872331,2018-03-07 15:00:00
2018,12,06,12,주,목,서울,광진구,차대사람,127.0948719,37.53638429,2018-12-06 12:00:00
2018,10,09,10,주,화,서울,마포구,차대사람,126.9550659,37.55749033,2018-10-09 10:00:00
2018,02,04,09,주,일,서울,마포구,차대사람,126.9407184,37.55631458,2018-02-04 09:00:00
2018,11,01,15,주,목,서울,영등포구,차대사람,126.8918818,37.5109877,2018-11-01 15:00:00
2018,07,20,11,주,금,서울,영등포구,차대차,126.9059857,37.51601691,2018-07-20 11:00:00
2018,08,29,09,주,수,서울,영등포구,차대사람,126.9338134,37.51870441,2018-08-29 09:00:00
2018,09,03,06,주,월,서울,영등포구,차대사람,126.9052737,37.5216017,2018-09-03 06:00:00
2018,06,17,22,야,일,서울,영등포구,차대차,126.9018444,37.49613019,2018-06-17 22:00:00
2018,08,09,04,야,목,서울,영등포구,차대사람,126.9011733,37.49657747,2018-08-09 04:00:00
2018,03,16,09,주,금,서울,영등포구,차대사람,126.8943811,37.51675117,2018-03-16 09:00:00
2018,03,11,03,야,일,서울,성동구,차대차,127.025566,37.56500547,2018-03-11 03:00:00
2018,01,15,19,야,월,서울,성동구,차대사람,127.0315889,37.56336202,2018-01-15 19:00:00
2018,07,12,09,주,목,서울,동작구,차대사람,126.9231848,37.4999499,2018-07-12 09:00:00
2018,01,04,07,주,목,서울,중랑구,차대사람,127.0766982,37.61362022,2018-01-04 07:00:00
2018,02,27,03,야,화,서울,강남구,차대차,127.0307211,37.51394641,2018-02-27 03:00:00
2018,05,30,16,주,수,서울,강서구,차대차,126.8728838,37.55020516,2018-05-30 16:00:00
2018,03,22,12,주,목,서울,강동구,차대사람,127.1250747,37.5401165,2018-03-22 12:00:00
2018,03,10,12,주,토,서울,송파구,차대사람,127.0911469,37.50961917,2018-03-10 12:00:00
2018,07,18,01,야,수,서울,송파구,차대사람,127.0969934,37.50391563,2018-07-18 01:00:00
2018,09,20,14,주,목,서울,성북구,차대사람,127.0489718,37.61368876,2018-09-20 14:00:00
2018,09,24,05,야,월,서울,서초구,차대차,127.0227872,37.49644631,2018-09-24 05:00:00
2018,07,06,18,야,금,서울,도봉구,차대사람,127.037527,37.64127052,2018-07-06 18:00:00
2018,10,09,13,주,화,서울,은평구,차대차,126.9228582,37.61718636,2018-10-09 13:00:00
2018,12,18,00,야,화,서울,은평구,차대사람,126.9077718,37.64634188,2018-12-18 00:00:00
2018,10,29,09,주,월,서울,강남구,차대차,127.0613815,37.49346819,2018-10-29 09:00:00
2018,11,14,05,야,수,서울,강남구,차대차,127.0467622,37.494071,2018-11-14 05:00:00
2018,01,19,03,야,금,서울,금천구,차대사람,126.8973279,37.44717251,2018-01-19 03:00:00
2018,05,18,23,야,금,서울,서대문구,차대사람,126.9149591,37.56961078,2018-05-18 23:00:00
2018,08,11,00,야,토,서울,용산구,차대사람,126.9998183,37.53601092,2018-08-11 00:00:00
2018,10,17,20,야,수,서울,성북구,차대사람,127.0091217,37.61547662,2018-10-17 20:00:00
2018,07,22,20,야,일,서울,강북구,차대사람,127.0135447,37.63399943,2018-07-22 20:00:00
2018,03,26,17,주,월,서울,동대문구,차대차,127.0688157,37.58944466,2018-03-26 17:00:00
2018,11,19,06,주,월,서울,동대문구,차대차,127.0603422,37.59633754,2018-11-19 06:00:00
2018,10,09,12,주,화,서울,동대문구,차대차,127.0310469,37.57396874,2018-10-09 12:00:00
2018,12,11,17,주,화,서울,동대문구,차대사람,127.0465774,37.57509301,2018-12-11 17:00:00
2018,07,11,01,야,수,서울,광진구,차대사람,127.0638025,37.53231667,2018-07-11 01:00:00
2018,03,03,08,주,토,서울,광진구,차량단독,127.1089348,37.5460789,2018-03-03 08:00:00
2018,10,26,02,야,금,서울,마포구,차량단독,126.8958559,37.55978005,2018-10-26 02:00:00
2018,08,27,03,야,월,서울,마포구,차량단독,126.8963851,37.56014329,2018-08-27 03:00:00
2018,05,19,00,야,토,서울,영등포구,차대차,126.8820019,37.52357336,2018-05-19 00:00:00
2018,01,07,21,야,일,서울,영등포구,차대사람,126.9167962,37.51696312,2018-01-07 21:00:00
2018,08,27,20,야,월,서울,관악구,차량단독,126.9097021,37.48378509,2018-08-27 20:00:00
2018,08,26,04,야,일,서울,관악구,차대사람,126.909848,37.48105471,2018-08-26 04:00:00
2018,11,01,22,야,목,서울,금천구,차대사람,126.897975,37.46939434,2018-11-01 22:00:00
2018,04,14,05,야,토,서울,동작구,차대사람,126.9643514,37.50823792,2018-04-14 05:00:00
2018,03,03,04,야,토,서울,중랑구,차대사람,127.0799215,37.57436009,2018-03-03 04:00:00
2018,11,23,12,주,금,서울,중랑구,차대차,127.0970658,37.59981081,2018-11-23 12:00:00
2018,08,13,15,주,월,서울,중랑구,차대사람,127.0934024,37.592263,2018-08-13 15:00:00
2018,03,22,18,야,목,서울,중랑구,차대사람,127.0931342,37.60616082,2018-03-22 18:00:00
2018,09,30,12,주,일,서울,강남구,차대차,127.0339317,37.53080546,2018-09-30 12:00:00
2018,11,14,18,야,수,서울,강동구,차대사람,127.123831,37.55108203,2018-11-14 18:00:00
2018,04,08,09,주,일,서울,강동구,차대사람,127.1363288,37.53026382,2018-04-08 09:00:00
2018,01,27,06,주,토,서울,송파구,차대사람,127.1196634,37.51481883,2018-01-27 06:00:00
2018,07,21,09,주,토,서울,송파구,차대차,127.1031401,37.50971415,2018-07-21 09:00:00
2018,11,15,20,야,목,서울,구로구,차량단독,126.8417986,37.4997498,2018-11-15 20:00:00
2018,01,10,20,야,수,서울,구로구,차대사람,126.8419783,37.49989502,2018-01-10 20:00:00
2018,01,26,11,주,금,서울,구로구,차대사람,126.8925782,37.48089507,2018-01-26 11:00:00
2018,11,21,10,주,수,서울,서초구,차대사람,127.0267318,37.48805249,2018-11-21 10:00:00
2018,07,26,05,야,목,서울,양천구,차대차,126.8350866,37.5294477,2018-07-26 05:00:00
2018,01,26,01,야,금,서울,노원구,차대사람,127.055337,37.67687864,2018-01-26 01:00:00
2018,06,09,02,야,토,서울,노원구,차량단독,127.0600591,37.63383052,2018-06-09 02:00:00
2018,06,13,01,야,수,서울,노원구,차대사람,127.0691473,37.63407136,2018-06-13 01:00:00
2018,02,27,10,주,화,서울,노원구,차대차,127.0678994,37.65776297,2018-02-27 10:00:00
2018,02,26,05,야,월,서울,동작구,차대사람,126.9819086,37.48280691,2018-02-26 05:00:00
2018,12,29,16,주,토,서울,중구,차대차,126.9982846,37.54699189,2018-12-29 16:00:00
2018,07,12,00,야,목,서울,용산구,차량단독,126.9876727,37.54601793,2018-07-12 00:00:00
2018,02,15,18,야,목,서울,중구,차대사람,126.972718,37.55574075,2018-02-15 18:00:00
2018,10,24,15,주,수,서울,용산구,차대차,126.9914605,37.52501478,2018-10-24 15:00:00
2018,05,31,21,야,목,서울,용산구,차대사람,126.9551269,37.52734047,2018-05-31 21:00:00
2018,06,19,14,주,화,서울,성북구,차대차,127.0221506,37.58029657,2018-06-19 14:00:00
2018,04,10,21,야,화,서울,강북구,차대사람,127.0105211,37.6457043,2018-04-10 21:00:00
2018,11,17,20,야,토,서울,동대문구,차대사람,127.0427882,37.58173935,2018-11-17 20:00:00
2018,03,07,03,야,수,서울,동대문구,차대사람,127.0449967,37.57989111,2018-03-07 03:00:00
2018,11,05,17,주,월,서울,마포구,차대차,126.9263163,37.54753847,2018-11-05 17:00:00
2018,05,14,03,야,월,서울,마포구,차대차,126.9204049,37.54780705,2018-05-14 03:00:00
2018,10,29,09,주,월,서울,영등포구,차대차,126.9054582,37.52544239,2018-10-29 09:00:00
2018,03,15,23,야,목,서울,영등포구,차대사람,126.9000338,37.50608998,2018-03-15 23:00:00
2018,07,03,14,주,화,서울,금천구,차대사람,126.8995285,37.46462504,2018-07-03 14:00:00
2018,07,26,02,야,목,서울,성동구,차량단독,127.0372067,37.56859398,2018-07-26 02:00:00
2018,09,13,08,주,목,서울,성동구,차대사람,127.0543883,37.53759951,2018-09-13 08:00:00
2018,04,17,17,주,화,서울,동작구,차대사람,126.9509654,37.5068064,2018-04-17 17:00:00
2018,12,21,06,주,금,서울,강남구,차대사람,127.047329,37.50699867,2018-12-21 06:00:00
2018,12,23,22,야,일,서울,강남구,차대사람,127.0561677,37.52192263,2018-12-23 22:00:00
2018,03,20,04,야,화,서울,강남구,차대사람,127.0367526,37.51022959,2018-03-20 04:00:00
2018,01,12,03,야,금,서울,강서구,차대사람,126.7996008,37.57954641,2018-01-12 03:00:00
2018,07,23,22,야,월,서울,강동구,차대사람,127.1281123,37.53703446,2018-07-23 22:00:00
2018,01,22,12,주,월,서울,강동구,차대사람,127.1262083,37.54659183,2018-01-22 12:00:00
2018,05,30,11,주,수,서울,송파구,차대차,127.1471442,37.49279102,2018-05-30 11:00:00
2018,07,30,04,야,월,서울,송파구,차대차,127.1280562,37.51185034,2018-07-30 04:00:00
2018,10,29,16,주,월,서울,성북구,차대사람,127.035589,37.5956821,2018-10-29 16:00:00
2018,06,04,09,주,월,서울,성북구,차대사람,127.0472846,37.60791371,2018-06-04 09:00:00
2018,12,20,15,주,목,서울,구로구,차대사람,126.8493711,37.49929601,2018-12-20 15:00:00
2018,11,26,01,야,월,서울,양천구,차대사람,126.8637603,37.53675334,2018-11-26 01:00:00
2018,08,07,04,야,화,서울,노원구,차대사람,127.0740665,37.62605828,2018-08-07 04:00:00
2018,07,19,02,야,목,서울,노원구,차대사람,127.0721899,37.62724126,2018-07-19 02:00:00
2018,07,18,16,주,수,서울,노원구,차대사람,127.0634319,37.61718627,2018-07-18 16:00:00
2018,04,25,04,야,수,서울,노원구,차대사람,127.0780865,37.66666899,2018-04-25 04:00:00
2018,07,15,21,야,일,서울,서초구,차대차,126.9827272,37.49498875,2018-07-15 21:00:00
2018,08,13,16,주,월,서울,강남구,차대사람,127.0745147,37.48757625,2018-08-13 16:00:00
2018,12,08,05,야,토,서울,강남구,차대차,127.1004472,37.48847802,2018-12-08 05:00:00
2018,04,21,11,주,토,서울,중구,차대사람,127.0022804,37.56577489,2018-04-21 11:00:00
2018,12,24,20,야,월,서울,종로구,차대사람,126.9711752,37.56978405,2018-12-24 20:00:00
2018,04,13,21,야,금,서울,서대문구,차대사람,126.9521033,37.5956125,2018-04-13 21:00:00
2018,12,31,20,야,월,서울,용산구,차대사람,126.9563985,37.53301583,2018-12-31 20:00:00
2018,01,03,06,주,수,서울,용산구,차대사람,126.9659394,37.53784554,2018-01-03 06:00:00
2018,02,09,01,야,금,서울,용산구,차량단독,126.9465984,37.53434037,2018-02-09 01:00:00
2018,11,01,06,주,목,서울,강북구,차대사람,127.0107026,37.64568703,2018-11-01 06:00:00
2018,04,01,00,야,일,서울,동대문구,차대사람,127.0708053,37.57236236,2018-04-01 00:00:00
2018,04,06,12,주,금,서울,동대문구,차대차,127.0512288,37.58314179,2018-04-06 12:00:00
2018,06,22,23,야,금,서울,동대문구,차대차,127.0413664,37.5790388,2018-06-22 23:00:00
2018,11,14,12,주,수,서울,광진구,차대차,127.0941063,37.52101353,2018-11-14 12:00:00
2018,08,14,00,야,화,서울,마포구,차량단독,126.9443726,37.55667435,2018-08-14 00:00:00
2018,01,13,01,야,토,서울,영등포구,차대사람,126.9217294,37.52435142,2018-01-13 01:00:00
2018,11,28,02,야,수,서울,금천구,차량단독,126.8843971,37.46479055,2018-11-28 02:00:00
2018,06,05,23,야,화,서울,동작구,차대사람,126.9802245,37.50189118,2018-06-05 23:00:00
2018,05,03,17,주,목,서울,동작구,차대사람,126.9653286,37.50447468,2018-05-03 17:00:00
2018,03,08,21,야,목,서울,중랑구,차대사람,127.0762204,37.59597919,2018-03-08 21:00:00
2018,03,07,20,야,수,서울,관악구,차대사람,126.9138232,37.47748709,2018-03-07 20:00:00
2018,01,20,18,야,토,서울,관악구,차대사람,126.9497297,37.48246402,2018-01-20 18:00:00
2018,07,02,01,야,월,서울,강남구,차대차,127.0527586,37.52806603,2018-07-02 01:00:00
2018,04,06,01,야,금,서울,강남구,차대사람,127.0256649,37.51901888,2018-04-06 01:00:00
2018,03,18,07,주,일,서울,강남구,차대차,127.0544277,37.52526011,2018-03-18 07:00:00
2018,12,04,07,주,화,서울,강서구,차대사람,126.850567,37.55189622,2018-12-04 07:00:00
2018,08,21,16,주,화,서울,강서구,차대차,126.826902,37.55987576,2018-08-21 16:00:00
2018,06,28,23,야,목,서울,강서구,차대차,126.84439,37.55785602,2018-06-28 23:00:00
2018,01,06,23,야,토,서울,강서구,차대차,126.8369218,37.57780605,2018-01-06 23:00:00
2018,07,07,10,주,토,서울,강동구,차대차,127.1527787,37.53898438,2018-07-07 10:00:00
2018,01,22,06,주,월,서울,송파구,차대차,127.0703454,37.51044669,2018-01-22 06:00:00
2018,06,01,02,야,금,서울,송파구,차대차,127.1113326,37.49653646,2018-06-01 02:00:00
2018,01,08,23,야,월,서울,송파구,차대사람,127.1205502,37.53052064,2018-01-08 23:00:00
2018,11,22,22,야,목,서울,구로구,차대사람,126.8802031,37.49476575,2018-11-22 22:00:00
2018,12,06,06,주,목,서울,구로구,차대사람,126.83573,37.48878243,2018-12-06 06:00:00
2018,09,21,04,야,금,서울,서초구,차대사람,127.0084592,37.47836938,2018-09-21 04:00:00
2018,08,09,06,주,목,서울,서초구,차대차,127.0161058,37.51678079,2018-08-09 06:00:00
2018,04,05,22,야,목,서울,서초구,차대사람,127.0068569,37.49501082,2018-04-05 22:00:00
2018,05,08,19,야,화,서울,서초구,차대차,127.0133181,37.50868417,2018-05-08 19:00:00
2018,09,12,00,야,수,서울,양천구,차량단독,126.8363711,37.52626416,2018-09-12 00:00:00
2018,11,20,15,주,화,서울,양천구,차대사람,126.8442787,37.52015212,2018-11-20 15:00:00
2018,03,26,05,야,월,서울,양천구,차대사람,126.8516806,37.52265367,2018-03-26 05:00:00
2018,12,25,05,야,화,서울,양천구,차대사람,126.8323516,37.52520495,2018-12-25 05:00:00
2018,01,22,11,주,월,서울,노원구,차대차,127.0569141,37.62904165,2018-01-22 11:00:00
2018,10,11,16,주,목,서울,도봉구,차대사람,127.039474,37.65637552,2018-10-11 16:00:00
2018,12,30,10,주,일,서울,서초구,차량단독,126.9811367,37.50413956,2018-12-30 10:00:00
2018,02,27,22,야,화,서울,서초구,차대사람,126.9814613,37.47846129,2018-02-27 22:00:00
2019,01,02,10,주,수,서울,중구,차대사람,126.9952985,37.56844929,2019-01-02 10:00:00
2019,01,03,12,주,목,서울,노원구,차대사람,127.0705398,37.66189171,2019-01-03 12:00:00
2019,01,03,17,주,목,서울,중구,차대사람,126.9887834,37.56240025,2019-01-03 17:00:00
2019,01,08,04,야,화,서울,강서구,차대사람,126.867315,37.5540963,2019-01-08 04:00:00
2019,01,14,17,주,월,서울,구로구,차대사람,126.8872128,37.48971867,2019-01-14 17:00:00
2019,01,16,04,야,수,서울,성동구,차량단독,127.0244051,37.54455817,2019-01-16 04:00:00
2019,01,16,22,야,수,서울,강남구,차대사람,127.0633317,37.50823968,2019-01-16 22:00:00
2019,01,17,05,야,목,서울,강동구,차대사람,127.1497905,37.5317016,2019-01-17 05:00:00
2019,01,17,11,주,목,서울,동작구,차대차,126.9780449,37.48181733,2019-01-17 11:00:00
2019,01,18,00,야,금,서울,구로구,차대사람,126.8561816,37.49007643,2019-01-18 00:00:00
2019,01,18,10,주,금,서울,도봉구,차량단독,127.034884,37.63796123,2019-01-18 10:00:00
2019,01,19,07,주,토,서울,구로구,차대차,126.8929196,37.49740965,2019-01-19 07:00:00
2019,01,21,00,야,월,서울,구로구,차대차,126.856289,37.48810305,2019-01-21 00:00:00
2019,01,21,12,주,월,서울,금천구,차대사람,126.8871526,37.47216896,2019-01-21 12:00:00
2019,01,22,13,주,화,서울,강남구,차대차,127.0372747,37.50813147,2019-01-22 13:00:00
2019,01,22,21,야,화,서울,금천구,차대사람,126.9086534,37.45106862,2019-01-22 21:00:00
2019,01,23,03,야,수,서울,종로구,차대사람,126.9987214,37.58993392,2019-01-23 03:00:00
2019,01,24,00,야,목,서울,성동구,차대사람,127.0436045,37.55377364,2019-01-24 00:00:00
2019,01,25,04,야,금,서울,도봉구,차량단독,127.049512,37.68749225,2019-01-25 04:00:00
2019,01,25,23,야,금,서울,도봉구,차대사람,127.0349488,37.65119311,2019-01-25 23:00:00
2019,01,29,05,야,화,서울,중구,차대사람,127.0007227,37.56673275,2019-01-29 05:00:00
2019,01,30,00,야,수,서울,용산구,차대사람,126.9716193,37.53335531,2019-01-30 00:00:00
2019,01,30,11,주,수,서울,은평구,차대사람,126.9195936,37.61735061,2019-01-30 11:00:00
2019,01,30,18,야,수,서울,양천구,차대사람,126.8345465,37.53036403,2019-01-30 18:00:00
2019,01,31,00,야,목,서울,구로구,차대사람,126.8242793,37.48915915,2019-01-31 00:00:00
2019,02,03,08,주,일,서울,영등포구,차대차,126.8980042,37.50522336,2019-02-03 08:00:00
2019,02,06,23,야,수,서울,송파구,차대사람,127.1173753,37.49399631,2019-02-06 23:00:00
2019,02,07,03,야,목,서울,구로구,차대사람,126.8773906,37.48607091,2019-02-07 03:00:00
2019,02,08,06,주,금,서울,마포구,차대사람,126.9623787,37.55135863,2019-02-08 06:00:00
2019,02,11,19,야,월,서울,종로구,차대사람,126.9634092,37.59708856,2019-02-11 19:00:00
2019,02,12,00,야,화,서울,강남구,차대차,127.0354612,37.48491434,2019-02-12 00:00:00
2019,02,12,18,야,화,서울,강남구,차대차,127.0540199,37.5234198,2019-02-12 18:00:00
2019,02,13,04,야,수,서울,강남구,차대사람,127.0394643,37.50165926,2019-02-13 04:00:00
2019,02,15,21,야,금,서울,성북구,차대사람,127.0133696,37.60173973,2019-02-15 21:00:00
2019,02,19,02,야,화,서울,영등포구,차량단독,126.8846882,37.51891839,2019-02-19 02:00:00
2019,02,24,06,주,일,서울,구로구,차량단독,126.8417724,37.50402205,2019-02-24 06:00:00
2019,02,25,06,주,월,서울,성북구,차대차,127.0504893,37.61757933,2019-02-25 06:00:00
2019,02,27,15,주,수,서울,송파구,차대차,127.1431484,37.48143985,2019-02-27 15:00:00
2019,03,01,00,야,금,서울,영등포구,차대사람,126.8847476,37.55026757,2019-03-01 00:00:00
2019,03,03,01,야,일,서울,종로구,차대차,126.9924835,37.57777517,2019-03-03 01:00:00
2019,03,04,23,야,월,서울,광진구,차대사람,127.0637797,37.54206021,2019-03-04 23:00:00
2019,03,06,18,야,수,서울,관악구,차대사람,126.9418285,37.481796,2019-03-06 18:00:00
2019,03,09,06,주,토,서울,용산구,차대사람,126.9727783,37.53431593,2019-03-09 06:00:00
2019,03,10,00,야,일,서울,동작구,차대사람,126.955652,37.49555753,2019-03-10 00:00:00
2019,03,12,21,야,화,서울,은평구,차대차,126.9198754,37.62336391,2019-03-12 21:00:00
2019,03,13,19,야,수,서울,성동구,차대사람,127.0307216,37.56263749,2019-03-13 19:00:00
2019,03,14,03,야,목,서울,금천구,차량단독,126.8820358,37.48513987,2019-03-14 03:00:00
2019,03,14,05,야,목,서울,서대문구,차대차,126.9283883,37.57713067,2019-03-14 05:00:00
2019,03,15,01,야,금,서울,강서구,차대사람,126.8627745,37.55709228,2019-03-15 01:00:00
2019,03,15,06,주,금,서울,중랑구,차대차,127.0728551,37.5925798,2019-03-15 06:00:00
2019,03,18,05,야,월,서울,노원구,차대사람,127.0738763,37.66135399,2019-03-18 05:00:00
2019,03,19,22,야,화,서울,관악구,차대사람,126.9589791,37.47343905,2019-03-19 22:00:00
2019,03,20,09,주,수,서울,중랑구,차대사람,127.0887426,37.58068256,2019-03-20 09:00:00
2019,03,20,13,주,수,서울,강서구,차대사람,126.8577736,37.53267389,2019-03-20 13:00:00
2019,03,21,03,야,목,서울,강남구,차대차,127.0524173,37.52837119,2019-03-21 03:00:00
2019,03,23,08,주,토,서울,강북구,차대차,127.0133241,37.65043889,2019-03-23 08:00:00
2019,03,25,22,야,월,서울,동대문구,차대사람,127.0525143,37.5670576,2019-03-25 22:00:00
2019,03,26,19,야,화,서울,종로구,차대사람,127.0122657,37.57195294,2019-03-26 19:00:00
2019,03,27,15,주,수,서울,강남구,차대사람,127.0247412,37.52548689,2019-03-27 15:00:00
2019,03,31,21,야,일,서울,용산구,차대사람,126.9942551,37.52177289,2019-03-31 21:00:00
2019,04,01,13,주,월,서울,중구,차대차,126.9730284,37.55667052,2019-04-01 13:00:00
2019,04,01,16,주,월,서울,양천구,차대사람,126.8556519,37.51880861,2019-04-01 16:00:00
2019,04,07,02,야,일,서울,성북구,차량단독,127.023861,37.60692919,2019-04-07 02:00:00
2019,04,07,03,야,일,서울,강서구,차대사람,126.8469516,37.531587,2019-04-07 03:00:00
2019,04,07,04,야,일,서울,양천구,차량단독,126.8583589,37.52909872,2019-04-07 04:00:00
2019,04,07,20,야,일,서울,양천구,차대차,126.8225829,37.53919228,2019-04-07 20:00:00
2019,04,09,01,야,화,서울,동작구,차대사람,126.9364213,37.50326948,2019-04-09 01:00:00
2019,04,09,12,주,화,서울,관악구,차대차,126.9200573,37.48743278,2019-04-09 12:00:00
2019,04,11,21,야,목,서울,서대문구,차대사람,126.9405433,37.59485522,2019-04-11 21:00:00
2019,04,12,18,야,금,서울,강서구,차대차,126.8473629,37.54931874,2019-04-12 18:00:00
2019,04,14,00,야,일,서울,강북구,차대사람,127.0300422,37.64187187,2019-04-14 00:00:00
2019,04,20,01,야,토,서울,성동구,차량단독,127.0628145,37.54257943,2019-04-20 01:00:00
2019,04,21,03,야,일,서울,영등포구,차량단독,126.9171585,37.51838904,2019-04-21 03:00:00
2019,04,24,01,야,수,서울,중랑구,차대사람,127.0950446,37.59859609,2019-04-24 01:00:00
2019,05,01,13,주,수,서울,성동구,차대사람,127.0472345,37.56568544,2019-05-01 13:00:00
2019,05,02,14,주,목,서울,서대문구,차대차,126.9406734,37.59108823,2019-05-02 14:00:00
2019,05,03,02,야,금,서울,광진구,차대사람,127.0699813,37.53840544,2019-05-03 02:00:00
2019,05,04,01,야,토,서울,양천구,차대차,126.8331205,37.51510519,2019-05-04 01:00:00
2019,05,05,15,주,일,서울,강동구,차대차,127.1293674,37.53958022,2019-05-05 15:00:00
2019,05,06,01,야,월,서울,강서구,차대사람,126.8079673,37.55905423,2019-05-06 01:00:00
2019,05,06,02,야,월,서울,강서구,차대사람,126.8396666,37.54141622,2019-05-06 02:00:00
2019,05,07,06,주,화,서울,성동구,차대사람,127.0437695,37.54805521,2019-05-07 06:00:00
2019,05,07,09,주,화,서울,마포구,차대차,126.8959476,37.56664875,2019-05-07 09:00:00
2019,05,07,09,주,화,서울,강서구,차대사람,126.8237645,37.56000204,2019-05-07 09:00:00
2019,05,07,12,주,화,서울,종로구,차대차,126.967974,37.57487308,2019-05-07 12:00:00
2019,05,07,12,주,화,서울,마포구,차대사람,126.9421524,37.54619923,2019-05-07 12:00:00
2019,05,07,15,주,화,서울,성동구,차대차,127.0439721,37.55159109,2019-05-07 15:00:00
2019,05,07,17,주,화,서울,강서구,차대사람,126.8133794,37.5565801,2019-05-07 17:00:00
2019,05,09,15,주,목,서울,은평구,차대사람,126.9162838,37.58413796,2019-05-09 15:00:00
2019,05,11,00,야,토,서울,서초구,차대사람,127.0090019,37.48357248,2019-05-11 00:00:00
2019,05,14,01,야,화,서울,송파구,차대차,127.114245,37.49116487,2019-05-14 01:00:00
2019,05,14,13,주,화,서울,송파구,차대차,127.1066174,37.51549448,2019-05-14 13:00:00
2019,05,14,16,주,화,서울,강서구,차대차,126.8385894,37.53727482,2019-05-14 16:00:00
2019,05,16,11,주,목,서울,송파구,차대차,127.0975489,37.51634726,2019-05-16 11:00:00
2019,05,20,07,주,월,서울,성북구,차대사람,127.0569204,37.61079852,2019-05-20 07:00:00
2019,05,24,22,야,금,서울,노원구,차대사람,127.0524662,37.63561364,2019-05-24 22:00:00
2019,05,25,01,야,토,서울,서초구,차대차,127.0113416,37.50814421,2019-05-25 01:00:00
2019,05,28,04,야,화,서울,중랑구,차대차,127.1160727,37.6112852,2019-05-28 04:00:00
2019,06,01,23,야,토,서울,강남구,차대사람,127.0436204,37.53073513,2019-06-01 23:00:00
2019,06,03,08,주,월,서울,구로구,차대차,126.894212,37.49427056,2019-06-03 08:00:00
2019,06,05,18,야,수,서울,영등포구,차대차,126.8947348,37.54160317,2019-06-05 18:00:00
2019,06,05,21,야,수,서울,양천구,차대사람,126.8590252,37.51471681,2019-06-05 21:00:00
2019,06,06,00,야,목,서울,강동구,차대사람,127.1366885,37.54010773,2019-06-06 00:00:00
2019,06,07,05,야,금,서울,성북구,차대사람,127.0086272,37.61140951,2019-06-07 05:00:00
2019,06,09,18,야,일,서울,강서구,차대차,126.8265966,37.55984247,2019-06-09 18:00:00
2019,06,10,20,야,월,서울,동대문구,차대사람,127.0385195,37.58156049,2019-06-10 20:00:00
2019,06,12,08,주,수,서울,서대문구,차대사람,126.9415738,37.59186764,2019-06-12 08:00:00
2019,06,14,10,주,금,서울,성동구,차대사람,127.0238053,37.55877005,2019-06-14 10:00:00
2019,06,14,22,야,금,서울,구로구,차대사람,126.8580713,37.50982631,2019-06-14 22:00:00
2019,06,15,06,주,토,서울,동대문구,차대차,127.0383366,37.5781617,2019-06-15 06:00:00
2019,06,17,16,주,월,서울,중랑구,차대사람,127.0918344,37.5807023,2019-06-17 16:00:00
2019,06,17,23,야,월,서울,종로구,차대차,127.001397,37.57089982,2019-06-17 23:00:00
2019,06,19,05,야,수,서울,동대문구,차량단독,127.0439786,37.57226177,2019-06-19 05:00:00
2019,06,21,15,주,금,서울,서초구,차대사람,126.9863324,37.47567933,2019-06-21 15:00:00
2019,06,25,00,야,화,서울,강북구,차대차,127.0275578,37.63503883,2019-06-25 00:00:00
2019,06,26,22,야,수,서울,동대문구,차대사람,127.0256069,37.57463202,2019-06-26 22:00:00
2019,06,27,04,야,목,서울,영등포구,차대사람,126.9063458,37.51626208,2019-06-27 04:00:00
2019,06,30,03,야,일,서울,중랑구,차대사람,127.0969292,37.58943584,2019-06-30 03:00:00
2019,07,05,21,야,금,서울,광진구,차대사람,127.0820503,37.55616937,2019-07-05 21:00:00
2019,07,09,02,야,화,서울,강동구,차대사람,127.1282117,37.52385693,2019-07-09 02:00:00
2019,07,13,07,주,토,서울,중랑구,차량단독,127.0933725,37.58110421,2019-07-13 07:00:00
2019,07,19,16,주,금,서울,송파구,차대사람,127.1054514,37.50699077,2019-07-19 16:00:00
2019,07,20,05,야,토,서울,영등포구,차량단독,126.9031599,37.53549886,2019-07-20 05:00:00
2019,07,22,04,야,월,서울,노원구,차대사람,127.0788043,37.61869329,2019-07-22 04:00:00
2019,07,24,09,주,수,서울,동대문구,차대차,127.0712837,37.60151365,2019-07-24 09:00:00
2019,07,26,22,야,금,서울,서초구,차대차,127.0176956,37.49482121,2019-07-26 22:00:00
2019,07,26,22,야,금,서울,노원구,차대사람,127.0606623,37.65456353,2019-07-26 22:00:00
2019,07,27,04,야,토,서울,강동구,차대사람,127.1497563,37.5317646,2019-07-27 04:00:00
2019,07,29,03,야,월,서울,용산구,차량단독,126.9467231,37.53430489,2019-07-29 03:00:00
2019,07,29,15,주,월,서울,서초구,차대사람,126.9825039,37.47652793,2019-07-29 15:00:00
2019,07,29,22,야,월,서울,마포구,차대사람,126.9047944,37.55628316,2019-07-29 22:00:00
2019,07,30,07,주,화,서울,용산구,차대차,126.9584826,37.53280006,2019-07-30 07:00:00
2019,07,30,19,야,화,서울,서대문구,차대차,126.9449834,37.59184767,2019-07-30 19:00:00
2019,08,01,15,주,목,서울,금천구,차대차,126.8960178,37.4680954,2019-08-01 15:00:00
2019,08,03,00,야,토,서울,용산구,차대사람,126.9711051,37.53243363,2019-08-03 00:00:00
2019,08,06,14,주,화,서울,용산구,차대사람,126.9568482,37.53655119,2019-08-06 14:00:00
2019,08,07,12,주,수,서울,강남구,차대사람,127.0254289,37.50447453,2019-08-07 12:00:00
2019,08,07,18,야,수,서울,강북구,차대차,127.0289484,37.64097969,2019-08-07 18:00:00
2019,08,08,10,주,목,서울,양천구,차대사람,126.871927,37.51581366,2019-08-08 10:00:00
2019,08,09,13,주,금,서울,서대문구,차대사람,126.9481743,37.56776071,2019-08-09 13:00:00
2019,08,10,04,야,토,서울,동대문구,차대사람,127.0231262,37.57293651,2019-08-10 04:00:00
2019,08,13,13,주,화,서울,구로구,차대차,126.8892703,37.4954349,2019-08-13 13:00:00
2019,08,14,15,주,수,서울,영등포구,차대사람,126.9057244,37.52841096,2019-08-14 15:00:00
2019,08,17,18,야,토,서울,강동구,차대차,127.1661096,37.5625572,2019-08-17 18:00:00
2019,08,18,09,주,일,서울,양천구,차대사람,126.8635392,37.52681029,2019-08-18 09:00:00
2019,08,19,22,야,월,서울,도봉구,차대사람,127.0434053,37.68271875,2019-08-19 22:00:00
2019,08,20,04,야,화,서울,송파구,차대차,127.1436727,37.51629711,2019-08-20 04:00:00
2019,08,21,15,주,수,서울,용산구,차대사람,126.997017,37.53009516,2019-08-21 15:00:00
2019,08,25,08,주,일,서울,중랑구,차대차,127.0798398,37.58486951,2019-08-25 08:00:00
2019,08,26,15,주,월,서울,은평구,차대차,126.9157228,37.59939488,2019-08-26 15:00:00
2019,08,27,01,야,화,서울,동대문구,차대차,127.0717568,37.57232074,2019-08-27 01:00:00
2019,08,29,07,주,목,서울,강서구,차대사람,126.8618152,37.55115536,2019-08-29 07:00:00
2019,08,29,14,주,목,서울,서대문구,차대사람,126.9445774,37.59162043,2019-08-29 14:00:00
2019,08,29,17,주,목,서울,강동구,차대차,127.1776216,37.56596927,2019-08-29 17:00:00
2019,08,30,23,야,금,서울,은평구,차대사람,126.9009005,37.57880607,2019-08-30 23:00:00
2019,09,02,05,야,월,서울,강동구,차대사람,127.1522169,37.53809939,2019-09-02 05:00:00
2019,09,02,17,주,월,서울,동대문구,차량단독,127.0602432,37.57562241,2019-09-02 17:00:00
2019,09,03,08,주,화,서울,노원구,차대사람,127.075622,37.66340632,2019-09-03 08:00:00
2019,09,05,16,주,목,서울,금천구,차대차,126.8973788,37.45350934,2019-09-05 16:00:00
2019,09,06,02,야,금,서울,중랑구,차대사람,127.092544,37.59804667,2019-09-06 02:00:00
2019,09,07,19,야,토,서울,강서구,차대사람,126.8120896,37.55524762,2019-09-07 19:00:00
2019,09,10,11,주,화,서울,강북구,차대사람,127.040088,37.62850856,2019-09-10 11:00:00
2019,09,11,23,야,수,서울,중랑구,차대사람,127.0875811,37.60030083,2019-09-11 23:00:00
2019,09,12,20,야,목,서울,서대문구,차대사람,126.9498744,37.58340697,2019-09-12 20:00:00
2019,09,12,21,야,목,서울,서대문구,차대사람,126.9132284,37.57009432,2019-09-12 21:00:00
2019,09,12,21,야,목,서울,금천구,차대사람,126.8983043,37.472046,2019-09-12 21:00:00
2019,09,13,05,야,금,서울,용산구,차량단독,127.0040669,37.53882303,2019-09-13 05:00:00
2019,09,17,01,야,화,서울,동작구,차량단독,126.9046023,37.48503041,2019-09-17 01:00:00
2019,09,20,13,주,금,서울,관악구,차대차,126.9341594,37.48486019,2019-09-20 13:00:00
2019,09,21,04,야,토,서울,동작구,차대차,126.9608994,37.51153018,2019-09-21 04:00:00
2019,09,21,14,주,토,서울,강동구,차대사람,127.1456788,37.54433537,2019-09-21 14:00:00
2019,09,22,06,주,일,서울,동대문구,차대사람,127.0628492,37.56764614,2019-09-22 06:00:00
2019,09,23,11,주,월,서울,서초구,차대사람,127.0159144,37.48859454,2019-09-23 11:00:00
2019,09,23,14,주,월,서울,서초구,차대사람,127.0042829,37.50618589,2019-09-23 14:00:00
2019,09,25,02,야,수,서울,양천구,차대사람,126.880747,37.53573498,2019-09-25 02:00:00
2019,09,27,05,야,금,서울,서초구,차대사람,126.9872489,37.47562022,2019-09-27 05:00:00
2019,09,27,14,주,금,서울,중랑구,차대차,127.0811627,37.59538392,2019-09-27 14:00:00
2019,09,29,11,주,일,서울,서대문구,차대차,126.9429027,37.56219988,2019-09-29 11:00:00
2019,09,29,22,야,일,서울,마포구,차량단독,126.9392176,37.54506765,2019-09-29 22:00:00
2019,09,30,22,야,월,서울,금천구,차대사람,126.897314,37.46439743,2019-09-30 22:00:00
2019,10,01,05,야,화,서울,영등포구,차대차,126.936177,37.5219065,2019-10-01 05:00:00
2019,10,01,08,주,화,서울,강서구,차대차,126.8274612,37.56315983,2019-10-01 08:00:00
2019,10,01,10,주,화,서울,금천구,차대사람,126.8981752,37.47122511,2019-10-01 10:00:00
2019,10,01,16,주,화,서울,은평구,차대차,126.9269472,37.61295197,2019-10-01 16:00:00
2019,10,02,03,야,수,서울,서초구,차대차,127.0413621,37.48548723,2019-10-02 03:00:00
2019,10,03,00,야,목,서울,강남구,차대사람,127.04613,37.49572707,2019-10-03 00:00:00
2019,10,04,23,야,금,서울,동대문구,차대차,127.0607729,37.57798592,2019-10-04 23:00:00
2019,10,05,03,야,토,서울,성동구,차대사람,127.0397864,37.55052297,2019-10-05 03:00:00
2019,10,06,14,주,일,서울,중구,차대사람,126.9981446,37.56618101,2019-10-06 14:00:00
2019,10,07,05,야,월,서울,송파구,차대사람,127.1316235,37.49973821,2019-10-07 05:00:00
2019,10,08,06,주,화,서울,강동구,차대사람,127.1393553,37.55046346,2019-10-08 06:00:00
2019,10,09,06,주,수,서울,구로구,차대사람,126.8449759,37.47533177,2019-10-09 06:00:00
2019,10,11,10,주,금,서울,금천구,차량단독,126.9030008,37.47065289,2019-10-11 10:00:00
2019,10,11,20,야,금,서울,동대문구,차대차,127.0306795,37.57404209,2019-10-11 20:00:00
2019,10,12,07,주,토,서울,성동구,차대차,127.0517364,37.53623744,2019-10-12 07:00:00
2019,10,14,12,주,월,서울,서대문구,차량단독,126.9154433,37.5829891,2019-10-14 12:00:00
2019,10,17,04,야,목,서울,양천구,차대차,126.8279792,37.52438696,2019-10-17 04:00:00
2019,10,18,05,야,금,서울,동대문구,차대차,127.0393866,37.57502009,2019-10-18 05:00:00
2019,10,21,17,주,월,서울,강남구,차량단독,127.0754175,37.49793613,2019-10-21 17:00:00
2019,10,23,02,야,수,서울,강서구,차대사람,126.8469953,37.54863168,2019-10-23 02:00:00
2019,10,23,08,주,수,서울,노원구,차대차,127.0790644,37.68023755,2019-10-23 08:00:00
2019,10,23,20,야,수,서울,성동구,차대사람,127.0344514,37.5455266,2019-10-23 20:00:00
2019,10,23,23,야,수,서울,강북구,차대차,127.0338454,37.63547845,2019-10-23 23:00:00
2019,10,23,23,야,수,서울,송파구,차대사람,127.118364,37.51532571,2019-10-23 23:00:00
2019,10,24,00,야,목,서울,영등포구,차대사람,126.9254288,37.52600092,2019-10-24 00:00:00
2019,10,25,07,주,금,서울,송파구,차대차,127.1397115,37.50701911,2019-10-25 07:00:00
2019,10,26,07,주,토,서울,서대문구,차대사람,126.9456266,37.58760538,2019-10-26 07:00:00
2019,10,28,05,야,월,서울,강서구,차대사람,126.815953,37.55247591,2019-10-28 05:00:00
2019,10,28,15,주,월,서울,강서구,차대차,126.8050107,37.57262005,2019-10-28 15:00:00
2019,10,30,09,주,수,서울,중랑구,차대사람,127.0791519,37.61450329,2019-10-30 09:00:00
2019,10,30,18,야,수,서울,관악구,차대사람,126.9139344,37.48497161,2019-10-30 18:00:00
2019,11,01,09,주,금,서울,성북구,차량단독,127.0052275,37.6166411,2019-11-01 09:00:00
2019,11,01,22,야,금,서울,강남구,차대차,127.0791554,37.49913029,2019-11-01 22:00:00
2019,11,02,11,주,토,서울,서대문구,차대사람,126.9464872,37.59221527,2019-11-02 11:00:00
2019,11,05,05,야,화,서울,강서구,차대사람,126.813932,37.58027052,2019-11-05 05:00:00
2019,11,08,05,야,금,서울,구로구,차대사람,126.8594813,37.49311389,2019-11-08 05:00:00
2019,11,09,10,주,토,서울,관악구,차대사람,126.92682,37.49207172,2019-11-09 10:00:00
2019,11,15,02,야,금,서울,서초구,차대사람,126.9854384,37.5054383,2019-11-15 02:00:00
2019,11,15,22,야,금,서울,송파구,차대차,127.1153075,37.52660079,2019-11-15 22:00:00
2019,11,16,04,야,토,서울,송파구,차대차,127.0926184,37.51159822,2019-11-16 04:00:00
2019,11,16,18,야,토,서울,강북구,차대차,127.0284069,37.63518644,2019-11-16 18:00:00
2019,11,21,00,야,목,서울,강남구,차대차,127.0429036,37.50222064,2019-11-21 00:00:00
2019,11,21,07,주,목,서울,영등포구,차대사람,126.8981497,37.5293713,2019-11-21 07:00:00
2019,11,25,01,야,월,서울,송파구,차량단독,127.0915297,37.52450191,2019-11-25 01:00:00
2019,11,27,05,야,수,서울,서초구,차대차,127.0215284,37.48274234,2019-11-27 05:00:00
2019,12,01,00,야,일,서울,강동구,차대차,127.1208883,37.53976062,2019-12-01 00:00:00
2019,12,01,05,야,일,서울,마포구,차대사람,126.9110268,37.54840059,2019-12-01 05:00:00
2019,12,03,15,주,화,서울,동대문구,차대차,127.0588073,37.59441915,2019-12-03 15:00:00
2019,12,03,21,야,화,서울,관악구,차대사람,126.933943,37.48670874,2019-12-03 21:00:00
2019,12,03,23,야,화,서울,성동구,차대사람,127.0544268,37.55013747,2019-12-03 23:00:00
2019,12,04,12,주,수,서울,강서구,차대차,126.8200481,37.54846245,2019-12-04 12:00:00
2019,12,07,18,야,토,서울,노원구,차대차,127.0706354,37.64528944,2019-12-07 18:00:00
2019,12,08,03,야,일,서울,서대문구,차량단독,126.9405643,37.59507164,2019-12-08 03:00:00
2019,12,09,03,야,월,서울,마포구,차대차,126.9399942,37.54868575,2019-12-09 03:00:00
2019,12,10,07,주,화,서울,성북구,차대사람,127.0621167,37.61152096,2019-12-10 07:00:00
2019,12,12,04,야,목,서울,용산구,차량단독,127.0011882,37.52237022,2019-12-12 04:00:00
2019,12,12,07,주,목,서울,양천구,차대사람,126.8310143,37.50640427,2019-12-12 07:00:00
2019,12,12,21,야,목,서울,서초구,차대사람,127.0877159,37.46275441,2019-12-12 21:00:00
2019,12,14,11,주,토,서울,성동구,차량단독,127.0432857,37.55591763,2019-12-14 11:00:00
2019,12,14,12,주,토,서울,성북구,차량단독,127.0414257,37.6136777,2019-12-14 12:00:00
2019,12,16,12,주,월,서울,강서구,차대차,126.8706056,37.54784052,2019-12-16 12:00:00
2019,12,16,20,야,월,서울,관악구,차대차,126.9561879,37.48561262,2019-12-16 20:00:00
2019,12,17,02,야,화,서울,관악구,차대차,126.9388052,37.48375565,2019-12-17 02:00:00
2019,12,20,02,야,금,서울,구로구,차대사람,126.8444429,37.49620416,2019-12-20 02:00:00
2019,12,22,09,주,일,서울,서초구,차대사람,127.0064056,37.49138547,2019-12-22 09:00:00
2019,12,26,16,주,목,서울,은평구,차대차,126.9194708,37.62876092,2019-12-26 16:00:00
2019,12,29,23,야,일,서울,동대문구,차대사람,127.0628854,37.5903332,2019-12-29 23:00:00
2019,12,30,00,야,월,서울,관악구,차대사람,126.9269693,37.49325322,2019-12-30 00:00:00
2019,12,31,01,야,화,서울,서초구,차대차,126.9835923,37.50078826,2019-12-31 01:00:00
2019,12,31,05,야,화,서울,강남구,차대사람,127.0977693,37.48581892,2019-12-31 05:00:00
2020,01,01,05,야,수,서울,강남구,차대사람,127.0467272,37.48676083,2020-01-01 05:00:00
2020,01,04,06,주,토,서울,동대문구,차대사람,127.0662311,37.56402978,2020-01-04 06:00:00
2020,01,06,10,주,월,서울,강서구,차대사람,126.8169158,37.57337906,2020-01-06 10:00:00
2020,01,07,22,야,화,서울,서초구,차대사람,126.9912244,37.47426373,2020-01-07 22:00:00
2020,01,10,04,야,금,서울,강남구,차대사람,127.1003183,37.48847938,2020-01-10 04:00:00
2020,01,10,23,야,금,서울,서초구,차대사람,126.9933259,37.49834987,2020-01-10 23:00:00
2020,01,13,20,야,월,서울,서초구,차대차,127.0439398,37.47136204,2020-01-13 20:00:00
2020,01,14,07,주,화,서울,중랑구,차대사람,127.0930048,37.61597961,2020-01-14 07:00:00
2020,01,14,14,주,화,서울,양천구,차대사람,126.8316925,37.53083283,2020-01-14 14:00:00
2020,01,16,00,야,목,서울,영등포구,차량단독,126.9198002,37.526507,2020-01-16 00:00:00
2020,01,17,11,주,금,서울,강남구,차대사람,127.0652151,37.50480794,2020-01-17 11:00:00
2020,01,21,12,주,화,서울,마포구,차량단독,126.8892134,37.5486413,2020-01-21 12:00:00
2020,01,21,18,야,화,서울,마포구,차대사람,126.9346897,37.55599023,2020-01-21 18:00:00
2020,01,22,07,주,수,서울,구로구,차대차,126.8764805,37.50587516,2020-01-22 07:00:00
2020,01,24,17,주,금,서울,강서구,차대사람,126.8531598,37.56116184,2020-01-24 17:00:00
2020,01,26,00,야,일,서울,은평구,차대사람,126.9351765,37.60216476,2020-01-26 00:00:00
2020,01,29,18,야,수,서울,송파구,차대사람,127.1568919,37.49629358,2020-01-29 18:00:00
2020,01,31,05,야,금,서울,종로구,차대사람,126.9881486,37.57740042,2020-01-31 05:00:00
2020,02,02,22,야,일,서울,강동구,차대차,127.1262656,37.54077826,2020-02-02 22:00:00
2020,02,03,10,주,월,서울,영등포구,차대차,126.8978983,37.53615087,2020-02-03 10:00:00
2020,02,05,07,주,수,서울,마포구,차대사람,126.903625,37.5629436,2020-02-05 07:00:00
2020,02,07,12,주,금,서울,양천구,차량단독,126.8859534,37.53051182,2020-02-07 12:00:00
2020,02,07,14,주,금,서울,은평구,차대사람,126.9064924,37.59996895,2020-02-07 14:00:00
2020,02,07,14,주,금,서울,은평구,차대사람,126.910706,37.59531481,2020-02-07 14:00:00
2020,02,11,20,야,화,서울,강남구,차대차,127.0284574,37.52752443,2020-02-11 20:00:00
2020,02,14,23,야,금,서울,성북구,차대차,127.042307,37.6027965,2020-02-14 23:00:00
2020,02,15,00,야,토,서울,강남구,차대사람,127.0527057,37.52479841,2020-02-15 00:00:00
2020,02,17,23,야,월,서울,관악구,차량단독,126.9582389,37.48824499,2020-02-17 23:00:00
2020,02,18,18,야,화,서울,용산구,차대차,126.991558,37.52498905,2020-02-18 18:00:00
2020,02,18,18,야,화,서울,양천구,차대차,126.8489847,37.51121874,2020-02-18 18:00:00
2020,02,22,01,야,토,서울,송파구,차대사람,127.1159714,37.50659369,2020-02-22 01:00:00
2020,02,22,10,주,토,서울,종로구,차대차,127.0020378,37.56971816,2020-02-22 10:00:00
2020,02,25,14,주,화,서울,서대문구,차대사람,126.943037,37.59114177,2020-02-25 14:00:00
2020,02,26,00,야,수,서울,강서구,차대사람,126.8755458,37.54703391,2020-02-26 00:00:00
2020,02,28,13,주,금,서울,마포구,차대사람,126.8986685,37.57356333,2020-02-28 13:00:00
2020,02,28,23,야,금,서울,관악구,차대사람,126.9255091,37.48377828,2020-02-28 23:00:00
2020,02,29,08,주,토,서울,강북구,차대차,127.0265463,37.640313,2020-02-29 08:00:00
2020,02,29,14,주,토,서울,구로구,차량단독,126.8815279,37.48555454,2020-02-29 14:00:00
2020,03,03,03,야,화,서울,영등포구,차량단독,126.8893865,37.5446294,2020-03-03 03:00:00
2020,03,04,00,야,수,서울,용산구,차량단독,127.0120062,37.53153532,2020-03-04 00:00:00
2020,03,06,17,주,금,서울,도봉구,차대차,127.039233,37.66290565,2020-03-06 17:00:00
2020,03,08,20,야,일,서울,동대문구,차대사람,127.0550504,37.57835747,2020-03-08 20:00:00
2020,03,09,13,주,월,서울,성동구,차대사람,127.0549152,37.54415433,2020-03-09 13:00:00
2020,03,10,15,주,화,서울,서초구,차대사람,127.0077949,37.48998424,2020-03-10 15:00:00
2020,03,11,07,주,수,서울,용산구,차대차,126.9680368,37.52462316,2020-03-11 07:00:00
2020,03,11,15,주,수,서울,송파구,차대차,127.1439349,37.4920666,2020-03-11 15:00:00
2020,03,12,13,주,목,서울,서초구,차대차,127.0187976,37.46234063,2020-03-12 13:00:00
2020,03,13,06,주,금,서울,성동구,차대사람,127.0616964,37.5429178,2020-03-13 06:00:00
2020,03,13,07,주,금,서울,동작구,차대사람,126.9617887,37.50727714,2020-03-13 07:00:00
2020,03,14,01,야,토,서울,성북구,차량단독,127.0472099,37.60902207,2020-03-14 01:00:00
2020,03,14,06,주,토,서울,강서구,차대차,126.8336788,37.55906694,2020-03-14 06:00:00
2020,03,20,06,주,금,서울,강서구,차대사람,126.8190478,37.55040539,2020-03-20 06:00:00
2020,03,22,21,야,일,서울,동작구,차대사람,126.941861,37.51694902,2020-03-22 21:00:00
2020,03,26,21,야,목,서울,동대문구,차대차,127.0305415,37.5763553,2020-03-26 21:00:00
2020,03,28,15,주,토,서울,강남구,차대차,127.0438922,37.51025737,2020-03-28 15:00:00
2020,03,29,03,야,일,서울,중구,차량단독,126.982276,37.56357069,2020-03-29 03:00:00
2020,03,29,21,야,일,서울,용산구,차대차,126.9699158,37.54919793,2020-03-29 21:00:00
2020,03,31,04,야,화,서울,관악구,차대차,126.9077341,37.48377343,2020-03-31 04:00:00
2020,03,31,12,주,화,서울,중구,차대차,127.0168727,37.56981946,2020-03-31 12:00:00
2020,04,02,05,야,목,서울,송파구,차대차,127.1063163,37.53188917,2020-04-02 05:00:00
2020,04,04,20,야,토,서울,강남구,차대차,127.0487324,37.52158529,2020-04-04 20:00:00
2020,04,05,15,주,일,서울,강서구,차대차,126.8298199,37.55871521,2020-04-05 15:00:00
2020,04,07,04,야,화,서울,관악구,차대사람,126.9252239,37.48984933,2020-04-07 04:00:00
2020,04,07,05,야,화,서울,광진구,차대사람,127.0833416,37.5452874,2020-04-07 05:00:00
2020,04,10,11,주,금,서울,용산구,차대사람,126.9597206,37.53723047,2020-04-10 11:00:00
2020,04,14,01,야,화,서울,구로구,차대차,126.8412898,37.49482017,2020-04-14 01:00:00
2020,04,19,20,야,일,서울,영등포구,차대사람,126.9032205,37.51526025,2020-04-19 20:00:00
2020,04,20,23,야,월,서울,중랑구,차대사람,127.0798329,37.5994082,2020-04-20 23:00:00
2020,04,22,02,야,수,서울,송파구,차량단독,127.1445845,37.49296722,2020-04-22 02:00:00
2020,04,22,12,주,수,서울,강북구,차대사람,127.0161744,37.64076035,2020-04-22 12:00:00
2020,04,23,03,야,목,서울,중랑구,차대사람,127.1016032,37.60079966,2020-04-23 03:00:00
2020,04,23,07,주,목,서울,강동구,차대차,127.1316421,37.54313598,2020-04-23 07:00:00
2020,04,26,22,야,일,서울,강남구,차량단독,127.0318703,37.52090403,2020-04-26 22:00:00
2020,04,27,16,주,월,서울,송파구,차대차,127.1363248,37.48607369,2020-04-27 16:00:00
2020,04,29,05,야,수,서울,강남구,차대차,127.0214735,37.51120884,2020-04-29 05:00:00
2020,04,29,19,야,수,서울,금천구,차대사람,126.8870956,37.47208303,2020-04-29 19:00:00
2020,05,04,04,야,월,서울,중구,차대차,126.9832578,37.55634257,2020-05-04 04:00:00
2020,05,06,05,야,수,서울,강서구,차대차,126.8407836,37.54105832,2020-05-06 05:00:00
2020,05,06,20,야,수,서울,강서구,차대사람,126.870291,37.54795422,2020-05-06 20:00:00
2020,05,09,23,야,토,서울,강남구,차대사람,127.0516302,37.52637982,2020-05-09 23:00:00
2020,05,14,01,야,목,서울,용산구,차량단독,127.0112845,37.530777,2020-05-14 01:00:00
2020,05,15,03,야,금,서울,마포구,차량단독,126.9047659,37.54392195,2020-05-15 03:00:00
2020,05,17,20,야,일,서울,마포구,차대사람,126.9122322,37.54959097,2020-05-17 20:00:00
2020,05,18,08,주,월,서울,양천구,차대차,126.8376937,37.51644238,2020-05-18 08:00:00
2020,05,18,14,주,월,서울,강남구,차대차,127.1059542,37.47718981,2020-05-18 14:00:00
2020,05,19,17,주,화,서울,종로구,차량단독,126.9641076,37.57236067,2020-05-19 17:00:00
2020,05,22,01,야,금,서울,성북구,차대차,127.0188016,37.58663294,2020-05-22 01:00:00
2020,05,22,09,주,금,서울,동대문구,차대사람,127.0583808,37.59354956,2020-05-22 09:00:00
2020,05,25,09,주,월,서울,성북구,차대사람,127.0606074,37.61306926,2020-05-25 09:00:00
2020,05,27,23,야,수,서울,강남구,차량단독,127.0547256,37.52559834,2020-05-27 23:00:00
2020,05,28,01,야,목,서울,서대문구,차대사람,126.9493512,37.58400843,2020-05-28 01:00:00
2020,05,29,04,야,금,서울,강서구,차대차,126.7985621,37.58089134,2020-05-29 04:00:00
2020,05,31,19,야,일,서울,동작구,차대사람,126.9386627,37.51352404,2020-05-31 19:00:00
2020,06,06,04,야,토,서울,강서구,차대사람,126.8394271,37.52827416,2020-06-06 04:00:00
2020,06,06,23,야,토,서울,동작구,차대사람,126.9418472,37.50056234,2020-06-06 23:00:00
2020,06,07,02,야,일,서울,금천구,차대사람,126.9056275,37.45626421,2020-06-07 02:00:00
2020,06,11,04,야,목,서울,관악구,차대사람,126.9445477,37.47948782,2020-06-11 04:00:00
2020,06,11,22,야,목,서울,영등포구,차대사람,126.9019584,37.53402268,2020-06-11 22:00:00
2020,06,14,08,주,일,서울,강서구,차대사람,126.8498854,37.55216287,2020-06-14 08:00:00
2020,06,17,12,주,수,서울,은평구,차대사람,126.9297881,37.61068084,2020-06-17 12:00:00
2020,06,19,06,주,금,서울,광진구,차대사람,127.0824381,37.54510935,2020-06-19 06:00:00
2020,06,20,11,주,토,서울,서초구,차대사람,127.0106687,37.51259502,2020-06-20 11:00:00
2020,06,21,00,야,일,서울,서초구,차대사람,127.0093166,37.48837894,2020-06-21 00:00:00
2020,06,21,23,야,일,서울,중구,차대사람,126.988847,37.56468635,2020-06-21 23:00:00
2020,06,27,03,야,토,서울,은평구,차대사람,126.9218244,37.60757214,2020-06-27 03:00:00
2020,06,28,19,야,일,서울,동대문구,차대차,127.0712911,37.57158265,2020-06-28 19:00:00
2020,06,30,03,야,화,서울,영등포구,차대사람,126.9178122,37.51494279,2020-06-30 03:00:00
2020,06,30,05,야,화,서울,은평구,차대사람,126.9285859,37.61217305,2020-06-30 05:00:00
2020,07,01,02,야,수,서울,성동구,차대사람,127.0234334,37.5481867,2020-07-01 02:00:00
2020,07,01,17,주,수,서울,용산구,차대사람,127.0009722,37.54867077,2020-07-01 17:00:00
2020,07,06,17,주,월,서울,도봉구,차대사람,127.0333026,37.66733402,2020-07-06 17:00:00
2020,07,07,02,야,화,서울,송파구,차량단독,127.0807278,37.50341283,2020-07-07 02:00:00
2020,07,09,19,야,목,서울,도봉구,차대사람,127.0150836,37.65757299,2020-07-09 19:00:00
2020,07,12,03,야,일,서울,관악구,차대사람,126.941727,37.482513,2020-07-12 03:00:00
2020,07,12,12,주,일,서울,강서구,차대사람,126.8545323,37.55996245,2020-07-12 12:00:00
2020,07,15,18,야,수,서울,구로구,차량단독,126.8595741,37.49695957,2020-07-15 18:00:00
2020,07,17,15,주,금,서울,구로구,차대차,126.8539186,37.49750564,2020-07-17 15:00:00
2020,07,19,19,야,일,서울,양천구,차대사람,126.8780863,37.51715772,2020-07-19 19:00:00
2020,07,20,06,주,월,서울,성동구,차대차,127.0102335,37.54091286,2020-07-20 06:00:00
2020,07,20,19,야,월,서울,은평구,차대차,126.9226678,37.6003313,2020-07-20 19:00:00
2020,07,23,23,야,목,서울,용산구,차량단독,127.0147412,37.52481347,2020-07-23 23:00:00
2020,07,28,21,야,화,서울,마포구,차대차,126.9119572,37.56528563,2020-07-28 21:00:00
2020,07,29,11,주,수,서울,서초구,차대차,127.0272523,37.4801289,2020-07-29 11:00:00
2020,08,01,23,야,토,서울,은평구,차대사람,126.9017084,37.57831983,2020-08-01 23:00:00
2020,08,06,16,주,목,서울,강동구,차대사람,127.13197,37.5303116,2020-08-06 16:00:00
2020,08,06,19,야,목,서울,구로구,차대차,126.8646914,37.49782636,2020-08-06 19:00:00
2020,08,09,19,야,일,서울,관악구,차대사람,126.9569972,37.48991582,2020-08-09 19:00:00
2020,08,10,05,야,월,서울,금천구,차대차,126.9027274,37.46990879,2020-08-10 05:00:00
2020,08,10,21,야,월,서울,광진구,차대차,127.0771031,37.53805259,2020-08-10 21:00:00
2020,08,13,10,주,목,서울,영등포구,차대차,126.912354,37.51762613,2020-08-13 10:00:00
2020,08,14,08,주,금,서울,용산구,차대차,126.9705628,37.54511321,2020-08-14 08:00:00
2020,08,16,21,야,일,서울,마포구,차대사람,126.9137833,37.55462729,2020-08-16 21:00:00
2020,08,17,11,주,월,서울,동작구,차대사람,126.9374202,37.50947376,2020-08-17 11:00:00
2020,08,17,14,주,월,서울,종로구,차대사람,127.0158514,37.57259053,2020-08-17 14:00:00
2020,08,20,11,주,목,서울,강서구,차대차,126.8108668,37.56140116,2020-08-20 11:00:00
2020,08,21,15,주,금,서울,성동구,차대차,127.0496215,37.54028728,2020-08-21 15:00:00
2020,08,23,19,야,일,서울,성동구,차대사람,127.0545518,37.55006583,2020-08-23 19:00:00
2020,08,25,13,주,화,서울,강서구,차대차,126.8113592,37.56449112,2020-08-25 13:00:00
2020,08,30,22,야,일,서울,은평구,차대사람,126.9193725,37.63032696,2020-08-30 22:00:00
2020,08,31,07,주,월,서울,동작구,차대사람,126.9782337,37.48183619,2020-08-31 07:00:00
2020,08,31,09,주,월,서울,서대문구,차대사람,126.9515923,37.58049911,2020-08-31 09:00:00
2020,08,31,18,야,월,서울,강남구,차대차,127.097763,37.49143349,2020-08-31 18:00:00
2020,09,01,06,주,화,서울,마포구,차대차,126.9025215,37.57436165,2020-09-01 06:00:00
2020,09,01,23,야,화,서울,은평구,차량단독,126.9024906,37.60231206,2020-09-01 23:00:00
2020,09,03,20,야,목,서울,노원구,차대사람,127.0667672,37.63914079,2020-09-03 20:00:00
2020,09,06,15,주,일,서울,서대문구,차대사람,126.9483334,37.59929854,2020-09-06 15:00:00
2020,09,07,20,야,월,서울,성북구,차대사람,127.0532128,37.60593531,2020-09-07 20:00:00
2020,09,08,15,주,화,서울,동작구,차대사람,126.9345105,37.50161087,2020-09-08 15:00:00
2020,09,09,17,주,수,서울,강동구,차대사람,127.1471595,37.5279973,2020-09-09 17:00:00
2020,09,09,21,야,수,서울,강동구,차대차,127.1426924,37.53417169,2020-09-09 21:00:00
2020,09,10,15,주,목,서울,관악구,차대차,126.9294913,37.48516493,2020-09-10 15:00:00
2020,09,18,03,야,금,서울,서대문구,차대사람,126.925723,37.56643771,2020-09-18 03:00:00
2020,09,18,10,주,금,서울,금천구,차대사람,126.8873129,37.47372463,2020-09-18 10:00:00
2020,09,18,19,야,금,서울,송파구,차대사람,127.1221559,37.53531198,2020-09-18 19:00:00
2020,09,20,14,주,일,서울,마포구,차량단독,126.8644327,37.573941,2020-09-20 14:00:00
2020,09,24,04,야,목,서울,성동구,차대사람,127.0572662,37.53825209,2020-09-24 04:00:00
2020,09,24,04,야,목,서울,은평구,차대사람,126.9311961,37.60893634,2020-09-24 04:00:00
2020,09,24,17,주,목,서울,강서구,차대차,126.8182334,37.57344346,2020-09-24 17:00:00
2020,09,24,18,야,목,서울,노원구,차대사람,127.0712941,37.66105891,2020-09-24 18:00:00
2020,09,27,04,야,일,서울,서대문구,차대사람,126.9246653,37.57469428,2020-09-27 04:00:00
2020,09,28,07,주,월,서울,은평구,차대차,126.9247135,37.61566495,2020-09-28 07:00:00
2020,09,30,05,야,수,서울,용산구,차대사람,126.9871135,37.54138797,2020-09-30 05:00:00
2020,09,30,05,야,수,서울,송파구,차대차,127.0925621,37.51175757,2020-09-30 05:00:00
2020,10,07,08,주,수,서울,관악구,차대사람,126.9446983,37.48190687,2020-10-07 08:00:00
2020,10,07,14,주,수,서울,서초구,차대차,127.019075,37.46264282,2020-10-07 14:00:00
2020,10,08,02,야,목,서울,강남구,차대차,127.0191434,37.5262403,2020-10-08 02:00:00
2020,10,08,17,주,목,서울,양천구,차대사람,126.8420221,37.51823682,2020-10-08 17:00:00
2020,10,10,00,야,토,서울,마포구,차대사람,126.8918981,37.56904627,2020-10-10 00:00:00
2020,10,10,04,야,토,서울,송파구,차대사람,127.1161677,37.49874978,2020-10-10 04:00:00
2020,10,11,10,주,일,서울,동대문구,차대차,127.0516683,37.56896705,2020-10-11 10:00:00
2020,10,14,23,야,수,서울,금천구,차량단독,126.8853046,37.46651866,2020-10-14 23:00:00
2020,10,16,06,주,금,서울,송파구,차대차,127.1281691,37.50209797,2020-10-16 06:00:00
2020,10,16,13,주,금,서울,강서구,차대차,126.8778755,37.54716969,2020-10-16 13:00:00
2020,10,19,10,주,월,서울,용산구,차대사람,126.9858711,37.54412267,2020-10-19 10:00:00
2020,10,19,15,주,월,서울,강동구,차대사람,127.1301876,37.55733136,2020-10-19 15:00:00
2020,10,20,09,주,화,서울,강서구,차대차,126.8038653,37.5912881,2020-10-20 09:00:00
2020,10,21,05,야,수,서울,노원구,차대차,127.0639369,37.64517473,2020-10-21 05:00:00
2020,10,23,01,야,금,서울,도봉구,차대차,127.0373782,37.63784485,2020-10-23 01:00:00
2020,10,24,09,주,토,서울,성북구,차대차,127.0052752,37.61217066,2020-10-24 09:00:00
2020,10,25,15,주,일,서울,동대문구,차량단독,127.0587053,37.59422588,2020-10-25 15:00:00
2020,10,25,23,야,일,서울,강남구,차대사람,127.0994679,37.49266333,2020-10-25 23:00:00
2020,10,29,11,주,목,서울,동작구,차대차,126.9226157,37.49010432,2020-10-29 11:00:00
2020,10,31,19,야,토,서울,노원구,차대차,127.1081469,37.63853827,2020-10-31 19:00:00
2020,11,02,04,야,월,서울,중랑구,차대사람,127.0935468,37.59028864,2020-11-02 04:00:00
2020,11,04,04,야,수,서울,강북구,차대차,127.0256353,37.63794243,2020-11-04 04:00:00
2020,11,05,01,야,목,서울,양천구,차대사람,126.853573,37.52853091,2020-11-05 01:00:00
2020,11,06,05,야,금,서울,광진구,차대사람,127.0784907,37.56079778,2020-11-06 05:00:00
2020,11,06,23,야,금,서울,강남구,차대사람,127.0421839,37.48371023,2020-11-06 23:00:00
2020,11,08,23,야,일,서울,관악구,차대차,126.9144123,37.48171377,2020-11-08 23:00:00
2020,11,09,01,야,월,서울,동작구,차대사람,126.9358195,37.5125785,2020-11-09 01:00:00
2020,11,09,01,야,월,서울,노원구,차대사람,127.0553781,37.67815778,2020-11-09 01:00:00
2020,11,10,08,주,화,서울,동작구,차대차,126.9662051,37.48832001,2020-11-10 08:00:00
2020,11,14,12,주,토,서울,은평구,차대차,126.9328233,37.60725866,2020-11-14 12:00:00
2020,11,16,13,주,월,서울,강남구,차대사람,127.0560177,37.47463672,2020-11-16 13:00:00
2020,11,19,04,야,목,서울,동대문구,차량단독,127.0703563,37.58843175,2020-11-19 04:00:00
2020,11,20,02,야,금,서울,구로구,차량단독,126.8805277,37.50229735,2020-11-20 02:00:00
2020,11,20,08,주,금,서울,성북구,차대사람,127.0098256,37.60835894,2020-11-20 08:00:00
2020,11,22,14,주,일,서울,동대문구,차대사람,127.0334275,37.5828294,2020-11-22 14:00:00
2020,11,25,08,주,수,서울,구로구,차대사람,126.8598848,37.49687202,2020-11-25 08:00:00
2020,11,26,07,주,목,서울,종로구,차대차,127.0096818,37.57156547,2020-11-26 07:00:00
2020,11,27,13,주,금,서울,관악구,차량단독,126.9530032,37.47095984,2020-11-27 13:00:00
2020,11,27,21,야,금,서울,성동구,차대차,127.0434545,37.55644918,2020-11-27 21:00:00
2020,12,01,01,야,화,서울,마포구,차대차,126.9279849,37.54414127,2020-12-01 01:00:00
2020,12,02,14,주,수,서울,구로구,차대차,126.8936474,37.47875263,2020-12-02 14:00:00
2020,12,03,12,주,목,서울,관악구,차대차,126.9138928,37.48478933,2020-12-03 12:00:00
2020,12,03,14,주,목,서울,용산구,차대사람,126.960579,37.53701446,2020-12-03 14:00:00
2020,12,09,13,주,수,서울,도봉구,차대사람,127.0409135,37.63726558,2020-12-09 13:00:00
2020,12,10,13,주,목,서울,도봉구,차대사람,127.0426171,37.67125976,2020-12-10 13:00:00
2020,12,12,10,주,토,서울,동대문구,차대사람,127.0383918,37.57986275,2020-12-12 10:00:00
2020,12,12,10,주,토,서울,관악구,차대사람,126.912353,37.48166389,2020-12-12 10:00:00
2020,12,18,15,주,금,서울,성동구,차대차,127.0203978,37.54737671,2020-12-18 15:00:00
2020,12,21,09,주,월,서울,구로구,차대사람,126.8835914,37.49956065,2020-12-21 09:00:00
2020,12,21,22,야,월,서울,강동구,차대차,127.1720917,37.56303996,2020-12-21 22:00:00
2020,12,22,17,주,화,서울,은평구,차대사람,126.9052515,37.58123916,2020-12-22 17:00:00
2020,12,24,13,주,목,서울,마포구,차대차,126.9589625,37.55739918,2020-12-24 13:00:00
2020,12,26,19,야,토,서울,금천구,차대차,126.9032266,37.47226746,2020-12-26 19:00:00
2020,12,30,15,주,수,서울,중구,차량단독,126.9817254,37.56181245,2020-12-30 15:00:00
2020,12,30,17,주,수,서울,도봉구,차대차,127.0483309,37.69279296,2020-12-30 17:00:00
2021,01,02,07,주,토,서울,종로구,차대사람,126.9695109,37.60645223,2021-01-02 07:00:00
2021,01,03,12,주,일,서울,종로구,차대사람,126.9988351,37.58311754,2021-01-03 12:00:00
2021,01,06,18,야,수,서울,송파구,차대차,127.1457108,37.5064694,2021-01-06 18:00:00
2021,01,11,13,주,월,서울,동작구,차대사람,126.9556702,37.51361446,2021-01-11 13:00:00
2021,01,12,18,야,화,서울,서초구,차대사람,127.0472654,37.46261086,2021-01-12 18:00:00
2021,01,13,06,주,수,서울,종로구,차대사람,127.0060108,37.57358721,2021-01-13 06:00:00
2021,01,13,12,주,수,서울,강남구,차대사람,127.1021761,37.48668113,2021-01-13 12:00:00
2021,01,18,06,주,월,서울,노원구,차량단독,127.0788875,37.6272293,2021-01-18 06:00:00
2021,01,19,04,야,화,서울,영등포구,차대차,126.8817289,37.52141139,2021-01-19 04:00:00
2021,01,20,05,야,수,서울,구로구,차대차,126.8956148,37.49215776,2021-01-20 05:00:00
2021,01,20,22,야,수,서울,동작구,차대사람,126.9731176,37.505393,2021-01-20 22:00:00
2021,01,21,08,주,목,서울,노원구,차량단독,127.0668659,37.64694133,2021-01-21 08:00:00
2021,01,21,15,주,목,서울,강동구,차대사람,127.1316841,37.54036264,2021-01-21 15:00:00
2021,01,23,20,야,토,서울,구로구,차대차,126.8466104,37.50153775,2021-01-23 20:00:00
2021,01,26,20,야,화,서울,동대문구,차대차,127.0710268,37.57127162,2021-01-26 20:00:00
2021,01,28,15,주,목,서울,용산구,차대사람,127.0004385,37.5261888,2021-01-28 15:00:00
2021,01,31,00,야,일,서울,노원구,차량단독,127.0636519,37.63072161,2021-01-31 00:00:00
2021,02,01,07,주,월,서울,강동구,차대사람,127.1306797,37.53974658,2021-02-01 07:00:00
2021,02,04,14,주,목,서울,양천구,차대차,126.8343401,37.52684761,2021-02-04 14:00:00
2021,02,05,13,주,금,서울,마포구,차대차,126.9113419,37.5659063,2021-02-05 13:00:00
2021,02,06,12,주,토,서울,양천구,차대사람,126.8481573,37.52764035,2021-02-06 12:00:00
2021,02,06,18,야,토,서울,금천구,차대차,126.9033876,37.4500155,2021-02-06 18:00:00
2021,02,07,00,야,일,서울,노원구,차량단독,127.0555666,37.6893305,2021-02-07 00:00:00
2021,02,07,13,주,일,서울,중구,차량단독,126.9796482,37.55393274,2021-02-07 13:00:00
2021,02,08,08,주,월,서울,성북구,차대차,127.0492897,37.61677346,2021-02-08 08:00:00
2021,02,08,09,주,월,서울,강동구,차대차,127.1349489,37.56490763,2021-02-08 09:00:00
2021,02,14,08,주,일,서울,서대문구,차대차,126.9271506,37.57460993,2021-02-14 08:00:00
2021,02,14,18,야,일,서울,강서구,차대사람,126.8706054,37.54785855,2021-02-14 18:00:00
2021,02,15,17,주,월,서울,양천구,차대차,126.8266952,37.51387715,2021-02-15 17:00:00
2021,02,18,12,주,목,서울,금천구,차대차,126.8858896,37.47725507,2021-02-18 12:00:00
2021,02,18,12,주,목,서울,중랑구,차대사람,127.0984725,37.59944605,2021-02-18 12:00:00
2021,02,23,12,주,화,서울,성북구,차대차,127.0531045,37.61418219,2021-02-23 12:00:00
2021,02,24,22,야,수,서울,영등포구,차대사람,126.9192661,37.526791,2021-02-24 22:00:00
2021,02,25,12,주,목,서울,동작구,차대사람,126.9529454,37.49749556,2021-02-25 12:00:00
2021,02,25,22,야,목,서울,관악구,차대차,126.9227442,37.4898778,2021-02-25 22:00:00
2021,02,26,06,주,금,서울,동작구,차대사람,126.9387249,37.51352975,2021-02-26 06:00:00
2021,02,26,11,주,금,서울,강북구,차대사람,127.0275595,37.63942564,2021-02-26 11:00:00
2021,02,28,05,야,일,서울,중구,차대사람,126.9787202,37.56524958,2021-02-28 05:00:00
2021,03,05,01,야,금,서울,성북구,차량단독,127.0547171,37.61281914,2021-03-05 01:00:00
2021,03,09,10,주,화,서울,성북구,차대차,127.0518256,37.61016636,2021-03-09 10:00:00
2021,03,09,11,주,화,서울,영등포구,차대사람,126.9032673,37.52031617,2021-03-09 11:00:00
2021,03,14,20,야,일,서울,강북구,차대사람,127.0211156,37.61968648,2021-03-14 20:00:00
2021,03,19,09,주,금,서울,은평구,차대차,126.9263223,37.61479758,2021-03-19 09:00:00
2021,03,19,12,주,금,서울,성동구,차대사람,127.0265039,37.57049574,2021-03-19 12:00:00
2021,03,20,07,주,토,서울,동대문구,차대사람,127.0448476,37.58019698,2021-03-20 07:00:00
2021,03,23,10,주,화,서울,동대문구,차대차,127.0626122,37.56751817,2021-03-23 10:00:00
2021,03,23,16,주,화,서울,용산구,차량단독,126.9783102,37.51847668,2021-03-23 16:00:00
2021,03,25,06,주,목,서울,강북구,차대사람,127.0346585,37.61231722,2021-03-25 06:00:00
2021,03,25,20,야,목,서울,서초구,차대사람,127.0663819,37.45581955,2021-03-25 20:00:00
2021,03,28,00,야,일,서울,서초구,차대사람,127.0549491,37.44733575,2021-03-28 00:00:00
2021,04,05,11,주,월,서울,구로구,차대차,126.8845796,37.48804649,2021-04-05 11:00:00
2021,04,06,13,주,화,서울,강남구,차대사람,127.0308306,37.51633544,2021-04-06 13:00:00
2021,04,08,12,주,목,서울,마포구,차대차,126.9509871,37.54399628,2021-04-08 12:00:00
2021,04,10,01,야,토,서울,서대문구,차량단독,126.9529127,37.59646351,2021-04-10 01:00:00
2021,04,10,19,야,토,서울,중랑구,차대사람,127.0880096,37.58833244,2021-04-10 19:00:00
2021,04,11,09,주,일,서울,관악구,차대사람,126.9179418,37.48454705,2021-04-11 09:00:00
2021,04,16,11,주,금,서울,강서구,차대사람,126.8534978,37.56541622,2021-04-16 11:00:00
2021,04,24,12,주,토,서울,중랑구,차대사람,127.081037,37.60163881,2021-04-24 12:00:00
2021,04,25,04,야,일,서울,관악구,차대사람,126.9269365,37.48392312,2021-04-25 04:00:00
2021,04,26,07,주,월,서울,노원구,차대사람,127.0854479,37.62337676,2021-04-26 07:00:00
2021,04,26,09,주,월,서울,강서구,차대사람,126.8203847,37.57334681,2021-04-26 09:00:00
2021,04,26,22,야,월,서울,은평구,차량단독,126.9279652,37.60430406,2021-04-26 22:00:00
2021,04,28,03,야,수,서울,강동구,차대사람,127.1367099,37.52869662,2021-04-28 03:00:00
2021,04,30,15,주,금,서울,성북구,차대차,127.0205743,37.60886278,2021-04-30 15:00:00
2021,05,01,06,주,토,서울,양천구,차대차,126.8367213,37.53144976,2021-05-01 06:00:00
2021,05,05,01,야,수,서울,양천구,차대사람,126.8525143,37.52832591,2021-05-05 01:00:00
2021,05,05,08,주,수,서울,마포구,차대차,126.9111727,37.56583334,2021-05-05 08:00:00
2021,05,08,12,주,토,서울,강서구,차대사람,126.8117763,37.55730987,2021-05-08 12:00:00
2021,05,09,15,주,일,서울,마포구,차대차,126.9376391,37.55161024,2021-05-09 15:00:00
2021,05,09,16,주,일,서울,양천구,차대사람,126.8800987,37.54213114,2021-05-09 16:00:00
2021,05,10,10,주,월,서울,마포구,차대차,126.8923634,37.57714002,2021-05-10 10:00:00
2021,05,10,13,주,월,서울,도봉구,차대차,127.0379736,37.65152046,2021-05-10 13:00:00
2021,05,11,23,야,화,서울,성북구,차대사람,127.0238951,37.6069113,2021-05-11 23:00:00
2021,05,13,06,주,목,서울,동대문구,차대차,127.0571775,37.57831049,2021-05-13 06:00:00
2021,05,15,04,야,토,서울,구로구,차량단독,126.8750251,37.49112223,2021-05-15 04:00:00
2021,05,18,21,야,화,서울,영등포구,차대사람,126.9242368,37.52574454,2021-05-18 21:00:00
2021,05,19,10,주,수,서울,은평구,차대차,126.9167475,37.61106778,2021-05-19 10:00:00
2021,05,20,11,주,목,서울,금천구,차대차,126.9061058,37.45369773,2021-05-20 11:00:00
2021,05,24,02,야,월,서울,성동구,차대사람,127.0444937,37.54848885,2021-05-24 02:00:00
2021,05,27,04,야,목,서울,영등포구,차대사람,126.8809286,37.54799425,2021-05-27 04:00:00
2021,05,27,06,주,목,서울,서대문구,차대사람,126.9556307,37.56234218,2021-05-27 06:00:00
2021,05,28,01,야,금,서울,마포구,차대사람,126.9027408,37.56391619,2021-05-28 01:00:00
2021,05,28,23,야,금,서울,서초구,차대차,127.0449662,37.46695562,2021-05-28 23:00:00
2021,05,29,11,주,토,서울,영등포구,차대사람,126.9082116,37.49779371,2021-05-29 11:00:00
2021,05,30,05,야,일,서울,동대문구,차대사람,127.0765434,37.57695291,2021-05-30 05:00:00
2021,05,30,22,야,일,서울,동대문구,차대사람,127.030899,37.5740673,2021-05-30 22:00:00
2021,05,31,15,주,월,서울,양천구,차대사람,126.8368891,37.52271576,2021-05-31 15:00:00
2021,06,03,05,야,목,서울,동작구,차대사람,126.9687967,37.50618667,2021-06-03 05:00:00
2021,06,03,23,야,목,서울,종로구,차량단독,126.9817044,37.5823342,2021-06-03 23:00:00
2021,06,05,01,야,토,서울,송파구,차량단독,127.1287696,37.48660543,2021-06-05 01:00:00
2021,06,07,20,야,월,서울,구로구,차대사람,126.8295909,37.49881765,2021-06-07 20:00:00
2021,06,08,08,주,화,서울,송파구,차대차,127.0942091,37.52083361,2021-06-08 08:00:00
2021,06,08,22,야,화,서울,마포구,차대사람,126.9172921,37.56085223,2021-06-08 22:00:00
2021,06,10,06,주,목,서울,양천구,차대사람,126.8255437,37.52339061,2021-06-10 06:00:00
2021,06,12,10,주,토,서울,강서구,차대차,126.8646858,37.56240158,2021-06-12 10:00:00
2021,06,17,16,주,목,서울,성북구,차대사람,127.0226154,37.60328274,2021-06-17 16:00:00
2021,06,19,03,야,토,서울,성북구,차대차,127.0124517,37.59137049,2021-06-19 03:00:00
2021,06,19,15,주,토,서울,은평구,차량단독,126.9141874,37.62617501,2021-06-19 15:00:00
2021,06,22,08,주,화,서울,은평구,차대사람,126.9178804,37.62343521,2021-06-22 08:00:00
2021,06,26,12,주,토,서울,성북구,차대차,127.0164873,37.59263095,2021-06-26 12:00:00
2021,06,27,11,주,일,서울,용산구,차대차,127.0114538,37.52911921,2021-06-27 11:00:00
2021,06,29,21,야,화,서울,노원구,차대사람,127.0607576,37.65320467,2021-06-29 21:00:00
2021,07,01,10,주,목,서울,양천구,차대차,126.852446,37.52444253,2021-07-01 10:00:00
2021,07,04,02,야,일,서울,중랑구,차대사람,127.0990486,37.60820007,2021-07-04 02:00:00
2021,07,06,23,야,화,서울,강남구,차대사람,127.0278088,37.52179462,2021-07-06 23:00:00
2021,07,07,03,야,수,서울,서대문구,차량단독,126.9548287,37.57760727,2021-07-07 03:00:00
2021,07,07,11,주,수,서울,동작구,차대차,126.9753222,37.48783536,2021-07-07 11:00:00
2021,07,09,00,야,금,서울,동작구,차대차,126.9543449,37.4956209,2021-07-09 00:00:00
2021,07,10,03,야,토,서울,중랑구,차량단독,127.0946341,37.58029733,2021-07-10 03:00:00
2021,07,10,07,주,토,서울,광진구,차대차,127.066558,37.53143446,2021-07-10 07:00:00
2021,07,13,04,야,화,서울,금천구,차대차,126.8833734,37.48066712,2021-07-13 04:00:00
2021,07,13,06,주,화,서울,은평구,차대차,126.9256824,37.60356289,2021-07-13 06:00:00
2021,07,14,11,주,수,서울,동작구,차대사람,126.9379236,37.51084621,2021-07-14 11:00:00
2021,07,15,18,야,목,서울,동대문구,차대사람,127.0635581,37.57812244,2021-07-15 18:00:00
2021,07,16,20,야,금,서울,서대문구,차대사람,126.9641235,37.5669779,2021-07-16 20:00:00
2021,07,17,17,주,토,서울,금천구,차대차,126.8811602,37.4759739,2021-07-17 17:00:00
2021,07,19,08,주,월,서울,마포구,차대사람,126.9196439,37.55688888,2021-07-19 08:00:00
2021,07,21,08,주,수,서울,성북구,차대사람,127.0190453,37.60227316,2021-07-21 08:00:00
2021,07,21,11,주,수,서울,성북구,차대차,127.0568509,37.61104522,2021-07-21 11:00:00
2021,07,27,15,주,화,서울,영등포구,차대사람,126.9070359,37.50627856,2021-07-27 15:00:00
2021,07,28,06,주,수,서울,강북구,차대차,127.018645,37.61991438,2021-07-28 06:00:00
2021,07,29,14,주,목,서울,강서구,차대사람,126.8420916,37.56816359,2021-07-29 14:00:00
2021,07,31,13,주,토,서울,마포구,차대차,126.9105298,37.54395447,2021-07-31 13:00:00
2021,08,05,05,야,목,서울,마포구,차대차,126.8923184,37.57710373,2021-08-05 05:00:00
2021,08,05,12,주,목,서울,동대문구,차대사람,127.0386755,37.58656177,2021-08-05 12:00:00
2021,08,07,08,주,토,서울,관악구,차대차,126.9185441,37.48257154,2021-08-07 08:00:00
2021,08,07,11,주,토,서울,동대문구,차대사람,127.0755294,37.57204593,2021-08-07 11:00:00
2021,08,07,16,주,토,서울,종로구,차대차,127.0078019,37.56986311,2021-08-07 16:00:00
2021,08,09,12,주,월,서울,동작구,차대차,126.9759196,37.48327714,2021-08-09 12:00:00
2021,08,09,20,야,월,서울,강서구,차대차,126.867303,37.55417735,2021-08-09 20:00:00
2021,08,10,07,주,화,서울,송파구,차대차,127.1009258,37.50694853,2021-08-10 07:00:00
2021,08,11,11,주,수,서울,은평구,차대차,126.9168065,37.63905904,2021-08-11 11:00:00
2021,08,11,17,주,수,서울,마포구,차대사람,126.9530978,37.54792694,2021-08-11 17:00:00
2021,08,13,05,야,금,서울,강서구,차대차,126.8636101,37.55163104,2021-08-13 05:00:00
2021,08,13,11,주,금,서울,동대문구,차량단독,127.0481804,37.57030397,2021-08-13 11:00:00
2021,08,13,23,야,금,서울,강남구,차량단독,127.0774616,37.49053427,2021-08-13 23:00:00
2021,08,14,15,주,토,서울,양천구,차대차,126.836621,37.52231766,2021-08-14 15:00:00
2021,08,18,04,야,수,서울,강서구,차대사람,126.8529779,37.55719133,2021-08-18 04:00:00
2021,08,21,14,주,토,서울,동대문구,차대사람,127.0676938,37.60127522,2021-08-21 14:00:00
2021,08,22,18,야,일,서울,송파구,차대사람,127.1305971,37.50598144,2021-08-22 18:00:00
2021,08,23,21,야,월,서울,양천구,차대차,126.8720201,37.53710401,2021-08-23 21:00:00
2021,08,26,02,야,목,서울,광진구,차량단독,127.0835504,37.53664325,2021-08-26 02:00:00
2021,08,26,11,주,목,서울,강남구,차대차,127.0491363,37.50428978,2021-08-26 11:00:00
2021,08,26,22,야,목,서울,도봉구,차대사람,127.0308169,37.64503595,2021-08-26 22:00:00
2021,08,29,21,야,일,서울,송파구,차대사람,127.117136,37.49433805,2021-08-29 21:00:00
2021,08,30,17,주,월,서울,성북구,차대차,127.0196913,37.58937215,2021-08-30 17:00:00
2021,08,30,19,야,월,서울,금천구,차대차,126.8978403,37.46504008,2021-08-30 19:00:00
2021,09,02,00,야,목,서울,금천구,차대차,126.9085087,37.45121211,2021-09-02 00:00:00
2021,09,03,05,야,금,서울,서초구,차대차,127.0042081,37.48275656,2021-09-03 05:00:00
2021,09,06,03,야,월,서울,은평구,차량단독,126.9151089,37.64306157,2021-09-06 03:00:00
2021,09,07,00,야,화,서울,강남구,차대사람,127.0570183,37.52064499,2021-09-07 00:00:00
2021,09,07,19,야,화,서울,동대문구,차대사람,127.0678497,37.59392081,2021-09-07 19:00:00
2021,09,07,21,야,화,서울,관악구,차대사람,126.943054,37.48232547,2021-09-07 21:00:00
2021,09,10,01,야,금,서울,구로구,차량단독,126.8829154,37.48450811,2021-09-10 01:00:00
2021,09,13,17,주,월,서울,마포구,차대차,126.8849543,37.58158131,2021-09-13 17:00:00
2021,09,14,14,주,화,서울,은평구,차대차,126.9132829,37.60138375,2021-09-14 14:00:00
2021,09,15,10,주,수,서울,강서구,차대차,126.8039172,37.59155971,2021-09-15 10:00:00
2021,09,15,15,주,수,서울,동대문구,차대사람,127.0728224,37.57213261,2021-09-15 15:00:00
2021,09,16,22,야,목,서울,중랑구,차대사람,127.0936886,37.58963204,2021-09-16 22:00:00
2021,09,17,09,주,금,서울,성동구,차대사람,127.0447086,37.56954252,2021-09-17 09:00:00
2021,09,17,13,주,금,서울,성동구,차대사람,127.020078,37.53794277,2021-09-17 13:00:00
2021,09,17,16,주,금,서울,강북구,차대사람,127.0319541,37.63524563,2021-09-17 16:00:00
2021,09,18,20,야,토,서울,강동구,차대차,127.156071,37.54625353,2021-09-18 20:00:00
2021,09,20,16,주,월,서울,영등포구,차대차,126.9056347,37.50034062,2021-09-20 16:00:00
2021,09,21,03,야,화,서울,광진구,차대사람,127.0727231,37.55779448,2021-09-21 03:00:00
2021,09,21,14,주,화,서울,동대문구,차대차,127.0668299,37.60568863,2021-09-21 14:00:00
2021,09,25,12,주,토,서울,금천구,차대사람,126.8993275,37.4713842,2021-09-25 12:00:00
2021,09,25,19,야,토,서울,영등포구,차대사람,126.8973746,37.52386281,2021-09-25 19:00:00
2021,09,26,17,주,일,서울,동대문구,차대차,127.0724692,37.56260677,2021-09-26 17:00:00
2021,09,30,12,주,목,서울,금천구,차대사람,126.8946153,37.47373072,2021-09-30 12:00:00
2021,09,30,16,주,목,서울,동대문구,차대사람,127.0368729,37.5767769,2021-09-30 16:00:00
2021,10,02,11,주,토,서울,서대문구,차대차,126.9479785,37.59397897,2021-10-02 11:00:00
2021,10,02,23,야,토,서울,강남구,차대사람,127.0164622,37.52415623,2021-10-02 23:00:00
2021,10,05,19,야,화,서울,강동구,차대사람,127.1443762,37.55451496,2021-10-05 19:00:00
2021,10,12,15,주,화,서울,금천구,차대사람,126.9015746,37.45477454,2021-10-12 15:00:00
2021,10,15,05,야,금,서울,송파구,차대차,127.1332864,37.52151754,2021-10-15 05:00:00
2021,10,15,23,야,금,서울,노원구,차량단독,127.0562408,37.63896376,2021-10-15 23:00:00
2021,10,18,18,야,월,서울,성북구,차량단독,127.0465181,37.60539601,2021-10-18 18:00:00
2021,10,21,14,주,목,서울,영등포구,차대차,126.8960787,37.50689005,2021-10-21 14:00:00
2021,10,22,03,야,금,서울,성북구,차량단독,127.0501933,37.62345494,2021-10-22 03:00:00
2021,10,22,18,야,금,서울,양천구,차대사람,126.8351862,37.51567567,2021-10-22 18:00:00
2021,10,23,02,야,토,서울,서대문구,차대사람,126.9455474,37.58758698,2021-10-23 02:00:00
2021,10,23,06,주,토,서울,영등포구,차대사람,126.9029247,37.50110211,2021-10-23 06:00:00
2021,10,23,06,주,토,서울,송파구,차대차,127.1338818,37.52123997,2021-10-23 06:00:00
2021,10,27,19,야,수,서울,강서구,차대사람,126.8010165,37.59408433,2021-10-27 19:00:00
2021,10,27,22,야,수,서울,금천구,차대사람,126.8969704,37.46635163,2021-10-27 22:00:00
2021,10,27,23,야,수,서울,강동구,차대사람,127.1439911,37.55169436,2021-10-27 23:00:00
2021,10,28,07,주,목,서울,은평구,차량단독,126.9030906,37.57712714,2021-10-28 07:00:00
2021,10,28,10,주,목,서울,금천구,차대사람,126.9047707,37.46094697,2021-10-28 10:00:00
2021,10,28,20,야,목,서울,노원구,차량단독,127.0765139,37.67085365,2021-10-28 20:00:00
2021,10,29,00,야,금,서울,강서구,차대차,126.8039584,37.57131592,2021-10-29 00:00:00
2021,10,29,10,주,금,서울,송파구,차대사람,127.1269009,37.46887871,2021-10-29 10:00:00
2021,10,29,10,주,금,서울,구로구,차대차,126.856436,37.49707682,2021-10-29 10:00:00
2021,11,01,21,야,월,서울,송파구,차대차,127.1170805,37.52513734,2021-11-01 21:00:00
2021,11,05,14,주,금,서울,강서구,차대차,126.8708732,37.54765357,2021-11-05 14:00:00
2021,11,07,02,야,일,서울,구로구,차량단독,126.8513796,37.49506348,2021-11-07 02:00:00
2021,11,07,05,야,일,서울,동대문구,차대사람,127.0685688,37.56745086,2021-11-07 05:00:00
2021,11,07,10,주,일,서울,서초구,차대차,126.992638,37.48313379,2021-11-07 10:00:00
2021,11,08,07,주,월,서울,강동구,차대사람,127.1245611,37.54546892,2021-11-08 07:00:00
2021,11,12,14,주,금,서울,강동구,차대사람,127.1715777,37.55707788,2021-11-12 14:00:00
2021,11,12,22,야,금,서울,성동구,차대사람,127.0653179,37.55007891,2021-11-12 22:00:00
2021,11,14,03,야,일,서울,영등포구,차대차,126.9085339,37.49565911,2021-11-14 03:00:00
2021,11,14,18,야,일,서울,송파구,차대차,127.1048949,37.49451408,2021-11-14 18:00:00
2021,11,15,04,야,월,서울,용산구,차량단독,126.9506046,37.53133053,2021-11-15 04:00:00
2021,11,15,07,주,월,서울,서초구,차대사람,127.0418309,37.48168981,2021-11-15 07:00:00
2021,11,16,06,주,화,서울,광진구,차대사람,127.0692914,37.54026873,2021-11-16 06:00:00
2021,11,16,19,야,화,서울,금천구,차대사람,126.9021577,37.4795288,2021-11-16 19:00:00
2021,11,17,12,주,수,서울,송파구,차대차,127.1103352,37.50776413,2021-11-17 12:00:00
2021,11,18,19,야,목,서울,금천구,차대차,126.9050058,37.46552706,2021-11-18 19:00:00
2021,11,19,07,주,금,서울,성동구,차량단독,127.0356972,37.55638377,2021-11-19 07:00:00
2021,11,22,00,야,월,서울,종로구,차대사람,126.9727291,37.57183885,2021-11-22 00:00:00
2021,11,22,05,야,월,서울,양천구,차대사람,126.8471765,37.52265589,2021-11-22 05:00:00
2021,12,01,08,주,수,서울,금천구,차대차,126.9047752,37.44895889,2021-12-01 08:00:00
2021,12,01,17,주,수,서울,중구,차대사람,127.0122737,37.55440552,2021-12-01 17:00:00
2021,12,02,02,야,목,서울,양천구,차량단독,126.8344889,37.52538827,2021-12-02 02:00:00
2021,12,02,05,야,목,서울,성동구,차량단독,127.0503216,37.55130267,2021-12-02 05:00:00
2021,12,03,03,야,금,서울,성동구,차대차,127.0467174,37.55197392,2021-12-03 03:00:00
2021,12,03,07,주,금,서울,서대문구,차대차,126.9428661,37.55828967,2021-12-03 07:00:00
2021,12,03,18,야,금,서울,용산구,차대사람,126.9836543,37.51969897,2021-12-03 18:00:00
2021,12,06,18,야,월,서울,도봉구,차대차,127.0477935,37.67574853,2021-12-06 18:00:00
2021,12,08,06,주,수,서울,송파구,차대차,127.131122,37.47655628,2021-12-08 06:00:00
2021,12,09,07,주,목,서울,송파구,차대차,127.1370459,37.49670839,2021-12-09 07:00:00
2021,12,09,19,야,목,서울,성북구,차대사람,127.0488137,37.61359711,2021-12-09 19:00:00
2021,12,09,22,야,목,서울,서대문구,차대차,126.9555836,37.57658322,2021-12-09 22:00:00
2021,12,09,22,야,목,서울,영등포구,차대사람,126.9059891,37.52558026,2021-12-09 22:00:00
2021,12,13,19,야,월,서울,중랑구,차대사람,127.0899198,37.61795729,2021-12-13 19:00:00
2021,12,14,13,주,화,서울,은평구,차대사람,126.9100827,37.5992136,2021-12-14 13:00:00
2021,12,15,06,주,수,서울,강북구,차대사람,127.0448721,37.62822967,2021-12-15 06:00:00
2021,12,15,07,주,수,서울,관악구,차대사람,126.9251741,37.49000683,2021-12-15 07:00:00
2021,12,18,00,야,토,서울,강남구,차량단독,127.0147751,37.52482443,2021-12-18 00:00:00
2021,12,19,06,주,일,서울,관악구,차대사람,126.9237833,37.48977922,2021-12-19 06:00:00
2021,12,19,09,주,일,서울,서초구,차대사람,127.0426014,37.46568729,2021-12-19 09:00:00
2021,12,21,02,야,화,서울,강남구,차대차,127.0996094,37.4928558,2021-12-21 02:00:00
2021,12,21,06,주,화,서울,강남구,차대사람,127.1173392,37.46603316,2021-12-21 06:00:00
2021,12,25,04,야,토,서울,마포구,차대사람,126.909634,37.54988987,2021-12-25 04:00:00
2021,12,25,04,야,토,서울,마포구,차대사람,126.9070553,37.56243269,2021-12-25 04:00:00
2021,12,27,23,야,월,서울,동작구,차대사람,126.907914,37.49049845,2021-12-27 23:00:00
2021,12,30,21,야,목,서울,동작구,차대사람,126.905542,37.48777526,2021-12-30 21:00:00
2022,01,02,06,주,일,서울,서대문구,차대사람,126.93618244,37.57980009,2022-01-02 06:00:00
2022,01,03,18,야,월,서울,영등포구,차대사람,126.90092698,37.50759076,2022-01-03 18:00:00
2022,01,05,04,야,수,서울,동작구,차대사람,126.97235132,37.48404544,2022-01-05 04:00:00
2022,01,05,06,주,수,서울,동작구,차대사람,126.97997878,37.47695852,2022-01-05 06:00:00
2022,01,06,21,야,목,서울,성동구,차대사람,127.01417244,37.54619303,2022-01-06 21:00:00
2022,01,09,05,야,일,서울,서대문구,차대차,126.91135998,37.5708097,2022-01-09 05:00:00
2022,01,12,09,주,수,서울,강서구,차대사람,126.85551095,37.56411848,2022-01-12 09:00:00
2022,01,12,13,주,수,서울,양천구,차대사람,126.83708122,37.51635332,2022-01-12 13:00:00
2022,01,13,22,야,목,서울,영등포구,차대차,126.89774403,37.5122616,2022-01-13 22:00:00
2022,01,17,23,야,월,서울,영등포구,차대차,126.85861742,37.52798246,2022-01-17 23:00:00
2022,01,22,13,주,토,서울,구로구,차대차,126.89475426,37.49295736,2022-01-22 13:00:00
2022,01,25,01,야,화,서울,강서구,차량단독,126.84357509,37.53717466,2022-01-25 01:00:00
2022,01,25,04,야,화,서울,서초구,차대차,127.05800471,37.45794189,2022-01-25 04:00:00
2022,01,27,21,야,목,서울,강동구,차대사람,127.13230595,37.54280725,2022-01-27 21:00:00
2022,01,29,21,야,토,서울,은평구,차대사람,126.92521732,37.60364175,2022-01-29 21:00:00
2022,01,30,21,야,일,서울,구로구,차대사람,126.88007881,37.49200695,2022-01-30 21:00:00
2022,01,31,19,야,월,서울,동대문구,차량단독,127.05836977,37.59369644,2022-01-31 19:00:00
2022,02,04,06,주,금,서울,양천구,차대사람,126.86369361,37.52994781,2022-02-04 06:00:00
2022,02,06,21,야,일,서울,금천구,차대차,126.90052426,37.45463401,2022-02-06 21:00:00
2022,02,07,22,야,월,서울,동작구,차대사람,126.93964324,37.50784387,2022-02-07 22:00:00
2022,02,08,03,야,화,서울,용산구,차량단독,127.00596273,37.53112441,2022-02-08 03:00:00
2022,02,11,01,야,금,서울,강남구,차대사람,127.07262264,37.49207623,2022-02-11 01:00:00
2022,02,11,21,야,금,서울,관악구,차대사람,126.9055118,37.48159181,2022-02-11 21:00:00
2022,02,11,22,야,금,서울,송파구,차량단독,127.12355018,37.46954411,2022-02-11 22:00:00
2022,02,16,06,주,수,서울,강서구,차대사람,126.86801211,37.54930488,2022-02-16 06:00:00
2022,02,20,20,야,일,서울,송파구,차량단독,127.10899369,37.49597891,2022-02-20 20:00:00
2022,02,22,00,야,화,서울,중랑구,차대사람,127.10197513,37.61605167,2022-02-22 00:00:00
2022,02,23,02,야,수,서울,강동구,차량단독,127.15385445,37.54134909,2022-02-23 02:00:00
2022,02,23,04,야,수,서울,마포구,차대사람,126.90783625,37.56819621,2022-02-23 04:00:00
2022,02,25,05,야,금,서울,구로구,차대사람,126.88763057,37.49674239,2022-02-25 05:00:00
2022,02,25,09,주,금,서울,동작구,차대사람,126.93537162,37.50564225,2022-02-25 09:00:00
2022,02,25,18,야,금,서울,중구,차대사람,126.97424335,37.55456678,2022-02-25 18:00:00
2022,03,03,03,야,목,서울,은평구,차대차,126.91714432,37.58998291,2022-03-03 03:00:00
2022,03,05,00,야,토,서울,중랑구,차대사람,127.09841652,37.59931968,2022-03-05 00:00:00
2022,03,09,19,야,수,서울,강남구,차대차,127.02448973,37.50448428,2022-03-09 19:00:00
2022,03,12,20,야,토,서울,강동구,차대사람,127.14174416,37.54097947,2022-03-12 20:00:00
2022,03,17,23,야,목,서울,성북구,차량단독,127.0160089,37.58255196,2022-03-17 23:00:00
2022,03,18,00,야,금,서울,영등포구,차량단독,126.90532273,37.49973514,2022-03-18 00:00:00
2022,03,19,20,야,토,서울,강남구,차대차,127.05538008,37.50208078,2022-03-19 20:00:00
2022,03,23,17,주,수,서울,영등포구,차대차,126.91744019,37.5156323,2022-03-23 17:00:00
2022,03,24,02,야,목,서울,은평구,차량단독,126.90942185,37.58393258,2022-03-24 02:00:00
2022,03,24,23,야,목,서울,도봉구,차대사람,127.05350908,37.65262584,2022-03-24 23:00:00
2022,03,26,06,주,토,서울,강남구,차대차,127.06735577,37.50107967,2022-03-26 06:00:00
2022,03,30,12,주,수,서울,서초구,차대차,127.00897118,37.50727809,2022-03-30 12:00:00
2022,04,01,03,야,금,서울,성동구,차대차,127.04364313,37.53814435,2022-04-01 03:00:00
2022,04,01,19,야,금,서울,광진구,차대사람,127.06231667,37.53286099,2022-04-01 19:00:00
2022,04,02,05,야,토,서울,용산구,차대차,127.01089326,37.53002726,2022-04-02 05:00:00
2022,04,05,06,주,화,서울,동대문구,차량단독,127.06836032,37.57806799,2022-04-05 06:00:00
2022,04,06,05,야,수,서울,강북구,차대사람,127.02901638,37.64098448,2022-04-06 05:00:00
2022,04,07,01,야,목,서울,강남구,차대사람,127.04011999,37.50911605,2022-04-07 01:00:00
2022,04,10,03,야,일,서울,은평구,차량단독,126.91987805,37.62740191,2022-04-10 03:00:00
2022,04,10,11,주,일,서울,송파구,차대사람,127.14550044,37.49831145,2022-04-10 11:00:00
2022,04,10,14,주,일,서울,강서구,차대사람,126.83292524,37.54338833,2022-04-10 14:00:00
2022,04,11,13,주,월,서울,서초구,차대차,127.01783149,37.49479473,2022-04-11 13:00:00
2022,04,12,00,야,화,서울,구로구,차량단독,126.88115888,37.48586538,2022-04-12 00:00:00
2022,04,14,14,주,목,서울,마포구,차대사람,126.94747337,37.54000494,2022-04-14 14:00:00
2022,04,14,14,주,목,서울,서초구,차대사람,127.01146127,37.50887481,2022-04-14 14:00:00
2022,04,16,06,주,토,서울,영등포구,차대차,126.88306148,37.55155672,2022-04-16 06:00:00
2022,04,18,01,야,월,서울,강서구,차대사람,126.84993115,37.55210905,2022-04-18 01:00:00
2022,04,24,03,야,일,서울,노원구,차대사람,127.05515087,37.67576029,2022-04-24 03:00:00
2022,04,24,03,야,일,서울,노원구,차대차,127.0580652,37.63942939,2022-04-24 03:00:00
2022,04,24,04,야,일,서울,강서구,차량단독,126.8219018,37.54440716,2022-04-24 04:00:00
2022,04,24,04,야,일,서울,성북구,차대사람,127.06383799,37.60973366,2022-04-24 04:00:00
2022,04,28,11,주,목,서울,금천구,차대사람,126.90344717,37.466709,2022-04-28 11:00:00
2022,04,29,21,야,금,서울,성동구,차대사람,127.0538072,37.53633542,2022-04-29 21:00:00
2022,04,30,12,주,토,서울,금천구,차대사람,126.89905778,37.47681802,2022-04-30 12:00:00
2022,05,02,13,주,월,서울,마포구,차대사람,126.94626385,37.54590311,2022-05-02 13:00:00
2022,05,06,18,야,금,서울,강서구,차대차,126.83634704,37.54557986,2022-05-06 18:00:00
2022,05,07,07,주,토,서울,관악구,차대사람,126.91399277,37.48184149,2022-05-07 07:00:00
2022,05,08,13,주,일,서울,금천구,차량단독,126.92146934,37.45245796,2022-05-08 13:00:00
2022,05,08,18,야,일,서울,강남구,차대사람,127.04107978,37.48540501,2022-05-08 18:00:00
2022,05,10,13,주,화,서울,마포구,차대차,126.91769712,37.5670014,2022-05-10 13:00:00
2022,05,11,09,주,수,서울,송파구,차대사람,127.11148198,37.50044886,2022-05-11 09:00:00
2022,05,12,02,야,목,서울,강남구,차대차,127.05639228,37.50692489,2022-05-12 02:00:00
2022,05,12,02,야,목,서울,양천구,차대사람,126.83767273,37.52112477,2022-05-12 02:00:00
2022,05,13,03,야,금,서울,영등포구,차량단독,126.90559756,37.48932588,2022-05-13 03:00:00
2022,05,15,05,야,일,서울,종로구,차량단독,126.96145235,37.60297442,2022-05-15 05:00:00
2022,05,15,15,주,일,서울,강서구,차대사람,126.86555808,37.55167127,2022-05-15 15:00:00
2022,05,16,04,야,월,서울,구로구,차량단독,126.87806187,37.48695778,2022-05-16 04:00:00
2022,05,23,14,주,월,서울,중랑구,차대차,127.07292751,37.5913975,2022-05-23 14:00:00
2022,05,24,14,주,화,서울,금천구,차대차,126.89802587,37.46728542,2022-05-24 14:00:00
2022,05,30,16,주,월,서울,강서구,차대차,126.80838756,37.54175995,2022-05-30 16:00:00
2022,05,31,04,야,화,서울,송파구,차대사람,127.13453802,37.49133755,2022-05-31 04:00:00
2022,06,01,07,주,수,서울,강남구,차대차,127.1204661,37.4666679,2022-06-01 07:00:00
2022,06,02,10,주,목,서울,양천구,차대사람,126.86456443,37.53002461,2022-06-02 10:00:00
2022,06,09,16,주,목,서울,도봉구,차대사람,127.04091084,37.66606145,2022-06-09 16:00:00
2022,06,09,17,주,목,서울,중랑구,차량단독,127.11523832,37.6126976,2022-06-09 17:00:00
2022,06,10,02,야,금,서울,노원구,차량단독,127.07337744,37.63954885,2022-06-10 02:00:00
2022,06,10,21,야,금,서울,종로구,차대차,126.9975909,37.57444401,2022-06-10 21:00:00
2022,06,12,21,야,일,서울,마포구,차대차,126.92564604,37.5581711,2022-06-12 21:00:00
2022,06,14,19,야,화,서울,성북구,차대사람,127.03995751,37.60370314,2022-06-14 19:00:00
2022,06,15,13,주,수,서울,관악구,차대차,126.94957494,37.48660053,2022-06-15 13:00:00
2022,06,21,13,주,화,서울,강서구,차대사람,126.82782025,37.55974579,2022-06-21 13:00:00
2022,06,21,22,야,화,서울,용산구,차량단독,126.99323087,37.54268889,2022-06-21 22:00:00
2022,06,22,12,주,수,서울,은평구,차대차,126.93522068,37.60965691,2022-06-22 12:00:00
2022,06,23,12,주,목,서울,용산구,차대사람,126.97817543,37.51833188,2022-06-23 12:00:00
2022,06,23,23,야,목,서울,영등포구,차대사람,126.90779231,37.51937,2022-06-23 23:00:00
2022,06,24,10,주,금,서울,은평구,차대사람,126.91029471,37.58957934,2022-06-24 10:00:00
2022,06,24,10,주,금,서울,송파구,차대사람,127.10352062,37.49981849,2022-06-24 10:00:00
2022,07,01,03,야,금,서울,성동구,차대사람,127.02022659,37.54830892,2022-07-01 03:00:00
2022,07,02,11,주,토,서울,동대문구,차대사람,127.04322676,37.57855028,2022-07-02 11:00:00
2022,07,02,23,야,토,서울,영등포구,차량단독,126.91628822,37.50226856,2022-07-02 23:00:00
2022,07,05,15,주,화,서울,강서구,차대차,126.81645428,37.56080721,2022-07-05 15:00:00
2022,07,07,04,야,목,서울,강서구,차대사람,126.85484084,37.55516449,2022-07-07 04:00:00
2022,07,08,02,야,금,서울,영등포구,차대차,126.88517284,37.54673652,2022-07-08 02:00:00
2022,07,08,02,야,금,서울,서초구,차량단독,127.01795656,37.51933018,2022-07-08 02:00:00
2022,07,08,04,야,금,서울,강서구,차대사람,126.85465901,37.55524462,2022-07-08 04:00:00
2022,07,09,10,주,토,서울,성북구,차대차,127.02972346,37.58632094,2022-07-09 10:00:00
2022,07,13,09,주,수,서울,금천구,차대차,126.8983754,37.46741339,2022-07-13 09:00:00
2022,07,14,00,야,목,서울,마포구,차대사람,126.94703019,37.54023722,2022-07-14 00:00:00
2022,07,14,20,야,목,서울,관악구,차대사람,126.94339834,37.48210987,2022-07-14 20:00:00
2022,07,16,21,야,토,서울,은평구,차량단독,126.89139894,37.58432775,2022-07-16 21:00:00
2022,07,18,01,야,월,서울,광진구,차대사람,127.0819247,37.55635822,2022-07-18 01:00:00
2022,07,19,10,주,화,서울,동대문구,차대사람,127.05448214,37.5655688,2022-07-19 10:00:00
2022,07,19,18,야,화,서울,서초구,차대사람,127.04098538,37.47310105,2022-07-19 18:00:00
2022,07,20,00,야,수,서울,영등포구,차대사람,126.92746763,37.51836736,2022-07-20 00:00:00
2022,07,20,20,야,수,서울,양천구,차대사람,126.82729836,37.53719122,2022-07-20 20:00:00
2022,07,21,22,야,목,서울,서대문구,차대차,126.93536985,37.57642518,2022-07-21 22:00:00
2022,07,25,01,야,월,서울,성동구,차대차,127.04400223,37.55166602,2022-07-25 01:00:00
2022,07,27,00,야,수,서울,강남구,차대사람,127.06002085,37.47664372,2022-07-27 00:00:00
2022,07,27,21,야,수,서울,영등포구,차대차,126.8977868,37.49989526,2022-07-27 21:00:00
2022,07,28,15,주,목,서울,동대문구,차대차,127.03633743,37.58277777,2022-07-28 15:00:00
2022,08,04,12,주,목,서울,강남구,차대차,127.02291735,37.51155359,2022-08-04 12:00:00
2022,08,05,03,야,금,서울,송파구,차량단독,127.09943188,37.50279722,2022-08-05 03:00:00
2022,08,06,08,주,토,서울,용산구,차대사람,126.96224463,37.52431751,2022-08-06 08:00:00
2022,08,07,14,주,일,서울,동대문구,차대차,127.05679274,37.57692548,2022-08-07 14:00:00
2022,08,10,23,야,수,서울,영등포구,차대사람,126.90676163,37.51662472,2022-08-10 23:00:00
2022,08,11,23,야,목,서울,강서구,차대차,126.81113557,37.5850854,2022-08-11 23:00:00
2022,08,14,01,야,일,서울,광진구,차대사람,127.09557726,37.53361954,2022-08-14 01:00:00
2022,08,14,23,야,일,서울,마포구,차량단독,126.91182659,37.54890934,2022-08-14 23:00:00
2022,08,16,09,주,화,서울,종로구,차대사람,127.0156978,37.57113062,2022-08-16 09:00:00
2022,08,16,13,주,화,서울,동작구,차량단독,126.95336056,37.5026262,2022-08-16 13:00:00
2022,08,18,08,주,목,서울,영등포구,차량단독,126.89262344,37.50882827,2022-08-18 08:00:00
2022,08,20,03,야,토,서울,영등포구,차대사람,126.92035462,37.50164862,2022-08-20 03:00:00
2022,08,24,00,야,수,서울,용산구,차량단독,126.96241019,37.5438235,2022-08-24 00:00:00
2022,08,26,10,주,금,서울,관악구,차대차,126.94843364,37.46644081,2022-08-26 10:00:00
2022,08,26,14,주,금,서울,성북구,차대차,127.01266338,37.59712195,2022-08-26 14:00:00
2022,08,26,14,주,금,서울,동대문구,차량단독,127.06863886,37.58867787,2022-08-26 14:00:00
2022,08,26,14,주,금,서울,구로구,차대차,126.88817346,37.48011521,2022-08-26 14:00:00
2022,08,29,05,야,월,서울,강동구,차대사람,127.12534215,37.52511878,2022-08-29 05:00:00
2022,08,29,22,야,월,서울,노원구,차량단독,127.06700137,37.61519844,2022-08-29 22:00:00
2022,09,01,20,야,목,서울,중랑구,차대사람,127.09510152,37.58599546,2022-09-01 20:00:00
2022,09,03,04,야,토,서울,용산구,차대차,126.98549534,37.53504804,2022-09-03 04:00:00
2022,09,03,12,주,토,서울,용산구,차대사람,126.95210234,37.53390634,2022-09-03 12:00:00
2022,09,04,22,야,일,서울,구로구,차량단독,126.82664207,37.49056974,2022-09-04 22:00:00
2022,09,04,23,야,일,서울,은평구,차대차,126.9360244,37.60074651,2022-09-04 23:00:00
2022,09,05,20,야,월,서울,서대문구,차대사람,126.9156253,37.57854639,2022-09-05 20:00:00
2022,09,06,05,야,화,서울,관악구,차대사람,126.91246858,37.48149141,2022-09-06 05:00:00
2022,09,07,11,주,수,서울,성북구,차대차,127.0536849,37.61944822,2022-09-07 11:00:00
2022,09,08,04,야,목,서울,광진구,차대차,127.07477585,37.56117294,2022-09-08 04:00:00
2022,09,08,22,야,목,서울,동대문구,차대차,127.07216546,37.57809086,2022-09-08 22:00:00
2022,09,09,00,야,금,서울,노원구,차대차,127.05579698,37.62822624,2022-09-09 00:00:00
2022,09,15,11,주,목,서울,양천구,차대차,126.85201931,37.52143871,2022-09-15 11:00:00
2022,09,18,23,야,일,서울,강서구,차대사람,126.85405289,37.53364508,2022-09-18 23:00:00
2022,09,19,10,주,월,서울,마포구,차대사람,126.95004463,37.54130587,2022-09-19 10:00:00
2022,09,22,16,주,목,서울,마포구,차대사람,126.88995696,37.56394096,2022-09-22 16:00:00
2022,09,23,09,주,금,서울,강북구,차대사람,127.02105514,37.61868936,2022-09-23 09:00:00
2022,09,25,18,야,일,서울,용산구,차대사람,127.00869102,37.53102763,2022-09-25 18:00:00
2022,09,27,14,주,화,서울,광진구,차대차,127.08004777,37.55792892,2022-09-27 14:00:00
2022,09,30,08,주,금,서울,광진구,차대사람,127.08839678,37.55503794,2022-09-30 08:00:00
2022,09,30,14,주,금,서울,강남구,차대차,127.05386719,37.50155229,2022-09-30 14:00:00
2022,09,30,15,주,금,서울,중구,차대사람,127.00995137,37.55462124,2022-09-30 15:00:00
2022,10,02,23,야,일,서울,동작구,차대사람,126.92300127,37.48998001,2022-10-02 23:00:00
2022,10,10,11,주,월,서울,강북구,차대사람,127.02554059,37.62609847,2022-10-10 11:00:00
2022,10,12,14,주,수,서울,서초구,차대사람,126.98971514,37.49380231,2022-10-12 14:00:00
2022,10,14,07,주,금,서울,마포구,차대사람,126.91056532,37.56674969,2022-10-14 07:00:00
2022,10,14,13,주,금,서울,영등포구,차대사람,126.903972,37.52021608,2022-10-14 13:00:00
2022,10,14,22,야,금,서울,서대문구,차대사람,126.92262034,37.57319078,2022-10-14 22:00:00
2022,10,16,04,야,일,서울,용산구,차대차,126.93999721,37.5240699,2022-10-16 04:00:00
2022,10,22,03,야,토,서울,동대문구,차량단독,127.05695659,37.56455959,2022-10-22 03:00:00
2022,10,24,16,주,월,서울,송파구,차대차,127.11475772,37.51466502,2022-10-24 16:00:00
2022,10,25,16,주,화,서울,구로구,차대차,126.88501384,37.48750795,2022-10-25 16:00:00
2022,10,25,20,야,화,서울,강동구,차대차,127.12504917,37.53843089,2022-10-25 20:00:00
2022,10,26,06,주,수,서울,양천구,차대사람,126.86245678,37.52234278,2022-10-26 06:00:00
2022,10,27,04,야,목,서울,강북구,차대사람,127.02665349,37.62573339,2022-10-27 04:00:00
2022,10,28,11,주,금,서울,성북구,차대차,127.0583913,37.61496824,2022-10-28 11:00:00
2022,10,29,16,주,토,서울,송파구,차대차,127.14563496,37.49857325,2022-10-29 16:00:00
2022,11,01,20,야,화,서울,광진구,차대사람,127.07813639,37.56760261,2022-11-01 20:00:00
2022,11,07,11,주,월,서울,중랑구,차대사람,127.08110821,37.58692008,2022-11-07 11:00:00
2022,11,09,20,야,수,서울,광진구,차대사람,127.08924981,37.55226475,2022-11-09 20:00:00
2022,11,14,08,주,월,서울,강동구,차대차,127.12033113,37.54025458,2022-11-14 08:00:00
2022,11,16,03,야,수,서울,중랑구,차대사람,127.09250729,37.57984835,2022-11-16 03:00:00
2022,11,17,00,야,목,서울,구로구,차대사람,126.82983898,37.49105662,2022-11-17 00:00:00
2022,11,18,06,주,금,서울,중랑구,차대차,127.07290348,37.58767485,2022-11-18 06:00:00
2022,11,18,13,주,금,서울,강북구,차대사람,127.02102583,37.61972578,2022-11-18 13:00:00
2022,11,18,18,야,금,서울,성동구,차대차,127.02477775,37.55540293,2022-11-18 18:00:00
2022,11,19,13,주,토,서울,중랑구,차대차,127.07663962,37.58596674,2022-11-19 13:00:00
2022,11,22,08,주,화,서울,관악구,차대사람,126.92238137,37.48968855,2022-11-22 08:00:00
2022,11,23,20,야,수,서울,강남구,차대차,127.06707541,37.51436468,2022-11-23 20:00:00
2022,11,28,05,야,월,서울,노원구,차대사람,127.05913152,37.66229128,2022-11-28 05:00:00
2022,11,28,23,야,월,서울,강남구,차대사람,127.10234694,37.46512106,2022-11-28 23:00:00
2022,12,02,12,주,금,서울,금천구,차대사람,126.90309635,37.47811842,2022-12-02 12:00:00
2022,12,02,16,주,금,서울,강남구,차대사람,127.04470164,37.5204278,2022-12-02 16:00:00
2022,12,04,22,야,일,서울,은평구,차대사람,126.93390597,37.60971371,2022-12-04 22:00:00
2022,12,05,15,주,월,서울,강북구,차대사람,127.023907,37.63169822,2022-12-05 15:00:00
2022,12,06,20,야,화,서울,동대문구,차대차,127.07002312,37.60007593,2022-12-06 20:00:00
2022,12,09,01,야,금,서울,금천구,차대사람,126.89834311,37.47144229,2022-12-09 01:00:00
2022,12,09,02,야,금,서울,동대문구,차량단독,127.04814667,37.5702678,2022-12-09 02:00:00
2022,12,12,18,야,월,서울,성북구,차대사람,127.04905603,37.61662745,2022-12-12 18:00:00
2022,12,14,00,야,수,서울,성동구,차대차,127.03393898,37.55872937,2022-12-14 00:00:00
2022,12,14,05,야,수,서울,관악구,차대사람,126.93360935,37.47231966,2022-12-14 05:00:00
2022,12,14,09,주,수,서울,동대문구,차량단독,127.05929899,37.57058036,2022-12-14 09:00:00
2022,12,14,16,주,수,서울,금천구,차대사람,126.89422029,37.47362955,2022-12-14 16:00:00
2022,12,17,09,주,토,서울,강남구,차대사람,127.09438708,37.46701392,2022-12-17 09:00:00
2022,12,18,20,야,일,서울,구로구,차대차,126.87071837,37.5047747,2022-12-18 20:00:00
2022,12,19,05,야,월,서울,양천구,차대사람,126.86227246,37.54399214,2022-12-19 05:00:00
2022,12,21,17,주,수,서울,관악구,차대사람,126.95593752,37.48582779,2022-12-21 17:00:00
2022,12,22,19,야,목,서울,광진구,차대차,127.08979142,37.52986797,2022-12-22 19:00:00
2022,12,23,13,주,금,서울,영등포구,차대차,126.90319738,37.51517361,2022-12-23 13:00:00
2022,12,24,13,주,토,서울,구로구,차대차,126.84594236,37.49679835,2022-12-24 13:00:00
2022,12,26,11,주,월,서울,중랑구,차대사람,127.08741927,37.60294121,2022-12-26 11:00:00
2022,12,27,13,주,화,서울,용산구,차대사람,127.00038291,37.52603533,2022-12-27 13:00:00
2022,12,28,09,주,수,서울,서초구,차대사람,127.03780403,37.48100261,2022-12-28 09:00:00
2022,12,29,15,주,목,서울,영등포구,차량단독,126.88622344,37.51661892,2022-12-29 15:00:00
2022,12,30,23,야,금,서울,동작구,차대차,126.97569613,37.50392626,2022-12-30 23:00:00
2023,01,12,01,야,목,서울,강동구,차량단독,127.1791727,37.55018177,2023-01-12 01:00:00
2023,01,12,05,야,목,서울,양천구,차대차,126.8693354,37.52525501,2023-01-12 05:00:00
2023,01,13,05,야,금,서울,노원구,차대차,127.0683944,37.65058113,2023-01-13 05:00:00
2023,01,13,05,야,금,서울,노원구,차대차,127.0653173,37.6553379,2023-01-13 05:00:00
2023,01,13,18,야,금,서울,양천구,차대차,126.8500624,37.52786358,2023-01-13 18:00:00
2023,01,14,05,야,토,서울,송파구,차대차,127.1222243,37.48581853,2023-01-14 05:00:00
2023,01,15,22,야,일,서울,종로구,차대사람,126.9897375,37.57026413,2023-01-15 22:00:00
2023,01,19,20,야,목,서울,동대문구,차대사람,127.0648659,37.59471205,2023-01-19 20:00:00
2023,01,19,23,야,목,서울,광진구,차대사람,127.0851724,37.54439971,2023-01-19 23:00:00
2023,01,20,02,야,금,서울,영등포구,차대사람,126.8991402,37.52723114,2023-01-20 02:00:00
2023,01,20,21,야,금,서울,도봉구,차대사람,127.0423445,37.66156035,2023-01-20 21:00:00
2023,01,25,12,주,수,서울,종로구,차대사람,127.0159841,37.57063605,2023-01-25 12:00:00
2023,01,28,19,야,토,서울,강북구,차대사람,127.0269102,37.62457169,2023-01-28 19:00:00
2023,01,30,10,주,월,서울,관악구,차대차,126.9075318,37.48360297,2023-01-30 10:00:00
2023,02,01,16,주,수,서울,마포구,차대사람,126.9569794,37.54812513,2023-02-01 16:00:00
2023,02,04,06,주,토,서울,용산구,차대차,127.0090159,37.53153374,2023-02-04 06:00:00
2023,02,07,05,야,화,서울,강남구,차대차,127.0497636,37.5198433,2023-02-07 05:00:00
2023,02,10,08,주,금,서울,광진구,차대사람,127.1075752,37.54651334,2023-02-10 08:00:00
2023,02,11,01,야,토,서울,성북구,차대사람,127.016858,37.59137059,2023-02-11 01:00:00
2023,02,11,02,야,토,서울,양천구,차대사람,126.8493475,37.52808498,2023-02-11 02:00:00
2023,02,11,07,주,토,서울,용산구,차량단독,126.9907589,37.52334425,2023-02-11 07:00:00
2023,02,13,10,주,월,서울,동작구,차대사람,126.925748,37.51241009,2023-02-13 10:00:00
2023,02,19,06,주,일,서울,마포구,차량단독,126.9006523,37.56596969,2023-02-19 06:00:00
2023,02,25,06,주,토,서울,성북구,차대차,127.0321305,37.60348309,2023-02-25 06:00:00
2023,02,26,03,야,일,서울,관악구,차대차,126.9694938,37.46745663,2023-02-26 03:00:00
2023,02,26,12,주,일,서울,관악구,차대사람,126.9624997,37.47770053,2023-02-26 12:00:00
2023,02,26,23,야,일,서울,송파구,차대사람,127.1108299,37.50837869,2023-02-26 23:00:00
2023,02,27,13,주,월,서울,성동구,차대차,127.0302164,37.56554685,2023-02-27 13:00:00
2023,03,01,19,야,수,서울,동대문구,차대사람,127.0644244,37.56160391,2023-03-01 19:00:00
2023,03,01,20,야,수,서울,강서구,차대차,126.8051149,37.59309904,2023-03-01 20:00:00
2023,03,02,23,야,목,서울,강남구,차대사람,127.0355271,37.51627288,2023-03-02 23:00:00
2023,03,04,05,야,토,서울,관악구,차대차,126.9145363,37.48176306,2023-03-04 05:00:00
2023,03,04,23,야,토,서울,도봉구,차대사람,127.0345571,37.64855967,2023-03-04 23:00:00
2023,03,05,01,야,일,서울,강서구,차량단독,126.8118876,37.5452055,2023-03-05 01:00:00
2023,03,09,03,야,목,서울,영등포구,차대차,126.8827068,37.51631216,2023-03-09 03:00:00
2023,03,09,07,주,목,서울,강서구,차대차,126.8045954,37.59170792,2023-03-09 07:00:00
2023,03,09,19,야,목,서울,양천구,차대차,126.8606847,37.52975129,2023-03-09 19:00:00
2023,03,10,11,주,금,서울,강동구,차대차,127.1416495,37.51817484,2023-03-10 11:00:00
2023,03,11,22,야,토,서울,성동구,차대사람,127.0556953,37.56339211,2023-03-11 22:00:00
2023,03,12,13,주,일,서울,강북구,차대사람,127.0282668,37.63583484,2023-03-12 13:00:00
2023,03,12,19,야,일,서울,마포구,차대사람,126.9129196,37.56399429,2023-03-12 19:00:00
2023,03,13,16,주,월,서울,강서구,차대사람,126.8393413,37.56031558,2023-03-13 16:00:00
2023,03,20,00,야,월,서울,성동구,차량단독,127.0166529,37.53898338,2023-03-20 00:00:00
2023,03,21,11,주,화,서울,금천구,차대사람,126.9037978,37.47808591,2023-03-21 11:00:00
2023,03,26,23,야,일,서울,금천구,차대사람,126.9032868,37.47123301,2023-03-26 23:00:00
2023,03,29,03,야,수,서울,은평구,차대사람,126.9173611,37.61157106,2023-03-29 03:00:00
2023,04,01,20,야,토,서울,은평구,차대사람,126.910123,37.59554535,2023-04-01 20:00:00
2023,04,02,00,야,일,서울,금천구,차대사람,126.883561,37.4688423,2023-04-02 00:00:00
2023,04,10,19,야,월,서울,구로구,차대차,126.8424532,37.47928372,2023-04-10 19:00:00
2023,04,14,23,야,금,서울,강서구,차대사람,126.8120692,37.5734726,2023-04-14 23:00:00
2023,04,15,03,야,토,서울,강남구,차대사람,127.0681874,37.50008221,2023-04-15 03:00:00
2023,04,15,14,주,토,서울,관악구,차대사람,126.9357105,37.47413243,2023-04-15 14:00:00
2023,04,19,00,야,수,서울,용산구,차량단독,126.9878057,37.54312517,2023-04-19 00:00:00
2023,04,19,15,주,수,서울,강북구,차대사람,127.0280897,37.61904218,2023-04-19 15:00:00
2023,04,21,00,야,금,서울,종로구,차대사람,126.9921914,37.57077046,2023-04-21 00:00:00
2023,04,23,01,야,일,서울,동대문구,차대사람,127.0419099,37.57536342,2023-04-23 01:00:00
2023,04,23,07,주,일,서울,영등포구,차대차,126.9022843,37.5416867,2023-04-23 07:00:00
2023,04,30,03,야,일,서울,성동구,차대차,127.0343116,37.53342088,2023-04-30 03:00:00
2023,05,01,02,야,월,서울,서초구,차대사람,126.9889887,37.50578722,2023-05-01 02:00:00
2023,05,01,15,주,월,서울,용산구,차대차,126.9590888,37.52409579,2023-05-01 15:00:00
2023,05,02,20,야,화,서울,용산구,차대사람,127.0010285,37.52596596,2023-05-02 20:00:00
2023,05,04,01,야,목,서울,광진구,차대차,127.0791743,37.52801889,2023-05-04 01:00:00
2023,05,05,08,주,금,서울,성북구,차대사람,127.0527192,37.6085203,2023-05-05 08:00:00
2023,05,05,16,주,금,서울,서대문구,차대차,126.9433218,37.59138918,2023-05-05 16:00:00
2023,05,14,02,야,일,서울,구로구,차량단독,126.8352522,37.48909522,2023-05-14 02:00:00
2023,05,15,23,야,월,서울,서초구,차대사람,126.9966694,37.51445519,2023-05-15 23:00:00
2023,05,16,01,야,화,서울,서초구,차대차,127.0150427,37.50444587,2023-05-16 01:00:00
2023,05,25,15,주,목,서울,중랑구,차대차,127.0765786,37.61472844,2023-05-25 15:00:00
2023,05,26,14,주,금,서울,동작구,차대사람,126.9360642,37.51283836,2023-05-26 14:00:00
2023,05,27,13,주,토,서울,송파구,차대차,127.1304384,37.51523791,2023-05-27 13:00:00
2023,05,31,22,야,수,서울,성북구,차대사람,127.036177,37.5903845,2023-05-31 22:00:00
2023,06,02,00,야,금,서울,관악구,차대차,126.9363685,37.47537044,2023-06-02 00:00:00
2023,06,06,20,야,화,서울,마포구,차대차,126.8991167,37.56401498,2023-06-06 20:00:00
2023,06,07,17,주,수,서울,은평구,차대사람,126.9179932,37.60605799,2023-06-07 17:00:00
2023,06,08,09,주,목,서울,동작구,차대사람,126.949335,37.50387842,2023-06-08 09:00:00
2023,06,08,23,야,목,서울,송파구,차대차,127.1280034,37.50197126,2023-06-08 23:00:00
2023,06,09,09,주,금,서울,서대문구,차대차,126.9337117,37.58004063,2023-06-09 09:00:00
2023,06,12,10,주,월,서울,중랑구,차대차,127.0951874,37.58058766,2023-06-12 10:00:00
2023,06,12,13,주,월,서울,성북구,차대사람,127.0156891,37.5899597,2023-06-12 13:00:00
2023,06,13,05,야,화,서울,금천구,차량단독,126.9191944,37.4542315,2023-06-13 05:00:00
2023,06,13,18,야,화,서울,강북구,차대차,127.0333561,37.63578298,2023-06-13 18:00:00
2023,06,15,03,야,목,서울,구로구,차대사람,126.8471652,37.50187071,2023-06-15 03:00:00
2023,06,15,21,야,목,서울,마포구,차대사람,126.9129759,37.56403063,2023-06-15 21:00:00
2023,06,16,13,주,금,서울,송파구,차대차,127.1102765,37.52994636,2023-06-16 13:00:00
2023,06,20,09,주,화,서울,은평구,차대사람,126.9060985,37.58026547,2023-06-20 09:00:00
2023,06,21,02,야,수,서울,양천구,차량단독,126.8636981,37.53874498,2023-06-21 02:00:00
2023,06,22,22,야,목,서울,동대문구,차대차,127.0508166,37.59142359,2023-06-22 22:00:00
2023,06,28,00,야,수,서울,도봉구,차대사람,127.0450482,37.67739823,2023-06-28 00:00:00
2023,06,28,23,야,수,서울,중랑구,차대차,127.0763695,37.61562903,2023-06-28 23:00:00
2023,06,29,05,야,목,서울,중랑구,차대사람,127.0797141,37.58103834,2023-06-29 05:00:00
2023,06,30,15,주,금,서울,서대문구,차량단독,126.937514,37.58947784,2023-06-30 15:00:00
2023,06,30,17,주,금,서울,마포구,차대차,126.9287729,37.54307969,2023-06-30 17:00:00
2023,07,01,08,주,토,서울,관악구,차대차,126.952283,37.48132214,2023-07-01 08:00:00
2023,07,06,18,야,목,서울,서초구,차대차,127.002185,37.51200885,2023-07-06 18:00:00
2023,07,07,23,야,금,서울,동작구,차대사람,126.9822968,37.4885061,2023-07-07 23:00:00
2023,07,09,00,야,일,서울,강서구,차대차,126.8453159,37.54650423,2023-07-09 00:00:00
2023,07,09,01,야,일,서울,강동구,차대차,127.1445089,37.55469743,2023-07-09 01:00:00
2023,07,12,04,야,수,서울,강서구,차대사람,126.8262297,37.55532015,2023-07-12 04:00:00
2023,07,13,23,야,목,서울,용산구,차대사람,126.9692291,37.53045126,2023-07-13 23:00:00
2023,07,13,23,야,목,서울,용산구,차대차,126.9503249,37.52934626,2023-07-13 23:00:00
2023,07,19,01,야,수,서울,강남구,차대사람,127.1003679,37.48850479,2023-07-19 01:00:00
2023,07,21,08,주,금,서울,노원구,차량단독,127.1004174,37.63187397,2023-07-21 08:00:00
2023,07,23,15,주,일,서울,용산구,차량단독,126.9544189,37.52509283,2023-07-23 15:00:00
2023,07,24,23,야,월,서울,노원구,차대차,127.0651495,37.65883446,2023-07-24 23:00:00
2023,07,31,16,주,월,서울,구로구,차대차,126.8321883,37.49145751,2023-07-31 16:00:00
2023,08,04,02,야,금,서울,관악구,차대사람,126.926165,37.4845332,2023-08-04 02:00:00
2023,08,05,15,주,토,서울,강북구,차대사람,127.0378723,37.62760758,2023-08-05 15:00:00
2023,08,06,01,야,일,서울,은평구,차대사람,126.9303234,37.61002095,2023-08-06 01:00:00
2023,08,07,23,야,월,서울,용산구,차대차,127.0079059,37.53338591,2023-08-07 23:00:00
2023,08,08,07,주,화,서울,강서구,차대사람,126.8149326,37.56747732,2023-08-08 07:00:00
2023,08,08,21,야,화,서울,중랑구,차대사람,127.0775281,37.61112647,2023-08-08 21:00:00
2023,08,15,02,야,화,서울,강동구,차대차,127.1743554,37.56194027,2023-08-15 02:00:00
2023,08,16,10,주,수,서울,도봉구,차대차,127.044381,37.66411,2023-08-16 10:00:00
2023,08,16,22,야,수,서울,영등포구,차량단독,126.8983853,37.51130944,2023-08-16 22:00:00
2023,08,20,04,야,일,서울,서초구,차대차,127.0456729,37.45724614,2023-08-20 04:00:00
2023,08,25,13,주,금,서울,동대문구,차대차,127.0426109,37.57925995,2023-08-25 13:00:00
2023,08,27,21,야,일,서울,종로구,차대사람,126.9875037,37.577312,2023-08-27 21:00:00
2023,09,01,06,주,금,서울,동대문구,차대차,127.0577749,37.59276583,2023-09-01 06:00:00
2023,09,05,15,주,화,서울,송파구,차대사람,127.1105342,37.50213128,2023-09-05 15:00:00
2023,09,07,14,주,목,서울,강서구,차대차,126.8397174,37.53052826,2023-09-07 14:00:00
2023,09,08,23,야,금,서울,종로구,차대사람,127.0137418,37.57240249,2023-09-08 23:00:00
2023,09,09,08,주,토,서울,마포구,차대차,126.9237748,37.5600458,2023-09-09 08:00:00
2023,09,11,00,야,월,서울,동작구,차대차,126.9737522,37.47622789,2023-09-11 00:00:00
2023,09,12,13,주,화,서울,동대문구,차대사람,127.0497832,37.57870165,2023-09-12 13:00:00
2023,09,14,03,야,목,서울,동작구,차대사람,126.922729,37.50624814,2023-09-14 03:00:00
2023,09,16,14,주,토,서울,영등포구,차대사람,126.9166314,37.51341999,2023-09-16 14:00:00
2023,09,17,23,야,일,서울,마포구,차량단독,126.8986204,37.55391739,2023-09-17 23:00:00
2023,09,18,10,주,월,서울,성북구,차대차,127.0411625,37.60118407,2023-09-18 10:00:00
2023,09,23,19,야,토,서울,강남구,차대사람,127.0361573,37.51135395,2023-09-23 19:00:00
2023,09,24,22,야,일,서울,서초구,차대차,127.0434645,37.46526879,2023-09-24 22:00:00
2023,09,27,16,주,수,서울,금천구,차량단독,126.9159024,37.45010506,2023-09-27 16:00:00
2023,09,28,21,야,목,서울,용산구,차량단독,126.9957628,37.51633515,2023-09-28 21:00:00
2023,10,06,16,주,금,서울,종로구,차대차,126.9825807,37.60298782,2023-10-06 16:00:00
2023,10,07,07,주,토,서울,은평구,차대차,126.9167415,37.58789882,2023-10-07 07:00:00
2023,10,08,22,야,일,서울,마포구,차대차,126.945561,37.55673402,2023-10-08 22:00:00
2023,10,11,05,야,수,서울,노원구,차대사람,127.0684666,37.63615097,2023-10-11 05:00:00
2023,10,11,23,야,수,서울,광진구,차대차,127.0983231,37.53657635,2023-10-11 23:00:00
2023,10,13,10,주,금,서울,노원구,차대사람,127.0661987,37.6499872,2023-10-13 10:00:00
2023,10,13,23,야,금,서울,송파구,차대사람,127.0958627,37.50588574,2023-10-13 23:00:00
2023,10,15,15,주,일,서울,도봉구,차대차,127.0457727,37.68877582,2023-10-15 15:00:00
2023,10,18,01,야,수,서울,관악구,차대차,126.9595689,37.4779125,2023-10-18 01:00:00
2023,10,20,09,주,금,서울,마포구,차대사람,126.8981726,37.57580875,2023-10-20 09:00:00
2023,10,24,07,주,화,서울,노원구,차대사람,127.0729997,37.64019645,2023-10-24 07:00:00
2023,10,24,17,주,화,서울,서초구,차대사람,127.0365523,37.48222356,2023-10-24 17:00:00
2023,10,25,16,주,수,서울,도봉구,차량단독,127.0331421,37.65548535,2023-10-25 16:00:00
2023,10,27,11,주,금,서울,영등포구,차대사람,126.9010322,37.51849765,2023-10-27 11:00:00
2023,10,30,08,주,월,서울,관악구,차대사람,126.9568088,37.48734608,2023-10-30 08:00:00
2023,10,30,19,야,월,서울,마포구,차대차,126.9050937,37.54426972,2023-10-30 19:00:00
2023,11,01,06,주,수,서울,강남구,차대차,127.0631499,37.49478172,2023-11-01 06:00:00
2023,11,05,06,주,일,서울,노원구,차대사람,127.066755,37.6556857,2023-11-05 06:00:00
2023,11,06,00,야,월,서울,동대문구,차량단독,127.0767007,37.57917981,2023-11-06 00:00:00
2023,11,06,09,주,월,서울,성동구,차대사람,127.0519774,37.56594691,2023-11-06 09:00:00
2023,11,09,15,주,목,서울,성북구,차대사람,127.0140108,37.61115239,2023-11-09 15:00:00
2023,11,10,13,주,금,서울,중랑구,차대차,127.0739052,37.60468686,2023-11-10 13:00:00
2023,11,15,10,주,수,서울,송파구,차대차,127.1443593,37.49560393,2023-11-15 10:00:00
2023,11,19,19,야,일,서울,송파구,차대사람,127.1150586,37.49132977,2023-11-19 19:00:00
2023,11,21,18,야,화,서울,중랑구,차대차,127.0880631,37.59712978,2023-11-21 18:00:00
2023,11,21,23,야,화,서울,중구,차대사람,126.9734934,37.55817785,2023-11-21 23:00:00
2023,11,25,01,야,토,서울,구로구,차대차,126.8480279,37.49894609,2023-11-25 01:00:00
2023,11,29,06,주,수,서울,성북구,차대차,127.0362225,37.59034863,2023-11-29 06:00:00
2023,11,29,15,주,수,서울,도봉구,차대사람,127.0446298,37.69019552,2023-11-29 15:00:00
2023,11,29,18,야,수,서울,중구,차대사람,126.9770013,37.56817135,2023-11-29 18:00:00
2023,11,30,20,야,목,서울,종로구,차대사람,126.9766818,37.57013487,2023-11-30 20:00:00
2023,12,02,08,주,토,서울,영등포구,차량단독,126.8971359,37.51331308,2023-12-02 08:00:00
2023,12,05,23,야,화,서울,용산구,차대차,126.9575708,37.5227368,2023-12-05 23:00:00
2023,12,06,21,야,수,서울,강남구,차대사람,127.0461551,37.47849314,2023-12-06 21:00:00
2023,12,07,17,주,목,서울,성동구,차대사람,127.0427324,37.57049031,2023-12-07 17:00:00
2023,12,08,17,주,금,서울,은평구,차대사람,126.9105181,37.6143853,2023-12-08 17:00:00
2023,12,09,11,주,토,서울,서대문구,차대사람,126.948218,37.5863917,2023-12-09 11:00:00
2023,12,12,21,야,화,서울,금천구,차대차,126.8977832,37.46652704,2023-12-12 21:00:00
2023,12,14,06,주,목,서울,금천구,차대차,126.8913484,37.46657519,2023-12-14 06:00:00
2023,12,15,23,야,금,서울,송파구,차대사람,127.1238769,37.48333604,2023-12-15 23:00:00
2023,12,16,10,주,토,서울,마포구,차대사람,126.9487116,37.54093912,2023-12-16 10:00:00
2023,12,22,08,주,금,서울,동대문구,차대사람,127.0650723,37.57091724,2023-12-22 08:00:00
2023,12,27,05,야,수,서울,마포구,차대차,126.9495637,37.54205175,2023-12-27 05:00:00
2023,12,27,10,주,수,서울,중구,차대사람,126.9829098,37.56852187,2023-12-27 10:00:00
2023,12,30,05,야,토,서울,노원구,차대사람,127.0601063,37.64504334,2023-12-30 05:00:00
