발생년월일시,주야,요일,district,사고유형_대분류,가해자법규위반,X_coord,Y_coord
2019-01-02 10,주,수,중구,차대사람,안전운전 의무 불이행,126.9952985,37.56844929
2019-01-03 12,주,목,노원구,차대사람,안전운전 의무 불이행,127.0705398,37.66189171
2019-01-03 17,주,목,중구,차대사람,안전운전 의무 불이행,126.9887834,37.56240025
2019-01-08 04,야,화,강서구,차대사람,안전운전 의무 불이행,126.867315,37.5540963
2019-01-14 17,주,월,구로구,차대사람,안전운전 의무 불이행,126.8872128,37.48971867
2019-01-16 22,야,수,강남구,차대사람,안전운전 의무 불이행,127.0633317,37.50823968
2019-01-17 05,야,목,강동구,차대사람,과속,127.1497905,37.5317016
2019-01-18 00,야,금,구로구,차대사람,안전운전 의무 불이행,126.8561816,37.49007643
2019-01-21 12,주,월,금천구,차대사람,보행자 보호의무 위반,126.8871526,37.47216896
2019-01-22 21,야,화,금천구,차대사람,안전운전 의무 불이행,126.9086534,37.45106862
2019-01-23 03,야,수,종로구,차대사람,안전운전 의무 불이행,126.9987214,37.58993392
2019-01-24 00,야,목,성동구,차대사람,안전운전 의무 불이행,127.0436045,37.55377364
2019-01-25 23,야,금,도봉구,차대사람,안전운전 의무 불이행,127.0349488,37.65119311
2019-01-29 05,야,화,중구,차대사람,안전운전 의무 불이행,127.0007227,37.56673275
2019-01-30 00,야,수,용산구,차대사람,안전운전 의무 불이행,126.9716193,37.53335531
2019-01-30 11,주,수,은평구,차대사람,보행자 보호의무 위반,126.9195936,37.61735061
2019-01-30 18,야,수,양천구,차대사람,안전운전 의무 불이행,126.8345465,37.53036403
2019-01-31 00,야,목,구로구,차대사람,안전운전 의무 불이행,126.8242793,37.48915915
2019-02-06 23,야,수,송파구,차대사람,신호위반,127.1173753,37.49399631
2019-02-07 03,야,목,구로구,차대사람,과속,126.8773906,37.48607091
2019-02-08 06,주,금,마포구,차대사람,안전운전 의무 불이행,126.9623787,37.55135863
2019-02-11 19,야,월,종로구,차대사람,안전운전 의무 불이행,126.9634092,37.59708856
2019-02-13 04,야,수,강남구,차대사람,과속,127.0394643,37.50165926
2019-02-15 21,야,금,성북구,차대사람,보행자 보호의무 위반,127.0133696,37.60173973
2019-03-01 00,야,금,영등포구,차대사람,안전운전 의무 불이행,126.8847476,37.55026757
2019-03-04 23,야,월,광진구,차대사람,보행자 보호의무 위반,127.0637797,37.54206021
2019-03-06 18,야,수,관악구,차대사람,안전운전 의무 불이행,126.9418285,37.481796
2019-03-09 06,주,토,용산구,차대사람,과속,126.9727783,37.53431593
2019-03-10 00,야,일,동작구,차대사람,안전운전 의무 불이행,126.955652,37.49555753
2019-03-13 19,야,수,성동구,차대사람,안전운전 의무 불이행,127.0307216,37.56263749
2019-03-15 01,야,금,강서구,차대사람,안전운전 의무 불이행,126.8627745,37.55709228
2019-03-18 05,야,월,노원구,차대사람,안전운전 의무 불이행,127.0738763,37.66135399
2019-03-19 22,야,화,관악구,차대사람,안전운전 의무 불이행,126.9589791,37.47343905
2019-03-20 09,주,수,중랑구,차대사람,안전운전 의무 불이행,127.0887426,37.58068256
2019-03-20 13,주,수,강서구,차대사람,안전운전 의무 불이행,126.8577736,37.53267389
2019-03-25 22,야,월,동대문구,차대사람,안전운전 의무 불이행,127.0525143,37.5670576
2019-03-26 19,야,화,종로구,차대사람,안전운전 의무 불이행,127.0122657,37.57195294
2019-03-27 15,주,수,강남구,차대사람,안전운전 의무 불이행,127.0247412,37.52548689
2019-03-31 21,야,일,용산구,차대사람,안전운전 의무 불이행,126.9942551,37.52177289
2019-04-01 16,주,월,양천구,차대사람,신호위반,126.8556519,37.51880861
2019-04-07 03,야,일,강서구,차대사람,안전운전 의무 불이행,126.8469516,37.531587
2019-04-09 01,야,화,동작구,차대사람,안전운전 의무 불이행,126.9364213,37.50326948
2019-04-11 21,야,목,서대문구,차대사람,안전운전 의무 불이행,126.9405433,37.59485522
2019-04-14 00,야,일,강북구,차대사람,안전운전 의무 불이행,127.0300422,37.64187187
2019-04-24 01,야,수,중랑구,차대사람,안전운전 의무 불이행,127.0950446,37.59859609
2019-05-01 13,주,수,성동구,차대사람,신호위반,127.0472345,37.56568544
2019-05-03 02,야,금,광진구,차대사람,안전운전 의무 불이행,127.0699813,37.53840544
2019-05-06 01,야,월,강서구,차대사람,과속,126.8079673,37.55905423
2019-05-06 02,야,월,강서구,차대사람,안전운전 의무 불이행,126.8396666,37.54141622
2019-05-07 06,주,화,성동구,차대사람,보행자 보호의무 위반,127.0437695,37.54805521
2019-05-07 09,주,화,강서구,차대사람,안전운전 의무 불이행,126.8237645,37.56000204
2019-05-07 12,주,화,마포구,차대사람,신호위반,126.9421524,37.54619923
2019-05-07 17,주,화,강서구,차대사람,기타,126.8133794,37.5565801
2019-05-09 15,주,목,은평구,차대사람,안전운전 의무 불이행,126.9162838,37.58413796
2019-05-11 00,야,토,서초구,차대사람,안전운전 의무 불이행,127.0090019,37.48357248
2019-05-20 07,주,월,성북구,차대사람,안전운전 의무 불이행,127.0569204,37.61079852
2019-05-24 22,야,금,노원구,차대사람,안전운전 의무 불이행,127.0524662,37.63561364
2019-06-01 23,야,토,강남구,차대사람,안전운전 의무 불이행,127.0436204,37.53073513
2019-06-05 21,야,수,양천구,차대사람,보행자 보호의무 위반,126.8590252,37.51471681
2019-06-06 00,야,목,강동구,차대사람,안전운전 의무 불이행,127.1366885,37.54010773
2019-06-07 05,야,금,성북구,차대사람,보행자 보호의무 위반,127.0086272,37.61140951
2019-06-10 20,야,월,동대문구,차대사람,안전운전 의무 불이행,127.0385195,37.58156049
2019-06-12 08,주,수,서대문구,차대사람,안전운전 의무 불이행,126.9415738,37.59186764
2019-06-14 10,주,금,성동구,차대사람,신호위반,127.0238053,37.55877005
2019-06-14 22,야,금,구로구,차대사람,신호위반,126.8580713,37.50982631
2019-06-17 16,주,월,중랑구,차대사람,안전운전 의무 불이행,127.0918344,37.5807023
2019-06-21 15,주,금,서초구,차대사람,안전운전 의무 불이행,126.9863324,37.47567933
2019-06-26 22,야,수,동대문구,차대사람,과속,127.0256069,37.57463202
2019-06-27 04,야,목,영등포구,차대사람,안전운전 의무 불이행,126.9063458,37.51626208
2019-06-30 03,야,일,중랑구,차대사람,안전운전 의무 불이행,127.0969292,37.58943584
2019-07-05 21,야,금,광진구,차대사람,안전운전 의무 불이행,127.0820503,37.55616937
2019-07-09 02,야,화,강동구,차대사람,과속,127.1282117,37.52385693
2019-07-19 16,주,금,송파구,차대사람,안전운전 의무 불이행,127.1054514,37.50699077
2019-07-22 04,야,월,노원구,차대사람,과속,127.0788043,37.61869329
2019-07-26 22,야,금,노원구,차대사람,안전운전 의무 불이행,127.0606623,37.65456353
2019-07-27 04,야,토,강동구,차대사람,과속,127.1497563,37.5317646
2019-07-29 15,주,월,서초구,차대사람,안전운전 의무 불이행,126.9825039,37.47652793
2019-07-29 22,야,월,마포구,차대사람,안전운전 의무 불이행,126.9047944,37.55628316
2019-08-03 00,야,토,용산구,차대사람,안전운전 의무 불이행,126.9711051,37.53243363
2019-08-06 14,주,화,용산구,차대사람,안전운전 의무 불이행,126.9568482,37.53655119
2019-08-07 12,주,수,강남구,차대사람,안전운전 의무 불이행,127.0254289,37.50447453
2019-08-08 10,주,목,양천구,차대사람,보행자 보호의무 위반,126.871927,37.51581366
2019-08-09 13,주,금,서대문구,차대사람,안전운전 의무 불이행,126.9481743,37.56776071
2019-08-10 04,야,토,동대문구,차대사람,안전운전 의무 불이행,127.0231262,37.57293651
2019-08-14 15,주,수,영등포구,차대사람,보행자 보호의무 위반,126.9057244,37.52841096
2019-08-18 09,주,일,양천구,차대사람,중앙선 침범,126.8635392,37.52681029
2019-08-19 22,야,월,도봉구,차대사람,안전운전 의무 불이행,127.0434053,37.68271875
2019-08-21 15,주,수,용산구,차대사람,기타,126.997017,37.53009516
2019-08-29 07,주,목,강서구,차대사람,안전운전 의무 불이행,126.8618152,37.55115536
2019-08-29 14,주,목,서대문구,차대사람,안전운전 의무 불이행,126.9445774,37.59162043
2019-08-30 23,야,금,은평구,차대사람,안전운전 의무 불이행,126.9009005,37.57880607
2019-09-02 05,야,월,강동구,차대사람,신호위반,127.1522169,37.53809939
2019-09-03 08,주,화,노원구,차대사람,안전운전 의무 불이행,127.075622,37.66340632
2019-09-06 02,야,금,중랑구,차대사람,과속,127.092544,37.59804667
2019-09-07 19,야,토,강서구,차대사람,안전운전 의무 불이행,126.8120896,37.55524762
2019-09-10 11,주,화,강북구,차대사람,안전운전 의무 불이행,127.040088,37.62850856
2019-09-11 23,야,수,중랑구,차대사람,과속,127.0875811,37.60030083
2019-09-12 20,야,목,서대문구,차대사람,안전운전 의무 불이행,126.9498744,37.58340697
2019-09-12 21,야,목,서대문구,차대사람,안전운전 의무 불이행,126.9132284,37.57009432
2019-09-12 21,야,목,금천구,차대사람,안전운전 의무 불이행,126.8983043,37.472046
2019-09-21 14,주,토,강동구,차대사람,기타,127.1456788,37.54433537
2019-09-22 06,주,일,동대문구,차대사람,안전운전 의무 불이행,127.0628492,37.56764614
2019-09-23 11,주,월,서초구,차대사람,안전운전 의무 불이행,127.0159144,37.48859454
2019-09-23 14,주,월,서초구,차대사람,보행자 보호의무 위반,127.0042829,37.50618589
2019-09-25 02,야,수,양천구,차대사람,안전운전 의무 불이행,126.880747,37.53573498
2019-09-27 05,야,금,서초구,차대사람,안전운전 의무 불이행,126.9872489,37.47562022
2019-09-30 22,야,월,금천구,차대사람,신호위반,126.897314,37.46439743
2019-10-01 10,주,화,금천구,차대사람,보행자 보호의무 위반,126.8981752,37.47122511
2019-10-03 00,야,목,강남구,차대사람,안전운전 의무 불이행,127.04613,37.49572707
2019-10-05 03,야,토,성동구,차대사람,안전운전 의무 불이행,127.0397864,37.55052297
2019-10-06 14,주,일,중구,차대사람,안전운전 의무 불이행,126.9981446,37.56618101
2019-10-07 05,야,월,송파구,차대사람,안전운전 의무 불이행,127.1316235,37.49973821
2019-10-08 06,주,화,강동구,차대사람,보행자 보호의무 위반,127.1393553,37.55046346
2019-10-09 06,주,수,구로구,차대사람,과속,126.8449759,37.47533177
2019-10-23 02,야,수,강서구,차대사람,과속,126.8469953,37.54863168
2019-10-23 20,야,수,성동구,차대사람,안전운전 의무 불이행,127.0344514,37.5455266
2019-10-23 23,야,수,송파구,차대사람,안전운전 의무 불이행,127.118364,37.51532571
2019-10-24 00,야,목,영등포구,차대사람,과속,126.9254288,37.52600092
2019-10-26 07,주,토,서대문구,차대사람,안전운전 의무 불이행,126.9456266,37.58760538
2019-10-28 05,야,월,강서구,차대사람,안전운전 의무 불이행,126.815953,37.55247591
2019-10-30 09,주,수,중랑구,차대사람,안전운전 의무 불이행,127.0791519,37.61450329
2019-10-30 18,야,수,관악구,차대사람,안전운전 의무 불이행,126.9139344,37.48497161
2019-11-02 11,주,토,서대문구,차대사람,안전운전 의무 불이행,126.9464872,37.59221527
2019-11-05 05,야,화,강서구,차대사람,안전운전 의무 불이행,126.813932,37.58027052
2019-11-08 05,야,금,구로구,차대사람,보행자 보호의무 위반,126.8594813,37.49311389
2019-11-09 10,주,토,관악구,차대사람,안전운전 의무 불이행,126.92682,37.49207172
2019-11-15 02,야,금,서초구,차대사람,안전운전 의무 불이행,126.9854384,37.5054383
2019-11-21 07,주,목,영등포구,차대사람,신호위반,126.8981497,37.5293713
2019-12-01 05,야,일,마포구,차대사람,과속,126.9110268,37.54840059
2019-12-03 21,야,화,관악구,차대사람,안전운전 의무 불이행,126.933943,37.48670874
2019-12-03 23,야,화,성동구,차대사람,안전운전 의무 불이행,127.0544268,37.55013747
2019-12-10 07,주,화,성북구,차대사람,안전운전 의무 불이행,127.0621167,37.61152096
2019-12-12 07,주,목,양천구,차대사람,과속,126.8310143,37.50640427
2019-12-12 21,야,목,서초구,차대사람,안전운전 의무 불이행,127.0877159,37.46275441
2019-12-20 02,야,금,구로구,차대사람,과속,126.8444429,37.49620416
2019-12-22 09,주,일,서초구,차대사람,안전운전 의무 불이행,127.0064056,37.49138547
2019-12-29 23,야,일,동대문구,차대사람,과속,127.0628854,37.5903332
2019-12-30 00,야,월,관악구,차대사람,안전운전 의무 불이행,126.9269693,37.49325322
2019-12-31 05,야,화,강남구,차대사람,안전운전 의무 불이행,127.0977693,37.48581892
,주,수,서대문구,차대사람,,126.9392741,37.59038756
,야,일,용산구,차대사람,,126.9717317,37.54950802
,야,월,강북구,차대사람,,127.0195897,37.62279351
,야,일,강북구,차대사람,,127.0221154,37.61236625
,주,월,광진구,차대사람,,127.0832413,37.53949856
,야,금,마포구,차대사람,,126.9527236,37.54646503
,야,화,영등포구,차대사람,,126.9079958,37.51939806
,주,일,영등포구,차대사람,,126.8976481,37.50026411
,야,목,성동구,차대사람,,127.0466383,37.55196461
,주,목,동작구,차대사람,,126.9252888,37.50145641
,주,화,동작구,차대사람,,126.9374151,37.50471459
,야,토,중랑구,차대사람,,127.087137,37.59046559
,주,목,관악구,차대사람,,126.9180342,37.47555196
,야,화,강서구,차대사람,,126.8693309,37.54864494
,주,금,송파구,차대사람,,127.1055086,37.51762701
,야,일,송파구,차대사람,,127.1053044,37.52631541
,야,화,구로구,차대사람,,126.8859857,37.49868078
,야,화,도봉구,차대사람,,127.043657,37.66940705
,주,월,은평구,차대사람,,126.9322677,37.6150688
,야,월,은평구,차대사람,,126.9221856,37.61771486
,야,목,강남구,차대사람,,127.0298078,37.49359011
,주,월,강남구,차대사람,,127.0550033,37.4893161
,주,화,종로구,차대사람,,126.9704712,37.5692509
,야,목,종로구,차대사람,,127.0140925,37.57245802
,주,월,용산구,차대사람,,126.9680354,37.52959862
,야,일,성북구,차대사람,,127.0080483,37.58920703
,주,금,강북구,차대사람,,127.0230106,37.63364149
,주,월,강북구,차대사람,,127.030731,37.63509656
,야,월,동대문구,차대사람,,127.0436246,37.58573555
,야,토,영등포구,차대사람,,126.9077947,37.51477312
,주,월,금천구,차대사람,,126.9002168,37.45490286
,야,화,성동구,차대사람,,127.0446698,37.54800911
,야,토,중랑구,차대사람,,127.0857552,37.59657188
,야,일,중랑구,차대사람,,127.0976908,37.59102482
,야,목,강남구,차대사람,,127.0562528,37.50755531
,야,월,강남구,차대사람,,127.0440725,37.51782046
,야,일,강동구,차대사람,,127.1325088,37.5314508
,주,월,송파구,차대사람,,127.1511958,37.49728283
,야,토,구로구,차대사람,,126.8463989,37.50152396
,주,월,구로구,차대사람,,126.9015058,37.48469028
,야,토,구로구,차대사람,,126.8713293,37.49533178
,야,금,구로구,차대사람,,126.8942103,37.49447787
,야,목,서초구,차대사람,,127.0219047,37.50356347
,주,목,서초구,차대사람,,127.0045523,37.48253537
,야,일,노원구,차대사람,,127.0535196,37.68116212
,주,금,도봉구,차대사람,,127.0270839,37.64900766
,주,화,은평구,차대사람,,126.9061836,37.61231753
,야,일,서대문구,차대사람,,126.9513736,37.58082709
,야,토,은평구,차대사람,,126.9248883,37.59487011
,야,토,용산구,차대사람,,126.9886951,37.53389018
,야,토,성북구,차대사람,,127.0080935,37.58750368
,야,수,성북구,차대사람,,127.0089748,37.5895534
,야,월,강북구,차대사람,,127.0254049,37.6349671
,주,일,동대문구,차대사람,,127.0559795,37.58991084
,주,화,마포구,차대사람,,126.9204563,37.55432404
,주,월,영등포구,차대사람,,126.9241626,37.5258235
,주,목,성동구,차대사람,,127.0364451,37.55992001
,주,금,동작구,차대사람,,126.9384917,37.51355298
,야,토,관악구,차대사람,,126.9336083,37.47396013
,야,월,강서구,차대사람,,126.8126199,37.57024
,야,토,강서구,차대사람,,126.8575273,37.53896395
,주,월,송파구,차대사람,,127.1242025,37.48833964
,주,일,송파구,차대사람,,127.0772006,37.50272876
,야,수,양천구,차대사람,,126.8392781,37.51744725
,주,월,노원구,차대사람,,127.0617941,37.64910564
,주,월,노원구,차대사람,,127.0783154,37.65628642
,야,수,도봉구,차대사람,,127.0444947,37.67333108
,주,화,은평구,차대사람,,126.917051,37.62371954
,야,수,종로구,차대사람,,127.0028223,37.57113118
,주,수,은평구,차대사람,,126.9349697,37.60239092
,주,화,강북구,차대사람,,127.0127956,37.62895786
,야,일,동대문구,차대사람,,127.0679631,37.56644815
,주,목,광진구,차대사람,,127.0921836,37.55196846
,야,수,광진구,차대사람,,127.0662231,37.54626953
,야,토,금천구,차대사람,,126.9008518,37.45326561
,야,토,관악구,차대사람,,126.957577,37.47934194
,야,토,관악구,차대사람,,126.9204237,37.47367987
,주,월,강동구,차대사람,,127.1298694,37.55481469
,야,화,강동구,차대사람,,127.1710156,37.55927202
,주,금,송파구,차대사람,,127.1214284,37.50232894
,주,월,송파구,차대사람,,127.1549555,37.49644659
,야,토,송파구,차대사람,,127.1130146,37.49723603
,야,화,성북구,차대사람,,127.0368611,37.60610663
,야,토,성북구,차대사람,,127.0356583,37.59547506
,야,토,서초구,차대사람,,127.0085157,37.49045686
,야,토,서초구,차대사람,,126.9926427,37.48746935
,야,금,서초구,차대사람,,127.0002529,37.47763189
,야,수,중구,차대사람,,127.0027984,37.56449716
,야,화,중구,차대사람,,126.9833806,37.56593706
,야,토,동대문구,차대사람,,127.054675,37.56551545
,주,수,동대문구,차대사람,,127.0701006,37.57872331
,주,목,광진구,차대사람,,127.0948719,37.53638429
,주,화,마포구,차대사람,,126.9550659,37.55749033
,주,일,마포구,차대사람,,126.9407184,37.55631458
,주,목,영등포구,차대사람,,126.8918818,37.5109877
,주,수,영등포구,차대사람,,126.9338134,37.51870441
,주,월,영등포구,차대사람,,126.9052737,37.5216017
,야,목,영등포구,차대사람,,126.9011733,37.49657747
,주,금,영등포구,차대사람,,126.8943811,37.51675117
,야,월,성동구,차대사람,,127.0315889,37.56336202
,주,목,동작구,차대사람,,126.9231848,37.4999499
,주,목,중랑구,차대사람,,127.0766982,37.61362022
,주,목,강동구,차대사람,,127.1250747,37.5401165
,주,토,송파구,차대사람,,127.0911469,37.50961917
,야,수,송파구,차대사람,,127.0969934,37.50391563
,주,목,성북구,차대사람,,127.0489718,37.61368876
,야,금,도봉구,차대사람,,127.037527,37.64127052
,야,화,은평구,차대사람,,126.9077718,37.64634188
,야,금,금천구,차대사람,,126.8973279,37.44717251
,야,금,서대문구,차대사람,,126.9149591,37.56961078
,야,토,용산구,차대사람,,126.9998183,37.53601092
,야,수,성북구,차대사람,,127.0091217,37.61547662
,야,일,강북구,차대사람,,127.0135447,37.63399943
,주,화,동대문구,차대사람,,127.0465774,37.57509301
,야,수,광진구,차대사람,,127.0638025,37.53231667
,야,일,영등포구,차대사람,,126.9167962,37.51696312
,야,일,관악구,차대사람,,126.909848,37.48105471
,야,목,금천구,차대사람,,126.897975,37.46939434
,야,토,동작구,차대사람,,126.9643514,37.50823792
,야,토,중랑구,차대사람,,127.0799215,37.57436009
,주,월,중랑구,차대사람,,127.0934024,37.592263
,야,목,중랑구,차대사람,,127.0931342,37.60616082
,야,수,강동구,차대사람,,127.123831,37.55108203
,주,일,강동구,차대사람,,127.1363288,37.53026382
,주,토,송파구,차대사람,,127.1196634,37.51481883
,야,수,구로구,차대사람,,126.8419783,37.49989502
,주,금,구로구,차대사람,,126.8925782,37.48089507
,주,수,서초구,차대사람,,127.0267318,37.48805249
,야,금,노원구,차대사람,,127.055337,37.67687864
,야,수,노원구,차대사람,,127.0691473,37.63407136
,야,월,동작구,차대사람,,126.9819086,37.48280691
,야,목,중구,차대사람,,126.972718,37.55574075
,야,목,용산구,차대사람,,126.9551269,37.52734047
,야,화,강북구,차대사람,,127.0105211,37.6457043
,야,토,동대문구,차대사람,,127.0427882,37.58173935
,야,수,동대문구,차대사람,,127.0449967,37.57989111
,야,목,영등포구,차대사람,,126.9000338,37.50608998
,주,화,금천구,차대사람,,126.8995285,37.46462504
,주,목,성동구,차대사람,,127.0543883,37.53759951
,주,화,동작구,차대사람,,126.9509654,37.5068064
,주,금,강남구,차대사람,,127.047329,37.50699867
,야,일,강남구,차대사람,,127.0561677,37.52192263
,야,화,강남구,차대사람,,127.0367526,37.51022959
,야,금,강서구,차대사람,,126.7996008,37.57954641
,야,월,강동구,차대사람,,127.1281123,37.53703446
,주,월,강동구,차대사람,,127.1262083,37.54659183
,주,월,성북구,차대사람,,127.035589,37.5956821
,주,월,성북구,차대사람,,127.0472846,37.60791371
,주,목,구로구,차대사람,,126.8493711,37.49929601
,야,월,양천구,차대사람,,126.8637603,37.53675334
,야,화,노원구,차대사람,,127.0740665,37.62605828
,야,목,노원구,차대사람,,127.0721899,37.62724126
,주,수,노원구,차대사람,,127.0634319,37.61718627
,야,수,노원구,차대사람,,127.0780865,37.66666899
,주,월,강남구,차대사람,,127.0745147,37.48757625
,주,토,중구,차대사람,,127.0022804,37.56577489
,야,월,종로구,차대사람,,126.9711752,37.56978405
,야,금,서대문구,차대사람,,126.9521033,37.5956125
,야,월,용산구,차대사람,,126.9563985,37.53301583
,주,수,용산구,차대사람,,126.9659394,37.53784554
,주,목,강북구,차대사람,,127.0107026,37.64568703
,야,일,동대문구,차대사람,,127.0708053,37.57236236
,야,토,영등포구,차대사람,,126.9217294,37.52435142
,야,화,동작구,차대사람,,126.9802245,37.50189118
,주,목,동작구,차대사람,,126.9653286,37.50447468
,야,목,중랑구,차대사람,,127.0762204,37.59597919
,야,수,관악구,차대사람,,126.9138232,37.47748709
,야,토,관악구,차대사람,,126.9497297,37.48246402
,야,금,강남구,차대사람,,127.0256649,37.51901888
,주,화,강서구,차대사람,,126.850567,37.55189622
,야,월,송파구,차대사람,,127.1205502,37.53052064
,야,목,구로구,차대사람,,126.8802031,37.49476575
,주,목,구로구,차대사람,,126.83573,37.48878243
,야,금,서초구,차대사람,,127.0084592,37.47836938
,야,목,서초구,차대사람,,127.0068569,37.49501082
,주,화,양천구,차대사람,,126.8442787,37.52015212
,야,월,양천구,차대사람,,126.8516806,37.52265367
,야,화,양천구,차대사람,,126.8323516,37.52520495
,주,목,도봉구,차대사람,,127.039474,37.65637552
,야,화,서초구,차대사람,,126.9814613,37.47846129
2021-01-02 07:00,주,토,종로구,차대사람,신호위반,126.9695109,37.60645223
2021-01-03 12:00,주,일,종로구,차대사람,신호위반,126.9988351,37.58311754
2021-01-11 13:00,주,월,동작구,차대사람,안전운전 의무 불이행,126.9556702,37.51361446
2021-01-12 18:00,야,화,서초구,차대사람,안전운전 의무 불이행,127.0472654,37.46261086
2021-01-13 06:00,주,수,종로구,차대사람,안전운전 의무 불이행,127.0060108,37.57358721
2021-01-13 12:00,주,수,강남구,차대사람,보행자 보호의무 위반,127.1021761,37.48668113
2021-01-20 22:00,야,수,동작구,차대사람,안전운전 의무 불이행,126.9731176,37.505393
2021-01-21 15:00,주,목,강동구,차대사람,기타,127.1316841,37.54036264
2021-01-28 15:00,주,목,용산구,차대사람,안전운전 의무 불이행,127.0004385,37.5261888
2021-02-01 07:00,주,월,강동구,차대사람,안전운전 의무 불이행,127.1306797,37.53974658
2021-02-06 12:00,주,토,양천구,차대사람,안전운전 의무 불이행,126.8481573,37.52764035
2021-02-14 18:00,야,일,강서구,차대사람,안전운전 의무 불이행,126.8706054,37.54785855
2021-02-18 12:00,주,목,중랑구,차대사람,안전운전 의무 불이행,127.0984725,37.59944605
2021-02-24 22:00,야,수,영등포구,차대사람,안전운전 의무 불이행,126.9192661,37.526791
2021-02-25 12:00,주,목,동작구,차대사람,기타,126.9529454,37.49749556
2021-02-26 06:00,주,금,동작구,차대사람,안전운전 의무 불이행,126.9387249,37.51352975
2021-02-26 11:00,주,금,강북구,차대사람,안전운전 의무 불이행,127.0275595,37.63942564
2021-02-28 05:00,야,일,중구,차대사람,안전운전 의무 불이행,126.9787202,37.56524958
2021-03-09 11:00,주,화,영등포구,차대사람,안전운전 의무 불이행,126.9032673,37.52031617
2021-03-14 20:00,야,일,강북구,차대사람,안전운전 의무 불이행,127.0211156,37.61968648
2021-03-19 12:00,주,금,성동구,차대사람,보행자 보호의무 위반,127.0265039,37.57049574
2021-03-20 07:00,주,토,동대문구,차대사람,안전운전 의무 불이행,127.0448476,37.58019698
2021-03-25 06:00,주,목,강북구,차대사람,안전운전 의무 불이행,127.0346585,37.61231722
2021-03-25 20:00,야,목,서초구,차대사람,안전운전 의무 불이행,127.0663819,37.45581955
2021-03-28 00:00,야,일,서초구,차대사람,기타,127.0549491,37.44733575
2021-04-06 13:00,주,화,강남구,차대사람,안전운전 의무 불이행,127.0308306,37.51633544
2021-04-10 19:00,야,토,중랑구,차대사람,안전운전 의무 불이행,127.0880096,37.58833244
2021-04-11 09:00,주,일,관악구,차대사람,안전운전 의무 불이행,126.9179418,37.48454705
2021-04-16 11:00,주,금,강서구,차대사람,신호위반,126.8534978,37.56541622
2021-04-24 12:00,주,토,중랑구,차대사람,안전운전 의무 불이행,127.081037,37.60163881
2021-04-25 04:00,야,일,관악구,차대사람,기타,126.9269365,37.48392312
2021-04-26 07:00,주,월,노원구,차대사람,안전운전 의무 불이행,127.0854479,37.62337676
2021-04-26 09:00,주,월,강서구,차대사람,보행자 보호의무 위반,126.8203847,37.57334681
2021-04-28 03:00,야,수,강동구,차대사람,기타,127.1367099,37.52869662
2021-05-05 01:00,야,수,양천구,차대사람,기타,126.8525143,37.52832591
2021-05-08 12:00,주,토,강서구,차대사람,안전운전 의무 불이행,126.8117763,37.55730987
2021-05-09 16:00,주,일,양천구,차대사람,신호위반,126.8800987,37.54213114
2021-05-11 23:00,야,화,성북구,차대사람,기타,127.0238951,37.6069113
2021-05-18 21:00,야,화,영등포구,차대사람,안전운전 의무 불이행,126.9242368,37.52574454
2021-05-24 02:00,야,월,성동구,차대사람,신호위반,127.0444937,37.54848885
2021-05-27 04:00,야,목,영등포구,차대사람,안전운전 의무 불이행,126.8809286,37.54799425
2021-05-27 06:00,주,목,서대문구,차대사람,안전운전 의무 불이행,126.9556307,37.56234218
2021-05-28 01:00,야,금,마포구,차대사람,기타,126.9027408,37.56391619
2021-05-29 11:00,주,토,영등포구,차대사람,안전운전 의무 불이행,126.9082116,37.49779371
2021-05-30 05:00,야,일,동대문구,차대사람,기타,127.0765434,37.57695291
2021-05-30 22:00,야,일,동대문구,차대사람,안전운전 의무 불이행,127.030899,37.5740673
2021-05-31 15:00,주,월,양천구,차대사람,안전운전 의무 불이행,126.8368891,37.52271576
2021-06-03 05:00,야,목,동작구,차대사람,기타,126.9687967,37.50618667
2021-06-07 20:00,야,월,구로구,차대사람,안전운전 의무 불이행,126.8295909,37.49881765
2021-06-08 22:00,야,화,마포구,차대사람,안전운전 의무 불이행,126.9172921,37.56085223
2021-06-10 06:00,주,목,양천구,차대사람,안전운전 의무 불이행,126.8255437,37.52339061
2021-06-17 16:00,주,목,성북구,차대사람,보행자 보호의무 위반,127.0226154,37.60328274
2021-06-22 08:00,주,화,은평구,차대사람,보행자 보호의무 위반,126.9178804,37.62343521
2021-06-29 21:00,야,화,노원구,차대사람,안전운전 의무 불이행,127.0607576,37.65320467
2021-07-04 02:00,야,일,중랑구,차대사람,안전운전 의무 불이행,127.0990486,37.60820007
2021-07-06 23:00,야,화,강남구,차대사람,안전운전 의무 불이행,127.0278088,37.52179462
2021-07-14 11:00,주,수,동작구,차대사람,안전운전 의무 불이행,126.9379236,37.51084621
2021-07-15 18:00,야,목,동대문구,차대사람,보행자 보호의무 위반,127.0635581,37.57812244
2021-07-16 20:00,야,금,서대문구,차대사람,보행자 보호의무 위반,126.9641235,37.5669779
2021-07-19 08:00,주,월,마포구,차대사람,안전운전 의무 불이행,126.9196439,37.55688888
2021-07-21 08:00,주,수,성북구,차대사람,보행자 보호의무 위반,127.0190453,37.60227316
2021-07-27 15:00,주,화,영등포구,차대사람,안전운전 의무 불이행,126.9070359,37.50627856
2021-07-29 14:00,주,목,강서구,차대사람,기타,126.8420916,37.56816359
2021-08-05 12:00,주,목,동대문구,차대사람,보행자 보호의무 위반,127.0386755,37.58656177
2021-08-07 11:00,주,토,동대문구,차대사람,안전운전 의무 불이행,127.0755294,37.57204593
2021-08-11 17:00,주,수,마포구,차대사람,교차로 통행방법 위반,126.9530978,37.54792694
2021-08-18 04:00,야,수,강서구,차대사람,안전운전 의무 불이행,126.8529779,37.55719133
2021-08-21 14:00,주,토,동대문구,차대사람,보행자 보호의무 위반,127.0676938,37.60127522
2021-08-22 18:00,야,일,송파구,차대사람,안전운전 의무 불이행,127.1305971,37.50598144
2021-08-26 22:00,야,목,도봉구,차대사람,안전운전 의무 불이행,127.0308169,37.64503595
2021-08-29 21:00,야,일,송파구,차대사람,안전운전 의무 불이행,127.117136,37.49433805
2021-09-07 00:00,야,화,강남구,차대사람,기타,127.0570183,37.52064499
2021-09-07 19:00,야,화,동대문구,차대사람,보행자 보호의무 위반,127.0678497,37.59392081
2021-09-07 21:00,야,화,관악구,차대사람,안전운전 의무 불이행,126.943054,37.48232547
2021-09-15 15:00,주,수,동대문구,차대사람,보행자 보호의무 위반,127.0728224,37.57213261
2021-09-16 22:00,야,목,중랑구,차대사람,안전운전 의무 불이행,127.0936886,37.58963204
2021-09-17 09:00,주,금,성동구,차대사람,신호위반,127.0447086,37.56954252
2021-09-17 13:00,주,금,성동구,차대사람,기타,127.020078,37.53794277
2021-09-17 16:00,주,금,강북구,차대사람,안전운전 의무 불이행,127.0319541,37.63524563
2021-09-21 03:00,야,화,광진구,차대사람,기타,127.0727231,37.55779448
2021-09-25 12:00,주,토,금천구,차대사람,보행자 보호의무 위반,126.8993275,37.4713842
2021-09-25 19:00,야,토,영등포구,차대사람,안전운전 의무 불이행,126.8973746,37.52386281
2021-09-30 12:00,주,목,금천구,차대사람,보행자 보호의무 위반,126.8946153,37.47373072
2021-09-30 16:00,주,목,동대문구,차대사람,안전운전 의무 불이행,127.0368729,37.5767769
2021-10-02 23:00,야,토,강남구,차대사람,안전운전 의무 불이행,127.0164622,37.52415623
2021-10-05 19:00,야,화,강동구,차대사람,신호위반,127.1443762,37.55451496
2021-10-12 15:00,주,화,금천구,차대사람,안전운전 의무 불이행,126.9015746,37.45477454
2021-10-22 18:00,야,금,양천구,차대사람,안전운전 의무 불이행,126.8351862,37.51567567
2021-10-23 02:00,야,토,서대문구,차대사람,기타,126.9455474,37.58758698
2021-10-23 06:00,주,토,영등포구,차대사람,안전운전 의무 불이행,126.9029247,37.50110211
2021-10-27 19:00,야,수,강서구,차대사람,안전운전 의무 불이행,126.8010165,37.59408433
2021-10-27 22:00,야,수,금천구,차대사람,기타,126.8969704,37.46635163
2021-10-27 23:00,야,수,강동구,차대사람,기타,127.1439911,37.55169436
2021-10-28 10:00,주,목,금천구,차대사람,안전운전 의무 불이행,126.9047707,37.46094697
2021-10-29 10:00,주,금,송파구,차대사람,안전운전 의무 불이행,127.1269009,37.46887871
2021-11-07 05:00,야,일,동대문구,차대사람,안전운전 의무 불이행,127.0685688,37.56745086
2021-11-08 07:00,주,월,강동구,차대사람,안전운전 의무 불이행,127.1245611,37.54546892
2021-11-12 14:00,주,금,강동구,차대사람,보행자 보호의무 위반,127.1715777,37.55707788
2021-11-12 22:00,야,금,성동구,차대사람,안전운전 의무 불이행,127.0653179,37.55007891
2021-11-15 07:00,주,월,서초구,차대사람,안전운전 의무 불이행,127.0418309,37.48168981
2021-11-16 06:00,주,화,광진구,차대사람,안전운전 의무 불이행,127.0692914,37.54026873
2021-11-16 19:00,야,화,금천구,차대사람,기타,126.9021577,37.4795288
2021-11-22 00:00,야,월,종로구,차대사람,안전운전 의무 불이행,126.9727291,37.57183885
2021-11-22 05:00,야,월,양천구,차대사람,안전운전 의무 불이행,126.8471765,37.52265589
2021-12-01 17:00,주,수,중구,차대사람,안전운전 의무 불이행,127.0122737,37.55440552
2021-12-03 18:00,야,금,용산구,차대사람,기타,126.9836543,37.51969897
2021-12-09 19:00,야,목,성북구,차대사람,안전운전 의무 불이행,127.0488137,37.61359711
2021-12-09 22:00,야,목,영등포구,차대사람,안전운전 의무 불이행,126.9059891,37.52558026
2021-12-13 19:00,야,월,중랑구,차대사람,안전운전 의무 불이행,127.0899198,37.61795729
2021-12-14 13:00,주,화,은평구,차대사람,안전운전 의무 불이행,126.9100827,37.5992136
2021-12-15 06:00,주,수,강북구,차대사람,안전운전 의무 불이행,127.0448721,37.62822967
2021-12-15 07:00,주,수,관악구,차대사람,안전운전 의무 불이행,126.9251741,37.49000683
2021-12-19 06:00,주,일,관악구,차대사람,안전운전 의무 불이행,126.9237833,37.48977922
2021-12-19 09:00,주,일,서초구,차대사람,신호위반,127.0426014,37.46568729
2021-12-21 06:00,주,화,강남구,차대사람,안전운전 의무 불이행,127.1173392,37.46603316
2021-12-25 04:00,야,토,마포구,차대사람,안전운전 의무 불이행,126.909634,37.54988987
2021-12-25 04:00,야,토,마포구,차대사람,안전운전 의무 불이행,126.9070553,37.56243269
2021-12-27 23:00,야,월,동작구,차대사람,안전운전 의무 불이행,126.907914,37.49049845
2021-12-30 21:00,야,목,동작구,차대사람,안전운전 의무 불이행,126.905542,37.48777526
2023-01-15 22:00,야,일,종로구,차대사람,신호위반,126.9897375,37.57026413
2023-01-19 20:00,야,목,동대문구,차대사람,안전운전 의무 불이행,127.0648659,37.59471205
2023-01-19 23:00,야,목,광진구,차대사람,안전운전 의무 불이행,127.0851724,37.54439971
2023-01-20 02:00,야,금,영등포구,차대사람,안전운전 의무 불이행,126.8991402,37.52723114
2023-01-20 21:00,야,금,도봉구,차대사람,안전운전 의무 불이행,127.0423445,37.66156035
2023-01-25 12:00,주,수,종로구,차대사람,기타,127.0159841,37.57063605
2023-01-28 19:00,야,토,강북구,차대사람,안전운전 의무 불이행,127.0269102,37.62457169
2023-02-01 16:00,주,수,마포구,차대사람,안전운전 의무 불이행,126.9569794,37.54812513
2023-02-10 08:00,주,금,광진구,차대사람,보행자 보호의무 위반,127.1075752,37.54651334
2023-02-11 01:00,야,토,성북구,차대사람,안전운전 의무 불이행,127.016858,37.59137059
2023-02-11 02:00,야,토,양천구,차대사람,안전운전 의무 불이행,126.8493475,37.52808498
2023-02-13 10:00,주,월,동작구,차대사람,보행자 보호의무 위반,126.925748,37.51241009
2023-02-26 12:00,주,일,관악구,차대사람,보행자 보호의무 위반,126.9624997,37.47770053
2023-02-26 23:00,야,일,송파구,차대사람,안전운전 의무 불이행,127.1108299,37.50837869
2023-03-01 19:00,야,수,동대문구,차대사람,기타,127.0644244,37.56160391
2023-03-02 23:00,야,목,강남구,차대사람,안전운전 의무 불이행,127.0355271,37.51627288
2023-03-04 23:00,야,토,도봉구,차대사람,기타,127.0345571,37.64855967
2023-03-11 22:00,야,토,성동구,차대사람,안전운전 의무 불이행,127.0556953,37.56339211
2023-03-12 13:00,주,일,강북구,차대사람,안전운전 의무 불이행,127.0282668,37.63583484
2023-03-12 19:00,야,일,마포구,차대사람,안전운전 의무 불이행,126.9129196,37.56399429
2023-03-13 16:00,주,월,강서구,차대사람,안전운전 의무 불이행,126.8393413,37.56031558
2023-03-21 11:00,주,화,금천구,차대사람,안전운전 의무 불이행,126.9037978,37.47808591
2023-03-26 23:00,야,일,금천구,차대사람,신호위반,126.9032868,37.47123301
2023-03-29 03:00,야,수,은평구,차대사람,안전운전 의무 불이행,126.9173611,37.61157106
2023-04-01 20:00,야,토,은평구,차대사람,안전운전 의무 불이행,126.910123,37.59554535
2023-04-02 00:00,야,일,금천구,차대사람,안전운전 의무 불이행,126.883561,37.4688423
2023-04-14 23:00,야,금,강서구,차대사람,안전운전 의무 불이행,126.8120692,37.5734726
2023-04-15 03:00,야,토,강남구,차대사람,기타,127.0681874,37.50008221
2023-04-15 14:00,주,토,관악구,차대사람,신호위반,126.9357105,37.47413243
2023-04-19 15:00,주,수,강북구,차대사람,안전운전 의무 불이행,127.0280897,37.61904218
2023-04-21 00:00,야,금,종로구,차대사람,안전운전 의무 불이행,126.9921914,37.57077046
2023-04-23 01:00,야,일,동대문구,차대사람,안전운전 의무 불이행,127.0419099,37.57536342
2023-05-01 02:00,야,월,서초구,차대사람,안전운전 의무 불이행,126.9889887,37.50578722
2023-05-02 20:00,야,화,용산구,차대사람,안전운전 의무 불이행,127.0010285,37.52596596
2023-05-05 08:00,주,금,성북구,차대사람,안전운전 의무 불이행,127.0527192,37.6085203
2023-05-15 23:00,야,월,서초구,차대사람,기타,126.9966694,37.51445519
2023-05-26 14:00,주,금,동작구,차대사람,중앙선 침범,126.9360642,37.51283836
2023-05-31 22:00,야,수,성북구,차대사람,안전운전 의무 불이행,127.036177,37.5903845
2023-06-07 17:00,주,수,은평구,차대사람,안전운전 의무 불이행,126.9179932,37.60605799
2023-06-08 09:00,주,목,동작구,차대사람,안전운전 의무 불이행,126.949335,37.50387842
2023-06-12 13:00,주,월,성북구,차대사람,기타,127.0156891,37.5899597
2023-06-15 03:00,야,목,구로구,차대사람,신호위반,126.8471652,37.50187071
2023-06-15 21:00,야,목,마포구,차대사람,기타,126.9129759,37.56403063
2023-06-20 09:00,주,화,은평구,차대사람,안전운전 의무 불이행,126.9060985,37.58026547
2023-06-28 00:00,야,수,도봉구,차대사람,기타,127.0450482,37.67739823
2023-06-29 05:00,야,목,중랑구,차대사람,신호위반,127.0797141,37.58103834
2023-07-07 23:00,야,금,동작구,차대사람,안전운전 의무 불이행,126.9822968,37.4885061
2023-07-12 04:00,야,수,강서구,차대사람,기타,126.8262297,37.55532015
2023-07-13 23:00,야,목,용산구,차대사람,안전운전 의무 불이행,126.9692291,37.53045126
2023-07-19 01:00,야,수,강남구,차대사람,안전운전 의무 불이행,127.1003679,37.48850479
2023-08-04 02:00,야,금,관악구,차대사람,안전운전 의무 불이행,126.926165,37.4845332
2023-08-05 15:00,주,토,강북구,차대사람,보행자 보호의무 위반,127.0378723,37.62760758
2023-08-06 01:00,야,일,은평구,차대사람,안전운전 의무 불이행,126.9303234,37.61002095
2023-08-08 07:00,주,화,강서구,차대사람,안전운전 의무 불이행,126.8149326,37.56747732
2023-08-08 21:00,야,화,중랑구,차대사람,안전운전 의무 불이행,127.0775281,37.61112647
2023-08-27 21:00,야,일,종로구,차대사람,안전운전 의무 불이행,126.9875037,37.577312
2023-09-05 15:00,주,화,송파구,차대사람,안전운전 의무 불이행,127.1105342,37.50213128
2023-09-08 23:00,야,금,종로구,차대사람,안전운전 의무 불이행,127.0137418,37.57240249
2023-09-12 13:00,주,화,동대문구,차대사람,안전운전 의무 불이행,127.0497832,37.57870165
2023-09-14 03:00,야,목,동작구,차대사람,안전운전 의무 불이행,126.922729,37.50624814
2023-09-16 14:00,주,토,영등포구,차대사람,안전운전 의무 불이행,126.9166314,37.51341999
2023-09-23 19:00,야,토,강남구,차대사람,안전운전 의무 불이행,127.0361573,37.51135395
2023-10-11 05:00,야,수,노원구,차대사람,안전운전 의무 불이행,127.0684666,37.63615097
2023-10-13 10:00,주,금,노원구,차대사람,안전운전 의무 불이행,127.0661987,37.6499872
2023-10-13 23:00,야,금,송파구,차대사람,안전운전 의무 불이행,127.0958627,37.50588574
2023-10-20 09:00,주,금,마포구,차대사람,안전운전 의무 불이행,126.8981726,37.57580875
2023-10-24 07:00,주,화,노원구,차대사람,안전운전 의무 불이행,127.0729997,37.64019645
2023-10-24 17:00,주,화,서초구,차대사람,기타,127.0365523,37.48222356
2023-10-27 11:00,주,금,영등포구,차대사람,안전운전 의무 불이행,126.9010322,37.51849765
2023-10-30 08:00,주,월,관악구,차대사람,안전운전 의무 불이행,126.9568088,37.48734608
2023-11-05 06:00,주,일,노원구,차대사람,보행자 보호의무 위반,127.066755,37.6556857
2023-11-06 09:00,주,월,성동구,차대사람,안전운전 의무 불이행,127.0519774,37.56594691
2023-11-09 15:00,주,목,성북구,차대사람,보행자 보호의무 위반,127.0140108,37.61115239
2023-11-19 19:00,야,일,송파구,차대사람,안전운전 의무 불이행,127.1150586,37.49132977
2023-11-21 23:00,야,화,중구,차대사람,안전운전 의무 불이행,126.9734934,37.55817785
2023-11-29 15:00,주,수,도봉구,차대사람,안전운전 의무 불이행,127.0446298,37.69019552
2023-11-29 18:00,야,수,중구,차대사람,안전운전 의무 불이행,126.9770013,37.56817135
2023-11-30 20:00,야,목,종로구,차대사람,안전운전 의무 불이행,126.9766818,37.57013487
2023-12-06 21:00,야,수,강남구,차대사람,안전운전 의무 불이행,127.0461551,37.47849314
2023-12-07 17:00,주,목,성동구,차대사람,안전운전 의무 불이행,127.0427324,37.57049031
2023-12-08 17:00,주,금,은평구,차대사람,신호위반,126.9105181,37.6143853
2023-12-09 11:00,주,토,서대문구,차대사람,안전운전 의무 불이행,126.948218,37.5863917
2023-12-15 23:00,야,금,송파구,차대사람,기타,127.1238769,37.48333604
2023-12-16 10:00,주,토,마포구,차대사람,안전운전 의무 불이행,126.9487116,37.54093912
2023-12-22 08:00,주,금,동대문구,차대사람,안전운전 의무 불이행,127.0650723,37.57091724
2023-12-27 10:00,주,수,중구,차대사람,신호위반,126.9829098,37.56852187
2023-12-30 05:00,야,토,노원구,차대사람,안전운전 의무 불이행,127.0601063,37.64504334
,야,토,서대문구,차대사람,,126.9630803,37.55992824
,야,일,관악구,차대사람,,126.9524051,37.48008785
,야,월,구로구,차대사람,,126.8450626,37.49649604
,야,화,용산구,차대사람,,126.9778201,37.54820111
,야,화,영등포구,차대사람,,126.9086183,37.49930101
,야,수,서초구,차대사람,,126.9824632,37.4857036
,야,금,중구,차대사람,,126.9958365,37.56423328
,야,토,송파구,차대사람,,127.1002465,37.51340898
,야,토,구로구,차대사람,,126.8777451,37.50468574
,야,토,성동구,차대사람,,127.034594,37.54078605
,야,목,서대문구,차대사람,,126.9253906,37.56637211
,주,금,영등포구,차대사람,,126.9188712,37.52662682
,야,금,영등포구,차대사람,,126.8991828,37.52729174
,야,토,서초구,차대사람,,126.9987576,37.47968066
,주,토,구로구,차대사람,,126.8623821,37.49653671
,주,토,동대문구,차대사람,,127.0646519,37.59450395
,주,토,금천구,차대사람,,126.8870883,37.45649401
,주,월,은평구,차대사람,,126.9204529,37.60152734
,야,월,강북구,차대사람,,127.0210496,37.61954561
,야,화,강동구,차대사람,,127.1426825,37.53410497
,주,화,금천구,차대사람,,126.9052674,37.45819131
,주,목,강남구,차대사람,,127.1023688,37.48683231
,주,수,성북구,차대사람,,127.0578547,37.61566026
,주,수,성북구,차대사람,,127.0568749,37.61654891
,야,토,금천구,차대사람,,126.9033607,37.47473967
,주,일,노원구,차대사람,,127.0712238,37.63759415
,주,일,동대문구,차대사람,,127.0406506,37.58126235
,주,수,관악구,차대사람,,126.9302652,37.48826664
,주,목,송파구,차대사람,,127.114521,37.52987917
,야,목,강남구,차대사람,,127.0184615,37.51999925
,주,토,종로구,차대사람,,126.9983512,37.58602953
,주,월,은평구,차대사람,,126.9123792,37.58665136
,야,화,구로구,차대사람,,126.8563337,37.48685041
,야,수,강북구,차대사람,,127.0250479,37.62943955
,야,금,동대문구,차대사람,,127.0533424,37.5743887
,야,일,도봉구,차대사람,,127.0346376,37.64838873
,주,수,영등포구,차대사람,,126.8854126,37.52166227
,야,수,영등포구,차대사람,,126.9093585,37.50587558
,주,토,서대문구,차대사람,,126.965596,37.56691247
,야,월,은평구,차대사람,,126.9129336,37.58816838
,야,화,성북구,차대사람,,127.0499067,37.6164955
,야,목,구로구,차대사람,,126.892393,37.48141691
,주,토,강북구,차대사람,,127.0124472,37.62503559
,야,월,용산구,차대사람,,126.969821,37.54914793
,주,월,송파구,차대사람,,127.1261501,37.49927935
,야,일,강남구,차대사람,,127.0331826,37.52624165
,주,월,강남구,차대사람,,127.0529895,37.5045505
,주,토,강동구,차대사람,,127.1348826,37.5367311
,야,금,강남구,차대사람,,127.0536886,37.4808059
,야,금,강북구,차대사람,,127.0120494,37.65814004
,야,월,강북구,차대사람,,127.0099423,37.65960949
,야,목,강남구,차대사람,,127.0526724,37.51407665
,주,목,용산구,차대사람,,126.9725636,37.55354978
,야,목,강서구,차대사람,,126.8686609,37.54888472
,야,금,송파구,차대사람,,127.1008255,37.51346592
,야,토,마포구,차대사람,,126.9345556,37.55379751
,야,화,마포구,차대사람,,126.899689,37.56606394
,야,수,구로구,차대사람,,126.8562381,37.48771609
,야,목,강동구,차대사람,,127.1323412,37.54022949
,야,목,서초구,차대사람,,127.0349948,37.4835154
,야,토,은평구,차대사람,,126.915393,37.6053511
,주,화,강남구,차대사람,,127.0985829,37.49020232
,야,금,영등포구,차대사람,,126.9044422,37.50234463
,야,금,강서구,차대사람,,126.8521316,37.56339694
,주,토,마포구,차대사람,,126.9201861,37.56435469
,주,월,서대문구,차대사람,,126.9417508,37.59092208
,야,토,양천구,차대사람,,126.8793531,37.5468593
,야,일,강북구,차대사람,,127.011609,37.64576289
,야,수,서초구,차대사람,,127.0727496,37.45786091
,주,목,광진구,차대사람,,127.0861652,37.56958696
,야,목,용산구,차대사람,,126.9677891,37.5298553
,주,토,강서구,차대사람,,126.8436082,37.5592127
,주,일,구로구,차대사람,,126.8934557,37.47868225
,주,월,도봉구,차대사람,,127.0288323,37.66294028
,야,화,금천구,차대사람,,126.9030321,37.434988
,야,수,관악구,차대사람,,126.9512726,37.48647322
,야,토,광진구,차대사람,,127.0869469,37.56336137
,야,수,성북구,차대사람,,127.022233,37.60231856
,야,목,서대문구,차대사람,,126.9133181,37.58247381
,주,목,송파구,차대사람,,127.1164769,37.49492181
,주,금,성북구,차대사람,,127.0135442,37.61146594
,주,화,강동구,차대사람,,127.1699104,37.54544216
,야,화,구로구,차대사람,,126.8926059,37.47886717
,주,목,성북구,차대사람,,127.0136045,37.60220039
,주,일,강동구,차대사람,,127.1256935,37.54540041
,주,금,성북구,차대사람,,127.0194195,37.59465293
,야,토,광진구,차대사람,,127.0671675,37.53563702
,야,일,도봉구,차대사람,,127.039617,37.65158097
,주,월,도봉구,차대사람,,127.0452789,37.67118894
,야,목,송파구,차대사람,,127.1223301,37.51422979
,야,금,영등포구,차대사람,,126.8978058,37.48766398
,주,월,중랑구,차대사람,,127.0931751,37.59449755
,주,월,은평구,차대사람,,126.8938223,37.5829792
,야,토,동작구,차대사람,,126.9462173,37.50473816
,야,월,금천구,차대사람,,126.9051156,37.45880347
,야,목,강동구,차대사람,,127.1698313,37.54540588
,야,목,영등포구,차대사람,,126.8897293,37.52103568
,야,월,송파구,차대사람,,127.1224496,37.48599953
,주,목,서초구,차대사람,,127.0209369,37.49034563
,야,토,동대문구,차대사람,,127.0640423,37.56305367
,야,화,은평구,차대사람,,126.9037088,37.58012904
,주,금,종로구,차대사람,,126.9764837,37.5725496
,야,일,성동구,차대사람,,127.0309185,37.56373793
,야,월,강동구,차대사람,,127.1734424,37.54800281
,야,월,종로구,차대사람,,126.9894432,37.57024484
,야,화,영등포구,차대사람,,126.8965816,37.53436579
,야,금,용산구,차대사람,,127.0068518,37.53189428
,야,금,중랑구,차대사람,,127.0774538,37.61223486
,야,토,광진구,차대사람,,127.0827957,37.56462669
,주,수,강북구,차대사람,,127.0338313,37.61413467
,야,화,용산구,차대사람,,126.9715794,37.54943433
,주,목,금천구,차대사람,,126.8853558,37.45956766
,야,일,강동구,차대사람,,127.1285313,37.55297173
,야,월,관악구,차대사람,,126.9468275,37.48182853
,주,수,성동구,차대사람,,127.0246283,37.55754754
,야,토,종로구,차대사람,,126.9894423,37.57038003
,야,토,강서구,차대사람,,126.8270025,37.55372919
,주,토,은평구,차대사람,,126.9159824,37.58647095
,야,토,영등포구,차대사람,,126.9163357,37.51796135
,야,일,송파구,차대사람,,127.1031136,37.49976305
,주,월,중구,차대사람,,126.9979018,37.56862263
,야,화,광진구,차대사람,,127.0797522,37.57023131
,야,화,강북구,차대사람,,127.0180964,37.62942128
,야,화,용산구,차대사람,,126.9705878,37.53197163
,야,목,용산구,차대사람,,126.9666563,37.53413521
,야,토,중구,차대사람,,126.9861422,37.56612938
,야,일,마포구,차대사람,,126.9622982,37.55152953
,야,금,도봉구,차대사람,,127.0441231,37.67291503
,야,토,강동구,차대사람,,127.1187089,37.5409434
,주,토,강서구,차대사람,,126.8601676,37.53199285
,주,일,영등포구,차대사람,,126.9071243,37.50940671
,주,월,강서구,차대사람,,126.8490513,37.53350945
,주,화,광진구,차대사람,,127.0644994,37.54289212
,야,목,종로구,차대사람,,126.9846983,37.57026929
,주,목,서초구,차대사람,,127.0167454,37.48427142
,주,월,강남구,차대사람,,127.1056948,37.48868494
,야,화,중랑구,차대사람,,127.0902699,37.59752504
,주,수,중랑구,차대사람,,127.0998837,37.61303411
,야,일,용산구,차대사람,,126.9692935,37.55170539
,야,월,양천구,차대사람,,126.8778755,37.52033387
,야,토,서초구,차대사람,,127.0257369,37.48439799
,주,일,서대문구,차대사람,,126.9417784,37.59177848
,야,월,강남구,차대사람,,127.0455808,37.49675251
,주,월,은평구,차대사람,,126.946348,37.65835471
,주,화,관악구,차대사람,,126.9168659,37.48908459
,야,토,노원구,차대사람,,127.0668516,37.62929487
,주,목,영등포구,차대사람,,126.9084505,37.4961905
,주,금,중구,차대사람,,126.9780186,37.56032512
,주,금,마포구,차대사람,,126.9129464,37.54902307
,야,금,관악구,차대사람,,126.9567389,37.49059155
,야,금,중구,차대사람,,126.9687703,37.56799039
,야,일,강북구,차대사람,,127.0394081,37.63216535
,야,화,구로구,차대사람,,126.9028644,37.4845259
,야,화,관악구,차대사람,,126.9565359,37.49067084
,주,목,노원구,차대사람,,127.0554219,37.68165603
,야,목,강동구,차대사람,,127.1313886,37.53829762
,주,금,은평구,차대사람,,126.9198648,37.58972591
,야,일,구로구,차대사람,,126.8923175,37.49911012
,주,화,강동구,차대사람,,127.1541694,37.54912871
,주,수,노원구,차대사람,,127.0669102,37.65629917
,주,목,영등포구,차대사람,,126.8988761,37.53757728
,주,목,양천구,차대사람,,126.8228691,37.5350838
,주,금,강동구,차대사람,,127.170324,37.56204626
,주,금,관악구,차대사람,,126.9799835,37.47628252
,야,토,광진구,차대사람,,127.093416,37.54811492
,야,토,구로구,차대사람,,126.8464901,37.50144335
,주,토,양천구,차대사람,,126.8309006,37.53941096
,야,토,동대문구,차대사람,,127.0532651,37.59112642
,야,일,마포구,차대사람,,126.9060519,37.56046272
,야,일,은평구,차대사람,,126.9246705,37.61579814
,야,목,구로구,차대사람,,126.8924026,37.50675403
,주,목,금천구,차대사람,,126.9003497,37.45100966
,야,토,서초구,차대사람,,126.9816491,37.47911109
,야,일,구로구,차대사람,,126.8892999,37.49456976
,야,화,서초구,차대사람,,126.9997271,37.50051518
,주,화,동대문구,차대사람,,127.0727887,37.56415825
,야,목,종로구,차대사람,,126.9851762,37.57650869
,야,목,노원구,차대사람,,127.0705366,37.63094878
,야,목,서초구,차대사람,,126.9987457,37.47977976
,주,목,성북구,차대사람,,127.010872,37.60254963
,주,금,중랑구,차대사람,,127.0931712,37.58064383
,주,금,강서구,차대사람,,126.8508967,37.56739212
,주,월,양천구,차대사람,,126.8369345,37.522707
,야,수,영등포구,차대사람,,126.9314235,37.51899939
,야,수,은평구,차대사람,,126.9295779,37.61076005
,야,수,영등포구,차대사람,,126.8993026,37.53097256
,주,월,강동구,차대사람,,127.1743563,37.5461215
,야,화,영등포구,차대사람,,126.9102169,37.50375538
,야,화,강남구,차대사람,,127.0493076,37.50535675
,야,금,중구,차대사람,,126.99168,37.5610337
,야,월,금천구,차대사람,,126.9124205,37.45006978
,주,화,마포구,차대사람,,126.9550789,37.55726506
,주,수,강북구,차대사람,,127.0408534,37.61646062
,주,수,은평구,차대사람,,126.9189772,37.61646427
,야,수,영등포구,차대사람,,126.9182525,37.51448257
,야,금,중구,차대사람,,126.9822471,37.56447191
,주,토,동대문구,차대사람,,127.037363,37.57810381
,주,화,영등포구,차대사람,,126.8919678,37.53245831
,주,목,서초구,차대사람,,126.9895885,37.49246775
,주,목,구로구,차대사람,,126.8919726,37.49699918
,야,금,관악구,차대사람,,126.9296189,37.4840001
,야,일,중구,차대사람,,126.9924391,37.56096486
,야,목,동대문구,차대사람,,127.0373471,37.58799152
,야,목,영등포구,차대사람,,126.9021705,37.51481689
,야,금,성북구,차대사람,,127.0585912,37.6118233
,주,월,종로구,차대사람,,126.9849063,37.5762371
,야,수,도봉구,차대사람,,127.0455278,37.68057277
,야,수,강동구,차대사람,,127.1320899,37.53610049
,야,수,송파구,차대사람,,127.0942873,37.49802048
,주,목,서대문구,차대사람,,126.9179144,37.57108556
2022-01-02 06:00,주,일,서대문구,차대사람,안전운전 의무 불이행,126.93618244,37.57980009
2022-01-03 18:00,야,월,영등포구,차대사람,안전운전 의무 불이행,126.90092698,37.50759076
2022-01-05 04:00,야,수,동작구,차대사람,안전운전 의무 불이행,126.97235132,37.48404544
2022-01-05 06:00,주,수,동작구,차대사람,보행자 보호의무 위반,126.97997878,37.47695852
2022-01-06 21:00,야,목,성동구,차대사람,신호위반,127.01417244,37.54619303
2022-01-12 09:00,주,수,강서구,차대사람,안전운전 의무 불이행,126.85551095,37.56411848
2022-01-12 13:00,주,수,양천구,차대사람,신호위반,126.83708122,37.51635332
2022-01-27 21:00,야,목,강동구,차대사람,안전운전 의무 불이행,127.13230595,37.54280725
2022-01-29 21:00,야,토,은평구,차대사람,기타,126.92521732,37.60364175
2022-01-30 21:00,야,일,구로구,차대사람,안전운전 의무 불이행,126.88007881,37.49200695
2022-02-04 06:00,주,금,양천구,차대사람,안전운전 의무 불이행,126.86369361,37.52994781
2022-02-07 22:00,야,월,동작구,차대사람,안전운전 의무 불이행,126.93964324,37.50784387
2022-02-11 01:00,야,금,강남구,차대사람,안전운전 의무 불이행,127.07262264,37.49207623
2022-02-11 21:00,야,금,관악구,차대사람,안전운전 의무 불이행,126.9055118,37.48159181
2022-02-16 06:00,주,수,강서구,차대사람,안전운전 의무 불이행,126.86801211,37.54930488
2022-02-22 00:00,야,화,중랑구,차대사람,안전운전 의무 불이행,127.10197513,37.61605167
2022-02-23 04:00,야,수,마포구,차대사람,안전운전 의무 불이행,126.90783625,37.56819621
2022-02-25 05:00,야,금,구로구,차대사람,안전운전 의무 불이행,126.88763057,37.49674239
2022-02-25 09:00,주,금,동작구,차대사람,보행자 보호의무 위반,126.93537162,37.50564225
2022-02-25 18:00,야,금,중구,차대사람,안전운전 의무 불이행,126.97424335,37.55456678
2022-03-05 00:00,야,토,중랑구,차대사람,안전운전 의무 불이행,127.09841652,37.59931968
2022-03-12 20:00,야,토,강동구,차대사람,안전운전 의무 불이행,127.14174416,37.54097947
2022-03-24 23:00,야,목,도봉구,차대사람,신호위반,127.05350908,37.65262584
2022-04-01 19:00,야,금,광진구,차대사람,기타,127.06231667,37.53286099
2022-04-06 05:00,야,수,강북구,차대사람,기타,127.02901638,37.64098448
2022-04-07 01:00,야,목,강남구,차대사람,기타,127.04011999,37.50911605
2022-04-10 11:00,주,일,송파구,차대사람,신호위반,127.14550044,37.49831145
2022-04-10 14:00,주,일,강서구,차대사람,안전운전 의무 불이행,126.83292524,37.54338833
2022-04-14 14:00,주,목,마포구,차대사람,보행자 보호의무 위반,126.94747337,37.54000494
2022-04-14 14:00,주,목,서초구,차대사람,보행자 보호의무 위반,127.01146127,37.50887481
2022-04-18 01:00,야,월,강서구,차대사람,기타,126.84993115,37.55210905
2022-04-24 03:00,야,일,노원구,차대사람,기타,127.05515087,37.67576029
2022-04-24 04:00,야,일,성북구,차대사람,안전운전 의무 불이행,127.06383799,37.60973366
2022-04-28 11:00,주,목,금천구,차대사람,안전운전 의무 불이행,126.90344717,37.466709
2022-04-29 21:00,야,금,성동구,차대사람,안전운전 의무 불이행,127.0538072,37.53633542
2022-04-30 12:00,주,토,금천구,차대사람,기타,126.89905778,37.47681802
2022-05-02 13:00,주,월,마포구,차대사람,안전운전 의무 불이행,126.94626385,37.54590311
2022-05-07 07:00,주,토,관악구,차대사람,교차로 통행방법 위반,126.91399277,37.48184149
2022-05-08 18:00,야,일,강남구,차대사람,안전운전 의무 불이행,127.04107978,37.48540501
2022-05-11 09:00,주,수,송파구,차대사람,안전운전 의무 불이행,127.11148198,37.50044886
2022-05-12 02:00,야,목,양천구,차대사람,신호위반,126.83767273,37.52112477
2022-05-15 15:00,주,일,강서구,차대사람,안전운전 의무 불이행,126.86555808,37.55167127
2022-05-31 04:00,야,화,송파구,차대사람,안전운전 의무 불이행,127.13453802,37.49133755
2022-06-02 10:00,주,목,양천구,차대사람,안전운전 의무 불이행,126.86456443,37.53002461
2022-06-09 16:00,주,목,도봉구,차대사람,안전운전 의무 불이행,127.04091084,37.66606145
2022-06-14 19:00,야,화,성북구,차대사람,보행자 보호의무 위반,127.03995751,37.60370314
2022-06-21 13:00,주,화,강서구,차대사람,안전운전 의무 불이행,126.82782025,37.55974579
2022-06-23 12:00,주,목,용산구,차대사람,중앙선 침범,126.97817543,37.51833188
2022-06-23 23:00,야,목,영등포구,차대사람,기타,126.90779231,37.51937
2022-06-24 10:00,주,금,은평구,차대사람,안전운전 의무 불이행,126.91029471,37.58957934
2022-06-24 10:00,주,금,송파구,차대사람,안전운전 의무 불이행,127.10352062,37.49981849
2022-07-01 03:00,야,금,성동구,차대사람,안전운전 의무 불이행,127.02022659,37.54830892
2022-07-02 11:00,주,토,동대문구,차대사람,안전운전 의무 불이행,127.04322676,37.57855028
2022-07-07 04:00,야,목,강서구,차대사람,기타,126.85484084,37.55516449
2022-07-08 04:00,야,금,강서구,차대사람,안전운전 의무 불이행,126.85465901,37.55524462
2022-07-14 00:00,야,목,마포구,차대사람,기타,126.94703019,37.54023722
2022-07-14 20:00,야,목,관악구,차대사람,안전운전 의무 불이행,126.94339834,37.48210987
2022-07-18 01:00,야,월,광진구,차대사람,안전운전 의무 불이행,127.0819247,37.55635822
2022-07-19 10:00,주,화,동대문구,차대사람,안전운전 의무 불이행,127.05448214,37.5655688
2022-07-19 18:00,야,화,서초구,차대사람,안전운전 의무 불이행,127.04098538,37.47310105
2022-07-20 00:00,야,수,영등포구,차대사람,안전운전 의무 불이행,126.92746763,37.51836736
2022-07-20 20:00,야,수,양천구,차대사람,기타,126.82729836,37.53719122
2022-07-27 00:00,야,수,강남구,차대사람,기타,127.06002085,37.47664372
2022-08-06 08:00,주,토,용산구,차대사람,안전운전 의무 불이행,126.96224463,37.52431751
2022-08-10 23:00,야,수,영등포구,차대사람,안전운전 의무 불이행,126.90676163,37.51662472
2022-08-14 01:00,야,일,광진구,차대사람,기타,127.09557726,37.53361954
2022-08-16 09:00,주,화,종로구,차대사람,안전운전 의무 불이행,127.0156978,37.57113062
2022-08-20 03:00,야,토,영등포구,차대사람,신호위반,126.92035462,37.50164862
2022-08-29 05:00,야,월,강동구,차대사람,기타,127.12534215,37.52511878
2022-09-01 20:00,야,목,중랑구,차대사람,안전운전 의무 불이행,127.09510152,37.58599546
2022-09-03 12:00,주,토,용산구,차대사람,안전운전 의무 불이행,126.95210234,37.53390634
2022-09-05 20:00,야,월,서대문구,차대사람,보행자 보호의무 위반,126.9156253,37.57854639
2022-09-06 05:00,야,화,관악구,차대사람,기타,126.91246858,37.48149141
2022-09-18 23:00,야,일,강서구,차대사람,안전운전 의무 불이행,126.85405289,37.53364508
2022-09-19 10:00,주,월,마포구,차대사람,중앙선 침범,126.95004463,37.54130587
2022-09-22 16:00,주,목,마포구,차대사람,보행자 보호의무 위반,126.88995696,37.56394096
2022-09-23 09:00,주,금,강북구,차대사람,보행자 보호의무 위반,127.02105514,37.61868936
2022-09-25 18:00,야,일,용산구,차대사람,안전운전 의무 불이행,127.00869102,37.53102763
2022-09-30 08:00,주,금,광진구,차대사람,안전운전 의무 불이행,127.08839678,37.55503794
2022-09-30 15:00,주,금,중구,차대사람,안전운전 의무 불이행,127.00995137,37.55462124
2022-10-02 23:00,야,일,동작구,차대사람,안전운전 의무 불이행,126.92300127,37.48998001
2022-10-10 11:00,주,월,강북구,차대사람,안전운전 의무 불이행,127.02554059,37.62609847
2022-10-12 14:00,주,수,서초구,차대사람,안전운전 의무 불이행,126.98971514,37.49380231
2022-10-14 07:00,주,금,마포구,차대사람,보행자 보호의무 위반,126.91056532,37.56674969
2022-10-14 13:00,주,금,영등포구,차대사람,안전운전 의무 불이행,126.903972,37.52021608
2022-10-14 22:00,야,금,서대문구,차대사람,안전운전 의무 불이행,126.92262034,37.57319078
2022-10-26 06:00,주,수,양천구,차대사람,안전운전 의무 불이행,126.86245678,37.52234278
2022-10-27 04:00,야,목,강북구,차대사람,기타,127.02665349,37.62573339
2022-11-01 20:00,야,화,광진구,차대사람,기타,127.07813639,37.56760261
2022-11-07 11:00,주,월,중랑구,차대사람,안전운전 의무 불이행,127.08110821,37.58692008
2022-11-09 20:00,야,수,광진구,차대사람,보행자 보호의무 위반,127.08924981,37.55226475
2022-11-16 03:00,야,수,중랑구,차대사람,안전운전 의무 불이행,127.09250729,37.57984835
2022-11-17 00:00,야,목,구로구,차대사람,안전운전 의무 불이행,126.82983898,37.49105662
2022-11-18 13:00,주,금,강북구,차대사람,안전운전 의무 불이행,127.02102583,37.61972578
2022-11-22 08:00,주,화,관악구,차대사람,안전운전 의무 불이행,126.92238137,37.48968855
2022-11-28 05:00,야,월,노원구,차대사람,기타,127.05913152,37.66229128
2022-11-28 23:00,야,월,강남구,차대사람,보행자 보호의무 위반,127.10234694,37.46512106
2022-12-02 12:00,주,금,금천구,차대사람,안전운전 의무 불이행,126.90309635,37.47811842
2022-12-02 16:00,주,금,강남구,차대사람,안전운전 의무 불이행,127.04470164,37.5204278
2022-12-04 22:00,야,일,은평구,차대사람,안전운전 의무 불이행,126.93390597,37.60971371
2022-12-05 15:00,주,월,강북구,차대사람,안전운전 의무 불이행,127.023907,37.63169822
2022-12-09 01:00,야,금,금천구,차대사람,안전운전 의무 불이행,126.89834311,37.47144229
2022-12-12 18:00,야,월,성북구,차대사람,신호위반,127.04905603,37.61662745
2022-12-14 05:00,야,수,관악구,차대사람,안전운전 의무 불이행,126.93360935,37.47231966
2022-12-14 16:00,주,수,금천구,차대사람,안전운전 의무 불이행,126.89422029,37.47362955
2022-12-17 09:00,주,토,강남구,차대사람,안전운전 의무 불이행,127.09438708,37.46701392
2022-12-19 05:00,야,월,양천구,차대사람,안전운전 의무 불이행,126.86227246,37.54399214
2022-12-21 17:00,주,수,관악구,차대사람,안전운전 의무 불이행,126.95593752,37.48582779
2022-12-26 11:00,주,월,중랑구,차대사람,보행자 보호의무 위반,127.08741927,37.60294121
2022-12-27 13:00,주,화,용산구,차대사람,안전운전 의무 불이행,127.00038291,37.52603533
2022-12-28 09:00,주,수,서초구,차대사람,안전운전 의무 불이행,127.03780403,37.48100261
2017-01-01 02:00,야간,일,송파구,차대사람,,127.13310702,37.49874052
2017-01-01 04:00,야간,일,금천구,차대사람,,126.89809356,37.47294629
2017-01-02 04:00,야간,월,은평구,차대사람,,126.91544404,37.61909675
2017-01-03 18:00,야간,화,관악구,차대사람,,126.95493031,37.48122622
2017-01-06 00:00,야간,금,성동구,차대사람,,127.02547445,37.54730259
2017-01-06 06:00,주간,금,성북구,차대사람,,127.03815941,37.60244866
2017-01-13 06:00,주간,금,동작구,차대사람,,126.93164793,37.51327688
2017-01-13 11:00,주간,금,서초구,차대사람,,126.98179806,37.47719185
2017-01-15 09:00,주간,일,양천구,차대사람,,126.86287325,37.5465552
2017-01-16 06:00,주간,월,강서구,차대사람,,126.84868321,37.54460299
2017-01-16 20:00,야간,월,관악구,차대사람,,126.93194366,37.48768884
2017-01-17 06:00,주간,화,관악구,차대사람,,126.91260064,37.47328971
2017-01-18 14:00,주간,수,서대문구,차대사람,,126.92909438,37.57216769
2017-01-19 13:00,주간,목,마포구,차대사람,,126.91180536,37.54872896
2017-01-20 10:00,주간,금,영등포구,차대사람,,126.89833102,37.50538728
2017-01-22 04:00,야간,일,종로구,차대사람,,127.00423797,37.57110108
2017-01-25 22:00,야간,수,강남구,차대사람,,127.02782299,37.51955031
2017-01-26 02:00,야간,목,동대문구,차대사람,,127.03374892,37.57832394
2017-01-27 20:00,야간,금,종로구,차대사람,,127.00730516,37.57306984
2017-01-30 18:00,야간,월,서초구,차대사람,,127.02107323,37.48317136
2017-02-01 18:00,야간,수,도봉구,차대사람,,127.04497965,37.6774881
2017-02-03 00:00,야간,금,동대문구,차대사람,,127.06898058,37.59031055
2017-02-11 02:00,야간,토,종로구,차대사람,,126.97716597,37.57053361
2017-02-11 10:00,주간,토,강남구,차대사람,,127.04509332,37.5230162
2017-02-12 02:00,야간,일,광진구,차대사람,,127.08725897,37.56221774
2017-02-12 06:00,주간,일,서초구,차대사람,,127.01916637,37.51596404
2017-02-13 23:00,야간,월,관악구,차대사람,,126.90990296,37.48125328
2017-02-18 10:00,주간,토,동작구,차대사람,,126.9488544,37.50307397
2017-02-20 19:00,야간,월,강북구,차대사람,,127.0331808,37.64025292
2017-02-23 04:00,야간,목,송파구,차대사람,,127.14555839,37.49562557
2017-02-23 12:00,주간,목,은평구,차대사람,,126.91883586,37.63462549
2017-02-24 10:00,주간,금,동작구,차대사람,,126.93788871,37.49587455
2017-02-27 19:00,야간,월,도봉구,차대사람,,127.04772095,37.65182864
2017-02-27 22:00,야간,월,강서구,차대사람,,126.85067221,37.55281617
2017-03-01 01:00,야간,수,강남구,차대사람,,127.03412275,37.50007897
2017-03-01 05:00,야간,수,강동구,차대사람,,127.12908438,37.53707988
2017-03-02 12:00,주간,목,강동구,차대사람,,127.1332227,37.53590572
2017-03-07 05:00,야간,화,관악구,차대사람,,126.97614248,37.47403919
2017-03-10 14:00,주간,금,마포구,차대사람,,126.9137729,37.54901817
2017-03-18 15:00,주간,토,관악구,차대사람,,126.92697741,37.48775499
2017-03-18 20:00,야간,토,서대문구,차대사람,,126.91358158,37.5701096
2017-03-29 06:00,주간,수,마포구,차대사람,,126.91925966,37.55388551
2017-04-02 05:00,야간,일,서초구,차대사람,,127.03993858,37.46859918
2017-04-07 23:00,야간,금,마포구,차대사람,,126.94796429,37.54097168
2017-04-09 02:00,야간,일,강동구,차대사람,,127.13730568,37.53421477
2017-04-13 13:00,주간,목,광진구,차대사람,,127.08373795,37.53568758
2017-04-18 16:00,주간,화,성북구,차대사람,,127.0172653,37.58968674
2017-04-20 02:00,야간,목,송파구,차대사람,,127.10676044,37.50548987
2017-04-21 08:00,주간,금,영등포구,차대사람,,126.91554632,37.51181022
2017-04-21 14:00,주간,금,영등포구,차대사람,,126.92924451,37.51773961
2017-04-26 04:00,야간,수,종로구,차대사람,,126.99993685,37.57079451
2017-04-28 00:00,야간,금,영등포구,차대사람,,126.88822343,37.53083457
2017-05-01 00:00,야간,월,구로구,차대사람,,126.89541469,37.47838583
2017-05-04 14:00,주간,목,양천구,차대사람,,126.84471462,37.5181896
2017-05-04 23:00,야간,목,강북구,차대사람,,127.01790341,37.63122317
2017-05-06 22:00,야간,토,성동구,차대사람,,127.03901501,37.55813638
2017-05-07 10:00,주간,일,성동구,차대사람,,127.02403224,37.56581051
2017-05-15 08:00,주간,월,마포구,차대사람,,126.93157741,37.54792445
2017-05-15 16:00,주간,월,도봉구,차대사람,,127.05348306,37.65318457
2017-05-16 02:00,야간,화,송파구,차대사람,,127.13955187,37.49550824
2017-05-18 06:00,주간,목,동작구,차대사람,,126.94988907,37.50083442
2017-05-23 09:00,주간,화,광진구,차대사람,,127.0904798,37.54472469
2017-05-26 23:00,야간,금,양천구,차대사람,,126.86389861,37.53112968
2017-05-29 11:00,주간,월,성북구,차대사람,,127.02352168,37.60861334
2017-05-31 09:00,주간,수,양천구,차대사람,,126.85545854,37.51366086
2017-06-01 23:00,야간,목,동작구,차대사람,,126.90440994,37.4864626
2017-06-02 03:00,야간,금,용산구,차대사람,,126.96166593,37.52153781
2017-06-03 21:00,야간,토,강서구,차대사람,,126.81153922,37.56461836
2017-06-04 14:00,주간,일,강남구,차대사람,,127.05197893,37.48432015
2017-06-05 16:00,주간,월,강동구,차대사람,,127.16486336,37.55766834
2017-06-15 15:00,주간,목,금천구,차대사람,,126.90230813,37.43946592
2017-06-16 00:00,야간,금,구로구,차대사람,,126.85877006,37.50617965
2017-06-16 14:00,주간,금,용산구,차대사람,,127.0068415,37.53001942
2017-06-18 00:00,야간,일,마포구,차대사람,,126.89097233,37.56022366
2017-06-20 11:00,주간,화,용산구,차대사람,,126.96736685,37.52493562
2017-06-21 01:00,야간,수,광진구,차대사람,,127.07310134,37.54507777
2017-06-21 01:00,야간,수,서초구,차대사람,,127.02324831,37.50399254
2017-06-22 23:00,야간,목,용산구,차대사람,,126.95463873,37.52443586
2017-06-23 19:00,야간,금,강동구,차대사람,,127.13505802,37.55182032
2017-06-27 22:00,야간,화,서초구,차대사람,,127.03537004,37.47588234
2017-06-29 03:00,야간,목,강서구,차대사람,,126.83782497,37.54102735
2017-07-02 13:00,주간,일,서초구,차대사람,,127.04009104,37.47878517
2017-07-03 00:00,야간,월,송파구,차대사람,,127.12695836,37.47552196
2017-07-03 13:00,주간,월,종로구,차대사람,,126.97181226,37.57818924
2017-07-05 02:00,야간,수,노원구,차대사람,,127.05506294,37.65439833
2017-07-05 22:00,야간,수,구로구,차대사람,,126.84694279,37.49753399
2017-07-11 23:00,야간,화,영등포구,차대사람,,126.8966979,37.52133287
2017-07-12 08:00,주간,수,강동구,차대사람,,127.12169239,37.54639717
2017-07-12 21:00,야간,수,노원구,차대사람,,127.06093477,37.67375396
2017-07-14 22:00,야간,금,강동구,차대사람,,127.12033631,37.54369777
2017-07-15 11:00,주간,토,양천구,차대사람,,126.86402988,37.54365911
2017-07-18 12:00,주간,화,서초구,차대사람,,126.99477648,37.50150363
2017-07-22 03:00,야간,토,용산구,차대사람,,126.98645159,37.53754894
2017-07-22 03:00,야간,토,서초구,차대사람,,127.02302152,37.50407275
2017-07-22 20:00,야간,토,서초구,차대사람,,127.00604124,37.49517867
2017-07-25 14:00,주간,화,양천구,차대사람,,126.85328828,37.51339661
2017-07-25 21:00,야간,화,강서구,차대사람,,126.87018861,37.55837502
2017-07-26 04:00,야간,수,영등포구,차대사람,,126.90111394,37.53516402
2017-07-26 04:00,야간,수,성북구,차대사람,,127.02205278,37.60090993
2017-07-29 05:00,야간,토,종로구,차대사람,,127.01065958,37.57097464
2017-08-01 17:00,주간,화,구로구,차대사람,,126.85194943,37.49811138
2017-08-03 03:00,야간,목,영등포구,차대사람,,126.88185692,37.52468126
2017-08-10 21:00,야간,목,동대문구,차대사람,,126.97839369,37.56660917
2017-08-15 12:00,주간,화,금천구,차대사람,,126.90300499,37.44836408
2017-08-21 04:00,야간,월,동대문구,차대사람,,127.05353635,37.58363726
2017-08-21 09:00,주간,월,성북구,차대사람,,127.03746634,37.61265275
2017-08-24 04:00,야간,목,동대문구,차대사람,,127.06991459,37.59137755
2017-08-25 23:00,야간,금,노원구,차대사람,,127.07756817,37.63808573
2017-08-27 15:00,주간,일,강동구,차대사람,,127.15591847,37.55208937
2017-08-28 08:00,주간,월,동대문구,차대사람,,127.06878511,37.57903399
2017-08-30 05:00,야간,수,양천구,차대사람,,126.86355747,37.52599016
2017-08-30 13:00,주간,수,동대문구,차대사람,,127.04477332,37.57751069
2017-09-03 09:00,주간,일,성북구,차대사람,,127.02210073,37.58632638
2017-09-05 08:00,주간,화,중랑구,차대사람,,127.10580735,37.60057944
2017-09-07 20:00,야간,목,강동구,차대사람,,127.16308061,37.55630222
2017-09-09 04:00,야간,토,성북구,차대사람,,127.05303513,37.60873782
2017-09-11 16:00,주간,월,송파구,차대사람,,127.12084793,37.53878703
2017-09-13 19:00,야간,수,구로구,차대사람,,126.88349892,37.49979452
2017-09-19 19:00,야간,화,구로구,차대사람,,126.84804486,37.50284723
2017-09-22 22:00,야간,금,관악구,차대사람,,126.92605293,37.46369324
2017-09-23 10:00,주간,토,금천구,차대사람,,126.90044806,37.46559416
2017-09-24 03:00,야간,일,송파구,차대사람,,127.11351904,37.52665805
2017-09-24 11:00,주간,일,노원구,차대사람,,127.09040838,37.62391687
2017-09-25 00:00,야간,월,송파구,차대사람,,127.09926571,37.52118438
2017-09-25 11:00,주간,월,종로구,차대사람,,126.99034561,37.57740542
2017-09-26 05:00,야간,화,영등포구,차대사람,,126.91058431,37.50969443
2017-09-26 21:00,야간,화,동작구,차대사람,,126.96586577,37.50689635
2017-09-26 23:00,야간,화,영등포구,차대사람,,126.91883438,37.52991657
2017-09-27 21:00,야간,수,중구,차대사람,,126.99541245,37.56162658
2017-09-29 01:00,야간,금,강남구,차대사람,,127.0248908,37.50368368
2017-09-29 05:00,야간,금,강남구,차대사람,,127.03505694,37.5154508
2017-10-02 05:00,야간,월,서대문구,차대사람,,126.93761944,37.58900965
2017-10-06 20:00,야간,금,용산구,차대사람,,126.98502271,37.51983114
2017-10-13 10:00,주간,금,동대문구,차대사람,,127.06526098,37.59105404
2017-10-13 17:00,주간,금,양천구,차대사람,,126.87119597,37.51527798
2017-10-13 20:00,야간,금,강북구,차대사람,,127.0207692,37.62086944
2017-10-15 09:00,주간,일,영등포구,차대사람,,126.89985457,37.52706351
2017-10-15 11:00,주간,일,동대문구,차대사람,,127.04532636,37.57968507
2017-10-15 21:00,야간,일,서초구,차대사람,,127.05351521,37.45994407
2017-10-17 00:00,야간,화,마포구,차대사람,,126.90791272,37.56425772
2017-10-20 06:00,주간,금,성북구,차대사람,,127.05139689,37.61551871
2017-10-20 12:00,주간,금,동대문구,차대사람,,127.04314809,37.57845082
2017-10-23 00:00,야간,월,동작구,차대사람,,126.92735946,37.51030874
2017-10-24 00:00,야간,화,강남구,차대사람,,127.04596122,37.4955732
2017-10-24 11:00,주간,화,서대문구,차대사람,,126.94675762,37.59241484
2017-10-25 00:00,야간,수,서대문구,차대사람,,126.96725798,37.56171471
2017-10-30 01:00,야간,월,광진구,차대사람,,127.08816271,37.55642521
2017-10-30 11:00,주간,월,강북구,차대사람,,127.03925981,37.62864955
2017-10-30 15:00,주간,월,은평구,차대사람,,126.93514559,37.63755292
2017-10-31 04:00,야간,화,동작구,차대사람,,126.94272283,37.49539269
2017-11-02 17:00,주간,목,중랑구,차대사람,,127.08811937,37.60335827
2017-11-04 11:00,주간,토,동대문구,차대사람,,127.04460318,37.5775551
2017-11-04 23:00,야간,토,영등포구,차대사람,,126.90692127,37.5196162
2017-11-05 23:00,야간,일,영등포구,차대사람,,126.91634691,37.51797943
2017-11-06 11:00,주간,월,영등포구,차대사람,,126.9012217,37.51460477
2017-11-07 17:00,주간,화,구로구,차대사람,,126.88490886,37.48789498
2017-11-08 10:00,주간,수,송파구,차대사람,,127.1265418,37.47968495
2017-11-09 09:00,주간,목,동작구,차대사람,,126.98188419,37.48273559
2017-11-09 18:00,야간,목,송파구,차대사람,,127.10558737,37.50695518
2017-11-09 18:00,야간,목,송파구,차대사람,,127.10691714,37.50581488
2017-11-16 06:00,주간,목,은평구,차대사람,,126.8844022,37.5894922
2017-11-21 01:00,야간,화,용산구,차대사람,,126.9706443,37.5319809
2017-11-21 05:00,야간,화,성북구,차대사람,,127.01079918,37.60674959
2017-11-23 19:00,야간,목,관악구,차대사람,,126.90577097,37.48028615
2017-11-24 06:00,주간,금,구로구,차대사람,,126.83959898,37.4874521
2017-11-30 05:00,야간,목,동작구,차대사람,,126.96078418,37.50709499
2017-11-30 18:00,야간,목,노원구,차대사람,,127.07910642,37.61855918
2017-11-30 22:00,야간,목,은평구,차대사람,,126.93071201,37.60957215
2017-12-01 05:00,야간,금,강서구,차대사람,,126.83398447,37.54011342
2017-12-02 19:00,야간,토,성북구,차대사람,,127.03625299,37.59273731
2017-12-03 04:00,야간,일,용산구,차대사람,,126.98964167,37.51955374
2017-12-04 04:00,야간,월,종로구,차대사람,,127.0170316,37.57326326
2017-12-04 13:00,주간,월,동대문구,차대사람,,127.06285019,37.60234801
2017-12-04 16:00,주간,월,은평구,차대사람,,126.91549448,37.6054147
2017-12-04 17:00,주간,월,강동구,차대사람,,127.15516046,37.55517069
2017-12-07 14:00,주간,목,송파구,차대사람,,127.11229857,37.51755935
2017-12-07 17:00,주간,목,강동구,차대사람,,127.14130044,37.55798669
2017-12-09 05:00,야간,토,동작구,차대사람,,126.9507302,37.51280562
2017-12-10 03:00,야간,일,구로구,차대사람,,126.84678279,37.50161622
2017-12-13 00:00,야간,수,중랑구,차대사람,,127.08212343,37.59171885
2017-12-14 19:00,야간,목,관악구,차대사람,,126.93528106,37.48611845
2017-12-17 02:00,야간,일,서초구,차대사람,,127.04065299,37.46273408
2017-12-18 00:00,야간,월,강북구,차대사람,,127.01774212,37.63162811
2017-12-18 10:00,주간,월,관악구,차대사람,,126.95208846,37.48782003
2017-12-27 18:00,야간,수,은평구,차대사람,,126.91593533,37.59104953
2017-12-27 22:00,야간,수,송파구,차대사람,,127.07405217,37.51125332
2017-12-28 23:00,야간,목,동대문구,차대사람,,127.02336285,37.57490241
2020-01-01 05,야,수,강남구,차대사람,안전운전 의무 불이행,127.0467272,37.48676083
2020-01-04 06,주,토,동대문구,차대사람,안전운전 의무 불이행,127.0662311,37.56402978
2020-01-06 10,주,월,강서구,차대사람,안전운전 의무 불이행,126.8169158,37.57337906
2020-01-07 22,야,화,서초구,차대사람,안전운전 의무 불이행,126.9912244,37.47426373
2020-01-10 04,야,금,강남구,차대사람,안전운전 의무 불이행,127.1003183,37.48847938
2020-01-10 23,야,금,서초구,차대사람,안전운전 의무 불이행,126.9933259,37.49834987
2020-01-14 07,주,화,중랑구,차대사람,신호위반,127.0930048,37.61597961
2020-01-14 14,주,화,양천구,차대사람,기타,126.8316925,37.53083283
2020-01-17 11,주,금,강남구,차대사람,신호위반,127.0652151,37.50480794
2020-01-21 18,야,화,마포구,차대사람,안전운전 의무 불이행,126.9346897,37.55599023
2020-01-24 17,주,금,강서구,차대사람,보행자 보호의무 위반,126.8531598,37.56116184
2020-01-26 00,야,일,은평구,차대사람,안전운전 의무 불이행,126.9351765,37.60216476
2020-01-29 18,야,수,송파구,차대사람,안전운전 의무 불이행,127.1568919,37.49629358
2020-01-31 05,야,금,종로구,차대사람,안전운전 의무 불이행,126.9881486,37.57740042
2020-02-05 07,주,수,마포구,차대사람,안전운전 의무 불이행,126.903625,37.5629436
2020-02-07 14,주,금,은평구,차대사람,안전운전 의무 불이행,126.9064924,37.59996895
2020-02-07 14,주,금,은평구,차대사람,안전운전 의무 불이행,126.910706,37.59531481
2020-02-15 00,야,토,강남구,차대사람,안전운전 의무 불이행,127.0527057,37.52479841
2020-02-22 01,야,토,송파구,차대사람,과속,127.1159714,37.50659369
2020-02-25 14,주,화,서대문구,차대사람,안전운전 의무 불이행,126.943037,37.59114177
2020-02-26 00,야,수,강서구,차대사람,안전운전 의무 불이행,126.8755458,37.54703391
2020-02-28 13,주,금,마포구,차대사람,안전운전 의무 불이행,126.8986685,37.57356333
2020-02-28 23,야,금,관악구,차대사람,안전운전 의무 불이행,126.9255091,37.48377828
2020-03-08 20,야,일,동대문구,차대사람,안전운전 의무 불이행,127.0550504,37.57835747
2020-03-09 13,주,월,성동구,차대사람,안전운전 의무 불이행,127.0549152,37.54415433
2020-03-10 15,주,화,서초구,차대사람,안전운전 의무 불이행,127.0077949,37.48998424
2020-03-13 06,주,금,성동구,차대사람,과속,127.0616964,37.5429178
2020-03-13 07,주,금,동작구,차대사람,보행자 보호의무 위반,126.9617887,37.50727714
2020-03-20 06,주,금,강서구,차대사람,안전운전 의무 불이행,126.8190478,37.55040539
2020-03-22 21,야,일,동작구,차대사람,안전운전 의무 불이행,126.941861,37.51694902
2020-04-07 04,야,화,관악구,차대사람,안전운전 의무 불이행,126.9252239,37.48984933
2020-04-07 05,야,화,광진구,차대사람,안전운전 의무 불이행,127.0833416,37.5452874
2020-04-10 11,주,금,용산구,차대사람,안전운전 의무 불이행,126.9597206,37.53723047
2020-04-19 20,야,일,영등포구,차대사람,안전운전 의무 불이행,126.9032205,37.51526025
2020-04-20 23,야,월,중랑구,차대사람,과속,127.0798329,37.5994082
2020-04-22 12,주,수,강북구,차대사람,과속,127.0161744,37.64076035
2020-04-23 03,야,목,중랑구,차대사람,안전운전 의무 불이행,127.1016032,37.60079966
2020-04-29 19,야,수,금천구,차대사람,보행자 보호의무 위반,126.8870956,37.47208303
2020-05-06 20,야,수,강서구,차대사람,안전운전 의무 불이행,126.870291,37.54795422
2020-05-09 23,야,토,강남구,차대사람,안전운전 의무 불이행,127.0516302,37.52637982
2020-05-17 20,야,일,마포구,차대사람,안전운전 의무 불이행,126.9122322,37.54959097
2020-05-22 09,주,금,동대문구,차대사람,안전운전 의무 불이행,127.0583808,37.59354956
2020-05-25 09,주,월,성북구,차대사람,보행자 보호의무 위반,127.0606074,37.61306926
2020-05-28 01,야,목,서대문구,차대사람,안전운전 의무 불이행,126.9493512,37.58400843
2020-05-31 19,야,일,동작구,차대사람,과속,126.9386627,37.51352404
2020-06-06 04,야,토,강서구,차대사람,안전운전 의무 불이행,126.8394271,37.52827416
2020-06-06 23,야,토,동작구,차대사람,안전운전 의무 불이행,126.9418472,37.50056234
2020-06-07 02,야,일,금천구,차대사람,안전운전 의무 불이행,126.9056275,37.45626421
2020-06-11 04,야,목,관악구,차대사람,과속,126.9445477,37.47948782
2020-06-11 22,야,목,영등포구,차대사람,신호위반,126.9019584,37.53402268
2020-06-14 08,주,일,강서구,차대사람,안전운전 의무 불이행,126.8498854,37.55216287
2020-06-17 12,주,수,은평구,차대사람,안전운전 의무 불이행,126.9297881,37.61068084
2020-06-19 06,주,금,광진구,차대사람,보행자 보호의무 위반,127.0824381,37.54510935
2020-06-20 11,주,토,서초구,차대사람,중앙선 침범,127.0106687,37.51259502
2020-06-21 00,야,일,서초구,차대사람,안전운전 의무 불이행,127.0093166,37.48837894
2020-06-21 23,야,일,중구,차대사람,안전운전 의무 불이행,126.988847,37.56468635
2020-06-27 03,야,토,은평구,차대사람,안전운전 의무 불이행,126.9218244,37.60757214
2020-06-30 03,야,화,영등포구,차대사람,안전운전 의무 불이행,126.9178122,37.51494279
2020-06-30 05,야,화,은평구,차대사람,과속,126.9285859,37.61217305
2020-07-01 02,야,수,성동구,차대사람,안전운전 의무 불이행,127.0234334,37.5481867
2020-07-01 17,주,수,용산구,차대사람,안전운전 의무 불이행,127.0009722,37.54867077
2020-07-06 17,주,월,도봉구,차대사람,보행자 보호의무 위반,127.0333026,37.66733402
2020-07-09 19,야,목,도봉구,차대사람,안전운전 의무 불이행,127.0150836,37.65757299
2020-07-12 03,야,일,관악구,차대사람,안전운전 의무 불이행,126.941727,37.482513
2020-07-12 12,주,일,강서구,차대사람,안전운전 의무 불이행,126.8545323,37.55996245
2020-07-19 19,야,일,양천구,차대사람,안전운전 의무 불이행,126.8780863,37.51715772
2020-08-01 23,야,토,은평구,차대사람,과속,126.9017084,37.57831983
2020-08-06 16,주,목,강동구,차대사람,안전운전 의무 불이행,127.13197,37.5303116
2020-08-09 19,야,일,관악구,차대사람,안전운전 의무 불이행,126.9569972,37.48991582
2020-08-16 21,야,일,마포구,차대사람,안전운전 의무 불이행,126.9137833,37.55462729
2020-08-17 11,주,월,동작구,차대사람,안전운전 의무 불이행,126.9374202,37.50947376
2020-08-17 14,주,월,종로구,차대사람,안전운전 의무 불이행,127.0158514,37.57259053
2020-08-23 19,야,일,성동구,차대사람,안전운전 의무 불이행,127.0545518,37.55006583
2020-08-30 22,야,일,은평구,차대사람,안전운전 의무 불이행,126.9193725,37.63032696
2020-08-31 07,주,월,동작구,차대사람,안전운전 의무 불이행,126.9782337,37.48183619
2020-08-31 09,주,월,서대문구,차대사람,신호위반,126.9515923,37.58049911
2020-09-03 20,야,목,노원구,차대사람,과속,127.0667672,37.63914079
2020-09-06 15,주,일,서대문구,차대사람,안전운전 의무 불이행,126.9483334,37.59929854
2020-09-07 20,야,월,성북구,차대사람,안전운전 의무 불이행,127.0532128,37.60593531
2020-09-08 15,주,화,동작구,차대사람,안전운전 의무 불이행,126.9345105,37.50161087
2020-09-09 17,주,수,강동구,차대사람,보행자 보호의무 위반,127.1471595,37.5279973
2020-09-18 03,야,금,서대문구,차대사람,안전운전 의무 불이행,126.925723,37.56643771
2020-09-18 10,주,금,금천구,차대사람,안전운전 의무 불이행,126.8873129,37.47372463
2020-09-18 19,야,금,송파구,차대사람,안전운전 의무 불이행,127.1221559,37.53531198
2020-09-24 04,야,목,성동구,차대사람,안전운전 의무 불이행,127.0572662,37.53825209
2020-09-24 04,야,목,은평구,차대사람,안전운전 의무 불이행,126.9311961,37.60893634
2020-09-24 18,야,목,노원구,차대사람,신호위반,127.0712941,37.66105891
2020-09-27 04,야,일,서대문구,차대사람,안전운전 의무 불이행,126.9246653,37.57469428
2020-09-30 05,야,수,용산구,차대사람,안전운전 의무 불이행,126.9871135,37.54138797
2020-10-07 08,주,수,관악구,차대사람,기타,126.9446983,37.48190687
2020-10-08 17,주,목,양천구,차대사람,안전운전 의무 불이행,126.8420221,37.51823682
2020-10-10 00,야,토,마포구,차대사람,안전운전 의무 불이행,126.8918981,37.56904627
2020-10-10 04,야,토,송파구,차대사람,안전운전 의무 불이행,127.1161677,37.49874978
2020-10-19 10,주,월,용산구,차대사람,안전운전 의무 불이행,126.9858711,37.54412267
2020-10-19 15,주,월,강동구,차대사람,안전운전 의무 불이행,127.1301876,37.55733136
2020-10-25 23,야,일,강남구,차대사람,보행자 보호의무 위반,127.0994679,37.49266333
2020-11-02 04,야,월,중랑구,차대사람,안전운전 의무 불이행,127.0935468,37.59028864
2020-11-05 01,야,목,양천구,차대사람,안전운전 의무 불이행,126.853573,37.52853091
2020-11-06 05,야,금,광진구,차대사람,안전운전 의무 불이행,127.0784907,37.56079778
2020-11-06 23,야,금,강남구,차대사람,안전운전 의무 불이행,127.0421839,37.48371023
2020-11-09 01,야,월,동작구,차대사람,안전운전 의무 불이행,126.9358195,37.5125785
2020-11-09 01,야,월,노원구,차대사람,과속,127.0553781,37.67815778
2020-11-16 13,주,월,강남구,차대사람,안전운전 의무 불이행,127.0560177,37.47463672
2020-11-20 08,주,금,성북구,차대사람,안전운전 의무 불이행,127.0098256,37.60835894
2020-11-22 14,주,일,동대문구,차대사람,안전운전 의무 불이행,127.0334275,37.5828294
2020-11-25 08,주,수,구로구,차대사람,안전운전 의무 불이행,126.8598848,37.49687202
2020-12-03 14,주,목,용산구,차대사람,안전운전 의무 불이행,126.960579,37.53701446
2020-12-09 13,주,수,도봉구,차대사람,안전운전 의무 불이행,127.0409135,37.63726558
2020-12-10 13,주,목,도봉구,차대사람,안전운전 의무 불이행,127.0426171,37.67125976
2020-12-12 10,주,토,동대문구,차대사람,신호위반,127.0383918,37.57986275
2020-12-12 10,주,토,관악구,차대사람,안전운전 의무 불이행,126.912353,37.48166389
2020-12-21 09,주,월,구로구,차대사람,안전운전 의무 불이행,126.8835914,37.49956065
2020-12-22 17,주,화,은평구,차대사람,안전운전 의무 불이행,126.9052515,37.58123916
2012-01-01 01:00,야간,일,은평구,차대사람,,126.93187672,37.61284962
2012-01-11 21:00,야간,수,중랑구,차대사람,,127.0932003,37.59818414
2012-01-12 04:00,야간,목,관악구,차대사람,,126.94352222,37.48218256
2012-01-11 20:00,야간,수,송파구,차대사람,,127.12215257,37.48658446
2012-01-01 02:00,야간,일,서초구,차대사람,,127.0348466,37.48369509
2012-05-08 22:00,야간,화,성동구,차대사람,,127.05313264,37.53936142
2012-05-04 01:00,야간,금,서대문구,차대사람,,126.94679133,37.58633094
2012-06-04 18:00,야간,월,금천구,차대사람,,126.90114473,37.45480842
2012-06-14 05:00,야간,목,구로구,차대사람,,126.85634455,37.49745038
2012-05-22 17:00,주간,화,영등포구,차대사람,,126.89561996,37.5216879
2012-06-01 20:00,야간,금,금천구,차대사람,,126.91417281,37.45007848
2012-06-08 17:00,주간,금,강남구,차대사람,,127.03308793,37.48639224
2012-05-02 06:00,주간,수,중랑구,차대사람,,127.07520281,37.59365006
2012-04-28 20:00,야간,토,양천구,차대사람,,126.86365318,37.54003367
2012-05-20 01:00,야간,일,성동구,차대사람,,127.05441658,37.54995716
2012-05-02 09:00,주간,수,광진구,차대사람,,127.08663806,37.53728415
2012-05-05 23:00,야간,토,금천구,차대사람,,126.91258639,37.46210377
2012-04-18 13:00,주간,수,종로구,차대사람,,126.98591819,37.5773051
2012-03-13 23:00,야간,화,관악구,차대사람,,126.96883944,37.47523243
2012-03-09 11:00,주간,금,중랑구,차대사람,,127.09269214,37.58957453
2012-04-04 02:00,야간,수,송파구,차대사람,,127.1115797,37.49031787
2012-02-29 22:00,야간,수,동작구,차대사람,,126.96940062,37.48543835
2012-03-23 19:00,야간,금,영등포구,차대사람,,126.90451852,37.49843314
2012-03-29 07:00,주간,목,강서구,차대사람,,126.81533222,37.56835394
2012-03-06 02:00,야간,화,성동구,차대사람,,127.03868584,37.5582703
2012-03-19 22:00,야간,월,서초구,차대사람,,127.01567858,37.50409695
2012-03-24 21:00,야간,토,마포구,차대사람,,126.90310275,37.55686951
2012-03-20 02:00,야간,화,강남구,차대사람,,127.04039514,37.50668346
2012-04-22 04:00,야간,일,강남구,차대사람,,127.05590603,37.522156
2012-03-12 23:00,야간,월,중랑구,차대사람,,127.1003954,37.59999339
2012-04-14 20:00,야간,토,용산구,차대사람,,126.97206166,37.55569275
2012-04-13 07:00,주간,금,금천구,차대사람,,126.9054946,37.4566331
2012-03-15 17:00,주간,목,동대문구,차대사람,,127.0357998,37.57816077
2012-04-04 20:00,야간,수,영등포구,차대사람,,126.90829473,37.49729838
2012-04-09 07:00,주간,월,강서구,차대사람,,126.84395767,37.53226445
2012-03-09 19:00,야간,금,양천구,차대사람,,126.83840834,37.52111988
2012-03-05 22:00,야간,월,종로구,차대사람,,126.96405074,37.57239466
2012-03-10 04:00,야간,토,서초구,차대사람,,127.02001521,37.51064048
2012-03-15 01:00,야간,목,영등포구,차대사람,,126.91776616,37.52610761
2012-03-23 19:00,야간,금,금천구,차대사람,,126.88231614,37.48268965
2012-03-16 19:00,야간,금,은평구,차대사람,,126.91560478,37.60290051
2012-04-07 05:00,야간,토,종로구,차대사람,,126.97681891,37.56996423
2012-04-09 22:00,야간,월,금천구,차대사람,,126.89926012,37.47132077
2012-04-21 09:00,주간,토,동대문구,차대사람,,127.06648701,37.56128702
2012-03-06 01:00,야간,화,강남구,차대사람,,127.04150143,37.50524558
2012-06-01 21:00,야간,금,중구,차대사람,,126.99290432,37.55580213
2012-06-04 16:00,주간,월,영등포구,차대사람,,126.8779694,37.51719767
2012-05-22 01:00,야간,화,서초구,차대사람,,127.02429225,37.50529471
2012-05-04 18:00,야간,금,강서구,차대사람,,126.84988526,37.54826907
2012-05-17 00:00,야간,목,중랑구,차대사람,,127.07241135,37.61231584
2012-05-19 03:00,야간,토,강동구,차대사람,,127.12626328,37.53783984
2012-03-30 10:00,주간,금,강북구,차대사람,,127.01142834,37.66295059
2012-03-24 17:00,주간,토,중랑구,차대사람,,127.07782962,37.6119027
2012-04-05 00:00,야간,목,양천구,차대사람,,126.86387417,37.54999472
2012-04-18 18:00,야간,수,광진구,차대사람,,127.07167004,37.54792086
2012-04-18 14:00,주간,수,영등포구,차대사람,,126.90865401,37.4876016
2012-04-18 13:00,주간,수,중구,차대사람,,126.96441377,37.55332381
2012-03-07 00:00,야간,수,은평구,차대사람,,126.93516463,37.60208539
2012-04-21 21:00,야간,토,서초구,차대사람,,126.98275814,37.49378107
2012-03-07 22:00,야간,화,서초구,차대사람,,127.03755973,37.46191078
2012-04-14 19:00,야간,토,강서구,차대사람,,126.8470007,37.53114562
2012-03-09 19:00,야간,금,구로구,차대사람,,126.85623247,37.48810274
2012-02-19 18:00,야간,일,도봉구,차대사람,,127.04637017,37.67447399
2012-01-28 13:00,주간,토,광진구,차대사람,,127.09463121,37.53484214
2012-02-10 05:00,야간,금,영등포구,차대사람,,126.90352989,37.52031299
2012-01-20 23:00,야간,금,영등포구,차대사람,,126.92024942,37.51378934
2012-01-26 10:00,주간,목,강서구,차대사람,,126.82674655,37.55953237
2013-01-28 07:00,주간,월,종로구,차대사람,,126.98774341,37.57041774
2013-01-13 06:00,주간,일,종로구,차대사람,,127.01878301,37.57386531
2013-01-16 06:00,주간,수,서대문구,차대사람,,126.96243921,37.57020067
2013-01-19 19:00,야간,토,성북구,차대사람,,127.02204402,37.60086212
2013-01-30 07:00,주간,수,성북구,차대사람,,127.02192703,37.6063986
2012-02-11 01:00,야간,금,종로구,차대사람,,127.00387579,37.57107252
2012-02-11 17:00,주간,토,동대문구,차대사람,,127.02572215,37.57430801
2012-02-25 09:00,주간,토,강서구,차대사람,,126.80552426,37.56488057
2012-02-13 19:00,야간,월,성북구,차대사람,,127.0363622,37.59156599
2012-02-13 14:00,주간,월,구로구,차대사람,,126.88711205,37.48266956
2012-02-28 23:00,야간,화,용산구,차대사람,,126.97236719,37.55250334
2012-02-04 06:00,주간,토,동작구,차대사람,,126.93951585,37.51580222
2012-02-12 05:00,야간,일,강북구,차대사람,,127.03680975,37.61256004
2012-01-21 02:00,야간,토,용산구,차대사람,,126.97369623,37.53415778
2012-01-18 11:00,주간,수,관악구,차대사람,,126.94253422,37.47967213
2012-01-15 00:00,야간,일,마포구,차대사람,,126.9196902,37.55384256
2012-02-06 13:00,주간,월,관악구,차대사람,,126.93088726,37.46739417
2012-02-01 19:00,야간,수,동대문구,차대사람,,127.05784743,37.57284633
2012-02-06 07:00,주간,월,중랑구,차대사람,,127.07954187,37.58146136
2012-02-16 14:00,주간,목,마포구,차대사람,,126.91140001,37.56428417
2012-02-22 17:00,주간,수,노원구,차대사람,,127.057248,37.66443842
2013-01-07 07:00,주간,월,영등포구,차대사람,,126.90489428,37.53232586
2013-01-08 08:00,주간,화,마포구,차대사람,,126.92360202,37.55748513
2013-01-17 19:00,야간,목,동대문구,차대사람,,127.04307448,37.58678799
2012-02-03 22:00,야간,금,관악구,차대사람,,126.92985536,37.48860717
2013-01-22 00:00,야간,화,노원구,차대사람,,127.09475846,37.62627537
2013-01-21 22:00,야간,월,강동구,차대사람,,127.14017633,37.51861022
2013-01-30 05:00,야간,수,종로구,차대사람,,126.98939697,37.57037984
2012-01-14 18:00,야간,토,중구,차대사람,,126.99862395,37.56224416
2012-01-16 17:00,주간,월,마포구,차대사람,,126.94737123,37.54004052
2012-02-04 12:00,주간,토,동대문구,차대사람,,127.05820995,37.59007243
2013-02-02 06:00,주간,토,마포구,차대사람,,126.90412594,37.57482044
2013-01-31 22:00,야간,목,송파구,차대사람,,127.12683114,37.47153752
2013-01-22 23:00,야간,화,강남구,차대사람,,127.04829697,37.51159028
2012-12-21 12:00,주간,금,금천구,차대사람,,126.90341843,37.44043418
2012-01-27 16:00,주간,금,은평구,차대사람,,126.93158053,37.60859388
2012-01-04 05:00,야간,수,강남구,차대사람,,127.05242269,37.48956775
2012-02-04 13:00,주간,토,양천구,차대사람,,126.83530782,37.52492419
2012-02-17 16:00,주간,금,영등포구,차대사람,,126.9029449,37.53549778
2013-01-09 07:00,주간,수,마포구,차대사람,,126.9081389,37.55799451
2013-05-15 16:00,주간,수,강동구,차대사람,,127.14070667,37.5401651
2013-05-21 23:00,야간,화,구로구,차대사람,,126.88706676,37.48129025
2013-01-10 21:00,야간,목,송파구,차대사람,,127.13388141,37.49839319
2012-02-20 17:00,주간,월,은평구,차대사람,,126.88457751,37.58883514
2012-03-02 19:00,야간,금,양천구,차대사람,,126.87256315,37.52903083
2012-12-14 20:00,야간,금,양천구,차대사람,,126.85377981,37.51806829
2013-05-20 17:00,주간,월,송파구,차대사람,,127.10997452,37.50532927
2012-04-16 14:00,주간,월,영등포구,차대사람,,126.91998271,37.49853712
2012-12-26 11:00,주간,수,영등포구,차대사람,,126.90405107,37.52877029
2012-12-16 07:00,주간,일,금천구,차대사람,,126.9032546,37.47244067
2012-12-12 10:00,주간,수,양천구,차대사람,,126.83157261,37.53640428
2013-02-07 22:00,야간,목,종로구,차대사람,,127.01249866,37.57200979
2013-02-09 01:00,야간,토,광진구,차대사람,,127.07339568,37.55897768
2012-12-19 17:00,주간,수,서초구,차대사람,,126.98267143,37.49487133
2012-07-24 20:00,야간,화,광진구,차대사람,,127.08727757,37.54036902
2013-05-13 23:00,야간,월,노원구,차대사람,,127.06264012,37.64788296
2012-12-22 07:00,주간,토,도봉구,차대사람,,127.04037572,37.66274246
2013-02-07 00:00,야간,목,성동구,차대사람,,127.02474356,37.55543884
2013-05-06 10:00,주간,월,강남구,차대사람,,127.06490298,37.47923969
2013-05-08 00:00,야간,수,서초구,차대사람,,126.98212075,37.48615278
2012-02-06 20:00,야간,월,노원구,차대사람,,127.075917,37.66535427
2012-02-14 06:00,주간,화,영등포구,차대사람,,126.9046882,37.51980507
2012-01-15 06:00,주간,일,강동구,차대사람,,127.17413691,37.54710338
2012-06-06 12:00,주간,수,용산구,차대사람,,126.96661376,37.53374744
2012-12-13 00:00,야간,목,마포구,차대사람,,126.8689258,37.57788233
2012-02-05 14:00,주간,일,은평구,차대사람,,126.88493899,37.5889542
2012-01-18 18:00,야간,수,중구,차대사람,,126.9649959,37.55899593
2013-05-01 19:00,야간,수,은평구,차대사람,,126.93854159,37.59743257
2013-05-11 20:00,야간,토,관악구,차대사람,,126.93271759,37.46761029
2013-05-15 09:00,주간,수,강남구,차대사람,,127.06034088,37.48379271
2012-11-17 23:00,야간,토,은평구,차대사람,,126.91701495,37.62398075
2012-11-05 02:00,야간,월,동작구,차대사람,,126.97451295,37.50485841
2012-10-28 16:00,주간,일,도봉구,차대사람,,127.04298713,37.66584418
2012-06-19 20:00,야간,화,강동구,차대사람,,127.12615126,37.54667277
2013-04-25 23:00,야간,목,영등포구,차대사람,,126.89731747,37.5005779
2012-10-31 12:00,주간,수,송파구,차대사람,,127.10946488,37.49456533
2013-02-17 18:00,야간,일,은평구,차대사람,,126.89543716,37.58216726
2012-05-22 13:00,주간,화,서대문구,차대사람,,126.9368269,37.55588147
2012-11-14 02:00,야간,수,금천구,차대사람,,126.89855604,37.47450799
2012-11-14 18:00,야간,수,강남구,차대사람,,127.03263995,37.48749013
2012-11-18 20:00,야간,일,구로구,차대사람,,126.831566,37.49147202
2013-12-06 06:00,주간,금,영등포구,차대사람,,126.90518562,37.52271894
2012-12-14 00:00,야간,금,금천구,차대사람,,126.899473,37.45743191
2013-11-22 22:00,야간,금,관악구,차대사람,,126.92935356,37.48617109
2013-11-04 12:00,주간,월,강서구,차대사람,,126.81647647,37.56457494
2013-12-05 07:00,주간,목,관악구,차대사람,,126.95217432,37.48225905
2013-05-08 19:00,야간,수,마포구,차대사람,,126.95507313,37.55027958
2013-05-08 07:00,주간,수,금천구,차대사람,,126.89789302,37.47877254
2012-12-07 10:00,주간,금,강서구,차대사람,,126.83612363,37.53375296
2012-12-11 00:00,야간,화,은평구,차대사람,,126.89660898,37.58151528
2012-12-14 16:00,주간,금,동대문구,차대사람,,127.03061818,37.57550834
2012-11-28 09:00,주간,수,강서구,차대사람,,126.85145186,37.55299171
2012-11-28 20:00,야간,수,노원구,차대사람,,127.05508985,37.6289807
2012-09-23 08:00,주간,일,동대문구,차대사람,,127.04616836,37.58090512
2012-01-06 01:00,야간,금,종로구,차대사람,,127.01723415,37.57346239
2013-02-13 21:00,야간,수,강서구,차대사람,,126.81212634,37.56110656
2013-02-21 23:00,야간,목,마포구,차대사람,,126.93159773,37.54823101
2012-08-21 23:00,야간,화,영등포구,차대사람,,126.92014209,37.49987191
2012-09-14 19:00,야간,금,서초구,차대사람,,127.07999561,37.4602034
2012-08-17 05:00,야간,금,노원구,차대사람,,127.06827473,37.63600605
2013-05-07 09:00,주간,화,마포구,차대사람,,126.89606572,37.57586109
2012-08-06 14:00,주간,월,도봉구,차대사람,,127.04771022,37.65172945
2012-12-23 02:00,야간,일,구로구,차대사람,,126.88996547,37.47950254
2012-12-29 11:00,주간,토,관악구,차대사람,,126.92603617,37.48363122
2012-12-10 15:00,주간,월,중랑구,차대사람,,127.08744644,37.57955136
2012-12-16 00:00,야간,일,영등포구,차대사람,,126.90535675,37.52539681
2013-11-05 04:00,야간,화,중랑구,차대사람,,127.09520292,37.5986417
2013-11-24 12:00,주간,일,강서구,차대사람,,126.84110253,37.56860875
2013-11-22 08:00,주간,금,서초구,차대사람,,127.04296461,37.46565445
2013-11-22 12:00,주간,금,강남구,차대사람,,127.02185215,37.51002599
2012-12-13 23:00,야간,목,강남구,차대사람,,127.01993271,37.51468724
2012-08-29 23:00,야간,수,노원구,차대사람,,127.07468886,37.62025589
2012-11-28 04:00,야간,수,종로구,차대사람,,126.98024858,37.57017767
2012-10-29 04:00,야간,월,성북구,차대사람,,127.00878098,37.58802932
2012-10-15 15:00,주간,월,은평구,차대사람,,126.92766072,37.61299149
2012-12-14 10:00,주간,금,양천구,차대사람,,126.86390036,37.54025132
2012-09-07 17:00,주간,금,강남구,차대사람,,127.03546597,37.52613347
2012-02-09 05:00,야간,목,성북구,차대사람,,127.02203735,37.58029612
2013-04-19 12:00,주간,금,서대문구,차대사람,,126.96065798,37.5717663
2013-04-25 08:00,주간,목,노원구,차대사람,,127.0455702,37.62898048
2013-05-14 09:00,주간,화,금천구,차대사람,,126.89899832,37.45881759
2012-10-30 10:00,주간,화,성북구,차대사람,,127.00364249,37.60962202
2012-10-17 04:00,야간,수,광진구,차대사람,,127.07219669,37.55679207
2012-11-26 08:00,주간,월,성북구,차대사람,,127.02404176,37.60345074
2012-07-08 09:00,주간,일,강동구,차대사람,,127.14294204,37.53427701
2012-10-15 15:00,주간,월,동작구,차대사람,,126.95564527,37.51362427
2012-10-16 08:00,주간,화,서초구,차대사람,,126.99353708,37.487347
2012-06-23 01:00,야간,토,구로구,차대사람,,126.87237559,37.49872643
2012-08-30 00:00,야간,목,송파구,차대사람,,127.10836108,37.49580556
2012-09-19 07:00,주간,수,강남구,차대사람,,127.05966964,37.50757711
2012-08-24 22:00,야간,금,강남구,차대사람,,127.07390801,37.48883597
2013-12-22 22:00,야간,일,강북구,차대사람,,127.03218928,37.61001535
2013-12-22 06:00,주간,일,강북구,차대사람,,127.03935568,37.62872293
2013-12-26 09:00,주간,목,강서구,차대사람,,126.84435505,37.557973
2013-12-17 06:00,주간,화,구로구,차대사람,,126.88527103,37.48649075
2013-11-13 00:00,야간,수,광진구,차대사람,,127.10944685,37.54578945
2013-11-23 02:00,야간,토,동작구,차대사람,,126.93858446,37.51339839
2014-02-25 23:00,야간,화,마포구,차대사람,,126.92935115,37.55038341
2014-03-20 00:00,야간,목,강북구,차대사람,,127.0416618,37.63058777
2014-03-20 22:00,야간,목,강남구,차대사람,,127.03695551,37.51035657
2014-03-15 13:00,주간,토,강남구,차대사람,,127.04362711,37.51104954
2013-10-27 02:00,야간,일,강남구,차대사람,,127.01740643,37.51865192
2013-12-06 21:00,야간,금,중구,차대사람,,127.0004096,37.56444201
2014-03-21 08:00,주간,금,영등포구,차대사람,,126.90518705,37.49972545
2014-03-08 06:00,주간,토,강서구,차대사람,,126.81150173,37.56131023
2012-07-26 16:00,주간,목,종로구,차대사람,,126.96412781,37.5932431
2012-06-24 23:00,야간,일,강남구,차대사람,,127.06596672,37.48891522
2012-09-30 11:00,주간,일,관악구,차대사람,,126.91975325,37.46531197
2012-10-09 03:00,야간,화,강서구,차대사람,,126.85053079,37.54954352
2012-10-12 16:00,주간,금,동작구,차대사람,,126.98197811,37.48059978
2012-10-13 05:00,야간,토,동대문구,차대사람,,127.03996179,37.57356216
2012-11-27 20:00,야간,화,송파구,차대사람,,127.14311346,37.49353606
2012-11-06 22:00,야간,화,강북구,차대사람,,127.02893653,37.64106528
2012-08-27 03:00,야간,월,강동구,차대사람,,127.12474618,37.54242293
2012-09-04 14:00,주간,화,마포구,차대사람,,126.95465846,37.55747042
2012-09-26 16:00,주간,수,도봉구,차대사람,,127.04913432,37.65243795
2012-09-05 21:00,야간,수,동대문구,차대사람,,127.06124765,37.58972323
2012-09-06 17:00,주간,목,도봉구,차대사람,,127.04694871,37.67444016
2013-10-01 07:00,주간,화,영등포구,차대사람,,126.93529506,37.52481366
2013-09-17 10:00,주간,화,성북구,차대사람,,127.03278598,37.60192636
2013-09-17 06:00,주간,화,서대문구,차대사람,,126.9414082,37.59129091
2012-07-20 22:00,야간,금,강남구,차대사람,,127.02674847,37.49975221
2012-09-02 08:00,주간,일,관악구,차대사람,,126.93572036,37.48485865
2012-09-08 04:00,야간,토,영등포구,차대사람,,126.91709568,37.51627957
2012-09-13 05:00,야간,목,도봉구,차대사람,,127.04645572,37.66414504
2012-09-24 12:00,주간,월,마포구,차대사람,,126.90652209,37.57112799
2013-11-02 04:00,야간,토,중랑구,차대사람,,127.07985216,37.58670831
2012-07-23 23:00,야간,월,금천구,차대사람,,126.88231629,37.48267162
2013-03-06 04:00,야간,수,마포구,차대사람,,126.88107136,37.57727064
2013-12-23 13:00,주간,월,중구,차대사람,,126.97861318,37.56111192
2013-12-11 00:00,야간,수,마포구,차대사람,,126.95168357,37.55708709
2014-02-25 20:00,야간,화,서대문구,차대사람,,126.96099958,37.57150647
2014-03-07 19:00,야간,금,관악구,차대사람,,126.95852695,37.47810603
2013-11-03 20:00,야간,일,동작구,차대사람,,126.96733998,37.50674617
2013-11-15 16:00,주간,금,은평구,차대사람,,126.93893067,37.61048581
2013-11-12 03:00,야간,화,강남구,차대사람,,127.09234425,37.46419463
2013-12-06 20:00,야간,금,중랑구,차대사람,,127.0932938,37.61638261
2012-06-25 11:00,주간,월,서초구,차대사람,,127.0464184,37.4629907
2012-07-15 06:00,주간,일,은평구,차대사람,,126.90161926,37.57814272
2013-12-31 05:00,야간,화,강남구,차대사람,,127.10023322,37.48830604
2013-08-03 20:00,야간,토,종로구,차대사람,,126.98940885,37.57029877
2013-07-18 16:00,주간,목,강서구,차대사람,,126.8448732,37.54146326
2013-10-03 05:00,야간,목,강남구,차대사람,,127.04330584,37.48168561
2012-09-02 11:00,주간,일,서대문구,차대사람,,126.95682706,37.5753451
2012-07-24 19:00,야간,화,성북구,차대사람,,127.02340569,37.58061712
2012-09-03 05:00,야간,월,서초구,차대사람,,127.02560244,37.48776854
2012-07-29 01:00,야간,일,마포구,차대사람,,126.96055179,37.55822759
2012-08-31 08:00,주간,금,마포구,차대사람,,126.95637883,37.55755047
2012-09-08 02:00,야간,토,용산구,차대사람,,126.97029419,37.54627475
2012-09-22 02:00,야간,토,광진구,차대사람,,127.07768127,37.55394552
2014-03-03 21:00,야간,월,영등포구,차대사람,,126.91154325,37.49563809
2013-11-10 14:00,주간,일,영등포구,차대사람,,126.89917688,37.48877963
2014-02-18 15:00,주간,화,영등포구,차대사람,,126.9303288,37.52009377
2014-02-27 14:00,주간,목,노원구,차대사람,,127.08078627,37.67050027
2012-06-30 00:00,야간,토,중구,차대사람,,126.97723479,37.56392705
2012-07-01 22:00,야간,일,강서구,차대사람,,126.83723482,37.55526527
2012-07-17 09:00,주간,화,금천구,차대사람,,126.90181098,37.46626808
2012-07-20 00:00,야간,금,강서구,차대사람,,126.84471757,37.53337732
2013-03-14 06:00,주간,목,금천구,차대사람,,126.89942021,37.45696293
2013-12-16 01:00,야간,월,강북구,차대사람,,127.0280725,37.62158119
2013-12-08 00:00,야간,일,동작구,차대사람,,126.9509057,37.49950514
2012-09-29 17:00,주간,토,중구,차대사람,,127.01096576,37.55531949
2012-09-22 13:00,주간,토,도봉구,차대사람,,127.02270962,37.65056738
2013-11-01 20:00,야간,금,성북구,차대사람,,127.00911215,37.59624194
2013-11-25 20:00,야간,월,동작구,차대사람,,126.92719526,37.49477761
2013-12-30 21:00,야간,월,강북구,차대사람,,127.01096317,37.64225402
2013-03-29 04:00,야간,금,강남구,차대사람,,127.10026682,37.48836925
2013-03-05 10:00,주간,화,마포구,차대사람,,126.92298431,37.5450886
2013-12-07 03:00,야간,토,서대문구,차대사람,,126.94175282,37.59095003
2012-09-28 04:00,야간,금,강동구,차대사람,,127.1693909,37.54515227
2012-10-08 09:00,주간,월,종로구,차대사람,,126.99899943,37.59239578
2012-06-21 04:00,야간,목,구로구,차대사람,,126.84717941,37.49764346
2012-11-10 18:00,야간,토,영등포구,차대사람,,126.90525389,37.52409835
2013-09-23 08:00,주간,월,종로구,차대사람,,127.01904643,37.57340669
2012-11-24 02:00,야간,토,구로구,차대사람,,126.87131971,37.49647645
2012-11-24 21:00,야간,토,성북구,차대사람,,127.0517953,37.61521377
2012-08-09 11:00,주간,목,강북구,차대사람,,127.03844494,37.63030483
2012-08-21 03:00,야간,화,영등포구,차대사람,,126.89141512,37.5336182
2012-08-28 21:00,야간,화,동작구,차대사람,,126.94965163,37.50081528
2012-06-28 15:00,주간,목,노원구,차대사람,,127.08011436,37.66900167
2012-08-22 03:00,야간,수,노원구,차대사람,,127.06465059,37.63359517
2012-09-06 05:00,야간,목,구로구,차대사람,,126.88126019,37.49003918
2012-09-20 15:00,주간,목,은평구,차대사람,,126.9204458,37.61995967
2013-09-16 09:00,주간,월,영등포구,차대사람,,126.91277974,37.50531577
2012-06-17 22:00,야간,일,성동구,차대사람,,127.03132347,37.56416317
2012-09-06 11:00,주간,목,관악구,차대사람,,126.95896985,37.47785568
2012-09-25 20:00,야간,화,은평구,차대사람,,126.92903659,37.64938506
2013-11-07 23:00,야간,목,은평구,차대사람,,126.89640447,37.58159535
2013-11-08 13:00,주간,금,서대문구,차대사람,,126.95788224,37.57429087
2013-11-30 02:00,야간,토,동작구,차대사람,,126.94797696,37.50300407
2013-11-03 09:00,주간,일,서초구,차대사람,,126.9921162,37.49004498
2013-11-06 21:00,야간,수,서초구,차대사람,,126.99361963,37.48014549
2013-12-10 06:00,주간,화,서초구,차대사람,,126.98681094,37.49136598
2013-12-23 01:00,야간,월,도봉구,차대사람,,127.0364841,37.65587709
2013-11-14 01:00,야간,목,중구,차대사람,,126.97251632,37.55527836
2013-11-21 15:00,주간,목,노원구,차대사람,,127.06342191,37.64078061
2013-12-06 07:00,주간,금,종로구,차대사람,,127.00202913,37.57969964
2013-12-27 23:00,야간,금,영등포구,차대사람,,126.91041769,37.51073917
2012-10-24 08:00,주간,수,관악구,차대사람,,126.91265491,37.486585
2012-07-18 11:00,주간,수,강동구,차대사람,,127.15466753,37.54913017
2013-10-06 18:00,야간,일,영등포구,차대사람,,126.8980287,37.49090098
2013-09-18 07:00,주간,수,도봉구,차대사람,,127.04133545,37.65233578
2013-03-12 13:00,주간,화,서대문구,차대사람,,126.91859087,37.57438781
2013-03-03 11:00,주간,일,관악구,차대사람,,126.94482046,37.49168898
2013-03-20 17:00,주간,수,구로구,차대사람,,126.85823449,37.49340458
2013-03-26 01:00,야간,화,송파구,차대사람,,127.12319199,37.48457774
2013-08-05 20:00,야간,월,송파구,차대사람,,127.11355555,37.49104544
2013-08-28 19:00,야간,수,금천구,차대사람,,126.90435322,37.47636802
2013-09-18 18:00,야간,수,관악구,차대사람,,126.91789933,37.47398294
2012-09-18 00:00,야간,화,서초구,차대사람,,126.9885322,37.4582385
2013-08-23 03:00,야간,금,강서구,차대사람,,126.81586004,37.57341441
2013-07-25 14:00,주간,목,성북구,차대사람,,127.0379254,37.60255049
2013-10-18 18:00,야간,금,관악구,차대사람,,126.91327377,37.4870027
2013-10-19 06:00,주간,토,영등포구,차대사람,,126.89609898,37.52403386
2013-10-18 18:00,야간,금,동작구,차대사람,,126.96018909,37.49388741
2013-10-12 02:00,야간,토,동작구,차대사람,,126.96468077,37.50805914
2013-10-11 00:00,야간,금,구로구,차대사람,,126.83671846,37.48829224
2013-09-04 05:00,야간,수,강북구,차대사람,,127.02810071,37.61711696
2012-08-22 10:00,주간,수,용산구,차대사람,,126.97488018,37.54932377
2012-08-29 21:00,야간,수,노원구,차대사람,,127.05406961,37.67073578
2012-09-18 16:00,주간,화,송파구,차대사람,,127.10160565,37.51741561
2013-03-12 11:00,주간,화,강서구,차대사람,,126.83843821,37.55873317
2013-03-17 06:00,주간,일,서대문구,차대사람,,126.96866026,37.56323439
2013-02-27 23:00,야간,수,강남구,차대사람,,127.02345832,37.50655325
2013-02-28 04:00,야간,목,강동구,차대사람,,127.12073,37.53078261
2013-08-08 09:00,주간,목,관악구,차대사람,,126.93786857,37.48497705
2013-06-17 03:00,야간,월,중구,차대사람,,127.00644926,37.5620518
2013-06-21 12:00,주간,금,중구,차대사람,,126.9725226,37.55470873
2012-08-02 21:00,야간,목,강남구,차대사람,,127.03008117,37.52036152
2012-07-30 09:00,주간,월,광진구,차대사람,,127.07899253,37.55632076
2012-06-20 09:00,주간,수,서대문구,차대사람,,126.93741814,37.58866618
2013-07-09 21:00,야간,화,구로구,차대사람,,126.83530793,37.49811806
2013-09-23 06:00,주간,월,구로구,차대사람,,126.87423435,37.4996737
2013-02-20 15:00,주간,수,영등포구,차대사람,,126.91987372,37.52285509
2013-04-15 22:00,야간,월,강서구,차대사람,,126.79968458,37.57906919
2013-04-22 11:00,주간,월,광진구,차대사람,,127.07437901,37.55927868
2013-09-29 00:00,야간,일,중구,차대사람,,126.99248434,37.55763007
2013-09-09 09:00,주간,월,성동구,차대사람,,127.05046844,37.54005436
2013-09-14 23:00,야간,토,서대문구,차대사람,,126.94371513,37.58875912
2013-09-13 01:00,야간,금,종로구,차대사람,,126.99233078,37.56858078
2013-11-09 05:00,야간,토,동대문구,차대사람,,127.0620842,37.59966817
2013-10-26 20:00,야간,토,동대문구,차대사람,,127.04576185,37.58070526
2013-10-13 05:00,야간,일,성북구,차대사람,,127.0218319,37.59825007
2013-10-22 03:00,야간,화,종로구,차대사람,,127.00694059,37.57340182
2013-10-09 11:00,주간,수,마포구,차대사람,,126.94166481,37.54630509
2013-10-17 12:00,주간,목,관악구,차대사람,,126.92044653,37.47511314
2013-12-30 17:00,주간,월,마포구,차대사람,,126.94850558,37.54893312
2014-06-27 18:00,야간,금,동작구,차대사람,,126.96263091,37.48938274
2014-04-15 16:00,주간,화,성북구,차대사람,,127.03940823,37.61377801
2014-04-27 05:00,야간,일,서초구,차대사람,,126.98259799,37.47271559
2013-09-04 18:00,야간,수,양천구,차대사람,,126.83555768,37.52992807
2013-02-19 09:00,주간,화,금천구,차대사람,,126.88939182,37.46660115
2013-07-06 23:00,야간,토,양천구,차대사람,,126.83567023,37.52361927
2013-01-31 11:00,주간,목,도봉구,차대사람,,127.03973556,37.67093309
2013-07-08 10:00,주간,월,동대문구,차대사람,,127.05736979,37.57318705
2012-07-11 21:00,야간,수,강남구,차대사람,,127.06244527,37.47787857
2012-07-17 04:00,야간,화,강서구,차대사람,,126.84419841,37.54483955
2013-03-05 16:00,주간,화,송파구,차대사람,,127.09767117,37.51676231
2013-03-19 06:00,주간,화,용산구,차대사람,,127.01489843,37.5249962
2013-03-28 06:00,주간,목,성북구,차대사람,,127.00915442,37.58980652
2013-04-06 19:00,야간,토,구로구,차대사람,,126.85634589,37.48806731
2013-04-14 06:00,주간,일,관악구,차대사람,,126.91406621,37.48402314
2013-04-16 17:00,주간,화,동작구,차대사람,,126.93556606,37.49333968
2013-02-28 20:00,야간,목,강서구,차대사람,,126.84492384,37.54602434
2013-03-01 00:00,야간,금,관악구,차대사람,,126.93602588,37.48634735
2013-03-02 22:00,야간,토,마포구,차대사람,,126.94929547,37.54466442
2013-03-04 03:00,야간,월,영등포구,차대사람,,126.88162544,37.52256187
2013-08-29 20:00,야간,목,구로구,차대사람,,126.88694132,37.48141579
2013-08-28 05:00,야간,수,구로구,차대사람,,126.89496198,37.48403501
2013-07-18 01:00,야간,목,마포구,차대사람,,126.95123736,37.54382619
2013-07-17 20:00,야간,수,서초구,차대사람,,127.02529493,37.46485468
2013-09-04 01:00,야간,수,동작구,차대사람,,126.93877223,37.50479315
2013-08-20 00:00,야간,화,동대문구,차대사람,,127.07258568,37.5640133
2012-07-19 14:00,주간,목,성북구,차대사람,,127.03256843,37.60229505
2012-11-18 05:00,야간,일,강동구,차대사람,,127.13686474,37.52944523
2013-08-23 05:00,야간,금,강남구,차대사람,,127.05157284,37.51251314
2013-07-15 03:00,야간,월,강남구,차대사람,,127.0563897,37.52074269
2013-09-28 22:00,야간,토,영등포구,차대사람,,126.90623698,37.51714486
2013-10-19 15:00,주간,토,은평구,차대사람,,126.91130976,37.61313639
2013-07-18 01:00,야간,목,동대문구,차대사람,,127.03800011,37.57232326
2013-09-06 05:00,야간,금,양천구,차대사람,,126.84943898,37.52667037
2012-07-02 20:00,야간,월,노원구,차대사람,,127.07668099,37.6486192
2013-02-08 20:00,야간,금,영등포구,차대사람,,126.91398706,37.51876094
2014-04-13 03:00,야간,일,금천구,차대사람,,126.90336187,37.47459545
2014-04-12 11:00,주간,토,동대문구,차대사람,,127.04040622,37.57863848
2014-04-25 02:00,야간,금,송파구,차대사람,,127.12208682,37.48167182
2013-09-27 16:00,주간,금,구로구,차대사람,,126.83560495,37.48885384
2013-07-17 04:00,야간,수,양천구,차대사람,,126.82408764,37.53927302
2013-06-19 03:00,야간,수,영등포구,차대사람,,126.89992479,37.52677544
2014-11-07 12:00,주간,금,성북구,차대사람,,126.99948453,37.60790994
2014-04-01 08:00,주간,화,강서구,차대사람,,126.83335987,37.54796962
2013-06-18 19:00,야간,화,관악구,차대사람,,126.9026727,37.48445282
2013-03-29 23:00,야간,금,관악구,차대사람,,126.96684142,37.46992344
2013-04-13 03:00,야간,토,용산구,차대사람,,126.96894598,37.53046802
2013-04-04 23:00,야간,목,용산구,차대사람,,126.96659439,37.53805581
2013-03-30 17:00,주간,토,성동구,차대사람,,127.05013997,37.54574065
2013-07-23 02:00,야간,화,강서구,차대사람,,126.82330586,37.57315899
2013-07-29 19:00,야간,월,종로구,차대사람,,126.96850609,37.58126601
2013-09-21 04:00,야간,토,동대문구,차대사람,,127.04628128,37.58095964
2013-08-16 07:00,주간,금,강남구,차대사람,,127.01751013,37.5218792
2013-07-23 00:00,야간,화,서대문구,차대사람,,126.96427056,37.5682666
2013-07-20 11:00,주간,토,강북구,차대사람,,127.04398511,37.628731
2013-10-11 08:00,주간,금,도봉구,차대사람,,127.04188277,37.65551061
2012-06-12 04:00,야간,화,강서구,차대사람,,126.82218756,37.54410234
2012-08-19 02:00,야간,일,서초구,차대사람,,126.98216374,37.48811793
2012-08-27 10:00,주간,월,종로구,차대사람,,126.99043274,37.57625208
2012-06-14 03:00,야간,목,광진구,차대사람,,127.07876898,37.56787528
2013-07-20 04:00,야간,토,서초구,차대사람,,127.02090726,37.48613616
2013-04-30 22:00,야간,화,마포구,차대사람,,126.89975696,37.56606429
2013-10-17 02:00,야간,목,중구,차대사람,,127.00615008,37.5593465
2013-06-04 14:00,주간,화,강서구,차대사람,,126.83868564,37.57685151
2014-01-28 03:00,야간,화,동대문구,차대사람,,127.06205068,37.58992451
2012-07-07 07:00,주간,토,중구,차대사람,,126.98747695,37.56468402
2013-03-25 11:00,주간,월,금천구,차대사람,,126.88451528,37.46416923
2013-04-01 14:00,주간,월,강남구,차대사람,,127.06516827,37.50176569
2013-03-09 07:00,주간,토,영등포구,차대사람,,126.88149501,37.52328227
2013-09-12 05:00,야간,목,성동구,차대사람,,127.02343784,37.57024274
2013-09-11 22:00,야간,수,서대문구,차대사람,,126.91470324,37.57770357
2013-09-17 14:00,주간,화,영등포구,차대사람,,126.90454646,37.50488698
2014-04-06 19:00,야간,일,동작구,차대사람,,126.9515103,37.49882292
2014-04-17 17:00,주간,목,종로구,차대사람,,126.95923769,37.6068671
2014-04-25 22:00,야간,금,강남구,차대사람,,127.03284793,37.48678789
2014-04-20 04:00,야간,일,은평구,차대사람,,126.91843039,37.58919608
2014-05-04 04:00,야간,일,서초구,차대사람,,127.07247723,37.46200621
2014-04-06 18:00,야간,일,영등포구,차대사람,,126.88420835,37.51672561
2014-05-02 14:00,주간,금,은평구,차대사람,,126.92483774,37.62056703
2014-04-27 19:00,야간,일,노원구,차대사람,,127.07137657,37.62875256
2014-03-30 00:00,야간,일,강서구,차대사람,,126.81213709,37.56116971
2013-06-14 21:00,야간,금,동대문구,차대사람,,127.0509544,37.56810806
2013-06-18 14:00,주간,화,강북구,차대사람,,127.02229034,37.64240228
2014-05-11 22:00,야간,일,송파구,차대사람,,127.10523563,37.50714329
2014-04-29 05:00,야간,화,영등포구,차대사람,,126.90098581,37.51438725
2013-06-15 00:00,야간,토,강서구,차대사람,,126.83985838,37.56331093
2013-07-02 04:00,야간,화,용산구,차대사람,,126.99488213,37.53451169
2012-07-23 18:00,야간,월,동대문구,차대사람,,127.07435649,37.56522751
2013-01-21 07:00,주간,월,강서구,차대사람,,126.83099994,37.57261697
2013-06-10 04:00,야간,월,중랑구,차대사람,,127.07912312,37.60353384
2012-11-18 21:00,야간,일,동대문구,차대사람,,127.0698537,37.572431
2013-07-11 05:00,야간,목,금천구,차대사람,,126.89811947,37.47239479
2012-04-17 07:00,주간,화,도봉구,차대사람,,127.04650311,37.66194596
2012-10-17 01:00,야간,수,강서구,차대사람,,126.86789928,37.54925921
2014-10-28 08:00,주간,화,성동구,차대사람,,127.05469196,37.54363071
2014-09-03 20:00,야간,수,양천구,차대사람,,126.8305944,37.53947232
2014-09-02 23:00,야간,화,광진구,차대사람,,127.08613492,37.55458837
2014-08-17 03:00,야간,일,도봉구,차대사람,,127.04541488,37.68050023
2012-01-01 18:00,야간,일,영등포구,차대사람,,126.90348592,37.52015053
2012-05-11 05:00,야간,금,은평구,차대사람,,126.92002427,37.62462652
2014-09-09 21:00,야간,화,강동구,차대사람,,127.11930991,37.54073802
2014-12-14 03:00,야간,일,강서구,차대사람,,126.85349583,37.52868462
2014-04-30 12:00,주간,수,양천구,차대사람,,126.87206298,37.54683878
2014-04-30 23:00,야간,수,동대문구,차대사람,,127.05725851,37.57094228
2014-04-29 10:00,주간,화,강서구,차대사람,,126.8773927,37.54710136
2014-04-07 05:00,야간,월,마포구,차대사람,,126.91787768,37.55252669
2013-06-25 01:00,야간,화,송파구,차대사람,,127.11154507,37.49045296
2014-01-20 05:00,야간,월,구로구,차대사람,,126.88294128,37.49057076
2014-04-26 16:00,주간,토,금천구,차대사람,,126.90053549,37.45464309
2013-06-17 21:00,야간,월,강서구,차대사람,,126.85123335,37.54946626
2013-03-26 15:00,주간,화,노원구,차대사람,,127.07409168,37.62959163
2012-06-27 02:00,야간,수,강북구,차대사람,,127.02349722,37.63375161
2013-05-30 13:00,주간,목,관악구,차대사람,,126.92540426,37.47900418
2014-11-16 02:00,야간,일,동대문구,차대사람,,127.06969537,37.57239437
2014-10-23 07:00,주간,목,광진구,차대사람,,127.06333196,37.54120228
2013-07-01 13:00,주간,월,성동구,차대사람,,127.02385106,37.56047379
2012-05-30 09:00,주간,수,강동구,차대사람,,127.14266352,37.55469186
2012-08-20 05:00,야간,월,강동구,차대사람,,127.13753308,37.53166462
2014-06-28 02:00,야간,토,동대문구,차대사람,,127.06599923,37.56339438
2014-09-18 04:00,야간,목,도봉구,차대사람,,127.04593813,37.68396336
2014-04-15 07:00,주간,화,동대문구,차대사람,,127.0767429,37.57172581
2014-01-23 18:00,야간,목,성동구,차대사람,,127.03083063,37.55788782
2014-01-08 11:00,주간,수,성북구,차대사람,,127.00872578,37.58953433
2014-07-17 07:00,주간,목,영등포구,차대사람,,126.90350494,37.50752449
2014-11-20 10:00,주간,목,강북구,차대사람,,127.01948156,37.63430317
2014-04-01 10:00,주간,화,도봉구,차대사람,,127.03695462,37.66956119
2014-10-11 09:00,주간,토,서대문구,차대사람,,126.92434059,37.57980062
2013-06-13 12:00,주간,목,도봉구,차대사람,,127.02324904,37.64953302
2013-06-25 13:00,주간,화,성북구,차대사람,,127.0039154,37.60776641
2014-02-01 19:00,야간,토,도봉구,차대사람,,127.04183968,37.64960669
2013-06-05 21:00,야간,수,송파구,차대사람,,127.14018584,37.50248672
2013-10-28 00:00,야간,월,종로구,차대사람,,127.01880554,37.57388342
2013-04-11 20:00,야간,목,강남구,차대사람,,127.06498235,37.47920393
2012-10-17 14:00,주간,수,구로구,차대사람,,126.89909777,37.48029746
2013-06-08 02:00,야간,토,영등포구,차대사람,,126.91057916,37.52042049
2012-01-03 19:00,야간,화,도봉구,차대사람,,127.03458713,37.66191758
2012-07-27 23:00,야간,금,강남구,차대사람,,127.02653085,37.50017497
2014-11-13 08:00,주간,목,서대문구,차대사람,,126.96504996,37.56727054
2013-07-07 22:00,야간,일,강동구,차대사람,,127.13052578,37.52734343
2013-05-14 14:00,주간,화,송파구,차대사람,,127.13174147,37.51026648
2013-08-31 08:00,주간,토,동대문구,차대사람,,127.0620733,37.59959602
2014-06-14 23:00,야간,토,강북구,차대사람,,127.0283627,37.63501501
2014-09-13 22:00,야간,토,구로구,차대사람,,126.88858064,37.50370576
2014-08-19 06:00,주간,화,강서구,차대사람,,126.87790158,37.54716713
2014-08-16 18:00,야간,토,관악구,차대사람,,126.92033028,37.46819915
2014-09-18 16:00,주간,목,강동구,차대사람,,127.13064831,37.54151314
2014-04-23 02:00,야간,수,구로구,차대사람,,126.87796183,37.50174847
2014-04-21 14:00,주간,월,관악구,차대사람,,126.94757085,37.4868706
2014-12-26 20:00,야간,금,동작구,차대사람,,126.97412949,37.48693772
2014-12-07 20:00,야간,일,중랑구,차대사람,,127.10604887,37.61492965
2014-12-27 04:00,야간,토,강북구,차대사람,,127.02689924,37.62450855
2014-05-12 15:00,주간,월,광진구,차대사람,,127.08560748,37.53186159
2014-10-19 05:00,야간,일,강남구,차대사람,,127.05150264,37.52462169
2013-07-11 08:00,주간,목,영등포구,차대사람,,126.89067972,37.54053676
2014-03-27 01:00,야간,목,동대문구,차대사람,,127.04299808,37.58075769
2014-04-21 16:00,주간,월,노원구,차대사람,,127.07788463,37.66227876
2013-05-27 09:00,주간,월,구로구,차대사람,,126.85622147,37.48806663
2013-07-03 21:00,야간,수,금천구,차대사람,,126.90407117,37.4479278
2013-06-30 10:00,주간,일,중랑구,차대사람,,127.07752474,37.59769643
2013-06-26 23:00,야간,수,중구,차대사람,,126.96892935,37.5588235
2012-03-10 22:00,야간,토,노원구,차대사람,,127.07977816,37.66829743
2012-02-22 21:00,야간,수,영등포구,차대사람,,126.90951515,37.51901808
2013-03-18 06:00,주간,월,강서구,차대사람,,126.84529337,37.54648608
2014-11-23 15:00,주간,일,영등포구,차대사람,,126.90705586,37.51948348
2014-11-21 05:00,야간,금,광진구,차대사람,,127.07747605,37.5660301
2014-11-29 14:00,주간,토,서대문구,차대사람,,126.93029891,37.56716204
2014-12-24 20:00,야간,수,성북구,차대사람,,127.02481903,37.60414791
2014-12-05 11:00,주간,금,노원구,차대사람,,127.07725062,37.61811088
2014-12-07 19:00,야간,일,동작구,차대사람,,126.90421787,37.48643459
2014-01-06 05:00,야간,월,관악구,차대사람,,126.93134991,37.46005933
2014-11-17 06:00,주간,월,강남구,차대사람,,127.0588195,37.49822685
2014-11-23 18:00,야간,일,영등포구,차대사람,,126.89488031,37.49836614
2014-12-03 06:00,주간,수,노원구,차대사람,,127.07923193,37.62242638
2014-12-22 06:00,주간,월,중랑구,차대사람,,127.08831259,37.59707657
2014-10-22 13:00,주간,수,종로구,차대사람,,126.99115988,37.57757118
2014-10-13 14:00,주간,월,동작구,차대사람,,126.9467768,37.50557904
2014-11-17 19:00,야간,월,구로구,차대사람,,126.87471218,37.49121252
2014-08-24 17:00,주간,일,노원구,차대사람,,127.06015889,37.67456227
2014-09-03 15:00,주간,수,강남구,차대사람,,127.0953001,37.4921002
2014-10-23 19:00,야간,목,구로구,차대사람,,126.88328297,37.50541783
2014-10-16 19:00,야간,목,광진구,차대사람,,127.09435224,37.53619322
2014-09-01 08:00,주간,월,마포구,차대사람,,126.93432566,37.55591458
2014-09-08 02:00,야간,월,성북구,차대사람,,127.02524453,37.60261914
2014-12-28 07:00,주간,일,강서구,차대사람,,126.84170894,37.54215772
2014-11-15 06:00,주간,토,송파구,차대사람,,127.11894755,37.53186751
2014-12-12 17:00,주간,금,관악구,차대사람,,126.93907923,37.48341444
2014-09-29 06:00,주간,월,강서구,차대사람,,126.80923429,37.56775959
2014-10-03 03:00,야간,금,양천구,차대사람,,126.85277645,37.52025308
2014-11-28 05:00,야간,금,동대문구,차대사람,,127.05866269,37.59396794
2014-12-30 08:00,주간,화,은평구,차대사람,,126.92128446,37.6082464
2014-11-16 04:00,야간,일,서대문구,차대사람,,126.96008737,37.5723766
2014-01-13 02:00,야간,월,송파구,차대사람,,127.12262004,37.53686471
2014-10-23 11:00,주간,목,금천구,차대사람,,126.90301214,37.43892686
2014-10-28 07:00,주간,화,영등포구,차대사람,,126.90731547,37.52528948
2014-02-06 23:00,야간,목,관악구,차대사람,,126.91098971,37.48113251
2014-02-19 02:00,야간,수,중랑구,차대사람,,127.08057725,37.57657974
2014-02-23 05:00,야간,일,도봉구,차대사람,,127.04310171,37.67119855
2014-02-05 15:00,주간,수,강북구,차대사람,,127.03049722,37.61279648
2014-09-11 14:00,주간,목,영등포구,차대사람,,126.92094169,37.50913274
2014-08-28 13:00,주간,목,강동구,차대사람,,127.13942356,37.53629437
2014-11-28 04:00,야간,금,마포구,차대사람,,126.92949934,37.55767602
2014-12-19 21:00,야간,금,동대문구,차대사람,,127.04610692,37.57610071
2014-12-17 06:00,주간,수,서대문구,차대사람,,126.91531496,37.56899061
2014-12-26 16:00,주간,금,서대문구,차대사람,,126.93882132,37.56017236
2014-12-25 16:00,주간,목,영등포구,차대사람,,126.89045441,37.52371643
2014-08-21 02:00,야간,목,노원구,차대사람,,127.06113062,37.65589925
2014-08-26 01:00,야간,화,마포구,차대사람,,126.91997218,37.55397915
2014-10-14 10:00,주간,화,양천구,차대사람,,126.85847667,37.51005386
2014-11-08 16:00,주간,토,양천구,차대사람,,126.85301722,37.52120081
2014-10-07 18:00,야간,화,서초구,차대사람,,127.0297728,37.48419149
2014-09-15 20:00,야간,월,동대문구,차대사람,,127.04860436,37.58636761
2014-09-17 22:00,야간,수,마포구,차대사람,,126.9340835,37.55335359
2014-08-16 14:00,주간,토,강북구,차대사람,,127.04158149,37.63056312
2014-12-12 19:00,야간,금,마포구,차대사람,,126.95630291,37.54150611
2014-11-04 16:00,주간,화,동대문구,차대사람,,127.07454396,37.56611151
2014-10-06 20:00,야간,월,영등포구,차대사람,,126.92303029,37.52296069
2014-11-29 04:00,야간,토,영등포구,차대사람,,126.92192189,37.52434335
2014-12-14 07:00,주간,일,성동구,차대사람,,127.03130833,37.56657873
2014-11-24 22:00,야간,월,강서구,차대사람,,126.81238724,37.561054
2014-11-27 11:00,주간,목,양천구,차대사람,,126.84576053,37.52281932
2014-12-08 04:00,야간,월,강북구,차대사람,,127.02689872,37.62458967
2014-12-16 21:00,야간,화,마포구,차대사람,,126.9237087,37.55686373
2014-12-26 07:00,주간,금,노원구,차대사람,,127.05440547,37.6202261
2014-12-24 21:00,야간,수,도봉구,차대사람,,127.04524395,37.68063477
2014-10-26 16:00,주간,일,관악구,차대사람,,126.96238672,37.47768199
2013-06-07 14:00,주간,금,동대문구,차대사람,,127.05877039,37.58915516
2014-10-27 09:00,주간,월,영등포구,차대사람,,126.8930604,37.52053907
2014-10-31 00:00,야간,금,금천구,차대사람,,126.89848996,37.47569745
2014-11-11 13:00,주간,화,강서구,차대사람,,126.80052141,37.57920034
2014-10-09 02:00,야간,목,강동구,차대사람,,127.13549965,37.53785068
2014-10-13 04:00,야간,월,종로구,차대사람,,126.95879585,37.60686507
2014-01-08 01:00,야간,수,양천구,차대사람,,126.83141504,37.5248932
2014-01-06 19:00,야간,월,구로구,차대사람,,126.90170738,37.48323741
2014-01-16 04:00,야간,목,도봉구,차대사람,,127.03003684,37.64812713
2014-01-10 06:00,주간,금,광진구,차대사람,,127.08169817,37.55637544
2014-01-23 11:00,주간,목,영등포구,차대사람,,126.91703522,37.511832
2014-11-05 11:00,주간,수,강동구,차대사람,,127.1449785,37.53685202
2014-09-13 05:00,야간,토,강남구,차대사람,,127.03826547,37.51628362
2014-09-11 06:00,주간,목,강북구,차대사람,,127.0415429,37.63075766
2014-09-09 19:00,야간,화,동작구,차대사람,,126.91145098,37.49514369
2014-08-29 06:00,주간,금,은평구,차대사람,,126.9107198,37.60749107
2014-09-05 09:00,주간,금,송파구,차대사람,,127.1101835,37.51300954
2014-07-12 04:00,야간,토,마포구,차대사람,,126.9494889,37.54453012
2014-07-18 09:00,주간,금,서초구,차대사람,,127.00445913,37.48979093
2014-02-14 06:00,주간,금,성북구,차대사람,,127.06371231,37.60991347
2014-06-06 11:00,주간,금,강남구,차대사람,,127.06609104,37.49088966
2014-06-11 00:00,야간,수,강남구,차대사람,,127.06458671,37.47916642
2014-02-22 00:00,야간,토,중구,차대사람,,126.98771809,37.5658478
2014-01-17 07:00,주간,금,관악구,차대사람,,126.9133866,37.48703931
2014-06-08 01:00,야간,일,용산구,차대사람,,126.96376443,37.52069197
2014-05-23 02:00,야간,금,서대문구,차대사람,,126.95158082,37.55720379
2014-08-05 19:00,야간,화,구로구,차대사람,,126.82664278,37.49805096
2014-08-04 16:00,주간,월,강남구,차대사람,,127.08069403,37.49104154
2014-07-13 13:00,주간,일,금천구,차대사람,,126.90599052,37.44110513
2014-02-13 02:00,야간,목,영등포구,차대사람,,126.90685301,37.51651701
2014-07-05 21:00,야간,토,도봉구,차대사람,,127.03492574,37.65125612
2014-07-04 01:00,야간,금,송파구,차대사람,,127.11025669,37.50763768
2014-01-13 07:00,주간,월,동대문구,차대사람,,127.05231,37.59172671
2014-05-17 05:00,야간,토,동대문구,차대사람,,127.02781243,37.57685819
2014-06-13 15:00,주간,금,구로구,차대사람,,126.85614237,37.48805718
2014-01-07 04:00,야간,화,강동구,차대사람,,127.12427714,37.54115053
2014-01-06 06:00,주간,월,송파구,차대사람,,127.1116361,37.52310954
2014-01-13 15:00,주간,월,노원구,차대사람,,127.07264921,37.64004195
2014-01-25 22:00,야간,토,구로구,차대사람,,126.89012413,37.51006828
2014-06-11 03:00,야간,수,동대문구,차대사람,,127.05450478,37.56556889
2014-06-22 04:00,야간,일,강서구,차대사람,,126.85444195,37.55940764
2014-06-20 08:00,주간,금,성북구,차대사람,,127.0286858,37.58203541
2014-01-04 04:00,야간,토,용산구,차대사람,,127.00443945,37.52699885
2014-05-26 23:00,야간,월,금천구,차대사람,,126.92101273,37.45302358
2014-02-08 04:00,야간,토,도봉구,차대사람,,127.04290737,37.66590697
2014-02-05 07:00,주간,수,구로구,차대사람,,126.85973157,37.49692798
2014-06-14 02:00,야간,토,강남구,차대사람,,127.05654776,37.52080638
2014-01-06 05:00,야간,월,강동구,차대사람,,127.17277402,37.55070503
2014-01-09 17:00,주간,목,서초구,차대사람,,127.01303544,37.45741902
2014-02-03 20:00,야간,월,구로구,차대사람,,126.89108957,37.48035561
2014-05-14 16:00,주간,수,중랑구,차대사람,,127.08350533,37.5957888
2014-01-09 12:00,주간,목,마포구,차대사람,,126.95575149,37.55195922
2014-07-25 01:00,야간,금,용산구,차대사람,,126.97613856,37.53451116
2014-08-06 01:00,야간,수,종로구,차대사람,,127.0124303,37.5720726
2014-07-26 04:00,야간,토,동대문구,차대사람,,127.06518596,37.57084555
2014-06-02 13:00,주간,월,영등포구,차대사람,,126.90994541,37.51755103
2014-06-16 15:00,주간,월,강서구,차대사람,,126.80383209,37.59096433
2014-05-28 12:00,주간,수,송파구,차대사람,,127.12564134,37.50827332
2014-07-18 20:00,야간,금,동작구,차대사람,,126.90748832,37.49054229
2014-07-11 01:00,야간,금,강남구,차대사람,,127.05162155,37.49869549
2014-08-08 10:00,주간,금,도봉구,차대사람,,127.04358039,37.67635603
2014-06-24 11:00,주간,화,종로구,차대사람,,127.00338842,37.57625321
2014-07-22 05:00,야간,화,마포구,차대사람,,126.93460835,37.55371394
2014-05-19 00:00,야간,월,종로구,차대사람,,126.98892169,37.57033271
2014-05-20 23:00,야간,화,은평구,차대사람,,126.89240013,37.58377408
2014-08-12 03:00,야간,화,종로구,차대사람,,126.99916666,37.57081828
2014-08-19 03:00,야간,화,광진구,차대사람,,127.08195417,37.55635291
2014-05-15 15:00,주간,목,강남구,차대사람,,127.03173943,37.51395947
2014-08-13 18:00,야간,수,강서구,차대사람,,126.81148079,37.56481632
2014-07-09 22:00,야간,수,관악구,차대사람,,126.9241236,37.48671357
2014-06-08 22:00,야간,일,동대문구,차대사람,,127.075132,37.56824081
2014-07-10 11:00,주간,목,동작구,차대사람,,126.93944566,37.50551744
2014-08-12 01:00,야간,화,영등포구,차대사람,,126.91467971,37.51976217
2014-07-02 04:00,야간,수,서대문구,차대사람,,126.93065815,37.56310772
2014-05-20 07:00,주간,화,성북구,차대사람,,127.05106706,37.61572477
2014-05-27 04:00,야간,화,강남구,차대사람,,127.02624489,37.50066957
2014-05-15 05:00,야간,목,성북구,차대사람,,127.02578936,37.60477374
2014-05-25 23:00,야간,일,은평구,차대사람,,126.9015622,37.57819652
2014-05-09 21:00,야간,금,동대문구,차대사람,,127.05625446,37.58824077
2014-05-14 09:00,주간,수,도봉구,차대사람,,127.02874356,37.6446969
2016-12-25 17:00,주간,일,금천구,차대사람,,126.88912311,37.4787771
2016-11-13 02:00,야간,일,용산구,차대사람,,126.98014056,37.52052182
2016-11-19 14:00,주간,토,중랑구,차대사람,,127.08745104,37.58897947
2016-02-26 08:00,주간,금,강동구,차대사람,,127.13753484,37.55701975
2016-03-07 13:00,주간,월,성동구,차대사람,,127.03422721,37.55425981
2016-02-16 11:00,주간,화,마포구,차대사람,,126.94846688,37.54496701
2016-02-14 03:00,야간,일,송파구,차대사람,,127.12487243,37.46745715
2016-02-13 04:00,야간,토,마포구,차대사람,,126.95196668,37.55707939
2016-03-08 14:00,주간,화,성동구,차대사람,,127.04799721,37.54064883
2016-03-11 05:00,야간,금,강남구,차대사람,,127.02628648,37.50106994
2016-04-07 05:00,야간,목,서초구,차대사람,,127.0088774,37.48359
2016-03-17 22:00,야간,목,용산구,차대사람,,126.97223359,37.54415625
2016-04-01 01:00,야간,금,강북구,차대사람,,127.03255318,37.61016371
2016-03-22 20:00,야간,화,도봉구,차대사람,,127.03782076,37.66154272
2016-09-13 14:00,주간,화,강북구,차대사람,,127.01713261,37.63825045
2016-07-28 19:00,야간,목,중랑구,차대사람,,127.10037529,37.60163377
2016-07-30 20:00,야간,토,동작구,차대사람,,126.9225332,37.50522866
2016-04-02 04:00,야간,토,성동구,차대사람,,127.05686546,37.53405749
2016-04-06 23:00,야간,수,영등포구,차대사람,,126.90516369,37.49939003
2016-03-09 21:00,야간,수,동대문구,차대사람,,127.03523423,37.57805038
2016-04-27 09:00,주간,수,노원구,차대사람,,127.0796626,37.62442889
2016-04-17 01:00,야간,일,동작구,차대사람,,126.98036486,37.4849012
2016-05-03 16:00,주간,화,동대문구,차대사람,,127.05720247,37.57849537
2016-07-21 04:00,야간,목,영등포구,차대사람,,126.91760901,37.52157304
2016-12-23 05:00,야간,금,서대문구,차대사람,,126.91272476,37.58274847
2016-11-03 05:00,야간,목,용산구,차대사람,,126.96290449,37.52383378
2016-04-14 21:00,야간,목,중구,차대사람,,127.00265487,37.55372544
2016-05-02 07:00,주간,월,성동구,차대사람,,127.03656586,37.56602262
2016-06-08 16:00,주간,수,구로구,차대사람,,126.84437862,37.4957982
2016-06-16 21:00,야간,목,서대문구,차대사람,,126.90677508,37.57492391
2016-07-06 16:00,주간,수,양천구,차대사람,,126.84891152,37.52746064
2016-07-20 17:00,주간,수,은평구,차대사람,,126.91789538,37.59389844
2016-09-07 01:00,야간,수,송파구,차대사람,,127.08059429,37.5169643
2016-08-08 14:00,주간,월,노원구,차대사람,,127.08219945,37.67125339
2016-08-08 08:00,주간,월,중랑구,차대사람,,127.078371,37.58624334
2016-04-09 22:00,야간,토,동작구,차대사람,,126.94117283,37.50148755
2016-04-15 07:00,주간,금,성북구,차대사람,,127.00537496,37.58924092
2016-04-23 23:00,야간,토,중랑구,차대사람,,127.10024148,37.59911856
2016-04-29 00:00,야간,금,영등포구,차대사람,,126.90605201,37.51763968
2016-04-27 16:00,주간,수,금천구,차대사람,,126.88564467,37.46295827
2016-11-17 15:00,주간,목,은평구,차대사람,,126.9267809,37.60804789
2016-04-21 22:00,야간,목,양천구,차대사람,,126.8296268,37.53376132
2016-05-13 21:00,야간,금,관악구,차대사람,,126.96601395,37.47655371
2016-05-23 02:00,야간,월,동작구,차대사람,,126.92737405,37.49506691
2016-05-26 16:00,주간,목,노원구,차대사람,,127.05709256,37.66770066
2016-07-13 01:00,야간,수,금천구,차대사람,,126.87674416,37.47809953
2016-04-13 19:00,야간,수,서대문구,차대사람,,126.9596473,37.57058993
2016-05-02 20:00,야간,월,강동구,차대사람,,127.15264795,37.53887043
2016-05-05 01:00,야간,목,강남구,차대사람,,127.02345477,37.50711207
2016-05-03 21:00,야간,화,영등포구,차대사람,,126.90910627,37.53212167
2016-05-27 22:00,야간,금,광진구,차대사람,,127.08289961,37.56202936
2016-06-15 00:00,야간,수,송파구,차대사람,,127.08868247,37.50509029
2016-06-10 04:00,야간,금,강남구,차대사람,,127.04254791,37.51360342
2016-08-21 17:00,주간,일,강서구,차대사람,,126.80387704,37.57275759
2016-09-12 01:00,야간,월,중구,차대사람,,127.02060263,37.56559834
2016-07-24 23:00,야간,일,강동구,차대사람,,127.15548821,37.55529783
2016-08-18 01:00,야간,목,관악구,차대사람,,126.95362849,37.48184485
2016-04-19 08:00,주간,화,중랑구,차대사람,,127.09542904,37.5987236
2016-04-27 22:00,야간,수,관악구,차대사람,,126.95072541,37.48241457
2016-04-30 17:00,주간,토,금천구,차대사람,,126.90234468,37.46883064
2016-05-27 10:00,주간,금,은평구,차대사람,,126.92396345,37.60904367
2016-05-31 08:00,주간,화,은평구,차대사람,,126.91421123,37.5927986
2016-07-15 00:00,야간,금,서초구,차대사람,,126.99118453,37.47446997
2016-10-03 05:00,야간,월,종로구,차대사람,,127.01537726,37.57690694
2016-11-16 09:00,주간,수,구로구,차대사람,,126.88363103,37.49198047
2016-11-24 07:00,주간,목,용산구,차대사람,,126.99961594,37.52225542
2016-04-29 23:00,야간,금,성북구,차대사람,,127.03302227,37.59130946
2016-05-14 21:00,야간,토,도봉구,차대사람,,127.05020022,37.67869788
2016-08-17 23:00,야간,수,강서구,차대사람,,126.8491983,37.5582702
2016-09-09 09:00,주간,금,중구,차대사람,,126.98490915,37.5643123
2016-05-11 13:00,주간,수,서대문구,차대사람,,126.93506072,37.57986683
2016-05-27 04:00,야간,금,성북구,차대사람,,127.03365393,37.60081213
2016-05-29 17:00,주간,일,관악구,차대사람,,126.92046682,37.47395049
2016-07-29 20:00,야간,금,강동구,차대사람,,127.1353148,37.55256023
2016-08-03 08:00,주간,수,양천구,차대사람,,126.83676632,37.52252579
2016-12-09 04:00,야간,금,중구,차대사람,,126.99527719,37.56153586
2016-05-23 03:00,야간,월,마포구,차대사람,,126.95280408,37.55713736
2016-05-26 17:00,주간,목,강북구,차대사람,,127.04675941,37.62723645
2016-06-03 20:00,야간,금,성동구,차대사람,,127.04456781,37.54988353
2016-07-04 23:00,야간,월,서초구,차대사람,,127.03210538,37.48433325
2016-08-26 03:00,야간,금,도봉구,차대사람,,127.03127708,37.65099832
2016-11-06 19:00,야간,일,강북구,차대사람,,127.04198154,37.6172672
2016-11-12 15:00,주간,토,관악구,차대사람,,126.93925928,37.47748436
2016-06-12 00:00,야간,일,종로구,차대사람,,126.97703977,37.57562566
2016-08-27 08:00,주간,토,마포구,차대사람,,126.94182336,37.54629683
2016-07-22 08:00,주간,금,성북구,차대사람,,127.02341702,37.58061717
2016-07-24 05:00,야간,일,송파구,차대사람,,127.11160941,37.5005286
2016-07-29 23:00,야간,금,마포구,차대사람,,126.94077051,37.54175806
2016-08-11 06:00,주간,목,강북구,차대사람,,127.034201,37.61300044
2016-09-10 04:00,야간,토,강동구,차대사람,,127.17308582,37.56226125
2016-07-19 16:00,주간,화,강동구,차대사람,,127.16704563,37.54559636
2016-06-22 16:00,주간,수,마포구,차대사람,,126.93684618,37.54730073
2016-02-23 23:00,야간,화,도봉구,차대사람,,127.03458093,37.6483795
2016-02-10 09:00,주간,수,양천구,차대사람,,126.86243224,37.52788594
2016-03-03 00:00,야간,목,성동구,차대사람,,127.03439636,37.55436864
2016-02-17 01:00,야간,수,노원구,차대사람,,127.07120785,37.64430906
2016-02-27 01:00,야간,토,마포구,차대사람,,126.95630196,37.55254763
2016-03-06 04:00,야간,일,강동구,차대사람,,127.14850048,37.53647497
2016-03-02 16:00,주간,수,강서구,차대사람,,126.81660436,37.55181269
2016-03-25 08:00,주간,금,양천구,차대사람,,126.82748141,37.53571405
2016-03-26 02:00,야간,토,용산구,차대사람,,127.00229892,37.54425976
2016-03-09 09:00,주간,수,강북구,차대사람,,127.01820664,37.62638422
2016-02-22 05:00,야간,월,구로구,차대사람,,126.83911876,37.49060414
2016-02-25 23:00,야간,목,도봉구,차대사람,,127.04558808,37.68928887
2016-03-10 17:00,주간,목,관악구,차대사람,,126.95723221,37.48041658
2016-02-26 22:00,야간,금,금천구,차대사람,,126.89018948,37.47698891
2016-03-01 07:00,주간,화,동대문구,차대사람,,127.04571666,37.58068706
2016-01-29 19:00,야간,금,마포구,차대사람,,126.90309008,37.57406709
2016-02-03 10:00,주간,수,성북구,차대사람,,127.03919191,37.59741779
2016-01-19 05:00,야간,화,은평구,차대사람,,126.91994488,37.62463514
2016-01-23 22:00,야간,토,강동구,차대사람,,127.17122807,37.55728964
2016-01-25 17:00,주간,월,노원구,차대사람,,127.08409426,37.62022632
2016-01-24 21:00,야간,일,관악구,차대사람,,126.96522178,37.47630316
2016-02-05 15:00,주간,금,관악구,차대사람,,126.91625836,37.47557926
2016-02-05 05:00,야간,금,은평구,차대사람,,126.91023506,37.61435684
2016-01-20 00:00,야간,수,중구,차대사람,,126.97227529,37.55493928
2016-01-22 11:00,주간,금,금천구,차대사람,,126.89299245,37.47582257
2016-02-06 06:00,주간,토,은평구,차대사람,,126.93123955,37.60873645
2016-02-10 20:00,야간,수,동대문구,차대사람,,127.03881014,37.57667633
2016-11-05 10:00,주간,토,강서구,차대사람,,126.87628917,37.54911454
2016-12-16 00:00,야간,금,송파구,차대사람,,127.11690927,37.49442746
2016-11-09 01:00,야간,수,관악구,차대사람,,126.95035871,37.48152052
2016-12-18 07:00,주간,일,강동구,차대사람,,127.14571773,37.52175649
2016-10-28 11:00,주간,금,용산구,차대사람,,126.96118524,37.53943736
2016-09-05 10:00,주간,월,중구,차대사람,,126.9765331,37.56387887
2016-10-18 12:00,주간,화,광진구,차대사람,,127.08606155,37.53714693
2016-10-05 09:00,주간,수,광진구,차대사람,,127.07349161,37.53618281
2016-10-20 21:00,야간,목,중구,차대사람,,127.00817406,37.55803898
2016-10-28 20:00,야간,금,중랑구,차대사람,,127.07956161,37.59406226
2016-10-05 12:00,주간,수,노원구,차대사람,,127.05358247,37.67823303
2016-11-14 05:00,야간,월,동대문구,차대사람,,127.05430157,37.58256755
2016-09-22 17:00,주간,목,서초구,차대사람,,127.02028201,37.4901627
2016-09-20 14:00,주간,화,금천구,차대사람,,126.90243018,37.46661373
2016-10-20 04:00,야간,목,서대문구,차대사람,,126.91147176,37.58106754
2016-10-18 06:00,주간,화,용산구,차대사람,,127.00144152,37.53362019
2016-10-23 00:00,야간,일,성동구,차대사람,,127.02521173,37.56498241
2016-10-08 14:00,주간,토,서대문구,차대사람,,126.92395305,37.56630201
2016-10-24 10:00,주간,월,강서구,차대사람,,126.870108,37.55315581
2016-10-27 06:00,주간,목,금천구,차대사람,,126.89773758,37.47798757
2016-09-23 02:00,야간,금,서대문구,차대사람,,126.92993776,37.56403263
2016-10-20 16:00,주간,목,동작구,차대사람,,126.93739667,37.50476318
2016-09-27 18:00,야간,화,용산구,차대사람,,126.96895089,37.55371386
2016-09-28 05:00,야간,수,강동구,차대사람,,127.13683367,37.52885024
2016-10-04 05:00,야간,화,서초구,차대사람,,127.01762098,37.48531156
2016-09-28 01:00,야간,수,구로구,차대사람,,126.85594214,37.49161644
2016-10-03 02:00,야간,월,관악구,차대사람,,126.94780692,37.4816907
2016-10-02 18:00,야간,일,영등포구,차대사람,,126.90456766,37.51503631
2016-07-30 20:00,야간,토,영등포구,차대사람,,126.9060141,37.49957638
2016-09-27 06:00,주간,화,성동구,차대사람,,127.01954471,37.54872077
2016-10-14 01:00,야간,금,성북구,차대사람,,127.03150489,37.6056889
2016-10-24 02:00,야간,월,도봉구,차대사람,,127.04519999,37.65253101
2016-10-03 04:00,야간,월,영등포구,차대사람,,126.88698644,37.54465302
2016-09-23 13:00,주간,금,중랑구,차대사람,,127.10420999,37.6005831
2016-09-04 20:00,야간,일,금천구,차대사람,,126.90973664,37.45062426
2016-12-21 21:00,야간,수,종로구,차대사람,,126.9607804,37.60503542
2016-07-21 22:00,야간,목,강북구,차대사람,,127.02538574,37.64153777
2016-01-07 12:00,주간,목,동대문구,차대사람,,127.02984978,37.58064296
2016-01-12 13:00,주간,화,동작구,차대사람,,126.93985451,37.50682634
2016-12-25 10:00,주간,일,관악구,차대사람,,126.90200574,37.4815651
2016-11-18 16:00,주간,금,송파구,차대사람,,127.127102,37.48758267
2016-02-11 22:00,야간,목,종로구,차대사람,,126.98490297,37.57014399
2016-12-24 00:00,야간,토,종로구,차대사람,,126.98937402,37.57042481
2016-04-29 01:00,야간,금,양천구,차대사람,,126.86364027,37.53356193
2016-12-01 18:00,야간,목,은평구,차대사람,,126.91502024,37.61822937
2016-03-04 23:00,야간,금,서초구,차대사람,,127.05692737,37.45847867
2016-01-23 08:00,주간,토,관악구,차대사람,,126.93912647,37.48617282
2016-01-29 19:00,야간,금,강서구,차대사람,,126.81198658,37.56128421
2016-02-03 04:00,야간,수,도봉구,차대사람,,127.04406639,37.67291482
2016-11-29 10:00,주간,화,서대문구,차대사람,,126.92980098,37.56563636
2016-12-30 00:00,야간,금,도봉구,차대사람,,127.04541834,37.68922512
2016-11-27 20:00,야간,일,동대문구,차대사람,,127.05699559,37.58856263
2016-12-23 04:00,야간,금,송파구,차대사람,,127.11861184,37.49242113
2016-12-30 00:00,야간,금,동작구,차대사람,,126.94024527,37.51358835
2016-09-02 22:00,야간,금,동대문구,차대사람,,127.06291687,37.56770048
2016-11-11 21:00,야간,금,성동구,차대사람,,127.06583624,37.54874863
2016-01-14 02:00,야간,목,서대문구,차대사람,,126.96584665,37.55877445
2016-01-16 06:00,주간,토,도봉구,차대사람,,127.04292522,37.66614048
2016-09-11 19:00,야간,일,강북구,차대사람,,127.02777569,37.62210549
2016-07-03 05:00,야간,일,성북구,차대사람,,127.03184772,37.58532889
2016-10-30 02:00,야간,일,중구,차대사람,,127.00910407,37.55952106
2016-09-26 11:00,주간,월,종로구,차대사람,,127.01564369,37.57424005
2016-12-09 03:00,야간,금,종로구,차대사람,,126.97488209,37.57566926
2016-09-03 01:00,야간,토,광진구,차대사람,,127.08644578,37.53110919
2016-10-12 21:00,야간,수,중랑구,차대사람,,127.10059628,37.6069164
2016-10-07 19:00,야간,금,서대문구,차대사람,,126.94535268,37.58788351
2016-10-08 00:00,야간,토,중구,차대사람,,127.01858862,37.56571092
2016-11-19 17:00,주간,토,송파구,차대사람,,127.0810421,37.50568087
2016-11-19 00:00,야간,토,중구,차대사람,,126.99488194,37.56138094
2016-10-30 01:00,야간,일,서초구,차대사람,,127.03889273,37.47685159
2016-12-20 06:00,주간,화,중구,차대사람,,126.97387773,37.56309191
2016-02-04 14:00,주간,목,관악구,차대사람,,126.96574963,37.47396561
2016-01-10 19:00,야간,일,서초구,차대사람,,127.05962539,37.45729896
2016-01-25 22:00,야간,월,서대문구,차대사람,,126.93509451,37.55890171
2016-01-23 00:00,야간,토,영등포구,차대사람,,126.90146253,37.52638665
2016-01-12 02:00,야간,화,구로구,차대사람,,126.88607095,37.50622555
2016-12-23 04:00,야간,금,강동구,차대사람,,127.18163305,37.54398711
2016-01-09 18:00,야간,토,서초구,차대사람,,127.00442782,37.48254387
